episode_id,prefix_episode_id,task_uid,benchmark,arm,run,plan_run_order,seed,model_call_seed_t1,invocation,attempt,start_utc,fork_t,n_decisions,success,restoration_transcript_hash_matches,restoration_tool_result_reproduced_stored,durable_rows_lost_invocation,durable_rows_recovery_invocation
branch:log:humaneval/10#1:small#0,log:humaneval/10#1,humaneval/10,humaneval,small,0,0,1585969254,1585969355,0445024c72d2,1,2026-09-20T01:11:55Z,1,3,1,1,1,2,0
branch:log:humaneval/10#1:small#1,log:humaneval/10#1,humaneval/10,humaneval,small,1,1,1476099481,1476099582,0445024c72d2,1,2026-09-20T01:11:55Z,1,2,1,1,1,1,0
branch:log:humaneval/10#1:large#0,log:humaneval/10#1,humaneval/10,humaneval,large,0,2,916407103,916407204,0445024c72d2,1,2026-09-20T01:11:55Z,1,2,1,1,1,1,0
branch:log:humaneval/10#1:large#1,log:humaneval/10#1,humaneval/10,humaneval,large,1,3,2112682586,2112682687,0445024c72d2,1,2026-09-20T01:11:55Z,1,2,1,1,1,1,0
branch:log:humaneval/10#6:small#0,log:humaneval/10#6,humaneval/10,humaneval,small,0,4,1894698973,1894699074,0445024c72d2,1,2026-09-20T01:12:07Z,1,3,0,1,1,2,0
branch:log:humaneval/10#6:small#1,log:humaneval/10#6,humaneval/10,humaneval,small,1,5,172053589,172053690,0445024c72d2,1,2026-09-20T01:12:09Z,1,3,0,1,1,2,0
branch:log:humaneval/10#6:large#0,log:humaneval/10#6,humaneval/10,humaneval,large,0,6,1971145272,1971145373,0445024c72d2,1,2026-09-20T01:12:10Z,1,2,1,1,1,1,0
branch:log:humaneval/10#6:large#1,log:humaneval/10#6,humaneval/10,humaneval,large,1,7,1213723179,1213723280,0445024c72d2,1,2026-09-20T01:12:17Z,1,3,0,1,1,2,0
branch:log:humaneval/100#5:small#0,log:humaneval/100#5,humaneval/100,humaneval,small,0,8,17024329,17024430,0445024c72d2,1,2026-09-20T01:12:24Z,1,3,0,1,1,2,0
branch:log:humaneval/100#5:small#1,log:humaneval/100#5,humaneval/100,humaneval,small,1,9,169019338,169019439,0445024c72d2,1,2026-09-20T01:12:34Z,1,3,0,1,1,2,0
branch:log:humaneval/100#5:large#0,log:humaneval/100#5,humaneval/100,humaneval,large,0,10,1457499768,1457499869,0445024c72d2,1,2026-09-20T01:12:35Z,1,2,0,1,1,1,0
branch:log:humaneval/100#5:large#1,log:humaneval/100#5,humaneval/100,humaneval,large,1,11,2132199223,2132199324,0445024c72d2,1,2026-09-20T01:12:37Z,1,2,1,1,1,1,0
branch:log:humaneval/108#4:small#0,log:humaneval/108#4,humaneval/108,humaneval,small,0,12,1777624051,1777624152,0445024c72d2,1,2026-09-20T01:12:41Z,1,3,0,1,1,2,0
branch:log:humaneval/108#4:small#1,log:humaneval/108#4,humaneval/108,humaneval,small,1,13,1287148152,1287148253,0445024c72d2,1,2026-09-20T01:12:46Z,1,3,0,1,1,2,0
branch:log:humaneval/108#4:large#0,log:humaneval/108#4,humaneval/108,humaneval,large,0,14,174646543,174646644,0445024c72d2,1,2026-09-20T01:12:48Z,1,3,0,1,1,2,0
branch:log:humaneval/108#4:large#1,log:humaneval/108#4,humaneval/108,humaneval,large,1,15,1891513514,1891513615,0445024c72d2,1,2026-09-20T01:12:48Z,1,3,0,1,1,2,0
branch:log:humaneval/108#5:small#0,log:humaneval/108#5,humaneval/108,humaneval,small,0,16,429930042,429930143,0445024c72d2,1,2026-09-20T01:12:51Z,1,3,0,1,1,2,0
branch:log:humaneval/108#5:small#1,log:humaneval/108#5,humaneval/108,humaneval,small,1,17,870556284,870556385,0445024c72d2,1,2026-09-20T01:13:04Z,1,3,0,1,1,2,0
branch:log:humaneval/108#5:large#0,log:humaneval/108#5,humaneval/108,humaneval,large,0,18,63952330,63952431,0445024c72d2,1,2026-09-20T01:13:14Z,1,3,0,1,1,2,0
branch:log:humaneval/108#5:large#1,log:humaneval/108#5,humaneval/108,humaneval,large,1,19,1110713457,1110713558,0445024c72d2,1,2026-09-20T01:13:27Z,1,3,0,1,1,2,0
branch:log:humaneval/108#7:small#0,log:humaneval/108#7,humaneval/108,humaneval,small,0,20,1681988020,1681988121,0445024c72d2,1,2026-09-20T01:13:32Z,1,3,0,1,1,2,0
branch:log:humaneval/108#7:small#1,log:humaneval/108#7,humaneval/108,humaneval,small,1,21,1808161104,1808161205,0445024c72d2,1,2026-09-20T01:13:40Z,1,3,0,1,1,2,0
branch:log:humaneval/108#7:large#0,log:humaneval/108#7,humaneval/108,humaneval,large,0,22,539673128,539673229,0445024c72d2,1,2026-09-20T01:13:41Z,1,3,0,1,1,2,0
branch:log:humaneval/108#7:large#1,log:humaneval/108#7,humaneval/108,humaneval,large,1,23,115261317,115261418,0445024c72d2,1,2026-09-20T01:13:43Z,1,2,0,1,1,1,0
branch:log:humaneval/109#6:small#0,log:humaneval/109#6,humaneval/109,humaneval,small,0,24,2117255406,2117255507,0445024c72d2,1,2026-09-20T01:13:47Z,1,3,0,1,1,2,0
branch:log:humaneval/109#6:small#1,log:humaneval/109#6,humaneval/109,humaneval,small,1,25,444840353,444840454,0445024c72d2,1,2026-09-20T01:13:55Z,1,3,0,1,1,2,0
branch:log:humaneval/109#6:large#0,log:humaneval/109#6,humaneval/109,humaneval,large,0,26,1237790327,1237790428,0445024c72d2,1,2026-09-20T01:13:56Z,1,3,0,1,1,2,0
branch:log:humaneval/109#6:large#1,log:humaneval/109#6,humaneval/109,humaneval,large,1,27,627144042,627144143,0445024c72d2,1,2026-09-20T01:14:10Z,1,3,0,1,1,2,0
branch:log:humaneval/113#1:small#0,log:humaneval/113#1,humaneval/113,humaneval,small,0,28,1221942588,1221942689,0445024c72d2,1,2026-09-20T01:14:10Z,1,3,0,1,1,2,0
branch:log:humaneval/113#1:small#1,log:humaneval/113#1,humaneval/113,humaneval,small,1,29,140031060,140031161,0445024c72d2,1,2026-09-20T01:14:28Z,1,3,0,1,1,2,0
branch:log:humaneval/113#1:large#0,log:humaneval/113#1,humaneval/113,humaneval,large,0,30,714498306,714498407,0445024c72d2,1,2026-09-20T01:14:35Z,1,2,1,1,1,1,0
branch:log:humaneval/113#1:large#1,log:humaneval/113#1,humaneval/113,humaneval,large,1,31,1481645995,1481646096,0445024c72d2,1,2026-09-20T01:14:39Z,1,2,1,1,1,1,0
branch:log:humaneval/115#3:small#0,log:humaneval/115#3,humaneval/115,humaneval,small,0,32,630240536,630240637,0445024c72d2,1,2026-09-20T01:14:45Z,1,3,0,1,1,2,0
branch:log:humaneval/115#3:small#1,log:humaneval/115#3,humaneval/115,humaneval,small,1,33,2059912062,2059912163,0445024c72d2,1,2026-09-20T01:14:49Z,1,2,0,1,1,1,0
branch:log:humaneval/115#3:large#0,log:humaneval/115#3,humaneval/115,humaneval,large,0,34,1235788136,1235788237,0445024c72d2,1,2026-09-20T01:14:59Z,1,2,0,1,1,1,0
branch:log:humaneval/115#3:large#1,log:humaneval/115#3,humaneval/115,humaneval,large,1,35,442187046,442187147,0445024c72d2,1,2026-09-20T01:15:03Z,1,2,0,1,1,1,0
branch:log:humaneval/120#2:small#0,log:humaneval/120#2,humaneval/120,humaneval,small,0,36,1851126311,1851126412,0445024c72d2,1,2026-09-20T01:15:13Z,1,3,0,1,1,2,0
branch:log:humaneval/120#2:small#1,log:humaneval/120#2,humaneval/120,humaneval,small,1,37,105840807,105840908,0445024c72d2,1,2026-09-20T01:15:16Z,1,3,0,1,1,2,0
branch:log:humaneval/120#2:large#0,log:humaneval/120#2,humaneval/120,humaneval,large,0,38,511208063,511208164,0445024c72d2,1,2026-09-20T01:15:17Z,1,3,0,1,1,2,0
branch:log:humaneval/120#2:large#1,log:humaneval/120#2,humaneval/120,humaneval,large,1,39,712435360,712435461,0445024c72d2,1,2026-09-20T01:15:18Z,1,3,0,1,1,2,0
branch:log:humaneval/120#7:small#0,log:humaneval/120#7,humaneval/120,humaneval,small,0,40,120376285,120376386,0445024c72d2,1,2026-09-20T01:15:18Z,1,3,0,1,1,2,0
branch:log:humaneval/120#7:small#1,log:humaneval/120#7,humaneval/120,humaneval,small,1,41,248514360,248514461,0445024c72d2,1,2026-09-20T01:15:21Z,1,3,0,1,1,2,0
branch:log:humaneval/120#7:large#0,log:humaneval/120#7,humaneval/120,humaneval,large,0,42,1427033264,1427033365,0445024c72d2,1,2026-09-20T01:15:23Z,1,3,0,1,1,2,0
branch:log:humaneval/120#7:large#1,log:humaneval/120#7,humaneval/120,humaneval,large,1,43,854131544,854131645,0445024c72d2,1,2026-09-20T01:15:23Z,1,3,0,1,1,2,0
branch:log:humaneval/129#0:small#0,log:humaneval/129#0,humaneval/129,humaneval,small,0,44,177246478,177246579,0445024c72d2,1,2026-09-20T01:15:27Z,1,3,0,1,1,2,0
branch:log:humaneval/129#0:small#1,log:humaneval/129#0,humaneval/129,humaneval,small,1,45,1897352723,1897352824,0445024c72d2,1,2026-09-20T01:16:07Z,1,3,0,1,1,2,0
branch:log:humaneval/129#0:large#0,log:humaneval/129#0,humaneval/129,humaneval,large,0,46,337587705,337587806,0445024c72d2,1,2026-09-20T01:16:22Z,1,3,0,1,1,2,0
branch:log:humaneval/129#0:large#1,log:humaneval/129#0,humaneval/129,humaneval,large,1,47,859154763,859154864,0445024c72d2,1,2026-09-20T01:16:23Z,1,3,0,1,1,2,0
branch:log:humaneval/129#3:small#0,log:humaneval/129#3,humaneval/129,humaneval,small,0,48,466055207,466055308,0445024c72d2,1,2026-09-20T01:16:26Z,1,3,0,1,1,2,0
branch:log:humaneval/129#3:small#1,log:humaneval/129#3,humaneval/129,humaneval,small,1,49,1383955506,1383955607,0445024c72d2,1,2026-09-20T01:16:28Z,1,3,0,1,1,2,0
branch:log:humaneval/129#3:large#0,log:humaneval/129#3,humaneval/129,humaneval,large,0,50,211823733,211823834,0445024c72d2,1,2026-09-20T01:16:51Z,1,3,0,1,1,2,0
branch:log:humaneval/129#3:large#1,log:humaneval/129#3,humaneval/129,humaneval,large,1,51,1126122832,1126122933,0445024c72d2,1,2026-09-20T01:17:01Z,1,3,0,1,1,2,0
branch:log:humaneval/129#6:small#0,log:humaneval/129#6,humaneval/129,humaneval,small,0,52,2058175640,2058175741,0445024c72d2,1,2026-09-20T01:17:08Z,1,3,0,1,1,2,0
branch:log:humaneval/129#6:small#1,log:humaneval/129#6,humaneval/129,humaneval,small,1,53,1569996209,1569996310,0445024c72d2,1,2026-09-20T01:17:36Z,1,3,0,1,1,2,0
branch:log:humaneval/129#6:large#0,log:humaneval/129#6,humaneval/129,humaneval,large,0,54,1813515736,1813515837,0445024c72d2,1,2026-09-20T01:17:41Z,1,3,0,1,1,2,0
branch:log:humaneval/129#6:large#1,log:humaneval/129#6,humaneval/129,humaneval,large,1,55,1315439098,1315439199,0445024c72d2,1,2026-09-20T01:17:46Z,1,3,0,1,1,2,0
branch:log:humaneval/134#6:small#0,log:humaneval/134#6,humaneval/134,humaneval,small,0,56,77658260,77658361,0445024c72d2,1,2026-09-20T01:17:55Z,1,3,0,1,1,2,0
branch:log:humaneval/134#6:small#1,log:humaneval/134#6,humaneval/134,humaneval,small,1,57,1541446993,1541447094,0445024c72d2,1,2026-09-20T01:18:02Z,1,3,0,1,1,2,0
branch:log:humaneval/134#6:large#0,log:humaneval/134#6,humaneval/134,humaneval,large,0,58,1366335583,1366335684,0445024c72d2,1,2026-09-20T01:18:07Z,1,2,0,1,1,1,0
branch:log:humaneval/134#6:large#1,log:humaneval/134#6,humaneval/134,humaneval,large,1,59,1809039275,1809039376,0445024c72d2,1,2026-09-20T01:18:15Z,1,3,0,1,1,2,0
branch:log:humaneval/140#3:small#0,log:humaneval/140#3,humaneval/140,humaneval,small,0,60,235865022,235865123,0445024c72d2,1,2026-09-20T01:18:24Z,1,3,0,1,1,2,0
branch:log:humaneval/140#3:small#1,log:humaneval/140#3,humaneval/140,humaneval,small,1,61,535469751,535469852,0445024c72d2,1,2026-09-20T01:18:26Z,1,3,0,1,1,2,0
branch:log:humaneval/140#3:large#0,log:humaneval/140#3,humaneval/140,humaneval,large,0,62,888935698,888935799,0445024c72d2,1,2026-09-20T01:18:29Z,1,2,0,1,1,1,0
branch:log:humaneval/140#3:large#1,log:humaneval/140#3,humaneval/140,humaneval,large,1,63,100724060,100724161,0445024c72d2,1,2026-09-20T01:18:31Z,1,3,0,1,1,2,0
branch:log:humaneval/140#5:small#0,log:humaneval/140#5,humaneval/140,humaneval,small,0,64,667002774,667002875,0445024c72d2,1,2026-09-20T01:18:35Z,1,3,0,1,1,2,0
branch:log:humaneval/140#5:small#1,log:humaneval/140#5,humaneval/140,humaneval,small,1,65,962884870,962884971,0445024c72d2,1,2026-09-20T01:18:38Z,1,3,0,1,1,2,0
branch:log:humaneval/140#5:large#0,log:humaneval/140#5,humaneval/140,humaneval,large,0,66,494312244,494312345,0445024c72d2,1,2026-09-20T01:18:45Z,1,3,0,1,1,2,0
branch:log:humaneval/140#5:large#1,log:humaneval/140#5,humaneval/140,humaneval,large,1,67,1046049389,1046049490,0445024c72d2,1,2026-09-20T01:18:50Z,1,3,0,1,1,2,0
branch:log:humaneval/153#6:small#0,log:humaneval/153#6,humaneval/153,humaneval,small,0,68,1503679795,1503679896,0445024c72d2,1,2026-09-20T01:18:52Z,1,3,1,1,1,2,0
branch:log:humaneval/153#6:small#1,log:humaneval/153#6,humaneval/153,humaneval,small,1,69,1541530807,1541530908,0445024c72d2,1,2026-09-20T01:19:01Z,1,3,1,1,1,2,0
branch:log:humaneval/153#6:large#0,log:humaneval/153#6,humaneval/153,humaneval,large,0,70,391810095,391810196,0445024c72d2,1,2026-09-20T01:19:09Z,1,3,1,1,1,2,0
branch:log:humaneval/153#6:large#1,log:humaneval/153#6,humaneval/153,humaneval,large,1,71,857809823,857809924,0445024c72d2,1,2026-09-20T01:19:16Z,1,3,1,1,1,2,0
branch:log:humaneval/156#7:small#0,log:humaneval/156#7,humaneval/156,humaneval,small,0,72,765684714,765684815,0445024c72d2,1,2026-09-20T01:19:28Z,1,3,0,1,1,2,0
branch:log:humaneval/156#7:small#1,log:humaneval/156#7,humaneval/156,humaneval,small,1,73,394253179,394253280,0445024c72d2,1,2026-09-20T01:19:29Z,1,3,0,1,1,2,0
branch:log:humaneval/156#7:large#0,log:humaneval/156#7,humaneval/156,humaneval,large,0,74,1411485039,1411485140,0445024c72d2,1,2026-09-20T01:19:32Z,1,3,0,1,1,2,0
branch:log:humaneval/156#7:large#1,log:humaneval/156#7,humaneval/156,humaneval,large,1,75,169997036,169997137,0445024c72d2,1,2026-09-20T01:19:36Z,1,3,0,1,1,2,0
branch:log:humaneval/158#3:small#0,log:humaneval/158#3,humaneval/158,humaneval,small,0,76,1797832377,1797832478,0445024c72d2,1,2026-09-20T01:19:50Z,1,3,0,1,1,2,0
branch:log:humaneval/158#3:small#1,log:humaneval/158#3,humaneval/158,humaneval,small,1,77,1500240230,1500240331,0445024c72d2,1,2026-09-20T01:19:58Z,1,3,0,1,1,2,0
branch:log:humaneval/158#3:large#0,log:humaneval/158#3,humaneval/158,humaneval,large,0,78,400491983,400492084,0445024c72d2,1,2026-09-20T01:20:02Z,1,2,1,1,1,1,0
branch:log:humaneval/158#3:large#1,log:humaneval/158#3,humaneval/158,humaneval,large,1,79,743790221,743790322,0445024c72d2,1,2026-09-20T01:20:05Z,1,2,1,1,1,1,0
branch:log:humaneval/158#4:small#0,log:humaneval/158#4,humaneval/158,humaneval,small,0,80,651732709,651732810,0445024c72d2,1,2026-09-20T01:20:05Z,1,3,0,1,1,2,0
branch:log:humaneval/158#4:small#1,log:humaneval/158#4,humaneval/158,humaneval,small,1,81,1018852647,1018852748,0445024c72d2,1,2026-09-20T01:20:14Z,1,3,0,1,1,2,0
branch:log:humaneval/158#4:large#0,log:humaneval/158#4,humaneval/158,humaneval,large,0,82,2012845264,2012845365,0445024c72d2,1,2026-09-20T01:20:15Z,1,2,1,1,1,1,0
branch:log:humaneval/158#4:large#1,log:humaneval/158#4,humaneval/158,humaneval,large,1,83,801642136,801642237,0445024c72d2,1,2026-09-20T01:20:25Z,1,2,1,1,1,1,0
branch:log:humaneval/159#0:small#0,log:humaneval/159#0,humaneval/159,humaneval,small,0,84,1246356561,1246356662,0445024c72d2,1,2026-09-20T01:20:28Z,1,3,0,1,1,2,0
branch:log:humaneval/159#0:small#1,log:humaneval/159#0,humaneval/159,humaneval,small,1,85,656193511,656193612,0445024c72d2,1,2026-09-20T01:20:31Z,1,2,1,1,1,1,0
branch:log:humaneval/159#0:large#0,log:humaneval/159#0,humaneval/159,humaneval,large,0,86,716306895,716306996,0445024c72d2,1,2026-09-20T01:20:36Z,1,2,1,1,1,1,0
branch:log:humaneval/159#0:large#1,log:humaneval/159#0,humaneval/159,humaneval,large,1,87,1602468069,1602468170,0445024c72d2,1,2026-09-20T01:20:40Z,1,2,1,1,1,1,0
branch:log:humaneval/160#0:small#0,log:humaneval/160#0,humaneval/160,humaneval,small,0,88,1013390971,1013391072,0445024c72d2,1,2026-09-20T01:20:42Z,1,3,0,1,1,2,0
branch:log:humaneval/160#0:small#1,log:humaneval/160#0,humaneval/160,humaneval,small,1,89,1164550254,1164550355,0445024c72d2,1,2026-09-20T01:20:45Z,1,3,0,1,1,2,0
branch:log:humaneval/160#0:large#0,log:humaneval/160#0,humaneval/160,humaneval,large,0,90,1938711166,1938711267,0445024c72d2,1,2026-09-20T01:20:48Z,1,3,0,1,1,2,0
branch:log:humaneval/160#0:large#1,log:humaneval/160#0,humaneval/160,humaneval,large,1,91,1427816869,1427816970,0445024c72d2,1,2026-09-20T01:20:52Z,1,3,0,1,1,2,0
branch:log:humaneval/160#2:small#0,log:humaneval/160#2,humaneval/160,humaneval,small,0,92,1626199484,1626199585,0445024c72d2,1,2026-09-20T01:21:27Z,1,3,0,1,1,2,0
branch:log:humaneval/160#2:small#1,log:humaneval/160#2,humaneval/160,humaneval,small,1,93,973150935,973151036,0445024c72d2,1,2026-09-20T01:21:29Z,1,3,0,1,1,2,0
branch:log:humaneval/160#2:large#0,log:humaneval/160#2,humaneval/160,humaneval,large,0,94,1151176218,1151176319,0445024c72d2,1,2026-09-20T01:21:45Z,1,3,0,1,1,2,0
branch:log:humaneval/160#2:large#1,log:humaneval/160#2,humaneval/160,humaneval,large,1,95,1229626978,1229627079,0445024c72d2,1,2026-09-20T01:21:45Z,1,3,0,1,1,2,0
branch:log:humaneval/160#5:small#0,log:humaneval/160#5,humaneval/160,humaneval,small,0,96,2134759556,2134759657,0445024c72d2,1,2026-09-20T01:21:46Z,1,3,0,1,1,2,0
branch:log:humaneval/160#5:small#1,log:humaneval/160#5,humaneval/160,humaneval,small,1,97,1302083422,1302083523,0445024c72d2,1,2026-09-20T01:21:55Z,1,3,0,1,1,2,0
branch:log:humaneval/160#5:large#0,log:humaneval/160#5,humaneval/160,humaneval,large,0,98,793275364,793275465,0445024c72d2,1,2026-09-20T01:21:56Z,1,3,0,1,1,2,0
branch:log:humaneval/160#5:large#1,log:humaneval/160#5,humaneval/160,humaneval,large,1,99,1008427931,1008428032,0445024c72d2,1,2026-09-20T01:22:05Z,1,3,0,1,1,2,0
branch:log:humaneval/160#6:small#0,log:humaneval/160#6,humaneval/160,humaneval,small,0,100,1232936202,1232936303,0445024c72d2,1,2026-09-20T01:22:15Z,1,3,0,1,1,2,0
branch:log:humaneval/160#6:small#1,log:humaneval/160#6,humaneval/160,humaneval,small,1,101,1380860870,1380860971,0445024c72d2,1,2026-09-20T01:22:25Z,1,3,0,1,1,2,0
branch:log:humaneval/160#6:large#0,log:humaneval/160#6,humaneval/160,humaneval,large,0,102,1324676297,1324676398,0445024c72d2,1,2026-09-20T01:22:25Z,1,3,0,1,1,2,0
branch:log:humaneval/160#6:large#1,log:humaneval/160#6,humaneval/160,humaneval,large,1,103,809493673,809493774,0445024c72d2,1,2026-09-20T01:22:33Z,1,3,0,1,1,2,0
branch:log:humaneval/19#2:small#0,log:humaneval/19#2,humaneval/19,humaneval,small,0,104,1316752540,1316752641,0445024c72d2,1,2026-09-20T01:22:33Z,1,3,0,1,1,2,0
branch:log:humaneval/19#2:small#1,log:humaneval/19#2,humaneval/19,humaneval,small,1,105,1485862124,1485862225,0445024c72d2,1,2026-09-20T01:22:48Z,1,3,0,1,1,2,0
branch:log:humaneval/19#2:large#0,log:humaneval/19#2,humaneval/19,humaneval,large,0,106,1699922029,1699922130,0445024c72d2,1,2026-09-20T01:22:55Z,1,3,0,1,1,2,0
branch:log:humaneval/19#2:large#1,log:humaneval/19#2,humaneval/19,humaneval,large,1,107,2028508437,2028508538,0445024c72d2,1,2026-09-20T01:23:01Z,1,3,0,1,1,2,0
branch:log:humaneval/19#5:small#0,log:humaneval/19#5,humaneval/19,humaneval,small,0,108,1025601552,1025601653,0445024c72d2,1,2026-09-20T01:23:05Z,1,3,0,1,1,2,0
branch:log:humaneval/19#5:small#1,log:humaneval/19#5,humaneval/19,humaneval,small,1,109,119293846,119293947,0445024c72d2,1,2026-09-20T01:23:13Z,1,3,0,1,1,2,0
branch:log:humaneval/19#5:large#0,log:humaneval/19#5,humaneval/19,humaneval,large,0,110,435256370,435256471,0445024c72d2,1,2026-09-20T01:23:31Z,1,3,0,1,1,2,0
branch:log:humaneval/19#5:large#1,log:humaneval/19#5,humaneval/19,humaneval,large,1,111,1337538780,1337538881,0445024c72d2,1,2026-09-20T01:23:39Z,1,3,0,1,1,2,0
branch:log:humaneval/20#7:small#0,log:humaneval/20#7,humaneval/20,humaneval,small,0,112,2054456704,2054456805,0445024c72d2,1,2026-09-20T01:24:00Z,1,3,0,1,1,2,0
branch:log:humaneval/20#7:small#1,log:humaneval/20#7,humaneval/20,humaneval,small,1,113,2013323761,2013323862,0445024c72d2,1,2026-09-20T01:24:08Z,1,3,0,1,1,2,0
branch:log:humaneval/20#7:large#0,log:humaneval/20#7,humaneval/20,humaneval,large,0,114,1108243390,1108243491,0445024c72d2,1,2026-09-20T01:24:14Z,1,3,0,1,1,2,0
branch:log:humaneval/20#7:large#1,log:humaneval/20#7,humaneval/20,humaneval,large,1,115,385076321,385076422,0445024c72d2,1,2026-09-20T01:24:17Z,1,3,1,1,1,2,0
branch:log:humaneval/21#0:small#0,log:humaneval/21#0,humaneval/21,humaneval,small,0,116,225853318,225853419,0445024c72d2,1,2026-09-20T01:24:33Z,1,3,1,1,1,2,0
branch:log:humaneval/21#0:small#1,log:humaneval/21#0,humaneval/21,humaneval,small,1,117,288846297,288846398,0445024c72d2,1,2026-09-20T01:24:33Z,1,2,1,1,1,1,0
branch:log:humaneval/21#0:large#0,log:humaneval/21#0,humaneval/21,humaneval,large,0,118,1131667911,1131668012,0445024c72d2,1,2026-09-20T01:24:52Z,1,2,1,1,1,1,0
branch:log:humaneval/21#0:large#1,log:humaneval/21#0,humaneval/21,humaneval,large,1,119,35877457,35877558,0445024c72d2,1,2026-09-20T01:24:59Z,1,2,1,1,1,1,0
branch:log:humaneval/22#7:small#0,log:humaneval/22#7,humaneval/22,humaneval,small,0,120,1025191223,1025191324,0445024c72d2,1,2026-09-20T01:25:00Z,1,3,0,1,1,2,0
branch:log:humaneval/22#7:small#1,log:humaneval/22#7,humaneval/22,humaneval,small,1,121,1244843847,1244843948,0445024c72d2,1,2026-09-20T01:25:08Z,1,3,0,1,1,2,0
branch:log:humaneval/22#7:large#0,log:humaneval/22#7,humaneval/22,humaneval,large,0,122,1350851839,1350851940,0445024c72d2,1,2026-09-20T01:25:08Z,1,2,1,1,1,1,0
branch:log:humaneval/22#7:large#1,log:humaneval/22#7,humaneval/22,humaneval,large,1,123,1878268208,1878268309,0445024c72d2,1,2026-09-20T01:25:14Z,1,2,1,1,1,1,0
branch:log:humaneval/32#5:small#0,log:humaneval/32#5,humaneval/32,humaneval,small,0,124,340127902,340128003,0445024c72d2,1,2026-09-20T01:25:21Z,1,3,0,1,1,2,0
branch:log:humaneval/32#5:small#1,log:humaneval/32#5,humaneval/32,humaneval,small,1,125,84480072,84480173,0445024c72d2,1,2026-09-20T01:25:25Z,1,3,0,1,1,2,0
branch:log:humaneval/32#5:large#0,log:humaneval/32#5,humaneval/32,humaneval,large,0,126,867739491,867739592,0445024c72d2,1,2026-09-20T01:25:28Z,1,2,0,1,1,1,0
branch:log:humaneval/32#5:large#1,log:humaneval/32#5,humaneval/32,humaneval,large,1,127,1279889236,1279889337,0445024c72d2,1,2026-09-20T01:25:38Z,1,2,0,1,1,1,0
branch:log:humaneval/39#2:small#0,log:humaneval/39#2,humaneval/39,humaneval,small,0,128,620521800,620521901,0445024c72d2,1,2026-09-20T01:26:16Z,1,2,1,1,1,1,0
branch:log:humaneval/39#2:small#1,log:humaneval/39#2,humaneval/39,humaneval,small,1,129,1687605235,1687605336,0445024c72d2,1,2026-09-20T01:26:20Z,1,3,0,1,1,2,0
branch:log:humaneval/39#2:large#0,log:humaneval/39#2,humaneval/39,humaneval,large,0,130,1353008745,1353008846,0445024c72d2,1,2026-09-20T01:26:22Z,1,2,0,1,1,1,0
branch:log:humaneval/39#2:large#1,log:humaneval/39#2,humaneval/39,humaneval,large,1,131,1346894627,1346894728,0445024c72d2,1,2026-09-20T01:26:29Z,1,2,0,1,1,1,0
branch:log:humaneval/4#3:small#0,log:humaneval/4#3,humaneval/4,humaneval,small,0,132,308885089,308885190,0445024c72d2,1,2026-09-20T01:26:32Z,1,3,0,1,1,2,0
branch:log:humaneval/4#3:small#1,log:humaneval/4#3,humaneval/4,humaneval,small,1,133,44079565,44079666,0445024c72d2,1,2026-09-20T01:26:45Z,1,2,1,1,1,1,0
branch:log:humaneval/4#3:large#0,log:humaneval/4#3,humaneval/4,humaneval,large,0,134,1977244321,1977244422,8c343c83afdc,1,2026-09-20T02:13:49Z,1,2,1,1,1,1,1
branch:log:humaneval/4#3:large#1,log:humaneval/4#3,humaneval/4,humaneval,large,1,135,135072984,135073085,8c343c83afdc,1,2026-09-20T02:13:49Z,1,2,1,1,1,1,1
branch:log:humaneval/46#3:small#0,log:humaneval/46#3,humaneval/46,humaneval,small,0,136,375059579,375059680,0445024c72d2,1,2026-09-20T01:26:55Z,1,3,0,1,1,2,0
branch:log:humaneval/46#3:small#1,log:humaneval/46#3,humaneval/46,humaneval,small,1,137,1631041470,1631041571,8c343c83afdc,1,2026-09-20T02:13:49Z,1,3,0,1,1,2,2
branch:log:humaneval/46#3:large#0,log:humaneval/46#3,humaneval/46,humaneval,large,0,138,1893765942,1893766043,8c343c83afdc,1,2026-09-20T02:13:49Z,1,3,0,1,1,1,2
branch:log:humaneval/46#3:large#1,log:humaneval/46#3,humaneval/46,humaneval,large,1,139,996515236,996515337,8c343c83afdc,1,2026-09-20T02:13:59Z,1,3,0,1,1,0,2
branch:log:humaneval/46#7:small#0,log:humaneval/46#7,humaneval/46,humaneval,small,0,140,1528726849,1528726950,8c343c83afdc,1,2026-09-20T02:14:07Z,1,3,1,1,1,0,2
branch:log:humaneval/46#7:small#1,log:humaneval/46#7,humaneval/46,humaneval,small,1,141,580092148,580092249,8c343c83afdc,1,2026-09-20T02:14:07Z,1,3,1,1,1,0,2
branch:log:humaneval/46#7:large#0,log:humaneval/46#7,humaneval/46,humaneval,large,0,142,2118902872,2118902973,8c343c83afdc,1,2026-09-20T02:14:12Z,1,2,1,1,1,0,1
branch:log:humaneval/46#7:large#1,log:humaneval/46#7,humaneval/46,humaneval,large,1,143,1066728511,1066728612,8c343c83afdc,1,2026-09-20T02:14:16Z,1,2,1,1,1,0,1
branch:log:humaneval/65#1:small#0,log:humaneval/65#1,humaneval/65,humaneval,small,0,144,2137426759,2137426860,8c343c83afdc,1,2026-09-20T02:14:16Z,1,3,0,1,1,0,2
branch:log:humaneval/65#1:small#1,log:humaneval/65#1,humaneval/65,humaneval,small,1,145,2069908864,2069908965,8c343c83afdc,1,2026-09-20T02:14:18Z,1,3,0,1,1,0,2
branch:log:humaneval/65#1:large#0,log:humaneval/65#1,humaneval/65,humaneval,large,0,146,1581267029,1581267130,8c343c83afdc,1,2026-09-20T02:14:23Z,1,3,0,1,1,0,2
branch:log:humaneval/65#1:large#1,log:humaneval/65#1,humaneval/65,humaneval,large,1,147,506227763,506227864,8c343c83afdc,1,2026-09-20T02:14:26Z,1,3,0,1,1,0,2
branch:log:humaneval/65#3:small#0,log:humaneval/65#3,humaneval/65,humaneval,small,0,148,577572185,577572286,8c343c83afdc,1,2026-09-20T02:14:28Z,1,3,0,1,1,0,2
branch:log:humaneval/65#3:small#1,log:humaneval/65#3,humaneval/65,humaneval,small,1,149,302105053,302105154,8c343c83afdc,1,2026-09-20T02:14:30Z,1,3,0,1,1,0,2
branch:log:humaneval/65#3:large#0,log:humaneval/65#3,humaneval/65,humaneval,large,0,150,292774314,292774415,8c343c83afdc,1,2026-09-20T02:14:34Z,1,3,0,1,1,0,2
branch:log:humaneval/65#3:large#1,log:humaneval/65#3,humaneval/65,humaneval,large,1,151,2146205567,2146205668,8c343c83afdc,1,2026-09-20T02:14:37Z,1,3,0,1,1,0,2
branch:log:humaneval/65#4:small#0,log:humaneval/65#4,humaneval/65,humaneval,small,0,152,1951785568,1951785669,8c343c83afdc,1,2026-09-20T02:14:46Z,1,3,0,1,1,0,2
branch:log:humaneval/65#4:small#1,log:humaneval/65#4,humaneval/65,humaneval,small,1,153,1709157785,1709157886,8c343c83afdc,1,2026-09-20T02:14:49Z,1,3,0,1,1,0,2
branch:log:humaneval/65#4:large#0,log:humaneval/65#4,humaneval/65,humaneval,large,0,154,1371117451,1371117552,8c343c83afdc,1,2026-09-20T02:14:56Z,1,3,0,1,1,0,2
branch:log:humaneval/65#4:large#1,log:humaneval/65#4,humaneval/65,humaneval,large,1,155,1211391067,1211391168,8c343c83afdc,1,2026-09-20T02:15:01Z,1,3,0,1,1,0,2
branch:log:humaneval/65#6:small#0,log:humaneval/65#6,humaneval/65,humaneval,small,0,156,1944364526,1944364627,8c343c83afdc,1,2026-09-20T02:15:06Z,1,3,0,1,1,0,2
branch:log:humaneval/65#6:small#1,log:humaneval/65#6,humaneval/65,humaneval,small,1,157,742590473,742590574,8c343c83afdc,1,2026-09-20T02:15:08Z,1,3,0,1,1,0,2
branch:log:humaneval/65#6:large#0,log:humaneval/65#6,humaneval/65,humaneval,large,0,158,1512508239,1512508340,8c343c83afdc,1,2026-09-20T02:15:13Z,1,3,0,1,1,0,2
branch:log:humaneval/65#6:large#1,log:humaneval/65#6,humaneval/65,humaneval,large,1,159,2036373845,2036373946,8c343c83afdc,1,2026-09-20T02:15:15Z,1,3,0,1,1,0,2
branch:log:humaneval/65#7:small#0,log:humaneval/65#7,humaneval/65,humaneval,small,0,160,7527717,7527818,8c343c83afdc,1,2026-09-20T02:15:32Z,1,3,0,1,1,0,2
branch:log:humaneval/65#7:small#1,log:humaneval/65#7,humaneval/65,humaneval,small,1,161,1769923308,1769923409,8c343c83afdc,1,2026-09-20T02:15:39Z,1,3,0,1,1,0,2
branch:log:humaneval/65#7:large#0,log:humaneval/65#7,humaneval/65,humaneval,large,0,162,1549745899,1549746000,8c343c83afdc,1,2026-09-20T02:15:39Z,1,3,0,1,1,0,2
branch:log:humaneval/65#7:large#1,log:humaneval/65#7,humaneval/65,humaneval,large,1,163,690349481,690349582,8c343c83afdc,1,2026-09-20T02:15:44Z,1,3,0,1,1,0,2
branch:log:humaneval/70#4:small#0,log:humaneval/70#4,humaneval/70,humaneval,small,0,164,1026424546,1026424647,8c343c83afdc,1,2026-09-20T02:15:47Z,1,3,0,1,1,0,2
branch:log:humaneval/70#4:small#1,log:humaneval/70#4,humaneval/70,humaneval,small,1,165,1697627374,1697627475,8c343c83afdc,1,2026-09-20T02:15:52Z,1,3,0,1,1,0,2
branch:log:humaneval/70#4:large#0,log:humaneval/70#4,humaneval/70,humaneval,large,0,166,377208556,377208657,8c343c83afdc,1,2026-09-20T02:15:52Z,1,3,0,1,1,0,2
branch:log:humaneval/70#4:large#1,log:humaneval/70#4,humaneval/70,humaneval,large,1,167,1197909004,1197909105,8c343c83afdc,1,2026-09-20T02:16:03Z,1,2,1,1,1,0,1
branch:log:humaneval/70#7:small#0,log:humaneval/70#7,humaneval/70,humaneval,small,0,168,1560836751,1560836852,8c343c83afdc,1,2026-09-20T02:16:09Z,1,2,0,1,1,0,1
branch:log:humaneval/70#7:small#1,log:humaneval/70#7,humaneval/70,humaneval,small,1,169,1306058873,1306058974,8c343c83afdc,1,2026-09-20T02:16:11Z,1,3,0,1,1,0,2
branch:log:humaneval/70#7:large#0,log:humaneval/70#7,humaneval/70,humaneval,large,0,170,1395434540,1395434641,8c343c83afdc,1,2026-09-20T02:16:13Z,1,2,1,1,1,0,1
branch:log:humaneval/70#7:large#1,log:humaneval/70#7,humaneval/70,humaneval,large,1,171,1982279627,1982279728,8c343c83afdc,1,2026-09-20T02:16:19Z,1,3,0,1,1,0,2
branch:log:humaneval/76#5:small#0,log:humaneval/76#5,humaneval/76,humaneval,small,0,172,1152150179,1152150280,8c343c83afdc,1,2026-09-20T02:16:21Z,1,3,0,1,1,0,2
branch:log:humaneval/76#5:small#1,log:humaneval/76#5,humaneval/76,humaneval,small,1,173,210646697,210646798,8c343c83afdc,1,2026-09-20T02:16:29Z,1,3,0,1,1,0,2
branch:log:humaneval/76#5:large#0,log:humaneval/76#5,humaneval/76,humaneval,large,0,174,1955701295,1955701396,8c343c83afdc,1,2026-09-20T02:16:33Z,1,3,0,1,1,0,2
branch:log:humaneval/76#5:large#1,log:humaneval/76#5,humaneval/76,humaneval,large,1,175,962700336,962700437,8c343c83afdc,1,2026-09-20T02:16:38Z,1,3,0,1,1,0,2
branch:log:humaneval/77#5:small#0,log:humaneval/77#5,humaneval/77,humaneval,small,0,176,484756933,484757034,8c343c83afdc,1,2026-09-20T02:16:43Z,1,3,1,1,1,0,2
branch:log:humaneval/77#5:small#1,log:humaneval/77#5,humaneval/77,humaneval,small,1,177,620814212,620814313,8c343c83afdc,1,2026-09-20T02:16:47Z,1,3,0,1,1,0,2
branch:log:humaneval/77#5:large#0,log:humaneval/77#5,humaneval/77,humaneval,large,0,178,1522637715,1522637816,8c343c83afdc,1,2026-09-20T02:16:54Z,1,3,0,1,1,0,2
branch:log:humaneval/77#5:large#1,log:humaneval/77#5,humaneval/77,humaneval,large,1,179,269173641,269173742,8c343c83afdc,1,2026-09-20T02:17:05Z,1,3,0,1,1,0,2
branch:log:humaneval/77#6:small#0,log:humaneval/77#6,humaneval/77,humaneval,small,0,180,443397482,443397583,8c343c83afdc,1,2026-09-20T02:17:21Z,1,3,1,1,1,0,2
branch:log:humaneval/77#6:small#1,log:humaneval/77#6,humaneval/77,humaneval,small,1,181,619865578,619865679,8c343c83afdc,1,2026-09-20T02:17:29Z,1,3,1,1,1,0,2
branch:log:humaneval/77#6:large#0,log:humaneval/77#6,humaneval/77,humaneval,large,0,182,908305169,908305270,8c343c83afdc,1,2026-09-20T02:17:36Z,1,3,0,1,1,0,2
branch:log:humaneval/77#6:large#1,log:humaneval/77#6,humaneval/77,humaneval,large,1,183,1866952727,1866952828,8c343c83afdc,1,2026-09-20T02:17:37Z,1,3,0,1,1,0,2
branch:log:humaneval/91#3:small#0,log:humaneval/91#3,humaneval/91,humaneval,small,0,184,1750212406,1750212507,8c343c83afdc,1,2026-09-20T02:17:45Z,1,2,0,1,1,0,1
branch:log:humaneval/91#3:small#1,log:humaneval/91#3,humaneval/91,humaneval,small,1,185,668901653,668901754,8c343c83afdc,1,2026-09-20T02:17:46Z,1,3,0,1,1,0,2
branch:log:humaneval/91#3:large#0,log:humaneval/91#3,humaneval/91,humaneval,large,0,186,1834436875,1834436976,8c343c83afdc,1,2026-09-20T02:17:47Z,1,3,0,1,1,0,2
branch:log:humaneval/91#3:large#1,log:humaneval/91#3,humaneval/91,humaneval,large,1,187,919527742,919527843,8c343c83afdc,1,2026-09-20T02:17:49Z,1,2,0,1,1,0,1
branch:log:humaneval/95#1:small#0,log:humaneval/95#1,humaneval/95,humaneval,small,0,188,1822368316,1822368417,8c343c83afdc,1,2026-09-20T02:17:53Z,1,3,0,1,1,0,2
branch:log:humaneval/95#1:small#1,log:humaneval/95#1,humaneval/95,humaneval,small,1,189,696229854,696229955,8c343c83afdc,1,2026-09-20T02:17:54Z,1,3,0,1,1,0,2
branch:log:humaneval/95#1:large#0,log:humaneval/95#1,humaneval/95,humaneval,large,0,190,161061024,161061125,8c343c83afdc,1,2026-09-20T02:17:58Z,1,2,1,1,1,0,1
branch:log:humaneval/95#1:large#1,log:humaneval/95#1,humaneval/95,humaneval,large,1,191,1041372065,1041372166,8c343c83afdc,1,2026-09-20T02:18:01Z,1,2,1,1,1,0,1
branch:log:humaneval/95#5:small#0,log:humaneval/95#5,humaneval/95,humaneval,small,0,192,182860836,182860937,8c343c83afdc,1,2026-09-20T02:18:02Z,1,2,0,1,1,0,1
branch:log:humaneval/95#5:small#1,log:humaneval/95#5,humaneval/95,humaneval,small,1,193,1064662182,1064662283,8c343c83afdc,1,2026-09-20T02:18:05Z,1,3,0,1,1,0,2
branch:log:humaneval/95#5:large#0,log:humaneval/95#5,humaneval/95,humaneval,large,0,194,575285143,575285244,8c343c83afdc,1,2026-09-20T02:18:08Z,1,3,0,1,1,0,2
branch:log:humaneval/95#5:large#1,log:humaneval/95#5,humaneval/95,humaneval,large,1,195,1945621804,1945621905,8c343c83afdc,1,2026-09-20T02:18:10Z,1,3,1,1,1,0,2
branch:log:humaneval/95#6:small#0,log:humaneval/95#6,humaneval/95,humaneval,small,0,196,823152760,823152861,8c343c83afdc,1,2026-09-20T02:18:11Z,1,3,0,1,1,0,2
branch:log:humaneval/95#6:small#1,log:humaneval/95#6,humaneval/95,humaneval,small,1,197,835661102,835661203,8c343c83afdc,1,2026-09-20T02:18:12Z,1,3,0,1,1,0,2
branch:log:humaneval/95#6:large#0,log:humaneval/95#6,humaneval/95,humaneval,large,0,198,1754676129,1754676230,8c343c83afdc,1,2026-09-20T02:18:17Z,1,3,0,1,1,0,2
branch:log:humaneval/95#6:large#1,log:humaneval/95#6,humaneval/95,humaneval,large,1,199,1413748864,1413748965,8c343c83afdc,1,2026-09-20T02:18:19Z,1,2,1,1,1,0,1
branch:log:humaneval/99#0:small#0,log:humaneval/99#0,humaneval/99,humaneval,small,0,200,1744672288,1744672389,8c343c83afdc,1,2026-09-20T02:18:25Z,1,3,0,1,1,0,2
branch:log:humaneval/99#0:small#1,log:humaneval/99#0,humaneval/99,humaneval,small,1,201,209064344,209064445,8c343c83afdc,1,2026-09-20T02:18:26Z,1,3,0,1,1,0,2
branch:log:humaneval/99#0:large#0,log:humaneval/99#0,humaneval/99,humaneval,large,0,202,1868655469,1868655570,8c343c83afdc,1,2026-09-20T02:18:28Z,1,3,0,1,1,0,2
branch:log:humaneval/99#0:large#1,log:humaneval/99#0,humaneval/99,humaneval,large,1,203,1012620572,1012620673,8c343c83afdc,1,2026-09-20T02:18:32Z,1,3,0,1,1,0,2
branch:log:humaneval/99#4:small#0,log:humaneval/99#4,humaneval/99,humaneval,small,0,204,886622338,886622439,8c343c83afdc,1,2026-09-20T02:18:35Z,1,3,0,1,1,0,2
branch:log:humaneval/99#4:small#1,log:humaneval/99#4,humaneval/99,humaneval,small,1,205,1940497391,1940497492,8c343c83afdc,1,2026-09-20T02:18:44Z,1,3,0,1,1,0,2
branch:log:humaneval/99#4:large#0,log:humaneval/99#4,humaneval/99,humaneval,large,0,206,1061394133,1061394234,8c343c83afdc,1,2026-09-20T02:18:49Z,1,2,1,1,1,0,1
branch:log:humaneval/99#4:large#1,log:humaneval/99#4,humaneval/99,humaneval,large,1,207,570891989,570892090,8c343c83afdc,1,2026-09-20T02:18:51Z,1,3,0,1,1,0,2
branch:log:mbpp/102#0:small#0,log:mbpp/102#0,mbpp/102,mbpp,small,0,208,1600568549,1600568650,8c343c83afdc,1,2026-09-20T02:18:53Z,1,3,0,1,1,0,2
branch:log:mbpp/102#0:small#1,log:mbpp/102#0,mbpp/102,mbpp,small,1,209,2105748650,2105748751,8c343c83afdc,1,2026-09-20T02:18:57Z,1,3,0,1,1,0,2
branch:log:mbpp/102#0:large#0,log:mbpp/102#0,mbpp/102,mbpp,large,0,210,381221305,381221406,8c343c83afdc,1,2026-09-20T02:19:00Z,1,3,0,1,1,0,2
branch:log:mbpp/102#0:large#1,log:mbpp/102#0,mbpp/102,mbpp,large,1,211,1855172368,1855172469,8c343c83afdc,1,2026-09-20T02:19:01Z,1,2,1,1,1,0,1
branch:log:mbpp/119#2:small#0,log:mbpp/119#2,mbpp/119,mbpp,small,0,212,820942387,820942488,8c343c83afdc,1,2026-09-20T02:19:08Z,1,3,0,1,1,0,2
branch:log:mbpp/119#2:small#1,log:mbpp/119#2,mbpp/119,mbpp,small,1,213,1003154321,1003154422,8c343c83afdc,1,2026-09-20T02:19:10Z,1,3,0,1,1,0,2
branch:log:mbpp/119#2:large#0,log:mbpp/119#2,mbpp/119,mbpp,large,0,214,1141243388,1141243489,8c343c83afdc,1,2026-09-20T02:19:11Z,1,3,0,1,1,0,2
branch:log:mbpp/119#2:large#1,log:mbpp/119#2,mbpp/119,mbpp,large,1,215,957145483,957145584,8c343c83afdc,1,2026-09-20T02:19:13Z,1,3,0,1,1,0,2
branch:log:mbpp/119#4:small#0,log:mbpp/119#4,mbpp/119,mbpp,small,0,216,1182576615,1182576716,8c343c83afdc,1,2026-09-20T02:19:32Z,1,3,0,1,1,0,2
branch:log:mbpp/119#4:small#1,log:mbpp/119#4,mbpp/119,mbpp,small,1,217,1143753324,1143753425,8c343c83afdc,1,2026-09-20T02:19:33Z,1,3,0,1,1,0,2
branch:log:mbpp/119#4:large#0,log:mbpp/119#4,mbpp/119,mbpp,large,0,218,1599360421,1599360522,8c343c83afdc,1,2026-09-20T02:19:47Z,1,3,0,1,1,0,2
branch:log:mbpp/119#4:large#1,log:mbpp/119#4,mbpp/119,mbpp,large,1,219,80082306,80082407,8c343c83afdc,1,2026-09-20T02:19:49Z,1,3,0,1,1,0,2
branch:log:mbpp/125#3:small#0,log:mbpp/125#3,mbpp/125,mbpp,small,0,220,1672104073,1672104174,8c343c83afdc,1,2026-09-20T02:19:57Z,1,3,0,1,1,0,2
branch:log:mbpp/125#3:small#1,log:mbpp/125#3,mbpp/125,mbpp,small,1,221,385626408,385626509,8c343c83afdc,1,2026-09-20T02:20:03Z,1,3,0,1,1,0,2
branch:log:mbpp/125#3:large#0,log:mbpp/125#3,mbpp/125,mbpp,large,0,222,2033598168,2033598269,8c343c83afdc,1,2026-09-20T02:20:13Z,1,2,0,1,1,0,1
branch:log:mbpp/125#3:large#1,log:mbpp/125#3,mbpp/125,mbpp,large,1,223,826520864,826520965,8c343c83afdc,1,2026-09-20T02:20:14Z,1,2,0,1,1,0,1
branch:log:mbpp/138#4:small#0,log:mbpp/138#4,mbpp/138,mbpp,small,0,224,1900813199,1900813300,8c343c83afdc,1,2026-09-20T02:20:19Z,1,2,0,1,1,0,1
branch:log:mbpp/138#4:small#1,log:mbpp/138#4,mbpp/138,mbpp,small,1,225,564826454,564826555,8c343c83afdc,1,2026-09-20T02:20:20Z,1,2,0,1,1,0,1
branch:log:mbpp/138#4:large#0,log:mbpp/138#4,mbpp/138,mbpp,large,0,226,1412137440,1412137541,8c343c83afdc,1,2026-09-20T02:20:22Z,1,3,0,1,1,0,2
branch:log:mbpp/138#4:large#1,log:mbpp/138#4,mbpp/138,mbpp,large,1,227,2137431238,2137431339,8c343c83afdc,1,2026-09-20T02:20:22Z,1,3,0,1,1,0,2
branch:log:mbpp/138#7:small#0,log:mbpp/138#7,mbpp/138,mbpp,small,0,228,1909603750,1909603851,8c343c83afdc,1,2026-09-20T02:20:22Z,1,3,0,1,1,0,2
branch:log:mbpp/138#7:small#1,log:mbpp/138#7,mbpp/138,mbpp,small,1,229,1721000553,1721000654,8c343c83afdc,1,2026-09-20T02:20:26Z,1,3,0,1,1,0,2
branch:log:mbpp/138#7:large#0,log:mbpp/138#7,mbpp/138,mbpp,large,0,230,1455879663,1455879764,8c343c83afdc,1,2026-09-20T02:20:34Z,1,3,0,1,1,0,2
branch:log:mbpp/138#7:large#1,log:mbpp/138#7,mbpp/138,mbpp,large,1,231,635982632,635982733,8c343c83afdc,1,2026-09-20T02:20:38Z,1,2,0,1,1,0,1
branch:log:mbpp/140#3:small#0,log:mbpp/140#3,mbpp/140,mbpp,small,0,232,742147283,742147384,8c343c83afdc,1,2026-09-20T02:20:54Z,1,3,1,1,1,0,2
branch:log:mbpp/140#3:small#1,log:mbpp/140#3,mbpp/140,mbpp,small,1,233,1359781482,1359781583,8c343c83afdc,1,2026-09-20T02:20:56Z,1,3,1,1,1,0,2
branch:log:mbpp/140#3:large#0,log:mbpp/140#3,mbpp/140,mbpp,large,0,234,646098270,646098371,8c343c83afdc,1,2026-09-20T02:20:57Z,1,2,0,1,1,0,1
branch:log:mbpp/140#3:large#1,log:mbpp/140#3,mbpp/140,mbpp,large,1,235,427885800,427885901,8c343c83afdc,1,2026-09-20T02:20:58Z,1,2,0,1,1,0,1
branch:log:mbpp/143#2:small#0,log:mbpp/143#2,mbpp/143,mbpp,small,0,236,1362004293,1362004394,8c343c83afdc,1,2026-09-20T02:20:59Z,1,3,0,1,1,0,2
branch:log:mbpp/143#2:small#1,log:mbpp/143#2,mbpp/143,mbpp,small,1,237,259529307,259529408,8c343c83afdc,1,2026-09-20T02:21:02Z,1,3,0,1,1,0,2
branch:log:mbpp/143#2:large#0,log:mbpp/143#2,mbpp/143,mbpp,large,0,238,1290917244,1290917345,8c343c83afdc,1,2026-09-20T02:21:02Z,1,3,0,1,1,0,2
branch:log:mbpp/143#2:large#1,log:mbpp/143#2,mbpp/143,mbpp,large,1,239,85408813,85408914,8c343c83afdc,1,2026-09-20T02:21:02Z,1,3,0,1,1,0,2
branch:log:mbpp/143#4:small#0,log:mbpp/143#4,mbpp/143,mbpp,small,0,240,2006727025,2006727126,8c343c83afdc,1,2026-09-20T02:21:05Z,1,3,0,1,1,0,2
branch:log:mbpp/143#4:small#1,log:mbpp/143#4,mbpp/143,mbpp,small,1,241,653631163,653631264,8c343c83afdc,1,2026-09-20T02:21:09Z,1,3,0,1,1,0,2
branch:log:mbpp/143#4:large#0,log:mbpp/143#4,mbpp/143,mbpp,large,0,242,1400229813,1400229914,8c343c83afdc,1,2026-09-20T02:21:11Z,1,3,0,1,1,0,2
branch:log:mbpp/143#4:large#1,log:mbpp/143#4,mbpp/143,mbpp,large,1,243,2143941221,2143941322,8c343c83afdc,1,2026-09-20T02:21:11Z,1,3,0,1,1,0,2
branch:log:mbpp/143#5:small#0,log:mbpp/143#5,mbpp/143,mbpp,small,0,244,1122797274,1122797375,8c343c83afdc,1,2026-09-20T02:21:13Z,1,3,0,1,1,0,2
branch:log:mbpp/143#5:small#1,log:mbpp/143#5,mbpp/143,mbpp,small,1,245,621955521,621955622,8c343c83afdc,1,2026-09-20T02:21:14Z,1,3,0,1,1,0,2
branch:log:mbpp/143#5:large#0,log:mbpp/143#5,mbpp/143,mbpp,large,0,246,1970408693,1970408794,8c343c83afdc,1,2026-09-20T02:21:19Z,1,3,0,1,1,0,2
branch:log:mbpp/143#5:large#1,log:mbpp/143#5,mbpp/143,mbpp,large,1,247,574649195,574649296,8c343c83afdc,1,2026-09-20T02:21:20Z,1,3,0,1,1,0,2
branch:log:mbpp/145#3:small#0,log:mbpp/145#3,mbpp/145,mbpp,small,0,248,358805068,358805169,8c343c83afdc,1,2026-09-20T02:21:22Z,1,3,1,1,1,0,2
branch:log:mbpp/145#3:small#1,log:mbpp/145#3,mbpp/145,mbpp,small,1,249,1676820443,1676820544,8c343c83afdc,1,2026-09-20T02:21:22Z,1,3,1,1,1,0,2
branch:log:mbpp/145#3:large#0,log:mbpp/145#3,mbpp/145,mbpp,large,0,250,1824018358,1824018459,8c343c83afdc,1,2026-09-20T02:21:30Z,1,3,1,1,1,0,2
branch:log:mbpp/145#3:large#1,log:mbpp/145#3,mbpp/145,mbpp,large,1,251,1020587210,1020587311,8c343c83afdc,1,2026-09-20T02:21:32Z,1,3,1,1,1,0,2
branch:log:mbpp/145#6:small#0,log:mbpp/145#6,mbpp/145,mbpp,small,0,252,211181606,211181707,8c343c83afdc,1,2026-09-20T02:21:32Z,1,3,1,1,1,0,2
branch:log:mbpp/145#6:small#1,log:mbpp/145#6,mbpp/145,mbpp,small,1,253,285749982,285750083,8c343c83afdc,1,2026-09-20T02:21:32Z,1,3,1,1,1,0,2
branch:log:mbpp/145#6:large#0,log:mbpp/145#6,mbpp/145,mbpp,large,0,254,1742273230,1742273331,8c343c83afdc,1,2026-09-20T02:21:36Z,1,3,1,1,1,0,2
branch:log:mbpp/145#6:large#1,log:mbpp/145#6,mbpp/145,mbpp,large,1,255,382075597,382075698,8c343c83afdc,1,2026-09-20T02:21:37Z,1,3,1,1,1,0,2
branch:log:mbpp/160#3:small#0,log:mbpp/160#3,mbpp/160,mbpp,small,0,256,1523255243,1523255344,8c343c83afdc,1,2026-09-20T02:21:44Z,1,3,0,1,1,0,2
branch:log:mbpp/160#3:small#1,log:mbpp/160#3,mbpp/160,mbpp,small,1,257,2062234411,2062234512,8c343c83afdc,1,2026-09-20T02:21:46Z,1,3,0,1,1,0,2
branch:log:mbpp/160#3:large#0,log:mbpp/160#3,mbpp/160,mbpp,large,0,258,1661441879,1661441980,8c343c83afdc,1,2026-09-20T02:21:46Z,1,3,0,1,1,0,2
branch:log:mbpp/160#3:large#1,log:mbpp/160#3,mbpp/160,mbpp,large,1,259,1165841894,1165841995,8c343c83afdc,1,2026-09-20T02:21:48Z,1,3,0,1,1,0,2
branch:log:mbpp/167#3:small#0,log:mbpp/167#3,mbpp/167,mbpp,small,0,260,1321928957,1321929058,8c343c83afdc,1,2026-09-20T02:22:03Z,1,2,0,1,1,0,1
branch:log:mbpp/167#3:small#1,log:mbpp/167#3,mbpp/167,mbpp,small,1,261,1843232025,1843232126,8c343c83afdc,1,2026-09-20T02:22:05Z,1,3,1,1,1,0,2
branch:log:mbpp/167#3:large#0,log:mbpp/167#3,mbpp/167,mbpp,large,0,262,601333254,601333355,8c343c83afdc,1,2026-09-20T02:22:08Z,1,2,1,1,1,0,1
branch:log:mbpp/167#3:large#1,log:mbpp/167#3,mbpp/167,mbpp,large,1,263,1178357736,1178357837,8c343c83afdc,1,2026-09-20T02:22:09Z,1,2,1,1,1,0,1
branch:log:mbpp/167#6:small#0,log:mbpp/167#6,mbpp/167,mbpp,small,0,264,1483067719,1483067820,8c343c83afdc,1,2026-09-20T02:22:12Z,1,2,0,1,1,0,1
branch:log:mbpp/167#6:small#1,log:mbpp/167#6,mbpp/167,mbpp,small,1,265,561810577,561810678,8c343c83afdc,1,2026-09-20T02:22:13Z,1,3,0,1,1,0,2
branch:log:mbpp/167#6:large#0,log:mbpp/167#6,mbpp/167,mbpp,large,0,266,159781760,159781861,8c343c83afdc,1,2026-09-20T02:22:17Z,1,2,1,1,1,0,1
branch:log:mbpp/167#6:large#1,log:mbpp/167#6,mbpp/167,mbpp,large,1,267,794753239,794753340,8c343c83afdc,1,2026-09-20T02:22:18Z,1,2,1,1,1,0,1
branch:log:mbpp/20#2:small#0,log:mbpp/20#2,mbpp/20,mbpp,small,0,268,410720786,410720887,8c343c83afdc,1,2026-09-20T02:22:21Z,1,3,0,1,1,0,2
branch:log:mbpp/20#2:small#1,log:mbpp/20#2,mbpp/20,mbpp,small,1,269,280398505,280398606,8c343c83afdc,1,2026-09-20T02:22:21Z,1,3,0,1,1,0,2
branch:log:mbpp/20#2:large#0,log:mbpp/20#2,mbpp/20,mbpp,large,0,270,15973737,15973838,8c343c83afdc,1,2026-09-20T02:22:23Z,1,3,0,1,1,0,2
branch:log:mbpp/20#2:large#1,log:mbpp/20#2,mbpp/20,mbpp,large,1,271,2135197721,2135197822,8c343c83afdc,1,2026-09-20T02:22:26Z,1,3,0,1,1,0,2
branch:log:mbpp/222#0:small#0,log:mbpp/222#0,mbpp/222,mbpp,small,0,272,1248178857,1248178958,8c343c83afdc,1,2026-09-20T02:22:26Z,1,3,1,1,1,0,2
branch:log:mbpp/222#0:small#1,log:mbpp/222#0,mbpp/222,mbpp,small,1,273,1094221717,1094221818,8c343c83afdc,1,2026-09-20T02:22:28Z,1,3,1,1,1,0,2
branch:log:mbpp/222#0:large#0,log:mbpp/222#0,mbpp/222,mbpp,large,0,274,13506554,13506655,8c343c83afdc,1,2026-09-20T02:22:31Z,1,2,1,1,1,0,1
branch:log:mbpp/222#0:large#1,log:mbpp/222#0,mbpp/222,mbpp,large,1,275,1379437197,1379437298,8c343c83afdc,1,2026-09-20T02:22:33Z,1,2,1,1,1,0,1
branch:log:mbpp/228#2:small#0,log:mbpp/228#2,mbpp/228,mbpp,small,0,276,490870517,490870618,8c343c83afdc,1,2026-09-20T02:22:34Z,1,3,0,1,1,0,2
branch:log:mbpp/228#2:small#1,log:mbpp/228#2,mbpp/228,mbpp,small,1,277,603573995,603574096,8c343c83afdc,1,2026-09-20T02:22:36Z,1,3,0,1,1,0,2
branch:log:mbpp/228#2:large#0,log:mbpp/228#2,mbpp/228,mbpp,large,0,278,580950407,580950508,8c343c83afdc,1,2026-09-20T02:22:37Z,1,3,0,1,1,0,2
branch:log:mbpp/228#2:large#1,log:mbpp/228#2,mbpp/228,mbpp,large,1,279,708727693,708727794,8c343c83afdc,1,2026-09-20T02:22:42Z,1,3,0,1,1,0,2
branch:log:mbpp/228#6:small#0,log:mbpp/228#6,mbpp/228,mbpp,small,0,280,1760650827,1760650928,8c343c83afdc,1,2026-09-20T02:22:42Z,1,3,0,1,1,0,2
branch:log:mbpp/228#6:small#1,log:mbpp/228#6,mbpp/228,mbpp,small,1,281,731526912,731527013,8c343c83afdc,1,2026-09-20T02:22:44Z,1,3,0,1,1,0,2
branch:log:mbpp/228#6:large#0,log:mbpp/228#6,mbpp/228,mbpp,large,0,282,849405196,849405297,8c343c83afdc,1,2026-09-20T02:22:55Z,1,2,0,1,1,0,1
branch:log:mbpp/228#6:large#1,log:mbpp/228#6,mbpp/228,mbpp,large,1,283,1562200863,1562200964,8c343c83afdc,1,2026-09-20T02:22:59Z,1,2,0,1,1,0,1
branch:log:mbpp/229#3:small#0,log:mbpp/229#3,mbpp/229,mbpp,small,0,284,345995538,345995639,8c343c83afdc,1,2026-09-20T02:23:01Z,1,3,0,1,1,0,2
branch:log:mbpp/229#3:small#1,log:mbpp/229#3,mbpp/229,mbpp,small,1,285,63158320,63158421,8c343c83afdc,1,2026-09-20T02:23:05Z,1,3,0,1,1,0,2
branch:log:mbpp/229#3:large#0,log:mbpp/229#3,mbpp/229,mbpp,large,0,286,231503815,231503916,8c343c83afdc,1,2026-09-20T02:23:06Z,1,3,0,1,1,0,2
branch:log:mbpp/229#3:large#1,log:mbpp/229#3,mbpp/229,mbpp,large,1,287,1080882206,1080882307,8c343c83afdc,1,2026-09-20T02:23:10Z,1,3,0,1,1,0,2
branch:log:mbpp/235#4:small#0,log:mbpp/235#4,mbpp/235,mbpp,small,0,288,1233597772,1233597873,8c343c83afdc,1,2026-09-20T02:23:12Z,1,3,0,1,1,0,2
branch:log:mbpp/235#4:small#1,log:mbpp/235#4,mbpp/235,mbpp,small,1,289,1486356012,1486356113,8c343c83afdc,1,2026-09-20T02:23:16Z,1,3,0,1,1,0,2
branch:log:mbpp/235#4:large#0,log:mbpp/235#4,mbpp/235,mbpp,large,0,290,1333165902,1333166003,8c343c83afdc,1,2026-09-20T02:23:20Z,1,3,0,1,1,0,2
branch:log:mbpp/235#4:large#1,log:mbpp/235#4,mbpp/235,mbpp,large,1,291,1922901234,1922901335,8c343c83afdc,1,2026-09-20T02:23:20Z,1,3,0,1,1,0,2
branch:log:mbpp/235#5:small#0,log:mbpp/235#5,mbpp/235,mbpp,small,0,292,474943188,474943289,8c343c83afdc,1,2026-09-20T02:23:23Z,1,3,0,1,1,0,2
branch:log:mbpp/235#5:small#1,log:mbpp/235#5,mbpp/235,mbpp,small,1,293,1966939345,1966939446,8c343c83afdc,1,2026-09-20T02:23:26Z,1,3,0,1,1,0,2
branch:log:mbpp/235#5:large#0,log:mbpp/235#5,mbpp/235,mbpp,large,0,294,606429455,606429556,8c343c83afdc,1,2026-09-20T02:23:29Z,1,3,0,1,1,0,2
branch:log:mbpp/235#5:large#1,log:mbpp/235#5,mbpp/235,mbpp,large,1,295,1018673382,1018673483,8c343c83afdc,1,2026-09-20T02:23:29Z,1,3,0,1,1,0,2
branch:log:mbpp/235#6:small#0,log:mbpp/235#6,mbpp/235,mbpp,small,0,296,1373671105,1373671206,8c343c83afdc,1,2026-09-20T02:23:32Z,1,3,0,1,1,0,2
branch:log:mbpp/235#6:small#1,log:mbpp/235#6,mbpp/235,mbpp,small,1,297,1031879358,1031879459,8c343c83afdc,1,2026-09-20T02:23:33Z,1,3,0,1,1,0,2
branch:log:mbpp/235#6:large#0,log:mbpp/235#6,mbpp/235,mbpp,large,0,298,1950822153,1950822254,8c343c83afdc,1,2026-09-20T02:23:42Z,1,3,0,1,1,0,2
branch:log:mbpp/235#6:large#1,log:mbpp/235#6,mbpp/235,mbpp,large,1,299,1072774652,1072774753,8c343c83afdc,1,2026-09-20T02:23:43Z,1,3,0,1,1,0,2
branch:log:mbpp/235#7:small#0,log:mbpp/235#7,mbpp/235,mbpp,small,0,300,1696499077,1696499178,8c343c83afdc,1,2026-09-20T02:23:46Z,1,3,0,1,1,0,2
branch:log:mbpp/235#7:small#1,log:mbpp/235#7,mbpp/235,mbpp,small,1,301,1631538755,1631538856,8c343c83afdc,1,2026-09-20T02:23:50Z,1,3,0,1,1,0,2
branch:log:mbpp/235#7:large#0,log:mbpp/235#7,mbpp/235,mbpp,large,0,302,186087604,186087705,8c343c83afdc,1,2026-09-20T02:23:52Z,1,3,0,1,1,0,2
branch:log:mbpp/235#7:large#1,log:mbpp/235#7,mbpp/235,mbpp,large,1,303,671416812,671416913,8c343c83afdc,1,2026-09-20T02:23:58Z,1,3,0,1,1,0,2
branch:log:mbpp/249#5:small#0,log:mbpp/249#5,mbpp/249,mbpp,small,0,304,861687451,861687552,8c343c83afdc,1,2026-09-20T02:24:10Z,1,3,0,1,1,0,2
branch:log:mbpp/249#5:small#1,log:mbpp/249#5,mbpp/249,mbpp,small,1,305,162361299,162361400,8c343c83afdc,1,2026-09-20T02:24:14Z,1,3,0,1,1,0,2
branch:log:mbpp/249#5:large#0,log:mbpp/249#5,mbpp/249,mbpp,large,0,306,1878364743,1878364844,8c343c83afdc,1,2026-09-20T02:24:17Z,1,3,0,1,1,0,2
branch:log:mbpp/249#5:large#1,log:mbpp/249#5,mbpp/249,mbpp,large,1,307,1856043086,1856043187,8c343c83afdc,1,2026-09-20T02:24:20Z,1,3,0,1,1,0,2
branch:log:mbpp/249#6:small#0,log:mbpp/249#6,mbpp/249,mbpp,small,0,308,1065797907,1065798008,8c343c83afdc,1,2026-09-20T02:24:23Z,1,3,0,1,1,0,2
branch:log:mbpp/249#6:small#1,log:mbpp/249#6,mbpp/249,mbpp,small,1,309,1430718848,1430718949,8c343c83afdc,1,2026-09-20T02:24:24Z,1,3,1,1,1,0,2
branch:log:mbpp/249#6:large#0,log:mbpp/249#6,mbpp/249,mbpp,large,0,310,552016198,552016299,8c343c83afdc,1,2026-09-20T02:24:27Z,1,3,0,1,1,0,2
branch:log:mbpp/249#6:large#1,log:mbpp/249#6,mbpp/249,mbpp,large,1,311,655724706,655724807,8c343c83afdc,1,2026-09-20T02:24:28Z,1,3,0,1,1,0,2
branch:log:mbpp/251#0:small#0,log:mbpp/251#0,mbpp/251,mbpp,small,0,312,1563640812,1563640913,8c343c83afdc,1,2026-09-20T02:24:28Z,1,3,0,1,1,0,2
branch:log:mbpp/251#0:small#1,log:mbpp/251#0,mbpp/251,mbpp,small,1,313,2118057502,2118057603,8c343c83afdc,1,2026-09-20T02:24:30Z,1,3,0,1,1,0,2
branch:log:mbpp/251#0:large#0,log:mbpp/251#0,mbpp/251,mbpp,large,0,314,1294065696,1294065797,8c343c83afdc,1,2026-09-20T02:24:34Z,1,3,0,1,1,0,2
branch:log:mbpp/251#0:large#1,log:mbpp/251#0,mbpp/251,mbpp,large,1,315,1464177864,1464177965,8c343c83afdc,1,2026-09-20T02:24:35Z,1,3,0,1,1,0,2
branch:log:mbpp/251#1:small#0,log:mbpp/251#1,mbpp/251,mbpp,small,0,316,594483286,594483387,8c343c83afdc,1,2026-09-20T02:24:37Z,1,3,0,1,1,0,2
branch:log:mbpp/251#1:small#1,log:mbpp/251#1,mbpp/251,mbpp,small,1,317,571415402,571415503,8c343c83afdc,1,2026-09-20T02:24:40Z,1,3,0,1,1,0,2
branch:log:mbpp/251#1:large#0,log:mbpp/251#1,mbpp/251,mbpp,large,0,318,1123435504,1123435605,8c343c83afdc,1,2026-09-20T02:24:42Z,1,2,1,1,1,0,1
branch:log:mbpp/251#1:large#1,log:mbpp/251#1,mbpp/251,mbpp,large,1,319,91704825,91704926,8c343c83afdc,1,2026-09-20T02:24:42Z,1,2,1,1,1,0,1
branch:log:mbpp/251#2:small#0,log:mbpp/251#2,mbpp/251,mbpp,small,0,320,1507358953,1507359054,8c343c83afdc,1,2026-09-20T02:24:45Z,1,3,0,1,1,0,2
branch:log:mbpp/251#2:small#1,log:mbpp/251#2,mbpp/251,mbpp,small,1,321,852432222,852432323,8c343c83afdc,1,2026-09-20T02:24:46Z,1,3,0,1,1,0,2
branch:log:mbpp/251#2:large#0,log:mbpp/251#2,mbpp/251,mbpp,large,0,322,833690736,833690837,8c343c83afdc,1,2026-09-20T02:24:48Z,1,3,0,1,1,0,2
branch:log:mbpp/251#2:large#1,log:mbpp/251#2,mbpp/251,mbpp,large,1,323,1406455549,1406455650,8c343c83afdc,1,2026-09-20T02:24:48Z,1,3,0,1,1,0,2
branch:log:mbpp/251#6:small#0,log:mbpp/251#6,mbpp/251,mbpp,small,0,324,812369582,812369683,8c343c83afdc,1,2026-09-20T02:24:51Z,1,3,0,1,1,0,2
branch:log:mbpp/251#6:small#1,log:mbpp/251#6,mbpp/251,mbpp,small,1,325,2039885363,2039885464,8c343c83afdc,1,2026-09-20T02:24:52Z,1,3,0,1,1,0,2
branch:log:mbpp/251#6:large#0,log:mbpp/251#6,mbpp/251,mbpp,large,0,326,735392133,735392234,8c343c83afdc,1,2026-09-20T02:24:55Z,1,2,1,1,1,0,1
branch:log:mbpp/251#6:large#1,log:mbpp/251#6,mbpp/251,mbpp,large,1,327,1889095148,1889095249,8c343c83afdc,1,2026-09-20T02:24:56Z,1,2,1,1,1,0,1
branch:log:mbpp/262#7:small#0,log:mbpp/262#7,mbpp/262,mbpp,small,0,328,1050119412,1050119513,8c343c83afdc,1,2026-09-20T02:25:00Z,1,3,1,1,1,0,2
branch:log:mbpp/262#7:small#1,log:mbpp/262#7,mbpp/262,mbpp,small,1,329,2111216347,2111216448,8c343c83afdc,1,2026-09-20T02:25:00Z,1,3,1,1,1,0,2
branch:log:mbpp/262#7:large#0,log:mbpp/262#7,mbpp/262,mbpp,large,0,330,534136155,534136256,8c343c83afdc,1,2026-09-20T02:25:01Z,1,3,1,1,1,0,2
branch:log:mbpp/262#7:large#1,log:mbpp/262#7,mbpp/262,mbpp,large,1,331,2005513565,2005513666,8c343c83afdc,1,2026-09-20T02:25:04Z,1,3,1,1,1,0,2
branch:log:mbpp/274#3:small#0,log:mbpp/274#3,mbpp/274,mbpp,small,0,332,1099033546,1099033647,8c343c83afdc,1,2026-09-20T02:25:08Z,1,2,1,1,1,0,1
branch:log:mbpp/274#3:small#1,log:mbpp/274#3,mbpp/274,mbpp,small,1,333,1842293772,1842293873,8c343c83afdc,1,2026-09-20T02:25:08Z,1,2,1,1,1,0,1
branch:log:mbpp/274#3:large#0,log:mbpp/274#3,mbpp/274,mbpp,large,0,334,1371174250,1371174351,8c343c83afdc,1,2026-09-20T02:25:12Z,1,2,1,1,1,0,1
branch:log:mbpp/274#3:large#1,log:mbpp/274#3,mbpp/274,mbpp,large,1,335,352444938,352445039,8c343c83afdc,1,2026-09-20T02:25:12Z,1,2,1,1,1,0,1
branch:log:mbpp/278#0:small#0,log:mbpp/278#0,mbpp/278,mbpp,small,0,336,1322467776,1322467877,8c343c83afdc,1,2026-09-20T02:25:15Z,1,3,0,1,1,0,2
branch:log:mbpp/278#0:small#1,log:mbpp/278#0,mbpp/278,mbpp,small,1,337,1916392576,1916392677,8c343c83afdc,1,2026-09-20T02:25:18Z,1,3,0,1,1,0,2
branch:log:mbpp/278#0:large#0,log:mbpp/278#0,mbpp/278,mbpp,large,0,338,2033450925,2033451026,8c343c83afdc,1,2026-09-20T02:25:20Z,1,3,0,1,1,0,2
branch:log:mbpp/278#0:large#1,log:mbpp/278#0,mbpp/278,mbpp,large,1,339,2145440130,2145440231,8c343c83afdc,1,2026-09-20T02:25:20Z,1,3,0,1,1,0,2
branch:log:mbpp/278#4:small#0,log:mbpp/278#4,mbpp/278,mbpp,small,0,340,16288322,16288423,8c343c83afdc,1,2026-09-20T02:25:20Z,1,3,1,1,1,0,2
branch:log:mbpp/278#4:small#1,log:mbpp/278#4,mbpp/278,mbpp,small,1,341,248023425,248023526,8c343c83afdc,1,2026-09-20T02:25:29Z,1,3,1,1,1,0,2
branch:log:mbpp/278#4:large#0,log:mbpp/278#4,mbpp/278,mbpp,large,0,342,578733312,578733413,8c343c83afdc,1,2026-09-20T02:25:30Z,1,3,0,1,1,0,2
branch:log:mbpp/278#4:large#1,log:mbpp/278#4,mbpp/278,mbpp,large,1,343,1371920136,1371920237,8c343c83afdc,1,2026-09-20T02:25:34Z,1,3,1,1,1,0,2
branch:log:mbpp/278#5:small#0,log:mbpp/278#5,mbpp/278,mbpp,small,0,344,234056317,234056418,8c343c83afdc,1,2026-09-20T02:25:41Z,1,3,1,1,1,0,2
branch:log:mbpp/278#5:small#1,log:mbpp/278#5,mbpp/278,mbpp,small,1,345,297326283,297326384,8c343c83afdc,1,2026-09-20T02:25:43Z,1,3,1,1,1,0,2
branch:log:mbpp/278#5:large#0,log:mbpp/278#5,mbpp/278,mbpp,large,0,346,431842934,431843035,8c343c83afdc,1,2026-09-20T02:25:45Z,1,3,1,1,1,0,2
branch:log:mbpp/278#5:large#1,log:mbpp/278#5,mbpp/278,mbpp,large,1,347,947577242,947577343,8c343c83afdc,1,2026-09-20T02:25:48Z,1,3,1,1,1,0,2
branch:log:mbpp/278#6:small#0,log:mbpp/278#6,mbpp/278,mbpp,small,0,348,460249426,460249527,8c343c83afdc,1,2026-09-20T02:25:49Z,1,3,0,1,1,0,2
branch:log:mbpp/278#6:small#1,log:mbpp/278#6,mbpp/278,mbpp,small,1,349,1983011828,1983011929,8c343c83afdc,1,2026-09-20T02:25:49Z,1,3,0,1,1,0,2
branch:log:mbpp/278#6:large#0,log:mbpp/278#6,mbpp/278,mbpp,large,0,350,1985211453,1985211554,8c343c83afdc,1,2026-09-20T02:25:57Z,1,3,1,1,1,0,2
branch:log:mbpp/278#6:large#1,log:mbpp/278#6,mbpp/278,mbpp,large,1,351,982280729,982280830,8c343c83afdc,1,2026-09-20T02:25:58Z,1,3,1,1,1,0,2
branch:log:mbpp/278#7:small#0,log:mbpp/278#7,mbpp/278,mbpp,small,0,352,1650335035,1650335136,8c343c83afdc,1,2026-09-20T02:26:00Z,1,3,1,1,1,0,2
branch:log:mbpp/278#7:small#1,log:mbpp/278#7,mbpp/278,mbpp,small,1,353,1748942987,1748943088,8c343c83afdc,1,2026-09-20T02:26:04Z,1,3,1,1,1,0,2
branch:log:mbpp/278#7:large#0,log:mbpp/278#7,mbpp/278,mbpp,large,0,354,1072896537,1072896638,8c343c83afdc,1,2026-09-20T02:26:06Z,1,3,1,1,1,0,2
branch:log:mbpp/278#7:large#1,log:mbpp/278#7,mbpp/278,mbpp,large,1,355,928071959,928072060,8c343c83afdc,1,2026-09-20T02:26:14Z,1,3,1,1,1,0,2
branch:log:mbpp/279#1:small#0,log:mbpp/279#1,mbpp/279,mbpp,small,0,356,1297888309,1297888410,8c343c83afdc,1,2026-09-20T02:26:19Z,1,3,0,1,1,0,2
branch:log:mbpp/279#1:small#1,log:mbpp/279#1,mbpp/279,mbpp,small,1,357,1626626056,1626626157,8c343c83afdc,1,2026-09-20T02:26:23Z,1,3,0,1,1,0,2
branch:log:mbpp/279#1:large#0,log:mbpp/279#1,mbpp/279,mbpp,large,0,358,1153028431,1153028532,8c343c83afdc,1,2026-09-20T02:26:24Z,1,3,0,1,1,0,2
branch:log:mbpp/279#1:large#1,log:mbpp/279#1,mbpp/279,mbpp,large,1,359,704351594,704351695,8c343c83afdc,1,2026-09-20T02:26:26Z,1,3,0,1,1,0,2
branch:log:mbpp/279#2:small#0,log:mbpp/279#2,mbpp/279,mbpp,small,0,360,1235175471,1235175572,8c343c83afdc,1,2026-09-20T02:26:26Z,1,3,0,1,1,0,2
branch:log:mbpp/279#2:small#1,log:mbpp/279#2,mbpp/279,mbpp,small,1,361,36945074,36945175,8c343c83afdc,1,2026-09-20T02:26:29Z,1,3,0,1,1,0,2
branch:log:mbpp/279#2:large#0,log:mbpp/279#2,mbpp/279,mbpp,large,0,362,585708999,585709100,8c343c83afdc,1,2026-09-20T02:26:32Z,1,3,0,1,1,0,2
branch:log:mbpp/279#2:large#1,log:mbpp/279#2,mbpp/279,mbpp,large,1,363,1513753668,1513753769,8c343c83afdc,1,2026-09-20T02:26:33Z,1,3,0,1,1,0,2
branch:log:mbpp/279#5:small#0,log:mbpp/279#5,mbpp/279,mbpp,small,0,364,1626066322,1626066423,8c343c83afdc,1,2026-09-20T02:26:40Z,1,3,0,1,1,0,2
branch:log:mbpp/279#5:small#1,log:mbpp/279#5,mbpp/279,mbpp,small,1,365,1191223696,1191223797,8c343c83afdc,1,2026-09-20T02:26:43Z,1,3,0,1,1,0,2
branch:log:mbpp/279#5:large#0,log:mbpp/279#5,mbpp/279,mbpp,large,0,366,2094004257,2094004358,8c343c83afdc,1,2026-09-20T02:26:47Z,1,3,0,1,1,0,2
branch:log:mbpp/279#5:large#1,log:mbpp/279#5,mbpp/279,mbpp,large,1,367,247954212,247954313,8c343c83afdc,1,2026-09-20T02:26:47Z,1,3,0,1,1,0,2
branch:log:mbpp/279#6:small#0,log:mbpp/279#6,mbpp/279,mbpp,small,0,368,572595184,572595285,8c343c83afdc,1,2026-09-20T02:26:48Z,1,3,0,1,1,0,2
branch:log:mbpp/279#6:small#1,log:mbpp/279#6,mbpp/279,mbpp,small,1,369,228006661,228006762,8c343c83afdc,1,2026-09-20T02:26:49Z,1,3,0,1,1,0,2
branch:log:mbpp/279#6:large#0,log:mbpp/279#6,mbpp/279,mbpp,large,0,370,553962382,553962483,8c343c83afdc,1,2026-09-20T02:26:53Z,1,3,0,1,1,0,2
branch:log:mbpp/279#6:large#1,log:mbpp/279#6,mbpp/279,mbpp,large,1,371,927963436,927963537,8c343c83afdc,1,2026-09-20T02:26:54Z,1,3,0,1,1,0,2
branch:log:mbpp/283#1:small#0,log:mbpp/283#1,mbpp/283,mbpp,small,0,372,335191842,335191943,8c343c83afdc,1,2026-09-20T02:26:56Z,1,3,0,1,1,0,2
branch:log:mbpp/283#1:small#1,log:mbpp/283#1,mbpp/283,mbpp,small,1,373,256386204,256386305,8c343c83afdc,1,2026-09-20T02:27:00Z,1,3,0,1,1,0,2
branch:log:mbpp/283#1:large#0,log:mbpp/283#1,mbpp/283,mbpp,large,0,374,273142192,273142293,8c343c83afdc,1,2026-09-20T02:27:03Z,1,3,0,1,1,0,2
branch:log:mbpp/283#1:large#1,log:mbpp/283#1,mbpp/283,mbpp,large,1,375,968739089,968739190,8c343c83afdc,1,2026-09-20T02:27:07Z,1,3,0,1,1,0,2
branch:log:mbpp/294#2:small#0,log:mbpp/294#2,mbpp/294,mbpp,small,0,376,641692025,641692126,8c343c83afdc,1,2026-09-20T02:27:08Z,1,2,1,1,1,0,1
branch:log:mbpp/294#2:small#1,log:mbpp/294#2,mbpp/294,mbpp,small,1,377,2044380362,2044380463,8c343c83afdc,1,2026-09-20T02:27:09Z,1,3,1,1,1,0,2
branch:log:mbpp/294#2:large#0,log:mbpp/294#2,mbpp/294,mbpp,large,0,378,1623158686,1623158787,8c343c83afdc,1,2026-09-20T02:27:15Z,1,3,1,1,1,0,2
branch:log:mbpp/294#2:large#1,log:mbpp/294#2,mbpp/294,mbpp,large,1,379,1554954413,1554954514,8c343c83afdc,1,2026-09-20T02:27:15Z,1,2,1,1,1,0,1
branch:log:mbpp/294#3:small#0,log:mbpp/294#3,mbpp/294,mbpp,small,0,380,665554591,665554692,8c343c83afdc,1,2026-09-20T02:27:17Z,1,3,0,1,1,0,2
branch:log:mbpp/294#3:small#1,log:mbpp/294#3,mbpp/294,mbpp,small,1,381,1835818783,1835818884,8c343c83afdc,1,2026-09-20T02:27:21Z,1,2,0,1,1,0,1
branch:log:mbpp/294#3:large#0,log:mbpp/294#3,mbpp/294,mbpp,large,0,382,1437574498,1437574599,8c343c83afdc,1,2026-09-20T02:27:25Z,1,2,0,1,1,0,1
branch:log:mbpp/294#3:large#1,log:mbpp/294#3,mbpp/294,mbpp,large,1,383,1622964406,1622964507,8c343c83afdc,1,2026-09-20T02:27:26Z,1,2,0,1,1,0,1
branch:log:mbpp/294#4:small#0,log:mbpp/294#4,mbpp/294,mbpp,small,0,384,1744507173,1744507274,8c343c83afdc,1,2026-09-20T02:27:26Z,1,3,0,1,1,0,2
branch:log:mbpp/294#4:small#1,log:mbpp/294#4,mbpp/294,mbpp,small,1,385,1875319735,1875319836,8c343c83afdc,1,2026-09-20T02:27:29Z,1,3,0,1,1,0,2
branch:log:mbpp/294#4:large#0,log:mbpp/294#4,mbpp/294,mbpp,large,0,386,1497574707,1497574808,8c343c83afdc,1,2026-09-20T02:27:34Z,1,3,0,1,1,0,2
branch:log:mbpp/294#4:large#1,log:mbpp/294#4,mbpp/294,mbpp,large,1,387,233524642,233524743,8c343c83afdc,1,2026-09-20T02:27:35Z,1,3,0,1,1,0,2
branch:log:mbpp/296#2:small#0,log:mbpp/296#2,mbpp/296,mbpp,small,0,388,693473082,693473183,8c343c83afdc,1,2026-09-20T02:27:39Z,1,3,0,1,1,0,2
branch:log:mbpp/296#2:small#1,log:mbpp/296#2,mbpp/296,mbpp,small,1,389,598355303,598355404,8c343c83afdc,1,2026-09-20T02:27:44Z,1,3,0,1,1,0,2
branch:log:mbpp/296#2:large#0,log:mbpp/296#2,mbpp/296,mbpp,large,0,390,956031056,956031157,8c343c83afdc,1,2026-09-20T02:27:51Z,1,3,0,1,1,0,2
branch:log:mbpp/296#2:large#1,log:mbpp/296#2,mbpp/296,mbpp,large,1,391,708262968,708263069,8c343c83afdc,1,2026-09-20T02:27:56Z,1,3,0,1,1,0,2
branch:log:mbpp/300#7:small#0,log:mbpp/300#7,mbpp/300,mbpp,small,0,392,1272598788,1272598889,8c343c83afdc,1,2026-09-20T02:28:06Z,1,3,0,1,1,0,2
branch:log:mbpp/300#7:small#1,log:mbpp/300#7,mbpp/300,mbpp,small,1,393,1831561846,1831561947,8c343c83afdc,1,2026-09-20T02:28:12Z,1,3,0,1,1,0,2
branch:log:mbpp/300#7:large#0,log:mbpp/300#7,mbpp/300,mbpp,large,0,394,1963911195,1963911296,8c343c83afdc,1,2026-09-20T02:28:18Z,1,3,0,1,1,0,2
branch:log:mbpp/300#7:large#1,log:mbpp/300#7,mbpp/300,mbpp,large,1,395,345153914,345154015,8c343c83afdc,1,2026-09-20T02:28:21Z,1,3,0,1,1,0,2
branch:log:mbpp/304#5:small#0,log:mbpp/304#5,mbpp/304,mbpp,small,0,396,212044933,212045034,8c343c83afdc,1,2026-09-20T02:28:32Z,1,3,0,1,1,0,2
branch:log:mbpp/304#5:small#1,log:mbpp/304#5,mbpp/304,mbpp,small,1,397,1359904047,1359904148,8c343c83afdc,1,2026-09-20T02:28:37Z,1,3,0,1,1,0,2
branch:log:mbpp/304#5:large#0,log:mbpp/304#5,mbpp/304,mbpp,large,0,398,1942231223,1942231324,8c343c83afdc,1,2026-09-20T02:28:37Z,1,3,0,1,1,0,2
branch:log:mbpp/304#5:large#1,log:mbpp/304#5,mbpp/304,mbpp,large,1,399,1862602404,1862602505,8c343c83afdc,1,2026-09-20T02:28:42Z,1,3,0,1,1,0,2
branch:log:mbpp/304#6:small#0,log:mbpp/304#6,mbpp/304,mbpp,small,0,400,2120432782,2120432883,8c343c83afdc,1,2026-09-20T02:28:42Z,1,3,0,1,1,0,2
branch:log:mbpp/304#6:small#1,log:mbpp/304#6,mbpp/304,mbpp,small,1,401,393037418,393037519,8c343c83afdc,1,2026-09-20T02:28:48Z,1,3,0,1,1,0,2
branch:log:mbpp/304#6:large#0,log:mbpp/304#6,mbpp/304,mbpp,large,0,402,1991076360,1991076461,8c343c83afdc,1,2026-09-20T02:28:56Z,1,2,0,1,1,0,1
branch:log:mbpp/304#6:large#1,log:mbpp/304#6,mbpp/304,mbpp,large,1,403,1568678631,1568678732,8c343c83afdc,1,2026-09-20T02:28:56Z,1,2,0,1,1,0,1
branch:log:mbpp/304#7:small#0,log:mbpp/304#7,mbpp/304,mbpp,small,0,404,79393896,79393997,8c343c83afdc,1,2026-09-20T02:28:57Z,1,3,0,1,1,0,2
branch:log:mbpp/304#7:small#1,log:mbpp/304#7,mbpp/304,mbpp,small,1,405,377579779,377579880,8c343c83afdc,1,2026-09-20T02:29:02Z,1,3,0,1,1,0,2
branch:log:mbpp/304#7:large#0,log:mbpp/304#7,mbpp/304,mbpp,large,0,406,1002205904,1002206005,8c343c83afdc,1,2026-09-20T02:29:05Z,1,3,0,1,1,0,2
branch:log:mbpp/304#7:large#1,log:mbpp/304#7,mbpp/304,mbpp,large,1,407,1799141499,1799141600,8c343c83afdc,1,2026-09-20T02:29:10Z,1,3,0,1,1,0,2
branch:log:mbpp/308#4:small#0,log:mbpp/308#4,mbpp/308,mbpp,small,0,408,1439196436,1439196537,8c343c83afdc,1,2026-09-20T02:29:10Z,1,3,0,1,1,0,2
branch:log:mbpp/308#4:small#1,log:mbpp/308#4,mbpp/308,mbpp,small,1,409,1938326,1938427,8c343c83afdc,1,2026-09-20T02:29:12Z,1,3,0,1,1,0,2
branch:log:mbpp/308#4:large#0,log:mbpp/308#4,mbpp/308,mbpp,large,0,410,1831469997,1831470098,8c343c83afdc,1,2026-09-20T02:29:28Z,1,3,0,1,1,0,2
branch:log:mbpp/308#4:large#1,log:mbpp/308#4,mbpp/308,mbpp,large,1,411,494045575,494045676,8c343c83afdc,1,2026-09-20T02:29:30Z,1,3,0,1,1,0,2
branch:log:mbpp/388#1:small#0,log:mbpp/388#1,mbpp/388,mbpp,small,0,412,820926797,820926898,8c343c83afdc,1,2026-09-20T02:29:33Z,1,3,0,1,1,0,2
branch:log:mbpp/388#1:small#1,log:mbpp/388#1,mbpp/388,mbpp,small,1,413,362411946,362412047,8c343c83afdc,1,2026-09-20T02:29:34Z,1,3,0,1,1,0,2
branch:log:mbpp/388#1:large#0,log:mbpp/388#1,mbpp/388,mbpp,large,0,414,1825940999,1825941100,8c343c83afdc,1,2026-09-20T02:29:40Z,1,3,0,1,1,0,2
branch:log:mbpp/388#1:large#1,log:mbpp/388#1,mbpp/388,mbpp,large,1,415,171512002,171512103,8c343c83afdc,1,2026-09-20T02:29:41Z,1,3,1,1,1,0,2
branch:log:mbpp/388#5:small#0,log:mbpp/388#5,mbpp/388,mbpp,small,0,416,6938481,6938582,8c343c83afdc,1,2026-09-20T02:29:51Z,1,2,1,1,1,0,1
branch:log:mbpp/388#5:small#1,log:mbpp/388#5,mbpp/388,mbpp,small,1,417,1375905592,1375905693,8c343c83afdc,1,2026-09-20T02:29:54Z,1,3,0,1,1,0,2
branch:log:mbpp/388#5:large#0,log:mbpp/388#5,mbpp/388,mbpp,large,0,418,1552203748,1552203849,8c343c83afdc,1,2026-09-20T02:29:59Z,1,2,1,1,1,0,1
branch:log:mbpp/388#5:large#1,log:mbpp/388#5,mbpp/388,mbpp,large,1,419,1003954412,1003954513,8c343c83afdc,1,2026-09-20T02:29:59Z,1,2,1,1,1,0,1
branch:log:mbpp/388#7:small#0,log:mbpp/388#7,mbpp/388,mbpp,small,0,420,920795474,920795575,8c343c83afdc,1,2026-09-20T02:30:04Z,1,3,0,1,1,0,2
branch:log:mbpp/388#7:small#1,log:mbpp/388#7,mbpp/388,mbpp,small,1,421,1550947707,1550947808,8c343c83afdc,1,2026-09-20T02:30:05Z,1,3,0,1,1,0,2
branch:log:mbpp/388#7:large#0,log:mbpp/388#7,mbpp/388,mbpp,large,0,422,1368322525,1368322626,8c343c83afdc,1,2026-09-20T02:30:09Z,1,2,1,1,1,0,1
branch:log:mbpp/388#7:large#1,log:mbpp/388#7,mbpp/388,mbpp,large,1,423,531911197,531911298,8c343c83afdc,1,2026-09-20T02:30:09Z,1,2,1,1,1,0,1
branch:log:mbpp/392#6:small#0,log:mbpp/392#6,mbpp/392,mbpp,small,0,424,1347661140,1347661241,8c343c83afdc,1,2026-09-20T02:30:09Z,1,3,0,1,1,0,2
branch:log:mbpp/392#6:small#1,log:mbpp/392#6,mbpp/392,mbpp,small,1,425,1991573645,1991573746,8c343c83afdc,1,2026-09-20T02:30:16Z,1,3,0,1,1,0,2
branch:log:mbpp/392#6:large#0,log:mbpp/392#6,mbpp/392,mbpp,large,0,426,2011841878,2011841979,8c343c83afdc,1,2026-09-20T02:30:17Z,1,3,0,1,1,0,2
branch:log:mbpp/392#6:large#1,log:mbpp/392#6,mbpp/392,mbpp,large,1,427,1896745323,1896745424,8c343c83afdc,1,2026-09-20T02:30:17Z,1,2,0,1,1,0,1
branch:log:mbpp/392#7:small#0,log:mbpp/392#7,mbpp/392,mbpp,small,0,428,1842423917,1842424018,8c343c83afdc,1,2026-09-20T02:30:24Z,1,2,1,1,1,0,1
branch:log:mbpp/392#7:small#1,log:mbpp/392#7,mbpp/392,mbpp,small,1,429,1546168975,1546169076,8c343c83afdc,1,2026-09-20T02:30:27Z,1,2,1,1,1,0,1
branch:log:mbpp/392#7:large#0,log:mbpp/392#7,mbpp/392,mbpp,large,0,430,1955480617,1955480718,8c343c83afdc,1,2026-09-20T02:30:31Z,1,3,0,1,1,0,2
branch:log:mbpp/392#7:large#1,log:mbpp/392#7,mbpp/392,mbpp,large,1,431,879992744,879992845,8c343c83afdc,1,2026-09-20T02:30:32Z,1,3,0,1,1,0,2
branch:log:mbpp/420#2:small#0,log:mbpp/420#2,mbpp/420,mbpp,small,0,432,689505977,689506078,8c343c83afdc,1,2026-09-20T02:30:38Z,1,3,0,1,1,0,2
branch:log:mbpp/420#2:small#1,log:mbpp/420#2,mbpp/420,mbpp,small,1,433,1185867431,1185867532,8c343c83afdc,1,2026-09-20T02:30:39Z,1,3,0,1,1,0,2
branch:log:mbpp/420#2:large#0,log:mbpp/420#2,mbpp/420,mbpp,large,0,434,31380000,31380101,8c343c83afdc,1,2026-09-20T02:30:42Z,1,3,0,1,1,0,2
branch:log:mbpp/420#2:large#1,log:mbpp/420#2,mbpp/420,mbpp,large,1,435,1604880922,1604881023,8c343c83afdc,1,2026-09-20T02:30:42Z,1,3,0,1,1,0,2
branch:log:mbpp/420#4:small#0,log:mbpp/420#4,mbpp/420,mbpp,small,0,436,124416442,124416543,8c343c83afdc,1,2026-09-20T02:30:47Z,1,3,0,1,1,0,2
branch:log:mbpp/420#4:small#1,log:mbpp/420#4,mbpp/420,mbpp,small,1,437,1505096860,1505096961,8c343c83afdc,1,2026-09-20T02:30:49Z,1,3,0,1,1,0,2
branch:log:mbpp/420#4:large#0,log:mbpp/420#4,mbpp/420,mbpp,large,0,438,428614438,428614539,8c343c83afdc,1,2026-09-20T02:30:49Z,1,3,0,1,1,0,2
branch:log:mbpp/420#4:large#1,log:mbpp/420#4,mbpp/420,mbpp,large,1,439,652967223,652967324,8c343c83afdc,1,2026-09-20T02:30:52Z,1,2,1,1,1,0,1
branch:log:mbpp/428#0:small#0,log:mbpp/428#0,mbpp/428,mbpp,small,0,440,1516339895,1516339996,8c343c83afdc,1,2026-09-20T02:30:53Z,1,3,0,1,1,0,2
branch:log:mbpp/428#0:small#1,log:mbpp/428#0,mbpp/428,mbpp,small,1,441,253472720,253472821,8c343c83afdc,1,2026-09-20T02:30:54Z,1,3,0,1,1,0,2
branch:log:mbpp/428#0:large#0,log:mbpp/428#0,mbpp/428,mbpp,large,0,442,1619720051,1619720152,8c343c83afdc,1,2026-09-20T02:31:00Z,1,3,0,1,1,0,2
branch:log:mbpp/428#0:large#1,log:mbpp/428#0,mbpp/428,mbpp,large,1,443,25430488,25430589,8c343c83afdc,1,2026-09-20T02:31:04Z,1,3,0,1,1,0,2
branch:log:mbpp/428#5:small#0,log:mbpp/428#5,mbpp/428,mbpp,small,0,444,931740042,931740143,8c343c83afdc,1,2026-09-20T02:31:06Z,1,3,0,1,1,0,2
branch:log:mbpp/428#5:small#1,log:mbpp/428#5,mbpp/428,mbpp,small,1,445,1089078678,1089078779,8c343c83afdc,1,2026-09-20T02:31:14Z,1,3,0,1,1,0,2
branch:log:mbpp/428#5:large#0,log:mbpp/428#5,mbpp/428,mbpp,large,0,446,359784033,359784134,8c343c83afdc,1,2026-09-20T02:31:21Z,1,3,0,1,1,0,2
branch:log:mbpp/428#5:large#1,log:mbpp/428#5,mbpp/428,mbpp,large,1,447,1414447286,1414447387,8c343c83afdc,1,2026-09-20T02:31:22Z,1,3,0,1,1,0,2
branch:log:mbpp/429#2:small#0,log:mbpp/429#2,mbpp/429,mbpp,small,0,448,1875734828,1875734929,8c343c83afdc,1,2026-09-20T02:31:39Z,1,3,0,1,1,0,2
branch:log:mbpp/429#2:small#1,log:mbpp/429#2,mbpp/429,mbpp,small,1,449,40132358,40132459,8c343c83afdc,1,2026-09-20T02:31:43Z,1,2,1,1,1,0,1
branch:log:mbpp/429#2:large#0,log:mbpp/429#2,mbpp/429,mbpp,large,0,450,1586115432,1586115533,8c343c83afdc,1,2026-09-20T02:31:45Z,1,2,1,1,1,0,1
branch:log:mbpp/429#2:large#1,log:mbpp/429#2,mbpp/429,mbpp,large,1,451,1775868363,1775868464,8c343c83afdc,1,2026-09-20T02:31:46Z,1,2,1,1,1,0,1
branch:log:mbpp/429#5:small#0,log:mbpp/429#5,mbpp/429,mbpp,small,0,452,705260009,705260110,8c343c83afdc,1,2026-09-20T02:31:49Z,1,3,0,1,1,0,2
branch:log:mbpp/429#5:small#1,log:mbpp/429#5,mbpp/429,mbpp,small,1,453,601381432,601381533,8c343c83afdc,1,2026-09-20T02:31:53Z,1,3,1,1,1,0,2
branch:log:mbpp/429#5:large#0,log:mbpp/429#5,mbpp/429,mbpp,large,0,454,868229295,868229396,8c343c83afdc,1,2026-09-20T02:31:53Z,1,2,1,1,1,0,1
branch:log:mbpp/429#5:large#1,log:mbpp/429#5,mbpp/429,mbpp,large,1,455,364097355,364097456,8c343c83afdc,1,2026-09-20T02:31:54Z,1,2,1,1,1,0,1
branch:log:mbpp/429#6:small#0,log:mbpp/429#6,mbpp/429,mbpp,small,0,456,2085875338,2085875439,8c343c83afdc,1,2026-09-20T02:32:00Z,1,3,0,1,1,0,2
branch:log:mbpp/429#6:small#1,log:mbpp/429#6,mbpp/429,mbpp,small,1,457,952641107,952641208,8c343c83afdc,1,2026-09-20T02:32:02Z,1,3,1,1,1,0,2
branch:log:mbpp/429#6:large#0,log:mbpp/429#6,mbpp/429,mbpp,large,0,458,1098644833,1098644934,8c343c83afdc,1,2026-09-20T02:32:06Z,1,2,1,1,1,0,1
branch:log:mbpp/429#6:large#1,log:mbpp/429#6,mbpp/429,mbpp,large,1,459,957125021,957125122,8c343c83afdc,1,2026-09-20T02:32:07Z,1,2,1,1,1,0,1
branch:log:mbpp/450#2:small#0,log:mbpp/450#2,mbpp/450,mbpp,small,0,460,1096274983,1096275084,8c343c83afdc,1,2026-09-20T02:32:11Z,1,3,0,1,1,0,2
branch:log:mbpp/450#2:small#1,log:mbpp/450#2,mbpp/450,mbpp,small,1,461,1665251837,1665251938,8c343c83afdc,1,2026-09-20T02:32:12Z,1,3,0,1,1,0,2
branch:log:mbpp/450#2:large#0,log:mbpp/450#2,mbpp/450,mbpp,large,0,462,882469500,882469601,8c343c83afdc,1,2026-09-20T02:32:12Z,1,2,1,1,1,0,1
branch:log:mbpp/450#2:large#1,log:mbpp/450#2,mbpp/450,mbpp,large,1,463,1180116304,1180116405,8c343c83afdc,1,2026-09-20T02:32:14Z,1,2,1,1,1,0,1
branch:log:mbpp/453#0:small#0,log:mbpp/453#0,mbpp/453,mbpp,small,0,464,1817809244,1817809345,8c343c83afdc,1,2026-09-20T02:32:20Z,1,3,0,1,1,0,2
branch:log:mbpp/453#0:small#1,log:mbpp/453#0,mbpp/453,mbpp,small,1,465,1466138549,1466138650,8c343c83afdc,1,2026-09-20T02:32:20Z,1,3,0,1,1,0,2
branch:log:mbpp/453#0:large#0,log:mbpp/453#0,mbpp/453,mbpp,large,0,466,651098979,651099080,8c343c83afdc,1,2026-09-20T02:32:21Z,1,3,0,1,1,0,2
branch:log:mbpp/453#0:large#1,log:mbpp/453#0,mbpp/453,mbpp,large,1,467,1992211528,1992211629,8c343c83afdc,1,2026-09-20T02:32:23Z,1,3,0,1,1,0,2
branch:log:mbpp/453#7:small#0,log:mbpp/453#7,mbpp/453,mbpp,small,0,468,729667655,729667756,8c343c83afdc,1,2026-09-20T02:32:33Z,1,3,0,1,1,0,2
branch:log:mbpp/453#7:small#1,log:mbpp/453#7,mbpp/453,mbpp,small,1,469,265892279,265892380,8c343c83afdc,1,2026-09-20T02:32:33Z,1,3,0,1,1,0,2
branch:log:mbpp/453#7:large#0,log:mbpp/453#7,mbpp/453,mbpp,large,0,470,152703919,152704020,8c343c83afdc,1,2026-09-20T02:32:44Z,1,3,0,1,1,0,2
branch:log:mbpp/453#7:large#1,log:mbpp/453#7,mbpp/453,mbpp,large,1,471,1783838540,1783838641,8c343c83afdc,1,2026-09-20T02:32:50Z,1,3,0,1,1,0,2
branch:log:mbpp/461#0:small#0,log:mbpp/461#0,mbpp/461,mbpp,small,0,472,1503630703,1503630804,8c343c83afdc,1,2026-09-20T02:32:54Z,1,3,0,1,1,0,2
branch:log:mbpp/461#0:small#1,log:mbpp/461#0,mbpp/461,mbpp,small,1,473,497977345,497977446,8c343c83afdc,1,2026-09-20T02:32:55Z,1,3,0,1,1,0,2
branch:log:mbpp/461#0:large#0,log:mbpp/461#0,mbpp/461,mbpp,large,0,474,1388143511,1388143612,8c343c83afdc,1,2026-09-20T02:32:56Z,1,3,0,1,1,0,2
branch:log:mbpp/461#0:large#1,log:mbpp/461#0,mbpp/461,mbpp,large,1,475,1953846716,1953846817,8c343c83afdc,1,2026-09-20T02:32:57Z,1,3,0,1,1,0,2
branch:log:mbpp/461#1:small#0,log:mbpp/461#1,mbpp/461,mbpp,small,0,476,369892902,369893003,8c343c83afdc,1,2026-09-20T02:33:01Z,1,3,0,1,1,0,2
branch:log:mbpp/461#1:small#1,log:mbpp/461#1,mbpp/461,mbpp,small,1,477,74381901,74382002,8c343c83afdc,1,2026-09-20T02:33:01Z,1,3,0,1,1,0,2
branch:log:mbpp/461#1:large#0,log:mbpp/461#1,mbpp/461,mbpp,large,0,478,1968002785,1968002886,8c343c83afdc,1,2026-09-20T02:33:04Z,1,3,0,1,1,0,2
branch:log:mbpp/461#1:large#1,log:mbpp/461#1,mbpp/461,mbpp,large,1,479,667882547,667882648,8c343c83afdc,1,2026-09-20T02:33:04Z,1,3,0,1,1,0,2
branch:log:mbpp/461#6:small#0,log:mbpp/461#6,mbpp/461,mbpp,small,0,480,400464328,400464429,8c343c83afdc,1,2026-09-20T02:33:07Z,1,3,0,1,1,0,2
branch:log:mbpp/461#6:small#1,log:mbpp/461#6,mbpp/461,mbpp,small,1,481,319021441,319021542,8c343c83afdc,1,2026-09-20T02:33:08Z,1,3,0,1,1,0,2
branch:log:mbpp/461#6:large#0,log:mbpp/461#6,mbpp/461,mbpp,large,0,482,2039533690,2039533791,8c343c83afdc,1,2026-09-20T02:33:10Z,1,3,0,1,1,0,2
branch:log:mbpp/461#6:large#1,log:mbpp/461#6,mbpp/461,mbpp,large,1,483,1497111822,1497111923,8c343c83afdc,1,2026-09-20T02:33:10Z,1,3,0,1,1,0,2
branch:log:mbpp/472#0:small#0,log:mbpp/472#0,mbpp/472,mbpp,small,0,484,1950528974,1950529075,8c343c83afdc,1,2026-09-20T02:33:14Z,1,3,1,1,1,0,2
branch:log:mbpp/472#0:small#1,log:mbpp/472#0,mbpp/472,mbpp,small,1,485,1383745679,1383745780,8c343c83afdc,1,2026-09-20T02:33:14Z,1,3,0,1,1,0,2
branch:log:mbpp/472#0:large#0,log:mbpp/472#0,mbpp/472,mbpp,large,0,486,1600314435,1600314536,8c343c83afdc,1,2026-09-20T02:33:16Z,1,3,0,1,1,0,2
branch:log:mbpp/472#0:large#1,log:mbpp/472#0,mbpp/472,mbpp,large,1,487,427698326,427698427,8c343c83afdc,1,2026-09-20T02:33:18Z,1,3,0,1,1,0,2
branch:log:mbpp/562#1:small#0,log:mbpp/562#1,mbpp/562,mbpp,small,0,488,1607536741,1607536842,8c343c83afdc,1,2026-09-20T02:33:26Z,1,3,0,1,1,0,2
branch:log:mbpp/562#1:small#1,log:mbpp/562#1,mbpp/562,mbpp,small,1,489,276822758,276822859,8c343c83afdc,1,2026-09-20T02:33:26Z,1,2,1,1,1,0,1
branch:log:mbpp/562#1:large#0,log:mbpp/562#1,mbpp/562,mbpp,large,0,490,1459486555,1459486656,8c343c83afdc,1,2026-09-20T02:33:29Z,1,3,0,1,1,0,2
branch:log:mbpp/562#1:large#1,log:mbpp/562#1,mbpp/562,mbpp,large,1,491,1197829121,1197829222,8c343c83afdc,1,2026-09-20T02:33:32Z,1,3,0,1,1,0,2
branch:log:mbpp/562#3:small#0,log:mbpp/562#3,mbpp/562,mbpp,small,0,492,854797371,854797472,8c343c83afdc,1,2026-09-20T02:33:43Z,1,3,0,1,1,0,2
branch:log:mbpp/562#3:small#1,log:mbpp/562#3,mbpp/562,mbpp,small,1,493,538300999,538301100,8c343c83afdc,1,2026-09-20T02:33:43Z,1,3,0,1,1,0,2
branch:log:mbpp/562#3:large#0,log:mbpp/562#3,mbpp/562,mbpp,large,0,494,1062861516,1062861617,8c343c83afdc,1,2026-09-20T02:33:55Z,1,3,0,1,1,0,2
branch:log:mbpp/562#3:large#1,log:mbpp/562#3,mbpp/562,mbpp,large,1,495,2063774810,2063774911,8c343c83afdc,1,2026-09-20T02:33:55Z,1,3,0,1,1,0,2
branch:log:mbpp/564#4:small#0,log:mbpp/564#4,mbpp/564,mbpp,small,0,496,1923638606,1923638707,8c343c83afdc,1,2026-09-20T02:33:56Z,1,3,0,1,1,0,2
branch:log:mbpp/564#4:small#1,log:mbpp/564#4,mbpp/564,mbpp,small,1,497,1588738816,1588738917,8c343c83afdc,1,2026-09-20T02:34:00Z,1,3,0,1,1,0,2
branch:log:mbpp/564#4:large#0,log:mbpp/564#4,mbpp/564,mbpp,large,0,498,141644015,141644116,8c343c83afdc,1,2026-09-20T02:34:00Z,1,3,0,1,1,0,2
branch:log:mbpp/564#4:large#1,log:mbpp/564#4,mbpp/564,mbpp,large,1,499,37624781,37624882,8c343c83afdc,1,2026-09-20T02:34:07Z,1,3,0,1,1,0,2
branch:log:mbpp/57#1:small#0,log:mbpp/57#1,mbpp/57,mbpp,small,0,500,559929484,559929585,8c343c83afdc,1,2026-09-20T02:34:12Z,1,3,0,1,1,0,2
branch:log:mbpp/57#1:small#1,log:mbpp/57#1,mbpp/57,mbpp,small,1,501,150767928,150768029,8c343c83afdc,1,2026-09-20T02:34:17Z,1,2,1,1,1,0,1
branch:log:mbpp/57#1:large#0,log:mbpp/57#1,mbpp/57,mbpp,large,0,502,1113757782,1113757883,8c343c83afdc,1,2026-09-20T02:34:19Z,1,2,1,1,1,0,1
branch:log:mbpp/57#1:large#1,log:mbpp/57#1,mbpp/57,mbpp,large,1,503,2146337662,2146337763,8c343c83afdc,1,2026-09-20T02:34:22Z,1,3,0,1,1,0,2
branch:log:mbpp/57#3:small#0,log:mbpp/57#3,mbpp/57,mbpp,small,0,504,594405799,594405900,8c343c83afdc,1,2026-09-20T02:34:32Z,1,3,1,1,1,0,2
branch:log:mbpp/57#3:small#1,log:mbpp/57#3,mbpp/57,mbpp,small,1,505,1480414599,1480414700,8c343c83afdc,1,2026-09-20T02:34:34Z,1,3,1,1,1,0,2
branch:log:mbpp/57#3:large#0,log:mbpp/57#3,mbpp/57,mbpp,large,0,506,2057610228,2057610329,8c343c83afdc,1,2026-09-20T02:34:38Z,1,3,1,1,1,0,2
branch:log:mbpp/57#3:large#1,log:mbpp/57#3,mbpp/57,mbpp,large,1,507,847669771,847669872,8c343c83afdc,1,2026-09-20T02:34:40Z,1,3,1,1,1,0,2
branch:log:mbpp/572#0:small#0,log:mbpp/572#0,mbpp/572,mbpp,small,0,508,165464476,165464577,8c343c83afdc,1,2026-09-20T02:34:44Z,1,3,0,1,1,0,2
branch:log:mbpp/572#0:small#1,log:mbpp/572#0,mbpp/572,mbpp,small,1,509,1860497886,1860497987,8c343c83afdc,1,2026-09-20T02:34:47Z,1,3,0,1,1,0,2
branch:log:mbpp/572#0:large#0,log:mbpp/572#0,mbpp/572,mbpp,large,0,510,1168361781,1168361882,8c343c83afdc,1,2026-09-20T02:34:51Z,1,3,0,1,1,0,2
branch:log:mbpp/572#0:large#1,log:mbpp/572#0,mbpp/572,mbpp,large,1,511,708914379,708914480,8c343c83afdc,1,2026-09-20T02:34:55Z,1,3,0,1,1,0,2
branch:log:mbpp/572#1:small#0,log:mbpp/572#1,mbpp/572,mbpp,small,0,512,1731222333,1731222434,8c343c83afdc,1,2026-09-20T02:35:00Z,1,3,0,1,1,0,2
branch:log:mbpp/572#1:small#1,log:mbpp/572#1,mbpp/572,mbpp,small,1,513,83680665,83680766,8c343c83afdc,1,2026-09-20T02:35:02Z,1,3,0,1,1,0,2
branch:log:mbpp/572#1:large#0,log:mbpp/572#1,mbpp/572,mbpp,large,0,514,157624325,157624426,8c343c83afdc,1,2026-09-20T02:35:08Z,1,3,0,1,1,0,2
branch:log:mbpp/572#1:large#1,log:mbpp/572#1,mbpp/572,mbpp,large,1,515,874328997,874329098,8c343c83afdc,1,2026-09-20T02:35:09Z,1,3,0,1,1,0,2
branch:log:mbpp/572#3:small#0,log:mbpp/572#3,mbpp/572,mbpp,small,0,516,1034967386,1034967487,8c343c83afdc,1,2026-09-20T02:35:10Z,1,3,0,1,1,0,2
branch:log:mbpp/572#3:small#1,log:mbpp/572#3,mbpp/572,mbpp,small,1,517,980420827,980420928,8c343c83afdc,1,2026-09-20T02:35:11Z,1,3,0,1,1,0,2
branch:log:mbpp/572#3:large#0,log:mbpp/572#3,mbpp/572,mbpp,large,0,518,139158508,139158609,8c343c83afdc,1,2026-09-20T02:35:16Z,1,3,0,1,1,0,2
branch:log:mbpp/572#3:large#1,log:mbpp/572#3,mbpp/572,mbpp,large,1,519,1583955201,1583955302,8c343c83afdc,1,2026-09-20T02:35:16Z,1,3,0,1,1,0,2
branch:log:mbpp/573#2:small#0,log:mbpp/573#2,mbpp/573,mbpp,small,0,520,1712383041,1712383142,8c343c83afdc,1,2026-09-20T02:35:29Z,1,3,0,1,1,0,2
branch:log:mbpp/573#2:small#1,log:mbpp/573#2,mbpp/573,mbpp,small,1,521,1802331015,1802331116,8c343c83afdc,1,2026-09-20T02:35:33Z,1,3,0,1,1,0,2
branch:log:mbpp/573#2:large#0,log:mbpp/573#2,mbpp/573,mbpp,large,0,522,1097313521,1097313622,8c343c83afdc,1,2026-09-20T02:35:36Z,1,3,0,1,1,0,2
branch:log:mbpp/573#2:large#1,log:mbpp/573#2,mbpp/573,mbpp,large,1,523,1870980185,1870980286,8c343c83afdc,1,2026-09-20T02:35:40Z,1,3,0,1,1,0,2
branch:log:mbpp/589#7:small#0,log:mbpp/589#7,mbpp/589,mbpp,small,0,524,669733819,669733920,8c343c83afdc,1,2026-09-20T02:35:40Z,1,3,0,1,1,0,2
branch:log:mbpp/589#7:small#1,log:mbpp/589#7,mbpp/589,mbpp,small,1,525,1528670247,1528670348,8c343c83afdc,1,2026-09-20T02:35:44Z,1,3,0,1,1,0,2
branch:log:mbpp/589#7:large#0,log:mbpp/589#7,mbpp/589,mbpp,large,0,526,1851318308,1851318409,8c343c83afdc,1,2026-09-20T02:35:48Z,1,2,1,1,1,0,1
branch:log:mbpp/589#7:large#1,log:mbpp/589#7,mbpp/589,mbpp,large,1,527,1951233438,1951233539,8c343c83afdc,1,2026-09-20T02:35:49Z,1,2,1,1,1,0,1
branch:log:mbpp/59#0:small#0,log:mbpp/59#0,mbpp/59,mbpp,small,0,528,901996470,901996571,8c343c83afdc,1,2026-09-20T02:35:52Z,1,3,0,1,1,0,2
branch:log:mbpp/59#0:small#1,log:mbpp/59#0,mbpp/59,mbpp,small,1,529,1407323095,1407323196,8c343c83afdc,1,2026-09-20T02:35:53Z,1,3,0,1,1,0,2
branch:log:mbpp/59#0:large#0,log:mbpp/59#0,mbpp/59,mbpp,large,0,530,257109512,257109613,8c343c83afdc,1,2026-09-20T02:35:55Z,1,3,0,1,1,0,2
branch:log:mbpp/59#0:large#1,log:mbpp/59#0,mbpp/59,mbpp,large,1,531,1135362772,1135362873,8c343c83afdc,1,2026-09-20T02:35:57Z,1,3,0,1,1,0,2
branch:log:mbpp/59#1:small#0,log:mbpp/59#1,mbpp/59,mbpp,small,0,532,1533045776,1533045877,8c343c83afdc,1,2026-09-20T02:36:08Z,1,3,0,1,1,0,2
branch:log:mbpp/59#1:small#1,log:mbpp/59#1,mbpp/59,mbpp,small,1,533,857943680,857943781,8c343c83afdc,1,2026-09-20T02:36:08Z,1,3,0,1,1,0,2
branch:log:mbpp/59#1:large#0,log:mbpp/59#1,mbpp/59,mbpp,large,0,534,763500622,763500723,8c343c83afdc,1,2026-09-20T02:36:12Z,1,3,0,1,1,0,2
branch:log:mbpp/59#1:large#1,log:mbpp/59#1,mbpp/59,mbpp,large,1,535,1317918514,1317918615,8c343c83afdc,1,2026-09-20T02:36:12Z,1,3,0,1,1,0,2
branch:log:mbpp/59#2:small#0,log:mbpp/59#2,mbpp/59,mbpp,small,0,536,1726696772,1726696873,8c343c83afdc,1,2026-09-20T02:36:33Z,1,3,0,1,1,0,2
branch:log:mbpp/59#2:small#1,log:mbpp/59#2,mbpp/59,mbpp,small,1,537,1306870673,1306870774,8c343c83afdc,1,2026-09-20T02:36:34Z,1,3,0,1,1,0,2
branch:log:mbpp/59#2:large#0,log:mbpp/59#2,mbpp/59,mbpp,large,0,538,1937256645,1937256746,8c343c83afdc,1,2026-09-20T02:36:36Z,1,3,0,1,1,0,2
branch:log:mbpp/59#2:large#1,log:mbpp/59#2,mbpp/59,mbpp,large,1,539,1722781684,1722781785,8c343c83afdc,1,2026-09-20T02:36:40Z,1,3,0,1,1,0,2
branch:log:mbpp/591#3:small#0,log:mbpp/591#3,mbpp/591,mbpp,small,0,540,304404021,304404122,8c343c83afdc,1,2026-09-20T02:36:41Z,1,3,1,1,1,0,2
branch:log:mbpp/591#3:small#1,log:mbpp/591#3,mbpp/591,mbpp,small,1,541,291881985,291882086,8c343c83afdc,1,2026-09-20T02:36:42Z,1,3,1,1,1,0,2
branch:log:mbpp/591#3:large#0,log:mbpp/591#3,mbpp/591,mbpp,large,0,542,2086496652,2086496753,8c343c83afdc,1,2026-09-20T02:36:47Z,1,2,1,1,1,0,1
branch:log:mbpp/591#3:large#1,log:mbpp/591#3,mbpp/591,mbpp,large,1,543,934414912,934415013,8c343c83afdc,1,2026-09-20T02:36:48Z,1,2,1,1,1,0,1
branch:log:mbpp/591#4:small#0,log:mbpp/591#4,mbpp/591,mbpp,small,0,544,165604455,165604556,8c343c83afdc,1,2026-09-20T02:36:52Z,1,3,0,1,1,0,2
branch:log:mbpp/591#4:small#1,log:mbpp/591#4,mbpp/591,mbpp,small,1,545,2106403407,2106403508,8c343c83afdc,1,2026-09-20T02:36:52Z,1,3,0,1,1,0,2
branch:log:mbpp/591#4:large#0,log:mbpp/591#4,mbpp/591,mbpp,large,0,546,359619176,359619277,8c343c83afdc,1,2026-09-20T02:37:00Z,1,2,1,1,1,0,1
branch:log:mbpp/591#4:large#1,log:mbpp/591#4,mbpp/591,mbpp,large,1,547,584915147,584915248,8c343c83afdc,1,2026-09-20T02:37:00Z,1,2,1,1,1,0,1
branch:log:mbpp/596#4:small#0,log:mbpp/596#4,mbpp/596,mbpp,small,0,548,1478676557,1478676658,8c343c83afdc,1,2026-09-20T02:37:04Z,1,3,0,1,1,0,2
branch:log:mbpp/596#4:small#1,log:mbpp/596#4,mbpp/596,mbpp,small,1,549,591024890,591024991,8c343c83afdc,1,2026-09-20T02:37:05Z,1,3,0,1,1,0,2
branch:log:mbpp/596#4:large#0,log:mbpp/596#4,mbpp/596,mbpp,large,0,550,180550773,180550874,8c343c83afdc,1,2026-09-20T02:37:09Z,1,2,1,1,1,0,1
branch:log:mbpp/596#4:large#1,log:mbpp/596#4,mbpp/596,mbpp,large,1,551,1765167306,1765167407,8c343c83afdc,1,2026-09-20T02:37:10Z,1,2,0,1,1,0,1
branch:log:mbpp/597#0:small#0,log:mbpp/597#0,mbpp/597,mbpp,small,0,552,895223362,895223463,8c343c83afdc,1,2026-09-20T02:37:11Z,1,3,0,1,1,0,2
branch:log:mbpp/597#0:small#1,log:mbpp/597#0,mbpp/597,mbpp,small,1,553,1657618336,1657618437,8c343c83afdc,1,2026-09-20T02:37:13Z,1,3,0,1,1,0,2
branch:log:mbpp/597#0:large#0,log:mbpp/597#0,mbpp/597,mbpp,large,0,554,142336494,142336595,8c343c83afdc,1,2026-09-20T02:37:13Z,1,2,1,1,1,0,1
branch:log:mbpp/597#0:large#1,log:mbpp/597#0,mbpp/597,mbpp,large,1,555,946379379,946379480,8c343c83afdc,1,2026-09-20T02:37:16Z,1,2,1,1,1,0,1
branch:log:mbpp/597#1:small#0,log:mbpp/597#1,mbpp/597,mbpp,small,0,556,1457794263,1457794364,8c343c83afdc,1,2026-09-20T02:37:37Z,1,3,0,1,1,0,2
branch:log:mbpp/597#1:small#1,log:mbpp/597#1,mbpp/597,mbpp,small,1,557,226091330,226091431,8c343c83afdc,1,2026-09-20T02:37:40Z,1,3,0,1,1,0,2
branch:log:mbpp/597#1:large#0,log:mbpp/597#1,mbpp/597,mbpp,large,0,558,1124224632,1124224733,8c343c83afdc,1,2026-09-20T02:37:43Z,1,3,1,1,1,0,2
branch:log:mbpp/597#1:large#1,log:mbpp/597#1,mbpp/597,mbpp,large,1,559,696388968,696389069,8c343c83afdc,1,2026-09-20T02:37:43Z,1,2,1,1,1,0,1
branch:log:mbpp/597#2:small#0,log:mbpp/597#2,mbpp/597,mbpp,small,0,560,481092353,481092454,8c343c83afdc,1,2026-09-20T02:38:02Z,1,3,0,1,1,0,2
branch:log:mbpp/597#2:small#1,log:mbpp/597#2,mbpp/597,mbpp,small,1,561,633787049,633787150,8c343c83afdc,1,2026-09-20T02:38:06Z,1,3,0,1,1,0,2
branch:log:mbpp/597#2:large#0,log:mbpp/597#2,mbpp/597,mbpp,large,0,562,317527182,317527283,8c343c83afdc,1,2026-09-20T02:38:18Z,1,3,0,1,1,0,2
branch:log:mbpp/597#2:large#1,log:mbpp/597#2,mbpp/597,mbpp,large,1,563,1938615438,1938615539,8c343c83afdc,1,2026-09-20T02:38:30Z,1,3,0,1,1,0,2
branch:log:mbpp/597#6:small#0,log:mbpp/597#6,mbpp/597,mbpp,small,0,564,741171161,741171262,8c343c83afdc,1,2026-09-20T02:38:36Z,1,3,0,1,1,0,2
branch:log:mbpp/597#6:small#1,log:mbpp/597#6,mbpp/597,mbpp,small,1,565,1510834702,1510834803,8c343c83afdc,1,2026-09-20T02:38:52Z,1,3,0,1,1,0,2
branch:log:mbpp/597#6:large#0,log:mbpp/597#6,mbpp/597,mbpp,large,0,566,1465701355,1465701456,8c343c83afdc,1,2026-09-20T02:39:09Z,1,3,0,1,1,0,2
branch:log:mbpp/597#6:large#1,log:mbpp/597#6,mbpp/597,mbpp,large,1,567,790418162,790418263,8c343c83afdc,1,2026-09-20T02:39:10Z,1,3,0,1,1,0,2
branch:log:mbpp/597#7:small#0,log:mbpp/597#7,mbpp/597,mbpp,small,0,568,913314737,913314838,8c343c83afdc,1,2026-09-20T02:39:25Z,1,3,0,1,1,0,2
branch:log:mbpp/597#7:small#1,log:mbpp/597#7,mbpp/597,mbpp,small,1,569,512651026,512651127,8c343c83afdc,1,2026-09-20T02:39:35Z,1,3,0,1,1,0,2
branch:log:mbpp/597#7:large#0,log:mbpp/597#7,mbpp/597,mbpp,large,0,570,217825148,217825249,8c343c83afdc,1,2026-09-20T02:40:03Z,1,3,0,1,1,0,2
branch:log:mbpp/597#7:large#1,log:mbpp/597#7,mbpp/597,mbpp,large,1,571,1218356004,1218356105,8c343c83afdc,1,2026-09-20T02:40:05Z,1,3,0,1,1,0,2
branch:log:mbpp/604#3:small#0,log:mbpp/604#3,mbpp/604,mbpp,small,0,572,939258780,939258881,8c343c83afdc,1,2026-09-20T02:40:08Z,1,3,0,1,1,0,2
branch:log:mbpp/604#3:small#1,log:mbpp/604#3,mbpp/604,mbpp,small,1,573,1932066541,1932066642,8c343c83afdc,1,2026-09-20T02:40:10Z,1,3,0,1,1,0,2
branch:log:mbpp/604#3:large#0,log:mbpp/604#3,mbpp/604,mbpp,large,0,574,316310853,316310954,8c343c83afdc,1,2026-09-20T02:40:11Z,1,3,0,1,1,0,2
branch:log:mbpp/604#3:large#1,log:mbpp/604#3,mbpp/604,mbpp,large,1,575,1043278959,1043279060,8c343c83afdc,1,2026-09-20T02:40:11Z,1,3,0,1,1,0,2
branch:log:mbpp/608#5:small#0,log:mbpp/608#5,mbpp/608,mbpp,small,0,576,454463233,454463334,8c343c83afdc,1,2026-09-20T02:40:18Z,1,2,0,1,1,0,1
branch:log:mbpp/608#5:small#1,log:mbpp/608#5,mbpp/608,mbpp,small,1,577,1491713280,1491713381,8c343c83afdc,1,2026-09-20T02:40:23Z,1,2,0,1,1,0,1
branch:log:mbpp/608#5:large#0,log:mbpp/608#5,mbpp/608,mbpp,large,0,578,163961323,163961424,8c343c83afdc,1,2026-09-20T02:40:26Z,1,2,0,1,1,0,1
branch:log:mbpp/608#5:large#1,log:mbpp/608#5,mbpp/608,mbpp,large,1,579,291455531,291455632,8c343c83afdc,1,2026-09-20T02:40:29Z,1,2,0,1,1,0,1
branch:log:mbpp/610#5:small#0,log:mbpp/610#5,mbpp/610,mbpp,small,0,580,1756236345,1756236446,8c343c83afdc,1,2026-09-20T02:40:40Z,1,3,0,1,1,0,2
branch:log:mbpp/610#5:small#1,log:mbpp/610#5,mbpp/610,mbpp,small,1,581,402734900,402735001,8c343c83afdc,1,2026-09-20T02:40:43Z,1,3,0,1,1,0,2
branch:log:mbpp/610#5:large#0,log:mbpp/610#5,mbpp/610,mbpp,large,0,582,914086285,914086386,8c343c83afdc,1,2026-09-20T02:40:45Z,1,3,0,1,1,0,2
branch:log:mbpp/610#5:large#1,log:mbpp/610#5,mbpp/610,mbpp,large,1,583,220669898,220669999,8c343c83afdc,1,2026-09-20T02:40:48Z,1,3,0,1,1,0,2
branch:log:mbpp/622#3:small#0,log:mbpp/622#3,mbpp/622,mbpp,small,0,584,420973978,420974079,8c343c83afdc,1,2026-09-20T02:41:04Z,1,3,0,1,1,0,2
branch:log:mbpp/622#3:small#1,log:mbpp/622#3,mbpp/622,mbpp,small,1,585,906970000,906970101,8c343c83afdc,1,2026-09-20T02:41:06Z,1,3,0,1,1,0,2
branch:log:mbpp/622#3:large#0,log:mbpp/622#3,mbpp/622,mbpp,large,0,586,534389034,534389135,8c343c83afdc,1,2026-09-20T02:41:11Z,1,3,0,1,1,0,2
branch:log:mbpp/622#3:large#1,log:mbpp/622#3,mbpp/622,mbpp,large,1,587,2058769455,2058769556,8c343c83afdc,1,2026-09-20T02:41:14Z,1,3,0,1,1,0,2
branch:log:mbpp/622#4:small#0,log:mbpp/622#4,mbpp/622,mbpp,small,0,588,1639415362,1639415463,8c343c83afdc,1,2026-09-20T02:41:10Z,1,3,0,1,1,0,2
branch:log:mbpp/622#4:small#1,log:mbpp/622#4,mbpp/622,mbpp,small,1,589,585850194,585850295,8c343c83afdc,1,2026-09-20T02:41:15Z,1,3,0,1,1,0,2
branch:log:mbpp/622#4:large#0,log:mbpp/622#4,mbpp/622,mbpp,large,0,590,2100284311,2100284412,8c343c83afdc,1,2026-09-20T02:41:24Z,1,3,0,1,1,0,2
branch:log:mbpp/622#4:large#1,log:mbpp/622#4,mbpp/622,mbpp,large,1,591,1957545443,1957545544,8c343c83afdc,1,2026-09-20T02:41:43Z,1,3,0,1,1,0,2
branch:log:mbpp/622#5:small#0,log:mbpp/622#5,mbpp/622,mbpp,small,0,592,857042018,857042119,8c343c83afdc,1,2026-09-20T02:41:53Z,1,3,0,1,1,0,2
branch:log:mbpp/622#5:small#1,log:mbpp/622#5,mbpp/622,mbpp,small,1,593,758182588,758182689,8c343c83afdc,1,2026-09-20T02:42:02Z,1,3,0,1,1,0,2
branch:log:mbpp/622#5:large#0,log:mbpp/622#5,mbpp/622,mbpp,large,0,594,1339039394,1339039495,8c343c83afdc,1,2026-09-20T02:42:09Z,1,3,0,1,1,0,2
branch:log:mbpp/622#5:large#1,log:mbpp/622#5,mbpp/622,mbpp,large,1,595,57248598,57248699,8c343c83afdc,1,2026-09-20T02:42:09Z,1,3,0,1,1,0,2
branch:log:mbpp/63#5:small#0,log:mbpp/63#5,mbpp/63,mbpp,small,0,596,1710465947,1710466048,8c343c83afdc,1,2026-09-20T02:42:24Z,1,2,0,1,1,0,1
branch:log:mbpp/63#5:small#1,log:mbpp/63#5,mbpp/63,mbpp,small,1,597,2080148956,2080149057,8c343c83afdc,1,2026-09-20T02:42:27Z,1,2,0,1,1,0,1
branch:log:mbpp/63#5:large#0,log:mbpp/63#5,mbpp/63,mbpp,large,0,598,765321487,765321588,8c343c83afdc,1,2026-09-20T02:42:29Z,1,2,0,1,1,0,1
branch:log:mbpp/63#5:large#1,log:mbpp/63#5,mbpp/63,mbpp,large,1,599,2138725536,2138725637,8c343c83afdc,1,2026-09-20T02:42:29Z,1,2,0,1,1,0,1
branch:log:mbpp/641#2:small#0,log:mbpp/641#2,mbpp/641,mbpp,small,0,600,2000423051,2000423152,8c343c83afdc,1,2026-09-20T02:42:31Z,1,3,0,1,1,0,2
branch:log:mbpp/641#2:small#1,log:mbpp/641#2,mbpp/641,mbpp,small,1,601,981379685,981379786,8c343c83afdc,1,2026-09-20T02:42:36Z,1,2,0,1,1,0,1
branch:log:mbpp/641#2:large#0,log:mbpp/641#2,mbpp/641,mbpp,large,0,602,257797363,257797464,8c343c83afdc,1,2026-09-20T02:42:38Z,1,3,0,1,1,0,2
branch:log:mbpp/641#2:large#1,log:mbpp/641#2,mbpp/641,mbpp,large,1,603,114213799,114213900,8c343c83afdc,1,2026-09-20T02:42:39Z,1,3,0,1,1,0,2
branch:log:mbpp/641#3:small#0,log:mbpp/641#3,mbpp/641,mbpp,small,0,604,1101735766,1101735867,8c343c83afdc,1,2026-09-20T02:42:39Z,1,3,0,1,1,0,2
branch:log:mbpp/641#3:small#1,log:mbpp/641#3,mbpp/641,mbpp,small,1,605,1164703385,1164703486,8c343c83afdc,1,2026-09-20T02:42:43Z,1,3,0,1,1,0,2
branch:log:mbpp/641#3:large#0,log:mbpp/641#3,mbpp/641,mbpp,large,0,606,364211300,364211401,8c343c83afdc,1,2026-09-20T02:42:45Z,1,3,0,1,1,0,2
branch:log:mbpp/641#3:large#1,log:mbpp/641#3,mbpp/641,mbpp,large,1,607,759593365,759593466,8c343c83afdc,1,2026-09-20T02:42:50Z,1,3,0,1,1,0,2
branch:log:mbpp/641#6:small#0,log:mbpp/641#6,mbpp/641,mbpp,small,0,608,417338207,417338308,8c343c83afdc,1,2026-09-20T02:42:58Z,1,3,1,1,1,0,2
branch:log:mbpp/641#6:small#1,log:mbpp/641#6,mbpp/641,mbpp,small,1,609,1478699662,1478699763,8c343c83afdc,1,2026-09-20T02:42:59Z,1,3,1,1,1,0,2
branch:log:mbpp/641#6:large#0,log:mbpp/641#6,mbpp/641,mbpp,large,0,610,1646363479,1646363580,8c343c83afdc,1,2026-09-20T02:43:00Z,1,3,1,1,1,0,2
branch:log:mbpp/641#6:large#1,log:mbpp/641#6,mbpp/641,mbpp,large,1,611,1656616055,1656616156,8c343c83afdc,1,2026-09-20T02:43:01Z,1,2,1,1,1,0,1
branch:log:mbpp/644#1:small#0,log:mbpp/644#1,mbpp/644,mbpp,small,0,612,1400125855,1400125956,8c343c83afdc,1,2026-09-20T02:43:06Z,1,3,0,1,1,0,2
branch:log:mbpp/644#1:small#1,log:mbpp/644#1,mbpp/644,mbpp,small,1,613,1574409992,1574410093,8c343c83afdc,1,2026-09-20T02:43:09Z,1,3,0,1,1,0,2
branch:log:mbpp/644#1:large#0,log:mbpp/644#1,mbpp/644,mbpp,large,0,614,159962853,159962954,8c343c83afdc,1,2026-09-20T02:43:10Z,1,3,0,1,1,0,2
branch:log:mbpp/644#1:large#1,log:mbpp/644#1,mbpp/644,mbpp,large,1,615,2105385208,2105385309,8c343c83afdc,1,2026-09-20T02:43:12Z,1,3,0,1,1,0,2
branch:log:mbpp/644#2:small#0,log:mbpp/644#2,mbpp/644,mbpp,small,0,616,931864177,931864278,8c343c83afdc,1,2026-09-20T02:43:14Z,1,3,0,1,1,0,2
branch:log:mbpp/644#2:small#1,log:mbpp/644#2,mbpp/644,mbpp,small,1,617,1874889082,1874889183,8c343c83afdc,1,2026-09-20T02:43:17Z,1,3,0,1,1,0,2
branch:log:mbpp/644#2:large#0,log:mbpp/644#2,mbpp/644,mbpp,large,0,618,570098601,570098702,8c343c83afdc,1,2026-09-20T02:43:20Z,1,3,0,1,1,0,2
branch:log:mbpp/644#2:large#1,log:mbpp/644#2,mbpp/644,mbpp,large,1,619,462318358,462318459,8c343c83afdc,1,2026-09-20T02:43:21Z,1,3,0,1,1,0,2
branch:log:mbpp/644#6:small#0,log:mbpp/644#6,mbpp/644,mbpp,small,0,620,1018394440,1018394541,8c343c83afdc,1,2026-09-20T02:43:22Z,1,3,0,1,1,0,2
branch:log:mbpp/644#6:small#1,log:mbpp/644#6,mbpp/644,mbpp,small,1,621,1908859182,1908859283,8c343c83afdc,1,2026-09-20T02:43:26Z,1,3,0,1,1,0,2
branch:log:mbpp/644#6:large#0,log:mbpp/644#6,mbpp/644,mbpp,large,0,622,1811005602,1811005703,8c343c83afdc,1,2026-09-20T02:43:29Z,1,2,1,1,1,0,1
branch:log:mbpp/644#6:large#1,log:mbpp/644#6,mbpp/644,mbpp,large,1,623,1306736289,1306736390,8c343c83afdc,1,2026-09-20T02:43:33Z,1,2,1,1,1,0,1
branch:log:mbpp/71#3:small#0,log:mbpp/71#3,mbpp/71,mbpp,small,0,624,565730343,565730444,8c343c83afdc,1,2026-09-20T02:43:37Z,1,3,0,1,1,0,2
branch:log:mbpp/71#3:small#1,log:mbpp/71#3,mbpp/71,mbpp,small,1,625,2084328427,2084328528,8c343c83afdc,1,2026-09-20T02:43:40Z,1,3,0,1,1,0,2
branch:log:mbpp/71#3:large#0,log:mbpp/71#3,mbpp/71,mbpp,large,0,626,608350377,608350478,8c343c83afdc,1,2026-09-20T02:43:50Z,1,3,0,1,1,0,2
branch:log:mbpp/71#3:large#1,log:mbpp/71#3,mbpp/71,mbpp,large,1,627,2116983718,2116983819,8c343c83afdc,1,2026-09-20T02:43:52Z,1,3,0,1,1,0,2
branch:log:mbpp/71#4:small#0,log:mbpp/71#4,mbpp/71,mbpp,small,0,628,1990064813,1990064914,8c343c83afdc,1,2026-09-20T02:44:00Z,1,3,0,1,1,0,2
branch:log:mbpp/71#4:small#1,log:mbpp/71#4,mbpp/71,mbpp,small,1,629,1424518343,1424518444,8c343c83afdc,1,2026-09-20T02:44:00Z,1,3,0,1,1,0,2
branch:log:mbpp/71#4:large#0,log:mbpp/71#4,mbpp/71,mbpp,large,0,630,1980960619,1980960720,8c343c83afdc,1,2026-09-20T02:44:17Z,1,3,0,1,1,0,2
branch:log:mbpp/71#4:large#1,log:mbpp/71#4,mbpp/71,mbpp,large,1,631,1582682219,1582682320,8c343c83afdc,1,2026-09-20T02:44:18Z,1,3,0,1,1,0,2
branch:log:mbpp/71#7:small#0,log:mbpp/71#7,mbpp/71,mbpp,small,0,632,430021639,430021740,8c343c83afdc,1,2026-09-20T02:44:23Z,1,2,1,1,1,0,1
branch:log:mbpp/71#7:small#1,log:mbpp/71#7,mbpp/71,mbpp,small,1,633,1254376522,1254376623,8c343c83afdc,1,2026-09-20T02:44:36Z,1,3,0,1,1,0,2
branch:log:mbpp/71#7:large#0,log:mbpp/71#7,mbpp/71,mbpp,large,0,634,1087269140,1087269241,8c343c83afdc,1,2026-09-20T02:44:37Z,1,3,0,1,1,0,2
branch:log:mbpp/71#7:large#1,log:mbpp/71#7,mbpp/71,mbpp,large,1,635,2000374751,2000374852,8c343c83afdc,1,2026-09-20T02:44:45Z,1,3,0,1,1,0,2
branch:log:mbpp/72#1:small#0,log:mbpp/72#1,mbpp/72,mbpp,small,0,636,614756028,614756129,8c343c83afdc,1,2026-09-20T02:45:10Z,1,3,0,1,1,0,2
branch:log:mbpp/72#1:small#1,log:mbpp/72#1,mbpp/72,mbpp,small,1,637,490516501,490516602,8c343c83afdc,1,2026-09-20T02:45:13Z,1,3,0,1,1,0,2
branch:log:mbpp/72#1:large#0,log:mbpp/72#1,mbpp/72,mbpp,large,0,638,1842703260,1842703361,8c343c83afdc,1,2026-09-20T02:45:14Z,1,3,0,1,1,0,2
branch:log:mbpp/72#1:large#1,log:mbpp/72#1,mbpp/72,mbpp,large,1,639,88859758,88859859,8c343c83afdc,1,2026-09-20T02:45:15Z,1,3,0,1,1,0,2
branch:log:mbpp/72#5:small#0,log:mbpp/72#5,mbpp/72,mbpp,small,0,640,1788866305,1788866406,8c343c83afdc,1,2026-09-20T02:45:21Z,1,3,0,1,1,0,2
branch:log:mbpp/72#5:small#1,log:mbpp/72#5,mbpp/72,mbpp,small,1,641,1609371317,1609371418,8c343c83afdc,1,2026-09-20T02:45:22Z,1,3,0,1,1,0,2
branch:log:mbpp/72#5:large#0,log:mbpp/72#5,mbpp/72,mbpp,large,0,642,1558353965,1558354066,8c343c83afdc,1,2026-09-20T02:45:22Z,1,3,0,1,1,0,2
branch:log:mbpp/72#5:large#1,log:mbpp/72#5,mbpp/72,mbpp,large,1,643,1103448316,1103448417,8c343c83afdc,1,2026-09-20T02:45:25Z,1,3,0,1,1,0,2
branch:log:mbpp/721#3:small#0,log:mbpp/721#3,mbpp/721,mbpp,small,0,644,689788646,689788747,8c343c83afdc,1,2026-09-20T02:45:28Z,1,3,0,1,1,0,2
branch:log:mbpp/721#3:small#1,log:mbpp/721#3,mbpp/721,mbpp,small,1,645,1051114174,1051114275,8c343c83afdc,1,2026-09-20T02:45:29Z,1,3,0,1,1,0,2
branch:log:mbpp/721#3:large#0,log:mbpp/721#3,mbpp/721,mbpp,large,0,646,13461798,13461899,8c343c83afdc,1,2026-09-20T02:45:37Z,1,3,0,1,1,0,2
branch:log:mbpp/721#3:large#1,log:mbpp/721#3,mbpp/721,mbpp,large,1,647,1835486040,1835486141,8c343c83afdc,1,2026-09-20T02:45:40Z,1,3,0,1,1,0,2
branch:log:mbpp/721#6:small#0,log:mbpp/721#6,mbpp/721,mbpp,small,0,648,1924490680,1924490781,8c343c83afdc,1,2026-09-20T02:45:58Z,1,3,0,1,1,0,2
branch:log:mbpp/721#6:small#1,log:mbpp/721#6,mbpp/721,mbpp,small,1,649,707057023,707057124,8c343c83afdc,1,2026-09-20T02:46:05Z,1,3,0,1,1,0,2
branch:log:mbpp/721#6:large#0,log:mbpp/721#6,mbpp/721,mbpp,large,0,650,1178629047,1178629148,8c343c83afdc,1,2026-09-20T02:46:15Z,1,3,0,1,1,0,2
branch:log:mbpp/721#6:large#1,log:mbpp/721#6,mbpp/721,mbpp,large,1,651,955725781,955725882,8c343c83afdc,1,2026-09-20T02:46:27Z,1,3,0,1,1,0,2
branch:log:mbpp/721#7:small#0,log:mbpp/721#7,mbpp/721,mbpp,small,0,652,578042065,578042166,8c343c83afdc,1,2026-09-20T02:46:35Z,1,3,0,1,1,0,2
branch:log:mbpp/721#7:small#1,log:mbpp/721#7,mbpp/721,mbpp,small,1,653,1462449970,1462450071,8c343c83afdc,1,2026-09-20T02:46:48Z,1,3,0,1,1,0,2
branch:log:mbpp/721#7:large#0,log:mbpp/721#7,mbpp/721,mbpp,large,0,654,1864799501,1864799602,8c343c83afdc,1,2026-09-20T02:46:55Z,1,3,0,1,1,0,2
branch:log:mbpp/721#7:large#1,log:mbpp/721#7,mbpp/721,mbpp,large,1,655,199233715,199233816,8c343c83afdc,1,2026-09-20T02:47:08Z,1,3,0,1,1,0,2
branch:log:mbpp/722#5:small#0,log:mbpp/722#5,mbpp/722,mbpp,small,0,656,144001,144102,8c343c83afdc,1,2026-09-20T02:47:16Z,1,3,0,1,1,0,2
branch:log:mbpp/722#5:small#1,log:mbpp/722#5,mbpp/722,mbpp,small,1,657,514239958,514240059,8c343c83afdc,1,2026-09-20T02:47:19Z,1,3,0,1,1,0,2
branch:log:mbpp/722#5:large#0,log:mbpp/722#5,mbpp/722,mbpp,large,0,658,2065748314,2065748415,8c343c83afdc,1,2026-09-20T02:47:21Z,1,3,0,1,1,0,2
branch:log:mbpp/722#5:large#1,log:mbpp/722#5,mbpp/722,mbpp,large,1,659,895419039,895419140,8c343c83afdc,1,2026-09-20T02:47:24Z,1,3,0,1,1,0,2
branch:log:mbpp/734#1:small#0,log:mbpp/734#1,mbpp/734,mbpp,small,0,660,1811140115,1811140216,8c343c83afdc,1,2026-09-20T02:47:33Z,1,3,0,1,1,0,2
branch:log:mbpp/734#1:small#1,log:mbpp/734#1,mbpp/734,mbpp,small,1,661,1524202948,1524203049,8c343c83afdc,1,2026-09-20T02:47:35Z,1,3,0,1,1,0,2
branch:log:mbpp/734#1:large#0,log:mbpp/734#1,mbpp/734,mbpp,large,0,662,1882044620,1882044721,8c343c83afdc,1,2026-09-20T02:47:49Z,1,3,0,1,1,0,2
branch:log:mbpp/734#1:large#1,log:mbpp/734#1,mbpp/734,mbpp,large,1,663,894387399,894387500,8c343c83afdc,1,2026-09-20T02:47:51Z,1,3,0,1,1,0,2
branch:log:mbpp/74#2:small#0,log:mbpp/74#2,mbpp/74,mbpp,small,0,664,256766470,256766571,8c343c83afdc,1,2026-09-20T02:47:57Z,1,3,0,1,1,0,2
branch:log:mbpp/74#2:small#1,log:mbpp/74#2,mbpp/74,mbpp,small,1,665,471023908,471024009,8c343c83afdc,1,2026-09-20T02:47:57Z,1,3,0,1,1,0,2
branch:log:mbpp/74#2:large#0,log:mbpp/74#2,mbpp/74,mbpp,large,0,666,662391358,662391459,8c343c83afdc,1,2026-09-20T02:48:05Z,1,3,0,1,1,0,2
branch:log:mbpp/74#2:large#1,log:mbpp/74#2,mbpp/74,mbpp,large,1,667,2034855646,2034855747,8c343c83afdc,1,2026-09-20T02:48:07Z,1,3,0,1,1,0,2
branch:log:mbpp/74#3:small#0,log:mbpp/74#3,mbpp/74,mbpp,small,0,668,77149551,77149652,8c343c83afdc,1,2026-09-20T02:48:19Z,1,3,0,1,1,0,2
branch:log:mbpp/74#3:small#1,log:mbpp/74#3,mbpp/74,mbpp,small,1,669,1795708911,1795709012,8c343c83afdc,1,2026-09-20T02:48:28Z,1,3,0,1,1,0,2
branch:log:mbpp/74#3:large#0,log:mbpp/74#3,mbpp/74,mbpp,large,0,670,1061049219,1061049320,8c343c83afdc,1,2026-09-20T02:48:29Z,1,3,0,1,1,0,2
branch:log:mbpp/74#3:large#1,log:mbpp/74#3,mbpp/74,mbpp,large,1,671,2129735327,2129735428,8c343c83afdc,1,2026-09-20T02:48:39Z,1,3,0,1,1,0,2
branch:log:mbpp/741#0:small#0,log:mbpp/741#0,mbpp/741,mbpp,small,0,672,169656911,169657012,8c343c83afdc,1,2026-09-20T02:48:44Z,1,2,1,1,1,0,1
branch:log:mbpp/741#0:small#1,log:mbpp/741#0,mbpp/741,mbpp,small,1,673,2133616314,2133616415,8c343c83afdc,1,2026-09-20T02:48:45Z,1,2,1,1,1,0,1
branch:log:mbpp/741#0:large#0,log:mbpp/741#0,mbpp/741,mbpp,large,0,674,1933516436,1933516537,8c343c83afdc,1,2026-09-20T02:48:46Z,1,2,1,1,1,0,1
branch:log:mbpp/741#0:large#1,log:mbpp/741#0,mbpp/741,mbpp,large,1,675,5347651,5347752,8c343c83afdc,1,2026-09-20T02:48:47Z,1,2,1,1,1,0,1
branch:log:mbpp/741#1:small#0,log:mbpp/741#1,mbpp/741,mbpp,small,0,676,1091896852,1091896953,8c343c83afdc,1,2026-09-20T02:48:49Z,1,2,1,1,1,0,1
branch:log:mbpp/741#1:small#1,log:mbpp/741#1,mbpp/741,mbpp,small,1,677,319124653,319124754,8c343c83afdc,1,2026-09-20T02:48:50Z,1,2,1,1,1,0,1
branch:log:mbpp/741#1:large#0,log:mbpp/741#1,mbpp/741,mbpp,large,0,678,51997704,51997805,8c343c83afdc,1,2026-09-20T02:48:50Z,1,2,1,1,1,0,1
branch:log:mbpp/741#1:large#1,log:mbpp/741#1,mbpp/741,mbpp,large,1,679,1967901305,1967901406,8c343c83afdc,1,2026-09-20T02:48:52Z,1,2,1,1,1,0,1
branch:log:mbpp/741#3:small#0,log:mbpp/741#3,mbpp/741,mbpp,small,0,680,1258819496,1258819597,8c343c83afdc,1,2026-09-20T02:48:55Z,1,2,1,1,1,0,1
branch:log:mbpp/741#3:small#1,log:mbpp/741#3,mbpp/741,mbpp,small,1,681,958757234,958757335,8c343c83afdc,1,2026-09-20T02:48:56Z,1,2,1,1,1,0,1
branch:log:mbpp/741#3:large#0,log:mbpp/741#3,mbpp/741,mbpp,large,0,682,1611309364,1611309465,8c343c83afdc,1,2026-09-20T02:48:56Z,1,2,1,1,1,0,1
branch:log:mbpp/741#3:large#1,log:mbpp/741#3,mbpp/741,mbpp,large,1,683,414841936,414842037,8c343c83afdc,1,2026-09-20T02:48:58Z,1,2,1,1,1,0,1
branch:log:mbpp/741#5:small#0,log:mbpp/741#5,mbpp/741,mbpp,small,0,684,769726430,769726531,8c343c83afdc,1,2026-09-20T02:49:00Z,1,2,1,1,1,0,1
branch:log:mbpp/741#5:small#1,log:mbpp/741#5,mbpp/741,mbpp,small,1,685,321534449,321534550,8c343c83afdc,1,2026-09-20T02:49:02Z,1,2,1,1,1,0,1
branch:log:mbpp/741#5:large#0,log:mbpp/741#5,mbpp/741,mbpp,large,0,686,441027868,441027969,8c343c83afdc,1,2026-09-20T02:49:02Z,1,2,1,1,1,0,1
branch:log:mbpp/741#5:large#1,log:mbpp/741#5,mbpp/741,mbpp,large,1,687,608450051,608450152,8c343c83afdc,1,2026-09-20T02:49:03Z,1,2,1,1,1,0,1
branch:log:mbpp/746#4:small#0,log:mbpp/746#4,mbpp/746,mbpp,small,0,688,832110432,832110533,8c343c83afdc,1,2026-09-20T02:49:05Z,1,2,0,1,1,0,1
branch:log:mbpp/746#4:small#1,log:mbpp/746#4,mbpp/746,mbpp,small,1,689,670100089,670100190,8c343c83afdc,1,2026-09-20T02:49:06Z,1,2,0,1,1,0,1
branch:log:mbpp/746#4:large#0,log:mbpp/746#4,mbpp/746,mbpp,large,0,690,1724197450,1724197551,8c343c83afdc,1,2026-09-20T02:49:07Z,1,2,1,1,1,0,1
branch:log:mbpp/746#4:large#1,log:mbpp/746#4,mbpp/746,mbpp,large,1,691,1739767671,1739767772,8c343c83afdc,1,2026-09-20T02:49:08Z,1,2,1,1,1,0,1
branch:log:mbpp/746#5:small#0,log:mbpp/746#5,mbpp/746,mbpp,small,0,692,699642536,699642637,8c343c83afdc,1,2026-09-20T02:49:10Z,1,2,0,1,1,0,1
branch:log:mbpp/746#5:small#1,log:mbpp/746#5,mbpp/746,mbpp,small,1,693,1635192063,1635192164,8c343c83afdc,1,2026-09-20T02:49:11Z,1,2,0,1,1,0,1
branch:log:mbpp/746#5:large#0,log:mbpp/746#5,mbpp/746,mbpp,large,0,694,200719343,200719444,8c343c83afdc,1,2026-09-20T02:49:13Z,1,2,1,1,1,0,1
branch:log:mbpp/746#5:large#1,log:mbpp/746#5,mbpp/746,mbpp,large,1,695,87673135,87673236,8c343c83afdc,1,2026-09-20T02:49:14Z,1,2,1,1,1,0,1
branch:log:mbpp/750#1:small#0,log:mbpp/750#1,mbpp/750,mbpp,small,0,696,58580168,58580269,8c343c83afdc,1,2026-09-20T02:49:14Z,1,3,0,1,1,0,2
branch:log:mbpp/750#1:small#1,log:mbpp/750#1,mbpp/750,mbpp,small,1,697,863475712,863475813,8c343c83afdc,1,2026-09-20T02:49:14Z,1,3,0,1,1,0,2
branch:log:mbpp/750#1:large#0,log:mbpp/750#1,mbpp/750,mbpp,large,0,698,1412071073,1412071174,8c343c83afdc,1,2026-09-20T02:49:17Z,1,3,0,1,1,0,2
branch:log:mbpp/750#1:large#1,log:mbpp/750#1,mbpp/750,mbpp,large,1,699,2041742113,2041742214,8c343c83afdc,1,2026-09-20T02:49:17Z,1,3,0,1,1,0,2
branch:log:mbpp/750#3:small#0,log:mbpp/750#3,mbpp/750,mbpp,small,0,700,1770197184,1770197285,8c343c83afdc,1,2026-09-20T02:49:18Z,1,3,0,1,1,0,2
branch:log:mbpp/750#3:small#1,log:mbpp/750#3,mbpp/750,mbpp,small,1,701,1549703565,1549703666,8c343c83afdc,1,2026-09-20T02:49:19Z,1,3,0,1,1,0,2
branch:log:mbpp/750#3:large#0,log:mbpp/750#3,mbpp/750,mbpp,large,0,702,481839471,481839572,8c343c83afdc,1,2026-09-20T02:49:22Z,1,3,0,1,1,0,2
branch:log:mbpp/750#3:large#1,log:mbpp/750#3,mbpp/750,mbpp,large,1,703,1272641723,1272641824,8c343c83afdc,1,2026-09-20T02:49:23Z,1,3,0,1,1,0,2
branch:log:mbpp/750#7:small#0,log:mbpp/750#7,mbpp/750,mbpp,small,0,704,2076035930,2076036031,8c343c83afdc,1,2026-09-20T02:49:25Z,1,3,0,1,1,0,2
branch:log:mbpp/750#7:small#1,log:mbpp/750#7,mbpp/750,mbpp,small,1,705,153774723,153774824,8c343c83afdc,1,2026-09-20T02:49:25Z,1,3,0,1,1,0,2
branch:log:mbpp/750#7:large#0,log:mbpp/750#7,mbpp/750,mbpp,large,0,706,438201006,438201107,8c343c83afdc,1,2026-09-20T02:49:27Z,1,3,0,1,1,0,2
branch:log:mbpp/750#7:large#1,log:mbpp/750#7,mbpp/750,mbpp,large,1,707,1775411981,1775412082,8c343c83afdc,1,2026-09-20T02:49:28Z,1,3,0,1,1,0,2
branch:log:mbpp/751#0:small#0,log:mbpp/751#0,mbpp/751,mbpp,small,0,708,1868909837,1868909938,8c343c83afdc,1,2026-09-20T02:49:28Z,1,3,0,1,1,0,2
branch:log:mbpp/751#0:small#1,log:mbpp/751#0,mbpp/751,mbpp,small,1,709,1814878799,1814878900,8c343c83afdc,1,2026-09-20T02:49:28Z,1,3,0,1,1,0,2
branch:log:mbpp/751#0:large#0,log:mbpp/751#0,mbpp/751,mbpp,large,0,710,475358922,475359023,8c343c83afdc,1,2026-09-20T02:49:33Z,1,3,0,1,1,0,2
branch:log:mbpp/751#0:large#1,log:mbpp/751#0,mbpp/751,mbpp,large,1,711,1569607768,1569607869,8c343c83afdc,1,2026-09-20T02:49:33Z,1,3,0,1,1,0,2
branch:log:mbpp/751#1:small#0,log:mbpp/751#1,mbpp/751,mbpp,small,0,712,72611101,72611202,8c343c83afdc,1,2026-09-20T02:49:50Z,1,3,0,1,1,0,2
branch:log:mbpp/751#1:small#1,log:mbpp/751#1,mbpp/751,mbpp,small,1,713,1262068357,1262068458,8c343c83afdc,1,2026-09-20T02:49:51Z,1,3,0,1,1,0,2
branch:log:mbpp/751#1:large#0,log:mbpp/751#1,mbpp/751,mbpp,large,0,714,114360068,114360169,8c343c83afdc,1,2026-09-20T02:50:12Z,1,2,1,1,1,0,1
branch:log:mbpp/751#1:large#1,log:mbpp/751#1,mbpp/751,mbpp,large,1,715,801237993,801238094,8c343c83afdc,1,2026-09-20T02:50:14Z,1,2,1,1,1,0,1
branch:log:mbpp/751#2:small#0,log:mbpp/751#2,mbpp/751,mbpp,small,0,716,1906387567,1906387668,8c343c83afdc,1,2026-09-20T02:50:24Z,1,3,0,1,1,0,2
branch:log:mbpp/751#2:small#1,log:mbpp/751#2,mbpp/751,mbpp,small,1,717,69965482,69965583,8c343c83afdc,1,2026-09-20T02:50:38Z,1,3,0,1,1,0,2
branch:log:mbpp/751#2:large#0,log:mbpp/751#2,mbpp/751,mbpp,large,0,718,150778046,150778147,8c343c83afdc,1,2026-09-20T02:50:38Z,1,3,0,1,1,0,2
branch:log:mbpp/751#2:large#1,log:mbpp/751#2,mbpp/751,mbpp,large,1,719,1673424935,1673425036,8c343c83afdc,1,2026-09-20T02:50:40Z,1,3,1,1,1,0,2
branch:log:mbpp/752#0:small#0,log:mbpp/752#0,mbpp/752,mbpp,small,0,720,948877590,948877691,8c343c83afdc,1,2026-09-20T02:50:47Z,1,3,0,1,1,0,2
branch:log:mbpp/752#0:small#1,log:mbpp/752#0,mbpp/752,mbpp,small,1,721,156758088,156758189,8c343c83afdc,1,2026-09-20T02:51:00Z,1,3,0,1,1,0,2
branch:log:mbpp/752#0:large#0,log:mbpp/752#0,mbpp/752,mbpp,large,0,722,2136176499,2136176600,8c343c83afdc,1,2026-09-20T02:51:05Z,1,3,0,1,1,0,2
branch:log:mbpp/752#0:large#1,log:mbpp/752#0,mbpp/752,mbpp,large,1,723,1633538569,1633538670,8c343c83afdc,1,2026-09-20T02:51:09Z,1,3,0,1,1,0,2
branch:log:mbpp/752#1:small#0,log:mbpp/752#1,mbpp/752,mbpp,small,0,724,634558515,634558616,8c343c83afdc,1,2026-09-20T02:51:19Z,1,3,0,1,1,0,2
branch:log:mbpp/752#1:small#1,log:mbpp/752#1,mbpp/752,mbpp,small,1,725,1174701382,1174701483,8c343c83afdc,1,2026-09-20T02:51:25Z,1,3,0,1,1,0,2
branch:log:mbpp/752#1:large#0,log:mbpp/752#1,mbpp/752,mbpp,large,0,726,2081262103,2081262204,8c343c83afdc,1,2026-09-20T02:51:29Z,1,3,0,1,1,0,2
branch:log:mbpp/752#1:large#1,log:mbpp/752#1,mbpp/752,mbpp,large,1,727,1804296924,1804297025,8c343c83afdc,1,2026-09-20T02:51:31Z,1,3,0,1,1,0,2
branch:log:mbpp/752#2:small#0,log:mbpp/752#2,mbpp/752,mbpp,small,0,728,1858067568,1858067669,8c343c83afdc,1,2026-09-20T02:51:41Z,1,3,0,1,1,0,2
branch:log:mbpp/752#2:small#1,log:mbpp/752#2,mbpp/752,mbpp,small,1,729,687752993,687753094,8c343c83afdc,1,2026-09-20T02:51:42Z,1,3,0,1,1,0,2
branch:log:mbpp/752#2:large#0,log:mbpp/752#2,mbpp/752,mbpp,large,0,730,1327350730,1327350831,8c343c83afdc,1,2026-09-20T02:51:46Z,1,3,0,1,1,0,2
branch:log:mbpp/752#2:large#1,log:mbpp/752#2,mbpp/752,mbpp,large,1,731,654582107,654582208,8c343c83afdc,1,2026-09-20T02:51:47Z,1,3,0,1,1,0,2
branch:log:mbpp/752#5:small#0,log:mbpp/752#5,mbpp/752,mbpp,small,0,732,680474392,680474493,8c343c83afdc,1,2026-09-20T02:51:49Z,1,3,0,1,1,0,2
branch:log:mbpp/752#5:small#1,log:mbpp/752#5,mbpp/752,mbpp,small,1,733,584461221,584461322,8c343c83afdc,1,2026-09-20T02:51:50Z,1,3,0,1,1,0,2
branch:log:mbpp/752#5:large#0,log:mbpp/752#5,mbpp/752,mbpp,large,0,734,2041408754,2041408855,8c343c83afdc,1,2026-09-20T02:51:58Z,1,3,0,1,1,0,2
branch:log:mbpp/752#5:large#1,log:mbpp/752#5,mbpp/752,mbpp,large,1,735,2119783352,2119783453,8c343c83afdc,1,2026-09-20T02:51:59Z,1,3,0,1,1,0,2
branch:log:mbpp/752#6:small#0,log:mbpp/752#6,mbpp/752,mbpp,small,0,736,2127207726,2127207827,8c343c83afdc,1,2026-09-20T02:52:04Z,1,3,1,1,1,0,2
branch:log:mbpp/752#6:small#1,log:mbpp/752#6,mbpp/752,mbpp,small,1,737,1332851887,1332851988,8c343c83afdc,1,2026-09-20T02:52:07Z,1,3,0,1,1,0,2
branch:log:mbpp/752#6:large#0,log:mbpp/752#6,mbpp/752,mbpp,large,0,738,433604354,433604455,8c343c83afdc,1,2026-09-20T02:52:11Z,1,3,0,1,1,0,2
branch:log:mbpp/752#6:large#1,log:mbpp/752#6,mbpp/752,mbpp,large,1,739,1551396230,1551396331,8c343c83afdc,1,2026-09-20T02:52:13Z,1,3,0,1,1,0,2
branch:log:mbpp/752#7:small#0,log:mbpp/752#7,mbpp/752,mbpp,small,0,740,1377647686,1377647787,8c343c83afdc,1,2026-09-20T02:52:15Z,1,3,0,1,1,0,2
branch:log:mbpp/752#7:small#1,log:mbpp/752#7,mbpp/752,mbpp,small,1,741,1583853367,1583853468,8c343c83afdc,1,2026-09-20T02:52:16Z,1,3,0,1,1,0,2
branch:log:mbpp/752#7:large#0,log:mbpp/752#7,mbpp/752,mbpp,large,0,742,1398497395,1398497496,8c343c83afdc,1,2026-09-20T02:52:24Z,1,3,0,1,1,0,2
branch:log:mbpp/752#7:large#1,log:mbpp/752#7,mbpp/752,mbpp,large,1,743,1336440793,1336440894,8c343c83afdc,1,2026-09-20T02:52:25Z,1,3,0,1,1,0,2
branch:log:mbpp/754#2:small#0,log:mbpp/754#2,mbpp/754,mbpp,small,0,744,513766817,513766918,8c343c83afdc,1,2026-09-20T02:52:28Z,1,3,0,1,1,0,2
branch:log:mbpp/754#2:small#1,log:mbpp/754#2,mbpp/754,mbpp,small,1,745,537266579,537266680,8c343c83afdc,1,2026-09-20T02:52:30Z,1,3,0,1,1,0,2
branch:log:mbpp/754#2:large#0,log:mbpp/754#2,mbpp/754,mbpp,large,0,746,631930038,631930139,8c343c83afdc,1,2026-09-20T02:52:35Z,1,2,1,1,1,0,1
branch:log:mbpp/754#2:large#1,log:mbpp/754#2,mbpp/754,mbpp,large,1,747,1289025372,1289025473,8c343c83afdc,1,2026-09-20T02:52:37Z,1,2,0,1,1,0,1
branch:log:mbpp/757#1:small#0,log:mbpp/757#1,mbpp/757,mbpp,small,0,748,1696305223,1696305324,8c343c83afdc,1,2026-09-20T02:52:41Z,1,3,0,1,1,0,2
branch:log:mbpp/757#1:small#1,log:mbpp/757#1,mbpp/757,mbpp,small,1,749,1160858788,1160858889,8c343c83afdc,1,2026-09-20T02:52:41Z,1,3,0,1,1,0,2
branch:log:mbpp/757#1:large#0,log:mbpp/757#1,mbpp/757,mbpp,large,0,750,1855561770,1855561871,8c343c83afdc,1,2026-09-20T02:52:41Z,1,3,0,1,1,0,2
branch:log:mbpp/757#1:large#1,log:mbpp/757#1,mbpp/757,mbpp,large,1,751,2023455875,2023455976,8c343c83afdc,1,2026-09-20T02:52:44Z,1,3,0,1,1,0,2
branch:log:mbpp/77#5:small#0,log:mbpp/77#5,mbpp/77,mbpp,small,0,752,1239779562,1239779663,8c343c83afdc,1,2026-09-20T02:52:54Z,1,3,0,1,1,0,2
branch:log:mbpp/77#5:small#1,log:mbpp/77#5,mbpp/77,mbpp,small,1,753,1074611272,1074611373,8c343c83afdc,1,2026-09-20T02:52:59Z,1,3,0,1,1,0,2
branch:log:mbpp/77#5:large#0,log:mbpp/77#5,mbpp/77,mbpp,large,0,754,1428443692,1428443793,8c343c83afdc,1,2026-09-20T02:53:02Z,1,2,1,1,1,0,1
branch:log:mbpp/77#5:large#1,log:mbpp/77#5,mbpp/77,mbpp,large,1,755,2014022824,2014022925,8c343c83afdc,1,2026-09-20T02:53:09Z,1,2,1,1,1,0,1
branch:log:mbpp/77#7:small#0,log:mbpp/77#7,mbpp/77,mbpp,small,0,756,1257086293,1257086394,8c343c83afdc,1,2026-09-20T02:53:13Z,1,2,1,1,1,0,1
branch:log:mbpp/77#7:small#1,log:mbpp/77#7,mbpp/77,mbpp,small,1,757,480021640,480021741,8c343c83afdc,1,2026-09-20T02:53:16Z,1,2,1,1,1,0,1
branch:log:mbpp/77#7:large#0,log:mbpp/77#7,mbpp/77,mbpp,large,0,758,1774397956,1774398057,8c343c83afdc,1,2026-09-20T02:53:17Z,1,3,0,1,1,0,2
branch:log:mbpp/77#7:large#1,log:mbpp/77#7,mbpp/77,mbpp,large,1,759,800461035,800461136,8c343c83afdc,1,2026-09-20T02:53:20Z,1,3,0,1,1,0,2
branch:log:mbpp/788#1:small#0,log:mbpp/788#1,mbpp/788,mbpp,small,0,760,1271030326,1271030427,8c343c83afdc,1,2026-09-20T02:53:21Z,1,3,0,1,1,0,2
branch:log:mbpp/788#1:small#1,log:mbpp/788#1,mbpp/788,mbpp,small,1,761,233746062,233746163,8c343c83afdc,1,2026-09-20T02:53:25Z,1,3,0,1,1,0,2
branch:log:mbpp/788#1:large#0,log:mbpp/788#1,mbpp/788,mbpp,large,0,762,101440059,101440160,8c343c83afdc,1,2026-09-20T02:53:28Z,1,3,0,1,1,0,2
branch:log:mbpp/788#1:large#1,log:mbpp/788#1,mbpp/788,mbpp,large,1,763,2026295777,2026295878,8c343c83afdc,1,2026-09-20T02:53:31Z,1,3,0,1,1,0,2
branch:log:mbpp/800#4:small#0,log:mbpp/800#4,mbpp/800,mbpp,small,0,764,403460086,403460187,8c343c83afdc,1,2026-09-20T02:53:40Z,1,3,0,1,1,0,2
branch:log:mbpp/800#4:small#1,log:mbpp/800#4,mbpp/800,mbpp,small,1,765,552071600,552071701,8c343c83afdc,1,2026-09-20T02:53:41Z,1,3,1,1,1,0,2
branch:log:mbpp/800#4:large#0,log:mbpp/800#4,mbpp/800,mbpp,large,0,766,120827820,120827921,8c343c83afdc,1,2026-09-20T02:53:43Z,1,2,1,1,1,0,1
branch:log:mbpp/800#4:large#1,log:mbpp/800#4,mbpp/800,mbpp,large,1,767,675653754,675653855,8c343c83afdc,1,2026-09-20T02:53:43Z,1,2,1,1,1,0,1
branch:log:mbpp/802#0:small#0,log:mbpp/802#0,mbpp/802,mbpp,small,0,768,1720801400,1720801501,8c343c83afdc,1,2026-09-20T02:53:44Z,1,3,0,1,1,0,2
branch:log:mbpp/802#0:small#1,log:mbpp/802#0,mbpp/802,mbpp,small,1,769,810271316,810271417,8c343c83afdc,1,2026-09-20T02:53:45Z,1,3,0,1,1,0,2
branch:log:mbpp/802#0:large#0,log:mbpp/802#0,mbpp/802,mbpp,large,0,770,1895097731,1895097832,8c343c83afdc,1,2026-09-20T02:53:46Z,1,3,0,1,1,0,2
branch:log:mbpp/802#0:large#1,log:mbpp/802#0,mbpp/802,mbpp,large,1,771,496838646,496838747,8c343c83afdc,1,2026-09-20T02:53:52Z,1,3,0,1,1,0,2
branch:log:mbpp/802#4:small#0,log:mbpp/802#4,mbpp/802,mbpp,small,0,772,1776845022,1776845123,8c343c83afdc,1,2026-09-20T02:53:52Z,1,3,0,1,1,0,2
branch:log:mbpp/802#4:small#1,log:mbpp/802#4,mbpp/802,mbpp,small,1,773,77313757,77313858,8c343c83afdc,1,2026-09-20T02:53:55Z,1,3,0,1,1,0,2
branch:log:mbpp/802#4:large#0,log:mbpp/802#4,mbpp/802,mbpp,large,0,774,1136181362,1136181463,8c343c83afdc,1,2026-09-20T02:54:03Z,1,3,0,1,1,0,2
branch:log:mbpp/802#4:large#1,log:mbpp/802#4,mbpp/802,mbpp,large,1,775,644408405,644408506,8c343c83afdc,1,2026-09-20T02:54:05Z,1,3,0,1,1,0,2
branch:log:mbpp/802#7:small#0,log:mbpp/802#7,mbpp/802,mbpp,small,0,776,1547131941,1547132042,8c343c83afdc,1,2026-09-20T02:54:16Z,1,3,0,1,1,0,2
branch:log:mbpp/802#7:small#1,log:mbpp/802#7,mbpp/802,mbpp,small,1,777,654789310,654789411,8c343c83afdc,1,2026-09-20T02:54:17Z,1,3,0,1,1,0,2
branch:log:mbpp/802#7:large#0,log:mbpp/802#7,mbpp/802,mbpp,large,0,778,1639086513,1639086614,8c343c83afdc,1,2026-09-20T02:54:33Z,1,3,0,1,1,0,2
branch:log:mbpp/802#7:large#1,log:mbpp/802#7,mbpp/802,mbpp,large,1,779,1165042296,1165042397,8c343c83afdc,1,2026-09-20T02:54:34Z,1,3,0,1,1,0,2
branch:log:mbpp/805#6:small#0,log:mbpp/805#6,mbpp/805,mbpp,small,0,780,588703709,588703810,8c343c83afdc,1,2026-09-20T02:54:57Z,1,3,0,1,1,0,2
branch:log:mbpp/805#6:small#1,log:mbpp/805#6,mbpp/805,mbpp,small,1,781,198999261,198999362,8c343c83afdc,1,2026-09-20T02:54:57Z,1,3,0,1,1,0,2
branch:log:mbpp/805#6:large#0,log:mbpp/805#6,mbpp/805,mbpp,large,0,782,969428209,969428310,8c343c83afdc,1,2026-09-20T02:55:00Z,1,2,1,1,1,0,1
branch:log:mbpp/805#6:large#1,log:mbpp/805#6,mbpp/805,mbpp,large,1,783,152170099,152170200,8c343c83afdc,1,2026-09-20T02:55:03Z,1,2,1,1,1,0,1
branch:log:mbpp/85#1:small#0,log:mbpp/85#1,mbpp/85,mbpp,small,0,784,721309147,721309248,8c343c83afdc,1,2026-09-20T02:55:03Z,1,3,1,1,1,0,2
branch:log:mbpp/85#1:small#1,log:mbpp/85#1,mbpp/85,mbpp,small,1,785,205981523,205981624,8c343c83afdc,1,2026-09-20T02:55:04Z,1,3,1,1,1,0,2
branch:log:mbpp/85#1:large#0,log:mbpp/85#1,mbpp/85,mbpp,large,0,786,1745085446,1745085547,8c343c83afdc,1,2026-09-20T02:55:07Z,1,2,1,1,1,0,1
branch:log:mbpp/85#1:large#1,log:mbpp/85#1,mbpp/85,mbpp,large,1,787,412150982,412151083,8c343c83afdc,1,2026-09-20T02:55:08Z,1,2,1,1,1,0,1
branch:log:mbpp/89#4:small#0,log:mbpp/89#4,mbpp/89,mbpp,small,0,788,1910725068,1910725169,8c343c83afdc,1,2026-09-20T02:55:09Z,1,3,0,1,1,0,2
branch:log:mbpp/89#4:small#1,log:mbpp/89#4,mbpp/89,mbpp,small,1,789,1856762208,1856762309,8c343c83afdc,1,2026-09-20T02:55:10Z,1,3,0,1,1,0,2
branch:log:mbpp/89#4:large#0,log:mbpp/89#4,mbpp/89,mbpp,large,0,790,1857975050,1857975151,8c343c83afdc,1,2026-09-20T02:55:14Z,1,3,0,1,1,0,2
branch:log:mbpp/89#4:large#1,log:mbpp/89#4,mbpp/89,mbpp,large,1,791,907322742,907322843,8c343c83afdc,1,2026-09-20T02:55:17Z,1,3,0,1,1,0,2
branch:log:mbpp/89#5:small#0,log:mbpp/89#5,mbpp/89,mbpp,small,0,792,464630080,464630181,8c343c83afdc,1,2026-09-20T02:55:19Z,1,2,1,1,1,0,1
branch:log:mbpp/89#5:small#1,log:mbpp/89#5,mbpp/89,mbpp,small,1,793,157507534,157507635,8c343c83afdc,1,2026-09-20T02:55:26Z,1,3,1,1,1,0,2
branch:log:mbpp/89#5:large#0,log:mbpp/89#5,mbpp/89,mbpp,large,0,794,119130000,119130101,8c343c83afdc,1,2026-09-20T02:55:35Z,1,2,1,1,1,0,1
branch:log:mbpp/89#5:large#1,log:mbpp/89#5,mbpp/89,mbpp,large,1,795,352659891,352659992,8c343c83afdc,1,2026-09-20T02:55:37Z,1,2,1,1,1,0,1
branch:log:mbpp/92#6:small#0,log:mbpp/92#6,mbpp/92,mbpp,small,0,796,1918940539,1918940640,8c343c83afdc,1,2026-09-20T02:55:39Z,1,3,0,1,1,0,2
branch:log:mbpp/92#6:small#1,log:mbpp/92#6,mbpp/92,mbpp,small,1,797,166655064,166655165,8c343c83afdc,1,2026-09-20T02:55:42Z,1,3,0,1,1,0,2
branch:log:mbpp/92#6:large#0,log:mbpp/92#6,mbpp/92,mbpp,large,0,798,89185654,89185755,8c343c83afdc,1,2026-09-20T02:55:44Z,1,3,0,1,1,0,2
branch:log:mbpp/92#6:large#1,log:mbpp/92#6,mbpp/92,mbpp,large,1,799,1576455551,1576455652,8c343c83afdc,1,2026-09-20T02:55:49Z,1,2,0,1,1,0,1
