prefix_episode_id,task_uid,benchmark,run,log_run_order,log_start_utc,a0_block,a0_realized,u0,first_visible_passed,first_hidden_success,n_decisions,stop_reason,a_t1,u_t1,p_large_t1,a_t2,u_t2,p_large_t2,log_success,W_i1,W_i0,sampled,inclusion_probability,branch_small_runs,branch_large_runs,prefix_contrast_D,invocation_small,invocation_large
log:humaneval/10#1,humaneval/10,humaneval,1,3312,2026-09-19T21:09:20Z,0,0,0.75,0,0,3,horizon,1,0.37010643397155696,0.5,1,0.43555716305627445,0.5,1,4.0,0.0,1,0.3546099290780142,"[1, 1]","[1, 1]",0.0,0445024c72d2,0445024c72d2
log:humaneval/10#2,humaneval/10,humaneval,2,2418,2026-09-19T20:36:12Z,0,0,0.75,0,0,3,validated,1,0.22974193459449854,0.5,1,0.08351962238206634,0.5,1,4.0,0.0,0,0.3546099290780142,,,,,
log:humaneval/10#4,humaneval/10,humaneval,4,205,2026-09-19T19:12:34Z,0,0,0.75,0,0,3,validated,0,0.9387904009863512,0.5,0,0.5421991444180223,0.5,1,0.0,4.0,0,0.3546099290780142,,,,,
log:humaneval/10#6,humaneval/10,humaneval,6,2027,2026-09-19T20:21:09Z,0,0,0.75,0,0,2,validated,1,0.028802689085523525,0.5,,,,1,2.0,0.0,1,0.3546099290780142,"[0, 0]","[1, 0]",0.5,0445024c72d2,0445024c72d2
log:humaneval/100#3,humaneval/100,humaneval,3,941,2026-09-19T19:42:44Z,0,0,0.75,0,0,3,horizon,0,0.632582322566925,0.5,0,0.7435450731261563,0.5,0,0.0,4.0,0,0.3546099290780142,,,,,
log:humaneval/100#5,humaneval/100,humaneval,5,1620,2026-09-19T20:07:18Z,0,0,0.75,0,0,3,horizon,0,0.5579775907052125,0.5,0,0.6794571209409821,0.5,0,0.0,4.0,1,0.3546099290780142,"[0, 0]","[0, 1]",0.5,0445024c72d2,0445024c72d2
log:humaneval/100#7,humaneval/100,humaneval,7,1742,2026-09-19T20:10:55Z,1,1,0.25,0,1,2,validated,1,0.1725245999182784,0.5,,,,1,2.0,0.0,0,0.3546099290780142,,,,,
log:humaneval/102#1,humaneval/102,humaneval,1,3491,2026-09-19T21:16:20Z,0,0,0.75,0,0,3,horizon,1,0.19315643669704163,0.5,0,0.5603442102413815,0.5,0,0.0,0.0,0,0.3546099290780142,,,,,
log:humaneval/104#7,humaneval/104,humaneval,7,1625,2026-09-19T20:07:28Z,0,0,0.75,0,0,2,validated,0,0.5140097969672193,0.5,,,,1,0.0,2.0,0,0.3546099290780142,,,,,
log:humaneval/108#3,humaneval/108,humaneval,3,3878,2026-09-19T21:29:59Z,1,1,0.25,0,0,2,validated,1,0.08696687103124934,0.5,,,,1,2.0,0.0,0,0.3546099290780142,,,,,
log:humaneval/108#4,humaneval/108,humaneval,4,1480,2026-09-19T20:02:06Z,0,0,0.75,0,0,3,horizon,1,0.2758518308141257,0.5,1,0.2140775833022185,0.5,0,4.0,0.0,1,0.3546099290780142,"[0, 0]","[0, 0]",0.0,0445024c72d2,0445024c72d2
log:humaneval/108#5,humaneval/108,humaneval,5,4216,2026-09-19T21:44:24Z,0,0,0.75,0,0,3,horizon,0,0.9443018707964069,0.5,1,0.2485274722642954,0.5,0,0.0,0.0,1,0.3546099290780142,"[0, 0]","[0, 0]",0.0,0445024c72d2,0445024c72d2
log:humaneval/108#6,humaneval/108,humaneval,6,196,2026-09-19T19:12:09Z,1,1,0.25,0,0,3,horizon,0,0.5012639160853026,0.5,1,0.31274541913910736,0.5,0,0.0,0.0,0,0.3546099290780142,,,,,
log:humaneval/108#7,humaneval/108,humaneval,7,547,2026-09-19T19:26:26Z,0,0,0.75,0,0,3,horizon,0,0.7266380529747714,0.5,1,0.03173006432304648,0.5,0,0.0,0.0,1,0.3546099290780142,"[0, 0]","[0, 0]",0.0,0445024c72d2,0445024c72d2
log:humaneval/109#2,humaneval/109,humaneval,2,3021,2026-09-19T20:57:52Z,0,0,0.75,0,0,3,horizon,0,0.5936625654567245,0.5,0,0.604938876719106,0.5,0,0.0,4.0,0,0.3546099290780142,,,,,
log:humaneval/109#3,humaneval/109,humaneval,3,4336,2026-09-19T21:49:15Z,0,0,0.75,0,0,3,horizon,0,0.9140350250147312,0.5,0,0.562468304740364,0.5,0,0.0,4.0,0,0.3546099290780142,,,,,
log:humaneval/109#5,humaneval/109,humaneval,5,1142,2026-09-19T19:50:23Z,0,0,0.75,0,0,3,horizon,0,0.8952291845372932,0.5,0,0.5109575055013451,0.5,0,0.0,4.0,0,0.3546099290780142,,,,,
log:humaneval/109#6,humaneval/109,humaneval,6,960,2026-09-19T19:43:28Z,1,1,0.25,0,0,3,horizon,1,0.13521792325199755,0.5,1,0.10296042887362267,0.5,0,4.0,0.0,1,0.3546099290780142,"[0, 0]","[0, 0]",0.0,0445024c72d2,0445024c72d2
log:humaneval/11#7,humaneval/11,humaneval,7,3224,2026-09-19T21:05:39Z,1,1,0.25,0,0,2,validated,1,0.36107333828024557,0.5,,,,1,2.0,0.0,0,0.3546099290780142,,,,,
log:humaneval/113#1,humaneval/113,humaneval,1,3041,2026-09-19T20:58:31Z,0,0,0.75,0,0,2,validated,1,0.1090424918557894,0.5,,,,1,2.0,0.0,1,0.3546099290780142,"[0, 0]","[1, 1]",1.0,0445024c72d2,0445024c72d2
log:humaneval/115#3,humaneval/115,humaneval,3,1511,2026-09-19T20:03:22Z,0,0,0.75,0,0,3,validated,1,0.3402543220681177,0.5,0,0.7893213520234243,0.5,0,0.0,0.0,1,0.3546099290780142,"[0, 0]","[0, 0]",0.0,0445024c72d2,0445024c72d2
log:humaneval/118#2,humaneval/118,humaneval,2,1383,2026-09-19T19:58:53Z,0,0,0.75,0,0,2,validated,1,0.379589660577058,0.5,,,,0,2.0,0.0,0,0.3546099290780142,,,,,
log:humaneval/118#6,humaneval/118,humaneval,6,599,2026-09-19T19:28:37Z,0,0,0.75,0,0,3,horizon,0,0.8255235765303462,0.5,0,0.7512781346477568,0.5,0,0.0,4.0,0,0.3546099290780142,,,,,
log:humaneval/120#0,humaneval/120,humaneval,0,4471,2026-09-19T21:54:29Z,0,0,0.75,0,0,3,horizon,1,0.09624699930964387,0.5,0,0.6814465299763087,0.5,0,0.0,0.0,0,0.3546099290780142,,,,,
log:humaneval/120#2,humaneval/120,humaneval,2,1820,2026-09-19T20:13:58Z,0,0,0.75,0,0,3,horizon,1,0.3231547200228888,0.5,1,0.21246131286002634,0.5,0,4.0,0.0,1,0.3546099290780142,"[0, 0]","[0, 0]",0.0,0445024c72d2,0445024c72d2
log:humaneval/120#3,humaneval/120,humaneval,3,3856,2026-09-19T21:29:21Z,0,0,0.75,0,0,3,horizon,1,0.2239572559984303,0.5,0,0.8223279746504162,0.5,0,0.0,0.0,0,0.3546099290780142,,,,,
log:humaneval/120#5,humaneval/120,humaneval,5,2389,2026-09-19T20:35:14Z,1,1,0.25,0,0,3,horizon,0,0.8013967961204191,0.5,0,0.5382297097118337,0.5,0,0.0,4.0,0,0.3546099290780142,,,,,
log:humaneval/120#7,humaneval/120,humaneval,7,3971,2026-09-19T21:33:50Z,0,0,0.75,0,0,3,horizon,1,0.09707583353236404,0.5,0,0.7120461468582282,0.5,0,0.0,0.0,1,0.3546099290780142,"[0, 0]","[0, 0]",0.0,0445024c72d2,0445024c72d2
log:humaneval/125#1,humaneval/125,humaneval,1,2771,2026-09-19T20:48:39Z,0,0,0.75,0,0,2,validated,1,0.27899608271378895,0.5,,,,0,2.0,0.0,0,0.3546099290780142,,,,,
log:humaneval/129#0,humaneval/129,humaneval,0,3553,2026-09-19T21:18:48Z,1,1,0.25,0,0,3,horizon,0,0.5056592863081008,0.5,0,0.9395491594088646,0.5,0,0.0,4.0,1,0.3546099290780142,"[0, 0]","[0, 0]",0.0,0445024c72d2,0445024c72d2
log:humaneval/129#1,humaneval/129,humaneval,1,769,2026-09-19T19:35:58Z,1,1,0.25,0,0,3,horizon,1,0.32813653795816533,0.5,0,0.6319332455450146,0.5,0,0.0,0.0,0,0.3546099290780142,,,,,
log:humaneval/129#2,humaneval/129,humaneval,2,754,2026-09-19T19:34:49Z,0,0,0.75,0,0,3,horizon,0,0.8969670286692799,0.5,0,0.7845369138641162,0.5,0,0.0,4.0,0,0.3546099290780142,,,,,
log:humaneval/129#3,humaneval/129,humaneval,3,2910,2026-09-19T20:53:28Z,0,0,0.75,0,0,3,horizon,1,0.4743234141813051,0.5,1,0.1279835963996856,0.5,0,4.0,0.0,1,0.3546099290780142,"[0, 0]","[0, 0]",0.0,0445024c72d2,0445024c72d2
log:humaneval/129#4,humaneval/129,humaneval,4,1561,2026-09-19T20:05:14Z,1,1,0.25,0,0,3,horizon,0,0.8368330353788122,0.5,0,0.972425792422006,0.5,0,0.0,4.0,0,0.3546099290780142,,,,,
log:humaneval/129#5,humaneval/129,humaneval,5,3531,2026-09-19T21:17:52Z,1,1,0.25,0,0,3,horizon,1,0.25894501018349003,0.5,1,0.20800842302998346,0.5,0,4.0,0.0,0,0.3546099290780142,,,,,
log:humaneval/129#6,humaneval/129,humaneval,6,2729,2026-09-19T20:46:54Z,0,0,0.75,0,0,3,horizon,1,0.04172786107754822,0.5,0,0.50946492819344,0.5,0,0.0,0.0,1,0.3546099290780142,"[0, 0]","[0, 0]",0.0,0445024c72d2,0445024c72d2
log:humaneval/129#7,humaneval/129,humaneval,7,519,2026-09-19T19:25:17Z,0,0,0.75,0,0,3,horizon,0,0.8616885892505086,0.5,0,0.5215571097828137,0.5,0,0.0,4.0,0,0.3546099290780142,,,,,
log:humaneval/134#6,humaneval/134,humaneval,6,2989,2026-09-19T20:56:34Z,0,0,0.75,0,0,3,horizon,1,0.15299489900956642,0.5,0,0.9671899759950453,0.5,0,0.0,0.0,1,0.3546099290780142,"[0, 0]","[0, 0]",0.0,0445024c72d2,0445024c72d2
log:humaneval/134#7,humaneval/134,humaneval,7,3927,2026-09-19T21:32:11Z,0,0,0.75,0,0,3,horizon,1,0.45033202025247887,0.5,0,0.6806941261543468,0.5,0,0.0,0.0,0,0.3546099290780142,,,,,
log:humaneval/137#1,humaneval/137,humaneval,1,1418,2026-09-19T19:59:58Z,0,0,0.75,0,0,2,validated,0,0.9873250561324313,0.5,,,,0,0.0,2.0,0,0.3546099290780142,,,,,
log:humaneval/140#0,humaneval/140,humaneval,0,422,2026-09-19T19:21:09Z,0,0,0.75,0,0,3,horizon,0,0.9286086454731867,0.5,0,0.5382052573222654,0.5,0,0.0,4.0,0,0.3546099290780142,,,,,
log:humaneval/140#3,humaneval/140,humaneval,3,3405,2026-09-19T21:13:25Z,1,1,0.25,0,0,3,horizon,1,0.19279413388038646,0.5,0,0.8693135718027606,0.5,0,0.0,0.0,1,0.3546099290780142,"[0, 0]","[0, 0]",0.0,0445024c72d2,0445024c72d2
log:humaneval/140#4,humaneval/140,humaneval,4,4357,2026-09-19T21:50:03Z,0,0,0.75,0,0,2,validated,0,0.815313641137532,0.5,,,,1,0.0,2.0,0,0.3546099290780142,,,,,
log:humaneval/140#5,humaneval/140,humaneval,5,4246,2026-09-19T21:46:07Z,1,1,0.25,0,0,3,horizon,0,0.8757882840647104,0.5,1,0.2385441449143345,0.5,0,0.0,0.0,1,0.3546099290780142,"[0, 0]","[0, 0]",0.0,0445024c72d2,0445024c72d2
log:humaneval/145#3,humaneval/145,humaneval,3,4401,2026-09-19T21:51:57Z,0,0,0.75,0,0,2,validated,0,0.9160728295207992,0.5,,,,0,0.0,2.0,0,0.3546099290780142,,,,,
log:humaneval/146#6,humaneval/146,humaneval,6,3818,2026-09-19T21:28:05Z,0,0,0.75,0,0,3,horizon,0,0.6406205324673587,0.5,0,0.6107051380021803,0.5,0,0.0,4.0,0,0.3546099290780142,,,,,
log:humaneval/147#4,humaneval/147,humaneval,4,1669,2026-09-19T20:08:51Z,0,0,0.75,0,0,3,horizon,1,0.12872565970788463,0.5,0,0.9868368994454009,0.5,0,0.0,0.0,0,0.3546099290780142,,,,,
log:humaneval/153#6,humaneval/153,humaneval,6,3415,2026-09-19T21:13:48Z,0,0,0.75,0,1,3,horizon,0,0.9477376238940123,0.5,1,0.08323094176883339,0.5,1,0.0,0.0,1,0.3546099290780142,"[1, 1]","[1, 1]",0.0,0445024c72d2,0445024c72d2
log:humaneval/154#2,humaneval/154,humaneval,2,887,2026-09-19T19:40:41Z,0,0,0.75,0,0,3,validated,0,0.7011158843893783,0.5,1,0.39996412762034284,0.5,1,0.0,0.0,0,0.3546099290780142,,,,,
log:humaneval/154#3,humaneval/154,humaneval,3,2698,2026-09-19T20:45:42Z,0,0,0.75,0,0,3,validated,0,0.9582562984157873,0.5,1,0.09041172079285908,0.5,1,0.0,0.0,0,0.3546099290780142,,,,,
log:humaneval/154#6,humaneval/154,humaneval,6,1584,2026-09-19T20:05:57Z,0,0,0.75,0,0,3,horizon,1,0.31880013137885366,0.5,0,0.8660990113746249,0.5,0,0.0,0.0,0,0.3546099290780142,,,,,
log:humaneval/154#7,humaneval/154,humaneval,7,4481,2026-09-19T21:54:49Z,1,1,0.25,0,0,3,horizon,0,0.728951153112108,0.5,0,0.8756203399340815,0.5,0,0.0,4.0,0,0.3546099290780142,,,,,
log:humaneval/156#1,humaneval/156,humaneval,1,186,2026-09-19T19:11:37Z,0,0,0.75,0,0,3,horizon,0,0.9958818764886433,0.5,1,0.33746832777979163,0.5,0,0.0,0.0,0,0.3546099290780142,,,,,
log:humaneval/156#5,humaneval/156,humaneval,5,3620,2026-09-19T21:21:08Z,0,0,0.75,0,0,3,horizon,1,0.14389161543382134,0.5,1,0.04391878912895952,0.5,0,4.0,0.0,0,0.3546099290780142,,,,,
log:humaneval/156#6,humaneval/156,humaneval,6,3240,2026-09-19T21:06:16Z,0,0,0.75,0,0,3,horizon,1,0.15282045536862765,0.5,1,0.13843790812391676,0.5,0,4.0,0.0,0,0.3546099290780142,,,,,
log:humaneval/156#7,humaneval/156,humaneval,7,1808,2026-09-19T20:13:17Z,0,0,0.75,0,0,3,horizon,0,0.6266682950985761,0.5,1,0.2043847118152592,0.5,0,0.0,0.0,1,0.3546099290780142,"[0, 0]","[0, 0]",0.0,0445024c72d2,0445024c72d2
log:humaneval/158#1,humaneval/158,humaneval,1,1114,2026-09-19T19:49:14Z,1,1,0.25,0,0,3,validated,0,0.7861102299450069,0.5,1,0.13548227976877303,0.5,1,0.0,0.0,0,0.3546099290780142,,,,,
log:humaneval/158#3,humaneval/158,humaneval,3,3933,2026-09-19T21:32:21Z,1,1,0.25,0,0,2,validated,1,0.2669256550766268,0.5,,,,1,2.0,0.0,1,0.3546099290780142,"[0, 0]","[1, 1]",1.0,0445024c72d2,0445024c72d2
log:humaneval/158#4,humaneval/158,humaneval,4,4444,2026-09-19T21:53:26Z,1,1,0.25,0,0,3,horizon,0,0.6630424321252408,0.5,0,0.6583931191401973,0.5,0,0.0,4.0,1,0.3546099290780142,"[0, 0]","[1, 1]",1.0,0445024c72d2,0445024c72d2
log:humaneval/158#5,humaneval/158,humaneval,5,2357,2026-09-19T20:33:53Z,1,1,0.25,0,0,3,horizon,0,0.849217937097932,0.5,0,0.7318204230942833,0.5,0,0.0,4.0,0,0.3546099290780142,,,,,
log:humaneval/159#0,humaneval/159,humaneval,0,1613,2026-09-19T20:06:58Z,0,0,0.75,0,0,3,validated,0,0.5692590804492158,0.5,1,0.3738029772576661,0.5,1,0.0,0.0,1,0.3546099290780142,"[0, 1]","[1, 1]",0.5,0445024c72d2,0445024c72d2
log:humaneval/160#0,humaneval/160,humaneval,0,1970,2026-09-19T20:18:54Z,1,1,0.25,0,0,3,horizon,0,0.8252756835197471,0.5,0,0.8848965046558722,0.5,0,0.0,4.0,1,0.3546099290780142,"[0, 0]","[0, 0]",0.0,0445024c72d2,0445024c72d2
log:humaneval/160#1,humaneval/160,humaneval,1,627,2026-09-19T19:29:54Z,0,0,0.75,0,0,3,horizon,0,0.661518553827314,0.5,0,0.9169484725337793,0.5,0,0.0,4.0,0,0.3546099290780142,,,,,
log:humaneval/160#2,humaneval/160,humaneval,2,1654,2026-09-19T20:08:18Z,1,1,0.25,0,0,3,horizon,1,0.35010132726855325,0.5,1,0.26213753108749094,0.5,0,4.0,0.0,1,0.3546099290780142,"[0, 0]","[0, 0]",0.0,0445024c72d2,0445024c72d2
log:humaneval/160#4,humaneval/160,humaneval,4,657,2026-09-19T19:31:18Z,0,0,0.75,0,0,3,horizon,1,0.15974559416430745,0.5,0,0.8609413928354919,0.5,0,0.0,0.0,0,0.3546099290780142,,,,,
log:humaneval/160#5,humaneval/160,humaneval,5,2342,2026-09-19T20:33:13Z,1,1,0.25,0,0,3,horizon,0,0.6910939239224605,0.5,1,0.4321265030658734,0.5,0,0.0,0.0,1,0.3546099290780142,"[0, 0]","[0, 0]",0.0,0445024c72d2,0445024c72d2
log:humaneval/160#6,humaneval/160,humaneval,6,4006,2026-09-19T21:35:08Z,0,0,0.75,0,0,3,horizon,0,0.868084751786244,0.5,1,0.34269684528295374,0.5,0,0.0,0.0,1,0.3546099290780142,"[0, 0]","[0, 0]",0.0,0445024c72d2,0445024c72d2
log:humaneval/160#7,humaneval/160,humaneval,7,2955,2026-09-19T20:55:23Z,1,1,0.25,0,0,3,horizon,1,0.22517645483805715,0.5,0,0.6786129462365013,0.5,0,0.0,0.0,0,0.3546099290780142,,,,,
log:humaneval/19#2,humaneval/19,humaneval,2,1186,2026-09-19T19:51:51Z,0,0,0.75,0,0,3,horizon,0,0.9094881389077135,0.5,1,0.3305691204231813,0.5,0,0.0,0.0,1,0.3546099290780142,"[0, 0]","[0, 0]",0.0,0445024c72d2,0445024c72d2
log:humaneval/19#5,humaneval/19,humaneval,5,3893,2026-09-19T21:30:34Z,0,0,0.75,0,0,3,horizon,0,0.8557230985988141,0.5,0,0.9537794448525749,0.5,0,0.0,4.0,1,0.3546099290780142,"[0, 0]","[0, 0]",0.0,0445024c72d2,0445024c72d2
log:humaneval/19#6,humaneval/19,humaneval,6,464,2026-09-19T19:22:52Z,0,0,0.75,0,0,3,horizon,1,0.04164104340519326,0.5,1,0.06662186943755044,0.5,0,4.0,0.0,0,0.3546099290780142,,,,,
log:humaneval/20#0,humaneval/20,humaneval,0,3395,2026-09-19T21:12:48Z,0,0,0.75,0,1,3,horizon,1,0.012698370634276923,0.5,0,0.7218951222015787,0.5,0,0.0,0.0,0,0.3546099290780142,,,,,
log:humaneval/20#1,humaneval/20,humaneval,1,3897,2026-09-19T21:30:48Z,0,0,0.75,0,0,3,horizon,0,0.9299248282125541,0.5,0,0.9602809830324511,0.5,0,0.0,4.0,0,0.3546099290780142,,,,,
log:humaneval/20#2,humaneval/20,humaneval,2,1196,2026-09-19T19:52:33Z,0,0,0.75,0,0,3,horizon,1,0.4514282925986547,0.5,1,0.1699160305570092,0.5,0,4.0,0.0,0,0.3546099290780142,,,,,
log:humaneval/20#3,humaneval/20,humaneval,3,2653,2026-09-19T20:44:12Z,1,1,0.25,0,1,3,horizon,1,0.08157044321438267,0.5,1,0.15481873033716398,0.5,1,4.0,0.0,0,0.3546099290780142,,,,,
log:humaneval/20#4,humaneval/20,humaneval,4,2153,2026-09-19T20:26:28Z,1,1,0.25,0,0,3,horizon,0,0.6412577356393736,0.5,0,0.9588699487458907,0.5,1,0.0,4.0,0,0.3546099290780142,,,,,
log:humaneval/20#5,humaneval/20,humaneval,5,2813,2026-09-19T20:49:48Z,1,1,0.25,0,1,3,horizon,1,0.17461148514111147,0.5,1,0.39585577456342225,0.5,0,4.0,0.0,0,0.3546099290780142,,,,,
log:humaneval/20#6,humaneval/20,humaneval,6,3409,2026-09-19T21:13:35Z,0,0,0.75,0,0,3,horizon,1,0.14498440568535242,0.5,1,0.23318364300932726,0.5,0,4.0,0.0,0,0.3546099290780142,,,,,
log:humaneval/20#7,humaneval/20,humaneval,7,4375,2026-09-19T21:50:43Z,1,1,0.25,0,0,3,horizon,0,0.7651760214207913,0.5,1,0.19543752090318145,0.5,0,0.0,0.0,1,0.3546099290780142,"[0, 0]","[0, 1]",0.5,0445024c72d2,0445024c72d2
log:humaneval/21#0,humaneval/21,humaneval,0,543,2026-09-19T19:26:14Z,0,0,0.75,0,0,2,validated,0,0.8051021429063178,0.5,,,,1,0.0,2.0,1,0.3546099290780142,"[1, 1]","[1, 1]",0.0,0445024c72d2,0445024c72d2
log:humaneval/21#3,humaneval/21,humaneval,3,4456,2026-09-19T21:53:56Z,0,0,0.75,0,0,2,validated,1,0.42231595858535986,0.5,,,,1,2.0,0.0,0,0.3546099290780142,,,,,
log:humaneval/21#6,humaneval/21,humaneval,6,4236,2026-09-19T21:45:22Z,0,0,0.75,0,0,3,validated,0,0.7420120201141658,0.5,1,0.4896845471370489,0.5,1,0.0,0.0,0,0.3546099290780142,,,,,
log:humaneval/22#7,humaneval/22,humaneval,7,791,2026-09-19T19:37:07Z,0,0,0.75,0,0,3,horizon,0,0.6928132921211211,0.5,1,0.10281216152669204,0.5,1,0.0,0.0,1,0.3546099290780142,"[0, 0]","[1, 1]",1.0,0445024c72d2,0445024c72d2
log:humaneval/32#1,humaneval/32,humaneval,1,3360,2026-09-19T21:11:08Z,1,1,0.25,0,0,3,horizon,1,0.484925650505835,0.5,1,0.38480052791682673,0.5,0,4.0,0.0,0,0.3546099290780142,,,,,
log:humaneval/32#2,humaneval/32,humaneval,2,2571,2026-09-19T20:41:33Z,0,0,0.75,0,0,3,horizon,0,0.593598675017616,0.5,0,0.7563114103562024,0.5,0,0.0,4.0,0,0.3546099290780142,,,,,
log:humaneval/32#3,humaneval/32,humaneval,3,4065,2026-09-19T21:38:19Z,0,0,0.75,0,0,3,horizon,1,0.1909078464727667,0.5,1,0.40128358526712626,0.5,0,4.0,0.0,0,0.3546099290780142,,,,,
log:humaneval/32#4,humaneval/32,humaneval,4,2958,2026-09-19T20:55:25Z,0,0,0.75,0,0,3,horizon,1,0.49410185552409924,0.5,1,0.16048845626604802,0.5,0,4.0,0.0,0,0.3546099290780142,,,,,
log:humaneval/32#5,humaneval/32,humaneval,5,2506,2026-09-19T20:38:46Z,1,1,0.25,0,0,3,horizon,0,0.6934904132488321,0.5,0,0.8419744459543962,0.5,0,0.0,4.0,1,0.3546099290780142,"[0, 0]","[0, 0]",0.0,0445024c72d2,0445024c72d2
log:humaneval/32#6,humaneval/32,humaneval,6,12,2026-09-19T19:05:08Z,1,1,0.25,0,0,3,horizon,1,0.1266406196344404,0.5,0,0.5884202658867372,0.5,0,0.0,0.0,0,0.3546099290780142,,,,,
log:humaneval/32#7,humaneval/32,humaneval,7,1234,2026-09-19T19:53:41Z,0,0,0.75,0,0,3,horizon,0,0.8802653025208201,0.5,1,0.18310085220495242,0.5,0,0.0,0.0,0,0.3546099290780142,,,,,
log:humaneval/37#4,humaneval/37,humaneval,4,2795,2026-09-19T20:49:09Z,0,0,0.75,0,0,3,horizon,0,0.9034566980080817,0.5,0,0.7663527116519746,0.5,0,0.0,4.0,0,0.3546099290780142,,,,,
log:humaneval/39#2,humaneval/39,humaneval,2,637,2026-09-19T19:30:15Z,1,1,0.25,0,0,2,validated,0,0.6615104684912555,0.5,,,,1,0.0,2.0,1,0.3546099290780142,"[1, 0]","[0, 0]",-0.5,0445024c72d2,0445024c72d2
log:humaneval/4#1,humaneval/4,humaneval,1,1569,2026-09-19T20:05:29Z,0,0,0.75,0,0,2,validated,1,0.30180802827735476,0.5,,,,1,2.0,0.0,0,0.3546099290780142,,,,,
log:humaneval/4#3,humaneval/4,humaneval,3,3967,2026-09-19T21:33:41Z,0,0,0.75,0,0,2,validated,0,0.8536976384750277,0.5,,,,1,0.0,2.0,1,0.3546099290780142,"[0, 1]","[1, 1]",0.5,0445024c72d2,8c343c83afdc
log:humaneval/46#1,humaneval/46,humaneval,1,4395,2026-09-19T21:51:32Z,1,1,0.25,0,0,3,horizon,1,0.05290307757260859,0.5,1,0.1851054393017968,0.5,0,4.0,0.0,0,0.3546099290780142,,,,,
log:humaneval/46#3,humaneval/46,humaneval,3,4272,2026-09-19T21:47:18Z,1,1,0.25,0,0,3,validated,1,0.08342378126702654,0.5,0,0.5255697294613697,0.5,1,0.0,0.0,1,0.3546099290780142,"[0, 0]","[0, 0]",0.0,0445024c72d2|8c343c83afdc,8c343c83afdc
log:humaneval/46#6,humaneval/46,humaneval,6,3681,2026-09-19T21:23:33Z,0,0,0.75,0,0,3,validated,0,0.5984940744919309,0.5,0,0.6047992351797703,0.5,1,0.0,4.0,0,0.3546099290780142,,,,,
log:humaneval/46#7,humaneval/46,humaneval,7,559,2026-09-19T19:27:02Z,0,0,0.75,0,1,3,validated,1,0.01927521095417628,0.5,1,0.22416974280542656,0.5,1,4.0,0.0,1,0.3546099290780142,"[1, 1]","[1, 1]",0.0,8c343c83afdc,8c343c83afdc
log:humaneval/55#7,humaneval/55,humaneval,7,4092,2026-09-19T21:39:14Z,1,1,0.25,0,1,3,horizon,0,0.5388513524372286,0.5,0,0.5960233264713635,0.5,0,0.0,4.0,0,0.3546099290780142,,,,,
log:humaneval/65#0,humaneval/65,humaneval,0,608,2026-09-19T19:29:00Z,0,0,0.75,0,0,3,horizon,0,0.6257352945609863,0.5,1,0.44575359028236516,0.5,0,0.0,0.0,0,0.3546099290780142,,,,,
log:humaneval/65#1,humaneval/65,humaneval,1,569,2026-09-19T19:27:26Z,1,1,0.25,0,0,3,horizon,0,0.7795894228574802,0.5,1,0.2598046695846352,0.5,0,0.0,0.0,1,0.3546099290780142,"[0, 0]","[0, 0]",0.0,8c343c83afdc,8c343c83afdc
log:humaneval/65#2,humaneval/65,humaneval,2,50,2026-09-19T19:06:55Z,0,0,0.75,0,0,3,horizon,0,0.54336748052124,0.5,1,0.44360419436405407,0.5,0,0.0,0.0,0,0.3546099290780142,,,,,
log:humaneval/65#3,humaneval/65,humaneval,3,2848,2026-09-19T20:51:10Z,0,0,0.75,0,0,3,horizon,1,0.4284343900678771,0.5,0,0.9800024398949454,0.5,0,0.0,0.0,1,0.3546099290780142,"[0, 0]","[0, 0]",0.0,8c343c83afdc,8c343c83afdc
log:humaneval/65#4,humaneval/65,humaneval,4,1466,2026-09-19T20:01:43Z,1,1,0.25,0,0,3,horizon,1,0.02703181018706191,0.5,0,0.9001968862287225,0.5,0,0.0,0.0,1,0.3546099290780142,"[0, 0]","[0, 0]",0.0,8c343c83afdc,8c343c83afdc
log:humaneval/65#5,humaneval/65,humaneval,5,2136,2026-09-19T20:25:21Z,1,1,0.25,0,0,3,horizon,0,0.5926900083475014,0.5,1,0.11347932589582443,0.5,0,0.0,0.0,0,0.3546099290780142,,,,,
log:humaneval/65#6,humaneval/65,humaneval,6,3011,2026-09-19T20:57:34Z,0,0,0.75,0,0,3,horizon,1,0.0012090192125421284,0.5,0,0.8029232561335974,0.5,0,0.0,0.0,1,0.3546099290780142,"[0, 0]","[0, 0]",0.0,8c343c83afdc,8c343c83afdc
log:humaneval/65#7,humaneval/65,humaneval,7,1087,2026-09-19T19:48:25Z,1,1,0.25,0,0,3,horizon,1,0.0015391419719639199,0.5,0,0.9799249333467884,0.5,0,0.0,0.0,1,0.3546099290780142,"[0, 0]","[0, 0]",0.0,8c343c83afdc,8c343c83afdc
log:humaneval/67#0,humaneval/67,humaneval,0,489,2026-09-19T19:24:04Z,1,1,0.25,0,0,3,horizon,0,0.7077224470982036,0.5,0,0.9580811145829969,0.5,0,0.0,4.0,0,0.3546099290780142,,,,,
log:humaneval/67#1,humaneval/67,humaneval,1,1160,2026-09-19T19:51:04Z,0,0,0.75,0,0,3,horizon,1,0.1540329008467063,0.5,0,0.6827627052658882,0.5,0,0.0,0.0,0,0.3546099290780142,,,,,
log:humaneval/67#4,humaneval/67,humaneval,4,3147,2026-09-19T21:02:16Z,1,1,0.25,0,0,3,horizon,1,0.3089122575998807,0.5,0,0.7538233398691742,0.5,0,0.0,0.0,0,0.3546099290780142,,,,,
log:humaneval/67#6,humaneval/67,humaneval,6,3505,2026-09-19T21:16:53Z,0,0,0.75,0,0,3,horizon,1,0.13399406209732123,0.5,0,0.710525320302062,0.5,0,0.0,0.0,0,0.3546099290780142,,,,,
log:humaneval/70#1,humaneval/70,humaneval,1,475,2026-09-19T19:23:16Z,0,0,0.75,0,0,3,validated,0,0.7734619762441505,0.5,1,0.2941909508775348,0.5,1,0.0,0.0,0,0.3546099290780142,,,,,
log:humaneval/70#4,humaneval/70,humaneval,4,3348,2026-09-19T21:10:46Z,0,0,0.75,0,0,3,horizon,0,0.5156589067749235,0.5,1,0.027364210334264727,0.5,0,0.0,0.0,1,0.3546099290780142,"[0, 0]","[0, 1]",0.5,8c343c83afdc,8c343c83afdc
log:humaneval/70#7,humaneval/70,humaneval,7,768,2026-09-19T19:35:54Z,0,0,0.75,0,0,3,horizon,0,0.8387363016426058,0.5,1,0.32439465258635103,0.5,0,0.0,0.0,1,0.3546099290780142,"[0, 0]","[1, 0]",0.5,8c343c83afdc,8c343c83afdc
log:humaneval/76#0,humaneval/76,humaneval,0,1889,2026-09-19T20:16:07Z,1,1,0.25,0,0,3,horizon,1,0.4278297576663188,0.5,0,0.8062606009764723,0.5,0,0.0,0.0,0,0.3546099290780142,,,,,
log:humaneval/76#1,humaneval/76,humaneval,1,1509,2026-09-19T20:03:09Z,0,0,0.75,0,0,3,horizon,1,0.44578469639553064,0.5,0,0.7375441085851456,0.5,0,0.0,0.0,0,0.3546099290780142,,,,,
log:humaneval/76#3,humaneval/76,humaneval,3,3189,2026-09-19T21:04:12Z,0,0,0.75,0,0,3,horizon,1,0.3129094671036702,0.5,1,0.02512001971275124,0.5,0,4.0,0.0,0,0.3546099290780142,,,,,
log:humaneval/76#4,humaneval/76,humaneval,4,3803,2026-09-19T21:27:36Z,0,0,0.75,0,0,3,horizon,1,0.12908840251968767,0.5,1,0.13353819834775438,0.5,0,4.0,0.0,0,0.3546099290780142,,,,,
log:humaneval/76#5,humaneval/76,humaneval,5,4116,2026-09-19T21:40:09Z,1,1,0.25,0,0,3,horizon,1,0.2595832158925555,0.5,1,0.05384299490589817,0.5,0,4.0,0.0,1,0.3546099290780142,"[0, 0]","[0, 0]",0.0,8c343c83afdc,8c343c83afdc
log:humaneval/76#6,humaneval/76,humaneval,6,437,2026-09-19T19:21:44Z,1,1,0.25,0,1,3,validated,0,0.748010554893596,0.5,1,0.3258519051860692,0.5,1,0.0,0.0,0,0.3546099290780142,,,,,
log:humaneval/76#7,humaneval/76,humaneval,7,4034,2026-09-19T21:37:04Z,0,0,0.75,0,0,3,horizon,1,0.2154205284173285,0.5,1,0.06659205967688098,0.5,0,4.0,0.0,0,0.3546099290780142,,,,,
log:humaneval/77#0,humaneval/77,humaneval,0,33,2026-09-19T19:06:09Z,1,1,0.25,0,0,3,horizon,1,0.02521951352301599,0.5,1,0.3588809775777453,0.5,0,4.0,0.0,0,0.3546099290780142,,,,,
log:humaneval/77#2,humaneval/77,humaneval,2,862,2026-09-19T19:39:58Z,0,0,0.75,0,0,2,validated,1,0.381792765480207,0.5,,,,1,2.0,0.0,0,0.3546099290780142,,,,,
log:humaneval/77#4,humaneval/77,humaneval,4,3305,2026-09-19T21:09:11Z,0,0,0.75,0,0,2,validated,1,0.20133685795287892,0.5,,,,1,2.0,0.0,0,0.3546099290780142,,,,,
log:humaneval/77#5,humaneval/77,humaneval,5,995,2026-09-19T19:45:03Z,0,0,0.75,0,0,3,validated,1,0.09669826554961736,0.5,1,0.4399284452923904,0.5,1,4.0,0.0,1,0.3546099290780142,"[1, 0]","[0, 0]",-0.5,8c343c83afdc,8c343c83afdc
log:humaneval/77#6,humaneval/77,humaneval,6,4204,2026-09-19T21:43:55Z,1,1,0.25,0,0,3,horizon,1,0.49128654434482744,0.5,1,0.37040685189752853,0.5,0,4.0,0.0,1,0.3546099290780142,"[1, 1]","[0, 0]",-1.0,8c343c83afdc,8c343c83afdc
log:humaneval/77#7,humaneval/77,humaneval,7,1011,2026-09-19T19:45:46Z,1,1,0.25,0,0,3,horizon,1,0.33234414350970976,0.5,0,0.9470546358742155,0.5,0,0.0,0.0,0,0.3546099290780142,,,,,
log:humaneval/8#3,humaneval/8,humaneval,3,693,2026-09-19T19:32:18Z,0,0,0.75,0,0,3,horizon,0,0.9999197073315689,0.5,0,0.7705468291437602,0.5,0,0.0,4.0,0,0.3546099290780142,,,,,
log:humaneval/8#5,humaneval/8,humaneval,5,1847,2026-09-19T20:14:48Z,0,0,0.75,0,0,3,horizon,0,0.5971559057349008,0.5,0,0.7783735739298395,0.5,0,0.0,4.0,0,0.3546099290780142,,,,,
log:humaneval/91#0,humaneval/91,humaneval,0,3170,2026-09-19T21:03:32Z,0,0,0.75,0,0,3,validated,1,0.17729899747580768,0.5,0,0.8767745609437311,0.5,0,0.0,0.0,0,0.3546099290780142,,,,,
log:humaneval/91#1,humaneval/91,humaneval,1,1330,2026-09-19T19:56:49Z,0,0,0.75,0,0,2,validated,1,0.38546979515017266,0.5,,,,0,2.0,0.0,0,0.3546099290780142,,,,,
log:humaneval/91#3,humaneval/91,humaneval,3,683,2026-09-19T19:32:00Z,0,0,0.75,0,0,2,validated,1,0.3961085248767353,0.5,,,,0,2.0,0.0,1,0.3546099290780142,"[0, 0]","[0, 0]",0.0,8c343c83afdc,8c343c83afdc
log:humaneval/92#2,humaneval/92,humaneval,2,1399,2026-09-19T19:59:16Z,0,0,0.75,0,0,3,horizon,1,0.15336044331105725,0.5,1,0.11768187227081284,0.5,0,4.0,0.0,0,0.3546099290780142,,,,,
log:humaneval/92#6,humaneval/92,humaneval,6,635,2026-09-19T19:30:11Z,0,0,0.75,0,0,3,horizon,1,0.07903121016875969,0.5,1,0.13577345217503045,0.5,0,4.0,0.0,0,0.3546099290780142,,,,,
log:humaneval/95#1,humaneval/95,humaneval,1,254,2026-09-19T19:14:51Z,1,1,0.25,0,0,3,horizon,1,0.283316184714159,0.5,0,0.5408865487490561,0.5,0,0.0,0.0,1,0.3546099290780142,"[0, 0]","[1, 1]",1.0,8c343c83afdc,8c343c83afdc
log:humaneval/95#2,humaneval/95,humaneval,2,3398,2026-09-19T21:12:57Z,0,0,0.75,0,0,2,validated,1,0.08253855080330197,0.5,,,,1,2.0,0.0,0,0.3546099290780142,,,,,
log:humaneval/95#4,humaneval/95,humaneval,4,2148,2026-09-19T20:26:07Z,1,1,0.25,0,0,3,horizon,0,0.6777749379123255,0.5,0,0.8735642219169552,0.5,0,0.0,4.0,0,0.3546099290780142,,,,,
log:humaneval/95#5,humaneval/95,humaneval,5,2758,2026-09-19T20:48:02Z,0,0,0.75,0,0,3,horizon,1,0.14717300419216828,0.5,0,0.7717812902643023,0.5,0,0.0,0.0,1,0.3546099290780142,"[0, 0]","[0, 1]",0.5,8c343c83afdc,8c343c83afdc
log:humaneval/95#6,humaneval/95,humaneval,6,2905,2026-09-19T20:53:12Z,1,1,0.25,0,0,3,horizon,0,0.650178828526211,0.5,0,0.6259790263619365,0.5,0,0.0,4.0,1,0.3546099290780142,"[0, 0]","[0, 1]",0.5,8c343c83afdc,8c343c83afdc
log:humaneval/95#7,humaneval/95,humaneval,7,2534,2026-09-19T20:39:47Z,1,1,0.25,0,0,3,horizon,0,0.9132605534458467,0.5,1,0.17559878409441088,0.5,0,0.0,0.0,0,0.3546099290780142,,,,,
log:humaneval/99#0,humaneval/99,humaneval,0,2850,2026-09-19T20:51:11Z,1,1,0.25,0,0,3,horizon,1,0.2991177357341287,0.5,0,0.9601401978686919,0.5,0,0.0,0.0,1,0.3546099290780142,"[0, 0]","[0, 0]",0.0,8c343c83afdc,8c343c83afdc
log:humaneval/99#2,humaneval/99,humaneval,2,2845,2026-09-19T20:50:55Z,0,0,0.75,0,0,3,validated,1,0.2819165900375604,0.5,0,0.6944605771081722,0.5,1,0.0,0.0,0,0.3546099290780142,,,,,
log:humaneval/99#4,humaneval/99,humaneval,4,2549,2026-09-19T20:40:37Z,0,0,0.75,0,0,3,horizon,0,0.7328065353305007,0.5,0,0.5654768190257907,0.5,0,0.0,4.0,1,0.3546099290780142,"[0, 0]","[1, 0]",0.5,8c343c83afdc,8c343c83afdc
log:humaneval/99#6,humaneval/99,humaneval,6,4111,2026-09-19T21:40:01Z,1,1,0.25,0,0,3,horizon,1,0.07447084366721635,0.5,0,0.7533227415858148,0.5,0,0.0,0.0,0,0.3546099290780142,,,,,
log:humaneval/99#7,humaneval/99,humaneval,7,1197,2026-09-19T19:52:34Z,1,1,0.25,0,0,3,validated,1,0.027063893116047955,0.5,1,0.4932435132431374,0.5,1,4.0,0.0,0,0.3546099290780142,,,,,
log:mbpp/102#0,mbpp/102,mbpp,0,753,2026-09-19T19:34:46Z,0,0,0.75,0,0,3,horizon,1,0.31561743298247624,0.5,0,0.5714442814823316,0.5,0,0.0,0.0,1,0.3546099290780142,"[0, 0]","[0, 1]",0.5,8c343c83afdc,8c343c83afdc
log:mbpp/108#6,mbpp/108,mbpp,6,811,2026-09-19T19:37:55Z,0,0,0.75,0,0,3,horizon,1,0.4093704030887254,0.5,0,0.5055748741757203,0.5,0,0.0,0.0,0,0.3546099290780142,,,,,
log:mbpp/119#0,mbpp/119,mbpp,0,3892,2026-09-19T21:30:25Z,0,0,0.75,0,0,3,horizon,0,0.5322180628311864,0.5,0,0.7249887996913497,0.5,0,0.0,4.0,0,0.3546099290780142,,,,,
log:mbpp/119#2,mbpp/119,mbpp,2,384,2026-09-19T19:19:46Z,0,0,0.75,0,0,3,horizon,1,0.044757198748913374,0.5,0,0.7933962697884369,0.5,0,0.0,0.0,1,0.3546099290780142,"[0, 0]","[0, 0]",0.0,8c343c83afdc,8c343c83afdc
log:mbpp/119#4,mbpp/119,mbpp,4,2996,2026-09-19T20:56:51Z,0,0,0.75,0,0,3,horizon,1,0.020322371662170102,0.5,1,0.15138750635847253,0.5,0,4.0,0.0,1,0.3546099290780142,"[0, 0]","[0, 0]",0.0,8c343c83afdc,8c343c83afdc
log:mbpp/125#3,mbpp/125,mbpp,3,3241,2026-09-19T21:06:18Z,0,0,0.75,0,0,3,horizon,0,0.5752363614238211,0.5,0,0.6045103839481006,0.5,0,0.0,4.0,1,0.3546099290780142,"[0, 0]","[0, 0]",0.0,8c343c83afdc,8c343c83afdc
log:mbpp/125#5,mbpp/125,mbpp,5,3335,2026-09-19T21:10:25Z,0,0,0.75,0,0,3,horizon,0,0.854796523335876,0.5,0,0.5112440568938993,0.5,0,0.0,4.0,0,0.3546099290780142,,,,,
log:mbpp/130#1,mbpp/130,mbpp,1,2741,2026-09-19T20:47:31Z,0,0,0.75,0,0,3,horizon,0,0.6949205124806118,0.5,0,0.8182981670988719,0.5,0,0.0,4.0,0,0.3546099290780142,,,,,
log:mbpp/138#0,mbpp/138,mbpp,0,1250,2026-09-19T19:54:27Z,1,1,0.25,0,0,2,validated,0,0.5043393446548512,0.5,,,,0,0.0,2.0,0,0.3546099290780142,,,,,
log:mbpp/138#2,mbpp/138,mbpp,2,2242,2026-09-19T20:29:37Z,1,1,0.25,0,0,2,validated,0,0.991110136172275,0.5,,,,0,0.0,2.0,0,0.3546099290780142,,,,,
log:mbpp/138#3,mbpp/138,mbpp,3,1014,2026-09-19T19:45:53Z,0,0,0.75,0,0,2,validated,1,0.4965275767169378,0.5,,,,0,2.0,0.0,0,0.3546099290780142,,,,,
log:mbpp/138#4,mbpp/138,mbpp,4,1588,2026-09-19T20:06:04Z,1,1,0.25,0,0,3,validated,1,0.058547983242186796,0.5,1,0.40361303278432514,0.5,0,4.0,0.0,1,0.3546099290780142,"[0, 0]","[0, 0]",0.0,8c343c83afdc,8c343c83afdc
log:mbpp/138#7,mbpp/138,mbpp,7,1774,2026-09-19T20:12:03Z,0,0,0.75,0,0,3,horizon,0,0.7600829443122299,0.5,1,0.006200474570571157,0.5,0,0.0,0.0,1,0.3546099290780142,"[0, 0]","[0, 0]",0.0,8c343c83afdc,8c343c83afdc
log:mbpp/140#3,mbpp/140,mbpp,3,660,2026-09-19T19:31:28Z,0,0,0.75,0,1,3,validated,0,0.7949649374381519,0.5,0,0.5588106195058486,0.5,1,0.0,4.0,1,0.3546099290780142,"[1, 1]","[0, 0]",-1.0,8c343c83afdc,8c343c83afdc
log:mbpp/141#1,mbpp/141,mbpp,1,3223,2026-09-19T21:05:36Z,1,1,0.25,0,0,3,validated,0,0.9674165606068998,0.5,1,0.374385599372301,0.5,1,0.0,0.0,0,0.3546099290780142,,,,,
log:mbpp/141#2,mbpp/141,mbpp,2,1194,2026-09-19T19:52:19Z,0,0,0.75,0,0,3,validated,0,0.7194701942427925,0.5,0,0.9349915829445474,0.5,1,0.0,4.0,0,0.3546099290780142,,,,,
log:mbpp/141#3,mbpp/141,mbpp,3,3318,2026-09-19T21:09:48Z,1,1,0.25,0,0,3,horizon,0,0.5885193030669905,0.5,0,0.8811936490463949,0.5,0,0.0,4.0,0,0.3546099290780142,,,,,
log:mbpp/141#5,mbpp/141,mbpp,5,1765,2026-09-19T20:11:38Z,0,0,0.75,0,0,3,validated,1,0.4337597791567259,0.5,0,0.7653105008047216,0.5,1,0.0,0.0,0,0.3546099290780142,,,,,
log:mbpp/141#7,mbpp/141,mbpp,7,4388,2026-09-19T21:51:19Z,0,0,0.75,0,0,3,horizon,1,0.06811407289002369,0.5,0,0.6048244310363536,0.5,0,0.0,0.0,0,0.3546099290780142,,,,,
log:mbpp/143#0,mbpp/143,mbpp,0,4460,2026-09-19T21:54:10Z,1,1,0.25,0,0,3,horizon,1,0.06477301427294635,0.5,1,0.10724164663608304,0.5,0,4.0,0.0,0,0.3546099290780142,,,,,
log:mbpp/143#1,mbpp/143,mbpp,1,1696,2026-09-19T20:09:51Z,1,1,0.25,0,0,3,horizon,0,0.809373105695249,0.5,0,0.8967394214592385,0.5,0,0.0,4.0,0,0.3546099290780142,,,,,
log:mbpp/143#2,mbpp/143,mbpp,2,3313,2026-09-19T21:09:25Z,0,0,0.75,0,0,3,horizon,0,0.6755439681876806,0.5,0,0.7975630835892277,0.5,0,0.0,4.0,1,0.3546099290780142,"[0, 0]","[0, 0]",0.0,8c343c83afdc,8c343c83afdc
log:mbpp/143#3,mbpp/143,mbpp,3,37,2026-09-19T19:06:28Z,0,0,0.75,0,0,3,horizon,0,0.8759464952352828,0.5,1,0.4303835095035978,0.5,0,0.0,0.0,0,0.3546099290780142,,,,,
log:mbpp/143#4,mbpp/143,mbpp,4,3015,2026-09-19T20:57:41Z,1,1,0.25,0,0,3,horizon,1,0.4825053113400011,0.5,0,0.7399998928369563,0.5,0,0.0,0.0,1,0.3546099290780142,"[0, 0]","[0, 0]",0.0,8c343c83afdc,8c343c83afdc
log:mbpp/143#5,mbpp/143,mbpp,5,3765,2026-09-19T21:26:15Z,0,0,0.75,0,0,3,horizon,1,0.21018814707160516,0.5,0,0.610630941122905,0.5,0,0.0,0.0,1,0.3546099290780142,"[0, 0]","[0, 0]",0.0,8c343c83afdc,8c343c83afdc
log:mbpp/143#6,mbpp/143,mbpp,6,3286,2026-09-19T21:08:46Z,1,1,0.25,0,0,3,horizon,1,0.290749096083482,0.5,1,0.4654083771837919,0.5,0,4.0,0.0,0,0.3546099290780142,,,,,
log:mbpp/143#7,mbpp/143,mbpp,7,2396,2026-09-19T20:35:32Z,0,0,0.75,0,0,3,horizon,0,0.5306579528470695,0.5,1,0.4576170788433862,0.5,0,0.0,0.0,0,0.3546099290780142,,,,,
log:mbpp/145#0,mbpp/145,mbpp,0,577,2026-09-19T19:27:48Z,1,1,0.25,0,1,3,horizon,1,0.47325232176376897,0.5,0,0.8871266891090777,0.5,1,0.0,0.0,0,0.3546099290780142,,,,,
log:mbpp/145#1,mbpp/145,mbpp,1,2991,2026-09-19T20:56:36Z,1,1,0.25,0,1,3,horizon,0,0.8554906424256443,0.5,0,0.6447160101673337,0.5,0,0.0,4.0,0,0.3546099290780142,,,,,
log:mbpp/145#3,mbpp/145,mbpp,3,3236,2026-09-19T21:06:00Z,1,1,0.25,0,1,3,horizon,0,0.9727910504896803,0.5,1,0.1054009080168905,0.5,1,0.0,0.0,1,0.3546099290780142,"[1, 1]","[1, 1]",0.0,8c343c83afdc,8c343c83afdc
log:mbpp/145#6,mbpp/145,mbpp,6,4358,2026-09-19T21:50:04Z,1,1,0.25,0,1,3,horizon,1,0.47863264220341184,0.5,1,0.24552205781840075,0.5,1,4.0,0.0,1,0.3546099290780142,"[1, 1]","[1, 1]",0.0,8c343c83afdc,8c343c83afdc
log:mbpp/160#0,mbpp/160,mbpp,0,2304,2026-09-19T20:31:36Z,1,1,0.25,0,0,3,horizon,0,0.5407918362790026,0.5,1,0.37972283005725593,0.5,0,0.0,0.0,0,0.3546099290780142,,,,,
log:mbpp/160#1,mbpp/160,mbpp,1,4244,2026-09-19T21:46:03Z,1,1,0.25,0,0,3,horizon,0,0.5555619126873073,0.5,1,0.11392447943302686,0.5,0,0.0,0.0,0,0.3546099290780142,,,,,
log:mbpp/160#2,mbpp/160,mbpp,2,1821,2026-09-19T20:14:02Z,0,0,0.75,0,0,3,horizon,0,0.9493476787301274,0.5,0,0.9490827723949522,0.5,0,0.0,4.0,0,0.3546099290780142,,,,,
log:mbpp/160#3,mbpp/160,mbpp,3,3361,2026-09-19T21:11:09Z,0,0,0.75,0,0,3,horizon,0,0.6661615806476299,0.5,1,0.3405656542558857,0.5,0,0.0,0.0,1,0.3546099290780142,"[0, 0]","[0, 0]",0.0,8c343c83afdc,8c343c83afdc
log:mbpp/160#4,mbpp/160,mbpp,4,2374,2026-09-19T20:34:38Z,0,0,0.75,0,0,3,horizon,0,0.799419035702382,0.5,0,0.818951382030093,0.5,0,0.0,4.0,0,0.3546099290780142,,,,,
log:mbpp/160#5,mbpp/160,mbpp,5,2295,2026-09-19T20:31:20Z,1,1,0.25,0,0,3,horizon,1,0.15510356905274258,0.5,0,0.9025598706335068,0.5,0,0.0,0.0,0,0.3546099290780142,,,,,
log:mbpp/160#6,mbpp/160,mbpp,6,2380,2026-09-19T20:35:03Z,1,1,0.25,0,0,3,horizon,1,0.44296428343781413,0.5,0,0.9932510256663044,0.5,0,0.0,0.0,0,0.3546099290780142,,,,,
log:mbpp/160#7,mbpp/160,mbpp,7,2476,2026-09-19T20:37:54Z,0,0,0.75,0,0,3,horizon,0,0.7589772620009088,0.5,1,0.433486447021604,0.5,0,0.0,0.0,0,0.3546099290780142,,,,,
log:mbpp/162#0,mbpp/162,mbpp,0,3053,2026-09-19T20:58:51Z,0,0,0.75,0,0,3,validated,0,0.7841952344678412,0.5,1,0.0919928810750511,0.5,1,0.0,0.0,0,0.3546099290780142,,,,,
log:mbpp/164#7,mbpp/164,mbpp,7,1072,2026-09-19T19:47:53Z,1,1,0.25,0,0,3,validated,0,0.6292109543382491,0.5,1,0.10847778139581432,0.5,0,0.0,0.0,0,0.3546099290780142,,,,,
log:mbpp/167#3,mbpp/167,mbpp,3,1008,2026-09-19T19:45:42Z,0,0,0.75,0,0,2,validated,1,0.19491800425764916,0.5,,,,0,2.0,0.0,1,0.3546099290780142,"[0, 1]","[1, 1]",0.5,8c343c83afdc,8c343c83afdc
log:mbpp/167#5,mbpp/167,mbpp,5,795,2026-09-19T19:37:17Z,0,0,0.75,0,0,2,validated,1,0.4779911535295772,0.5,,,,1,2.0,0.0,0,0.3546099290780142,,,,,
log:mbpp/167#6,mbpp/167,mbpp,6,3648,2026-09-19T21:22:05Z,0,0,0.75,0,0,2,validated,1,0.0005823656497877527,0.5,,,,1,2.0,0.0,1,0.3546099290780142,"[0, 0]","[1, 1]",1.0,8c343c83afdc,8c343c83afdc
log:mbpp/167#7,mbpp/167,mbpp,7,2818,2026-09-19T20:49:59Z,0,0,0.75,0,0,2,validated,1,0.49930175459592674,0.5,,,,1,2.0,0.0,0,0.3546099290780142,,,,,
log:mbpp/20#0,mbpp/20,mbpp,0,2006,2026-09-19T20:20:18Z,1,1,0.25,0,0,3,horizon,0,0.7229885994797711,0.5,0,0.990400193657373,0.5,0,0.0,4.0,0,0.3546099290780142,,,,,
log:mbpp/20#2,mbpp/20,mbpp,2,2050,2026-09-19T20:22:22Z,1,1,0.25,0,0,3,horizon,0,0.541589817867868,0.5,0,0.8456493053554337,0.5,0,0.0,4.0,1,0.3546099290780142,"[0, 0]","[0, 0]",0.0,8c343c83afdc,8c343c83afdc
log:mbpp/20#3,mbpp/20,mbpp,3,546,2026-09-19T19:26:21Z,1,1,0.25,0,0,3,horizon,1,0.2506490265083169,0.5,0,0.5046958197808482,0.5,0,0.0,0.0,0,0.3546099290780142,,,,,
log:mbpp/20#6,mbpp/20,mbpp,6,1807,2026-09-19T20:13:17Z,1,1,0.25,0,0,3,validated,0,0.6540074127625073,0.5,0,0.9886825843385442,0.5,0,0.0,4.0,0,0.3546099290780142,,,,,
log:mbpp/222#0,mbpp/222,mbpp,0,3483,2026-09-19T21:16:06Z,1,1,0.25,0,1,2,validated,1,0.21392605082296512,0.5,,,,1,2.0,0.0,1,0.3546099290780142,"[1, 1]","[1, 1]",0.0,8c343c83afdc,8c343c83afdc
log:mbpp/222#1,mbpp/222,mbpp,1,1786,2026-09-19T20:12:35Z,0,0,0.75,0,1,2,validated,1,0.24995343918819324,0.5,,,,1,2.0,0.0,0,0.3546099290780142,,,,,
log:mbpp/222#2,mbpp/222,mbpp,2,3006,2026-09-19T20:57:22Z,1,1,0.25,0,1,2,validated,1,0.3632496642160694,0.5,,,,1,2.0,0.0,0,0.3546099290780142,,,,,
log:mbpp/222#3,mbpp/222,mbpp,3,4343,2026-09-19T21:49:31Z,0,0,0.75,0,1,2,validated,1,0.38017683778694433,0.5,,,,1,2.0,0.0,0,0.3546099290780142,,,,,
log:mbpp/222#4,mbpp/222,mbpp,4,356,2026-09-19T19:18:48Z,1,1,0.25,0,1,3,validated,0,0.8317345337573923,0.5,0,0.7228653898414625,0.5,1,0.0,4.0,0,0.3546099290780142,,,,,
log:mbpp/222#5,mbpp/222,mbpp,5,3368,2026-09-19T21:11:44Z,1,1,0.25,0,1,3,validated,0,0.5810775761769404,0.5,0,0.6180723037161278,0.5,1,0.0,4.0,0,0.3546099290780142,,,,,
log:mbpp/222#6,mbpp/222,mbpp,6,996,2026-09-19T19:45:04Z,0,0,0.75,0,1,2,validated,0,0.7948287768447057,0.5,,,,1,0.0,2.0,0,0.3546099290780142,,,,,
log:mbpp/222#7,mbpp/222,mbpp,7,2889,2026-09-19T20:52:35Z,0,0,0.75,0,1,2,validated,1,0.052362288105098465,0.5,,,,1,2.0,0.0,0,0.3546099290780142,,,,,
log:mbpp/223#2,mbpp/223,mbpp,2,3123,2026-09-19T21:01:13Z,0,0,0.75,0,0,3,horizon,1,0.46297868008850407,0.5,0,0.9864899118683328,0.5,0,0.0,0.0,0,0.3546099290780142,,,,,
log:mbpp/223#7,mbpp/223,mbpp,7,1270,2026-09-19T19:54:57Z,1,1,0.25,0,0,3,validated,0,0.9979319339337966,0.5,1,0.024109969463267045,0.5,0,0.0,0.0,0,0.3546099290780142,,,,,
log:mbpp/228#2,mbpp/228,mbpp,2,2733,2026-09-19T20:47:04Z,0,0,0.75,0,0,3,horizon,0,0.7747334600413123,0.5,1,0.49387329109650835,0.5,0,0.0,0.0,1,0.3546099290780142,"[0, 0]","[0, 0]",0.0,8c343c83afdc,8c343c83afdc
log:mbpp/228#6,mbpp/228,mbpp,6,2354,2026-09-19T20:33:47Z,0,0,0.75,0,0,2,validated,1,0.06011761581152286,0.5,,,,0,2.0,0.0,1,0.3546099290780142,"[0, 0]","[0, 0]",0.0,8c343c83afdc,8c343c83afdc
log:mbpp/229#3,mbpp/229,mbpp,3,1181,2026-09-19T19:51:45Z,1,1,0.25,0,0,3,horizon,1,0.012445473595166234,0.5,0,0.5309702647194492,0.5,0,0.0,0.0,1,0.3546099290780142,"[0, 0]","[0, 0]",0.0,8c343c83afdc,8c343c83afdc
log:mbpp/235#0,mbpp/235,mbpp,0,2465,2026-09-19T20:37:37Z,1,1,0.25,0,0,3,horizon,1,0.07068096896218512,0.5,1,0.23219162135054472,0.5,0,4.0,0.0,0,0.3546099290780142,,,,,
log:mbpp/235#1,mbpp/235,mbpp,1,290,2026-09-19T19:16:26Z,0,0,0.75,0,0,3,horizon,1,0.451956268074427,0.5,1,0.23183085998701147,0.5,0,4.0,0.0,0,0.3546099290780142,,,,,
log:mbpp/235#2,mbpp/235,mbpp,2,3387,2026-09-19T21:12:31Z,0,0,0.75,0,0,3,horizon,0,0.5655015302114983,0.5,0,0.7161949892061491,0.5,0,0.0,4.0,0,0.3546099290780142,,,,,
log:mbpp/235#3,mbpp/235,mbpp,3,4070,2026-09-19T21:38:39Z,1,1,0.25,0,0,3,horizon,0,0.6712403701833164,0.5,1,0.3852295043470595,0.5,0,0.0,0.0,0,0.3546099290780142,,,,,
log:mbpp/235#4,mbpp/235,mbpp,4,4063,2026-09-19T21:38:09Z,1,1,0.25,0,0,3,horizon,1,0.16910325059682996,0.5,1,0.17128935317745386,0.5,0,4.0,0.0,1,0.3546099290780142,"[0, 0]","[0, 0]",0.0,8c343c83afdc,8c343c83afdc
log:mbpp/235#5,mbpp/235,mbpp,5,446,2026-09-19T19:22:11Z,0,0,0.75,0,0,3,horizon,0,0.9832805475247748,0.5,1,0.23112418630647535,0.5,0,0.0,0.0,1,0.3546099290780142,"[0, 0]","[0, 0]",0.0,8c343c83afdc,8c343c83afdc
log:mbpp/235#6,mbpp/235,mbpp,6,1766,2026-09-19T20:11:40Z,1,1,0.25,0,0,3,validated,0,0.7066023316059821,0.5,0,0.9951797654715502,0.5,0,0.0,4.0,1,0.3546099290780142,"[0, 0]","[0, 0]",0.0,8c343c83afdc,8c343c83afdc
log:mbpp/235#7,mbpp/235,mbpp,7,495,2026-09-19T19:24:19Z,0,0,0.75,0,0,3,horizon,1,0.16197849782341878,0.5,0,0.9966395907746027,0.5,0,0.0,0.0,1,0.3546099290780142,"[0, 0]","[0, 0]",0.0,8c343c83afdc,8c343c83afdc
log:mbpp/239#2,mbpp/239,mbpp,2,1935,2026-09-19T20:17:31Z,1,1,0.25,0,0,3,horizon,0,0.5339298599687675,0.5,0,0.5134745828216761,0.5,0,0.0,4.0,0,0.3546099290780142,,,,,
log:mbpp/239#6,mbpp/239,mbpp,6,358,2026-09-19T19:18:53Z,0,0,0.75,0,0,3,horizon,0,0.9950173763086763,0.5,1,0.30038783533630464,0.5,0,0.0,0.0,0,0.3546099290780142,,,,,
log:mbpp/245#1,mbpp/245,mbpp,1,828,2026-09-19T19:38:54Z,0,0,0.75,0,0,3,horizon,1,0.45559471344878866,0.5,1,0.10507254837076319,0.5,0,4.0,0.0,0,0.3546099290780142,,,,,
log:mbpp/245#3,mbpp/245,mbpp,3,2597,2026-09-19T20:42:15Z,0,0,0.75,0,0,3,horizon,1,0.19256897992937982,0.5,1,0.1686713607316408,0.5,0,4.0,0.0,0,0.3546099290780142,,,,,
log:mbpp/245#5,mbpp/245,mbpp,5,1220,2026-09-19T19:53:13Z,0,0,0.75,0,0,3,horizon,0,0.7630669532300289,0.5,0,0.7763955416108087,0.5,0,0.0,4.0,0,0.3546099290780142,,,,,
log:mbpp/245#7,mbpp/245,mbpp,7,3111,2026-09-19T21:00:35Z,1,1,0.25,0,0,3,horizon,1,0.054849457833583526,0.5,1,0.08033145422934673,0.5,0,4.0,0.0,0,0.3546099290780142,,,,,
log:mbpp/248#0,mbpp/248,mbpp,0,661,2026-09-19T19:31:28Z,0,0,0.75,0,0,3,horizon,0,0.7508899208252148,0.5,0,0.7517029862677015,0.5,0,0.0,4.0,0,0.3546099290780142,,,,,
log:mbpp/248#5,mbpp/248,mbpp,5,907,2026-09-19T19:41:26Z,0,0,0.75,0,0,3,horizon,1,0.016214650431253808,0.5,1,0.2336374352300531,0.5,0,4.0,0.0,0,0.3546099290780142,,,,,
log:mbpp/248#7,mbpp/248,mbpp,7,3916,2026-09-19T21:31:45Z,0,0,0.75,0,0,3,horizon,1,0.41599488622808645,0.5,0,0.7418526070374424,0.5,0,0.0,0.0,0,0.3546099290780142,,,,,
log:mbpp/249#0,mbpp/249,mbpp,0,3767,2026-09-19T21:26:20Z,1,1,0.25,0,0,3,horizon,1,0.16234952758388888,0.5,1,0.19373526098346094,0.5,0,4.0,0.0,0,0.3546099290780142,,,,,
log:mbpp/249#1,mbpp/249,mbpp,1,3103,2026-09-19T21:00:22Z,0,0,0.75,0,0,3,horizon,1,0.2543975151672516,0.5,1,0.1729120103244164,0.5,0,4.0,0.0,0,0.3546099290780142,,,,,
log:mbpp/249#2,mbpp/249,mbpp,2,939,2026-09-19T19:42:37Z,1,1,0.25,0,0,3,horizon,0,0.6104969065232538,0.5,1,0.4754195758097194,0.5,0,0.0,0.0,0,0.3546099290780142,,,,,
log:mbpp/249#3,mbpp/249,mbpp,3,1960,2026-09-19T20:18:19Z,0,0,0.75,0,0,3,horizon,0,0.5087832865491555,0.5,1,0.4448357226719716,0.5,0,0.0,0.0,0,0.3546099290780142,,,,,
log:mbpp/249#4,mbpp/249,mbpp,4,1233,2026-09-19T19:53:40Z,0,0,0.75,0,0,3,horizon,1,0.06623135326183316,0.5,1,0.303257382662511,0.5,0,4.0,0.0,0,0.3546099290780142,,,,,
log:mbpp/249#5,mbpp/249,mbpp,5,3994,2026-09-19T21:34:49Z,0,0,0.75,0,0,3,horizon,0,0.8113971622946765,0.5,1,0.3008423408844625,0.5,0,0.0,0.0,1,0.3546099290780142,"[0, 0]","[0, 0]",0.0,8c343c83afdc,8c343c83afdc
log:mbpp/249#6,mbpp/249,mbpp,6,2075,2026-09-19T20:23:06Z,1,1,0.25,0,0,3,horizon,0,0.9034550784726407,0.5,1,0.3132738817901076,0.5,0,0.0,0.0,1,0.3546099290780142,"[0, 1]","[0, 0]",-0.5,8c343c83afdc,8c343c83afdc
log:mbpp/249#7,mbpp/249,mbpp,7,3008,2026-09-19T20:57:27Z,1,1,0.25,0,0,3,horizon,1,0.005127148314196028,0.5,0,0.6136554896176427,0.5,1,0.0,0.0,0,0.3546099290780142,,,,,
log:mbpp/251#0,mbpp/251,mbpp,0,1767,2026-09-19T20:11:40Z,1,1,0.25,0,0,3,horizon,1,0.007373494733013741,0.5,1,0.2287248756085034,0.5,0,4.0,0.0,1,0.3546099290780142,"[0, 0]","[0, 0]",0.0,8c343c83afdc,8c343c83afdc
log:mbpp/251#1,mbpp/251,mbpp,1,601,2026-09-19T19:28:41Z,0,0,0.75,0,0,2,validated,1,0.16548166983438795,0.5,,,,1,2.0,0.0,1,0.3546099290780142,"[0, 0]","[1, 1]",1.0,8c343c83afdc,8c343c83afdc
log:mbpp/251#2,mbpp/251,mbpp,2,1045,2026-09-19T19:47:04Z,0,0,0.75,0,0,3,validated,0,0.6396717800588558,0.5,1,0.4414782230226083,0.5,1,0.0,0.0,1,0.3546099290780142,"[0, 0]","[0, 0]",0.0,8c343c83afdc,8c343c83afdc
log:mbpp/251#3,mbpp/251,mbpp,3,2539,2026-09-19T20:40:08Z,1,1,0.25,0,0,3,horizon,1,0.45290258425999164,0.5,1,0.031597539074140535,0.5,0,4.0,0.0,0,0.3546099290780142,,,,,
log:mbpp/251#4,mbpp/251,mbpp,4,4274,2026-09-19T21:47:22Z,1,1,0.25,0,0,2,validated,1,0.13691737813456872,0.5,,,,1,2.0,0.0,0,0.3546099290780142,,,,,
log:mbpp/251#5,mbpp/251,mbpp,5,156,2026-09-19T19:10:26Z,0,0,0.75,0,0,3,horizon,1,0.29880395746444866,0.5,0,0.8617532153100613,0.5,0,0.0,0.0,0,0.3546099290780142,,,,,
log:mbpp/251#6,mbpp/251,mbpp,6,2416,2026-09-19T20:36:05Z,0,0,0.75,0,0,2,validated,1,0.3579516832382633,0.5,,,,1,2.0,0.0,1,0.3546099290780142,"[0, 0]","[1, 1]",1.0,8c343c83afdc,8c343c83afdc
log:mbpp/251#7,mbpp/251,mbpp,7,1360,2026-09-19T19:58:07Z,1,1,0.25,0,0,3,horizon,0,0.7584745352734193,0.5,1,0.3593624611811371,0.5,0,0.0,0.0,0,0.3546099290780142,,,,,
log:mbpp/262#7,mbpp/262,mbpp,7,2899,2026-09-19T20:52:51Z,0,0,0.75,0,1,3,horizon,1,0.06621091100778898,0.5,1,0.3595020016748106,0.5,1,4.0,0.0,1,0.3546099290780142,"[1, 1]","[1, 1]",0.0,8c343c83afdc,8c343c83afdc
log:mbpp/274#3,mbpp/274,mbpp,3,1996,2026-09-19T20:20:03Z,1,1,0.25,0,0,2,validated,1,0.46059827472812853,0.5,,,,1,2.0,0.0,1,0.3546099290780142,"[1, 1]","[1, 1]",0.0,8c343c83afdc,8c343c83afdc
log:mbpp/278#0,mbpp/278,mbpp,0,155,2026-09-19T19:10:24Z,1,1,0.25,0,0,3,horizon,1,0.4870892341266002,0.5,0,0.7902398462134349,0.5,0,0.0,0.0,1,0.3546099290780142,"[0, 0]","[0, 0]",0.0,8c343c83afdc,8c343c83afdc
log:mbpp/278#1,mbpp/278,mbpp,1,2347,2026-09-19T20:33:33Z,0,0,0.75,0,1,3,horizon,0,0.5659410605473288,0.5,0,0.5522879520669349,0.5,1,0.0,4.0,0,0.3546099290780142,,,,,
log:mbpp/278#2,mbpp/278,mbpp,2,1064,2026-09-19T19:47:35Z,0,0,0.75,0,0,3,horizon,0,0.7584705688785789,0.5,1,0.175140863940473,0.5,0,0.0,0.0,0,0.3546099290780142,,,,,
log:mbpp/278#3,mbpp/278,mbpp,3,1690,2026-09-19T20:09:39Z,0,0,0.75,0,0,3,horizon,0,0.8367136564067723,0.5,0,0.7173011077786676,0.5,0,0.0,4.0,0,0.3546099290780142,,,,,
log:mbpp/278#4,mbpp/278,mbpp,4,3098,2026-09-19T21:00:09Z,1,1,0.25,0,1,3,horizon,1,0.4207583040244074,0.5,0,0.711688876564285,0.5,1,0.0,0.0,1,0.3546099290780142,"[1, 1]","[0, 1]",-0.5,8c343c83afdc,8c343c83afdc
log:mbpp/278#5,mbpp/278,mbpp,5,3145,2026-09-19T21:02:14Z,1,1,0.25,0,1,3,horizon,0,0.932764894543426,0.5,0,0.9430945824689123,0.5,1,0.0,4.0,1,0.3546099290780142,"[1, 1]","[1, 1]",0.0,8c343c83afdc,8c343c83afdc
log:mbpp/278#6,mbpp/278,mbpp,6,2880,2026-09-19T20:52:23Z,1,1,0.25,0,1,3,horizon,0,0.9279408255937179,0.5,1,0.004674035814634769,0.5,1,0.0,0.0,1,0.3546099290780142,"[0, 0]","[1, 1]",1.0,8c343c83afdc,8c343c83afdc
log:mbpp/278#7,mbpp/278,mbpp,7,3692,2026-09-19T21:23:57Z,0,0,0.75,0,1,3,horizon,1,0.4421163701866042,0.5,0,0.5077006470185814,0.5,1,0.0,0.0,1,0.3546099290780142,"[1, 1]","[1, 1]",0.0,8c343c83afdc,8c343c83afdc
log:mbpp/279#0,mbpp/279,mbpp,0,2175,2026-09-19T20:27:22Z,0,0,0.75,0,0,3,horizon,0,0.591224893263808,0.5,0,0.9839171228423643,0.5,0,0.0,4.0,0,0.3546099290780142,,,,,
log:mbpp/279#1,mbpp/279,mbpp,1,325,2026-09-19T19:17:45Z,0,0,0.75,0,0,3,horizon,0,0.7412968981242805,0.5,1,0.4090728883781556,0.5,0,0.0,0.0,1,0.3546099290780142,"[0, 0]","[0, 0]",0.0,8c343c83afdc,8c343c83afdc
log:mbpp/279#2,mbpp/279,mbpp,2,1350,2026-09-19T19:57:45Z,1,1,0.25,0,0,3,horizon,0,0.9930061866553259,0.5,1,0.132564559726435,0.5,0,0.0,0.0,1,0.3546099290780142,"[0, 0]","[0, 0]",0.0,8c343c83afdc,8c343c83afdc
log:mbpp/279#3,mbpp/279,mbpp,3,2833,2026-09-19T20:50:29Z,1,1,0.25,0,0,3,horizon,1,0.06576857116659729,0.5,1,0.026017098158121588,0.5,0,4.0,0.0,0,0.3546099290780142,,,,,
log:mbpp/279#4,mbpp/279,mbpp,4,2044,2026-09-19T20:21:51Z,0,0,0.75,0,0,3,horizon,1,0.2013871496731785,0.5,1,0.10884404247326074,0.5,0,4.0,0.0,0,0.3546099290780142,,,,,
log:mbpp/279#5,mbpp/279,mbpp,5,3616,2026-09-19T21:20:58Z,1,1,0.25,0,0,3,horizon,1,0.3500916755216672,0.5,0,0.8416247714214634,0.5,0,0.0,0.0,1,0.3546099290780142,"[0, 0]","[0, 0]",0.0,8c343c83afdc,8c343c83afdc
log:mbpp/279#6,mbpp/279,mbpp,6,722,2026-09-19T19:33:17Z,1,1,0.25,0,0,3,horizon,1,0.4107968175103992,0.5,1,0.05338727437817181,0.5,0,4.0,0.0,1,0.3546099290780142,"[0, 0]","[0, 0]",0.0,8c343c83afdc,8c343c83afdc
log:mbpp/279#7,mbpp/279,mbpp,7,2749,2026-09-19T20:47:47Z,0,0,0.75,0,0,3,horizon,0,0.8066881546605305,0.5,0,0.6749753803270956,0.5,0,0.0,4.0,0,0.3546099290780142,,,,,
log:mbpp/283#1,mbpp/283,mbpp,1,2371,2026-09-19T20:34:32Z,0,0,0.75,0,0,3,horizon,1,0.04630523964371558,0.5,0,0.9024947668229503,0.5,0,0.0,0.0,1,0.3546099290780142,"[0, 0]","[0, 0]",0.0,8c343c83afdc,8c343c83afdc
log:mbpp/283#7,mbpp/283,mbpp,7,160,2026-09-19T19:10:32Z,0,0,0.75,0,0,3,horizon,1,0.4196251423977686,0.5,0,0.7873446732305631,0.5,0,0.0,0.0,0,0.3546099290780142,,,,,
log:mbpp/285#0,mbpp/285,mbpp,0,1105,2026-09-19T19:49:01Z,0,0,0.75,0,1,3,validated,0,0.8221293568069364,0.5,1,0.41738923186552057,0.5,1,0.0,0.0,0,0.3546099290780142,,,,,
log:mbpp/285#1,mbpp/285,mbpp,1,2291,2026-09-19T20:31:11Z,0,0,0.75,0,0,3,horizon,0,0.5104515975703998,0.5,0,0.9611033897534362,0.5,1,0.0,4.0,0,0.3546099290780142,,,,,
log:mbpp/285#4,mbpp/285,mbpp,4,304,2026-09-19T19:16:58Z,0,0,0.75,0,0,2,validated,0,0.8518051596058281,0.5,,,,1,0.0,2.0,0,0.3546099290780142,,,,,
log:mbpp/285#5,mbpp/285,mbpp,5,1541,2026-09-19T20:04:30Z,0,0,0.75,0,1,2,validated,1,0.25609786915468224,0.5,,,,1,2.0,0.0,0,0.3546099290780142,,,,,
log:mbpp/294#0,mbpp/294,mbpp,0,1363,2026-09-19T19:58:12Z,0,0,0.75,0,0,3,horizon,1,0.28573343073538426,0.5,1,0.07803211294969958,0.5,0,4.0,0.0,0,0.3546099290780142,,,,,
log:mbpp/294#1,mbpp/294,mbpp,1,415,2026-09-19T19:20:55Z,1,1,0.25,0,0,3,horizon,1,0.09527294990165303,0.5,1,0.12567424188498377,0.5,0,4.0,0.0,0,0.3546099290780142,,,,,
log:mbpp/294#2,mbpp/294,mbpp,2,1961,2026-09-19T20:18:21Z,0,0,0.75,0,0,3,horizon,0,0.6552167098425471,0.5,1,0.3055292817217127,0.5,0,0.0,0.0,1,0.3546099290780142,"[1, 1]","[1, 1]",0.0,8c343c83afdc,8c343c83afdc
log:mbpp/294#3,mbpp/294,mbpp,3,1790,2026-09-19T20:12:47Z,1,1,0.25,0,0,3,horizon,0,0.890926586502359,0.5,0,0.9377156403934751,0.5,0,0.0,4.0,1,0.3546099290780142,"[0, 0]","[0, 0]",0.0,8c343c83afdc,8c343c83afdc
log:mbpp/294#4,mbpp/294,mbpp,4,4159,2026-09-19T21:42:17Z,1,1,0.25,0,0,3,horizon,0,0.6247873483123292,0.5,1,0.25071708406102333,0.5,0,0.0,0.0,1,0.3546099290780142,"[0, 0]","[0, 0]",0.0,8c343c83afdc,8c343c83afdc
log:mbpp/294#5,mbpp/294,mbpp,5,153,2026-09-19T19:10:23Z,1,1,0.25,0,0,3,horizon,0,0.7664269215033738,0.5,0,0.5690401947423269,0.5,0,0.0,4.0,0,0.3546099290780142,,,,,
log:mbpp/294#6,mbpp/294,mbpp,6,2897,2026-09-19T20:52:49Z,0,0,0.75,0,0,3,horizon,0,0.5771569082386631,0.5,0,0.6998015630942682,0.5,0,0.0,4.0,0,0.3546099290780142,,,,,
log:mbpp/296#2,mbpp/296,mbpp,2,4164,2026-09-19T21:42:25Z,0,0,0.75,0,0,3,horizon,0,0.624617215855431,0.5,1,0.2783107719779977,0.5,0,0.0,0.0,1,0.3546099290780142,"[0, 0]","[0, 0]",0.0,8c343c83afdc,8c343c83afdc
log:mbpp/296#5,mbpp/296,mbpp,5,3963,2026-09-19T21:33:31Z,0,0,0.75,0,0,3,validated,0,0.7456726830061433,0.5,1,0.19912229664595815,0.5,0,0.0,0.0,0,0.3546099290780142,,,,,
log:mbpp/300#0,mbpp/300,mbpp,0,1145,2026-09-19T19:50:29Z,0,0,0.75,0,0,3,horizon,1,0.07618318597650664,0.5,1,0.36700889008793436,0.5,0,4.0,0.0,0,0.3546099290780142,,,,,
log:mbpp/300#2,mbpp/300,mbpp,2,662,2026-09-19T19:31:32Z,0,0,0.75,0,0,3,validated,0,0.8994566703480116,0.5,1,0.2520397638536789,0.5,1,0.0,0.0,0,0.3546099290780142,,,,,
log:mbpp/300#3,mbpp/300,mbpp,3,2250,2026-09-19T20:30:00Z,1,1,0.25,0,0,3,horizon,1,0.3047337372682739,0.5,1,0.07392060467538197,0.5,0,4.0,0.0,0,0.3546099290780142,,,,,
log:mbpp/300#6,mbpp/300,mbpp,6,318,2026-09-19T19:17:31Z,0,0,0.75,0,0,3,horizon,0,0.9013304747315556,0.5,1,0.18730416526118254,0.5,0,0.0,0.0,0,0.3546099290780142,,,,,
log:mbpp/300#7,mbpp/300,mbpp,7,3908,2026-09-19T21:31:31Z,0,0,0.75,0,0,3,horizon,1,0.44449850062591667,0.5,0,0.6893562379729115,0.5,0,0.0,0.0,1,0.3546099290780142,"[0, 0]","[0, 0]",0.0,8c343c83afdc,8c343c83afdc
log:mbpp/304#5,mbpp/304,mbpp,5,2939,2026-09-19T20:54:57Z,1,1,0.25,0,0,3,horizon,1,0.1002894177967768,0.5,0,0.8056039114026805,0.5,0,0.0,0.0,1,0.3546099290780142,"[0, 0]","[0, 0]",0.0,8c343c83afdc,8c343c83afdc
log:mbpp/304#6,mbpp/304,mbpp,6,4202,2026-09-19T21:43:50Z,1,1,0.25,0,0,3,horizon,0,0.7680164171348732,0.5,0,0.6815226732251382,0.5,0,0.0,4.0,1,0.3546099290780142,"[0, 0]","[0, 0]",0.0,8c343c83afdc,8c343c83afdc
log:mbpp/304#7,mbpp/304,mbpp,7,3417,2026-09-19T21:14:06Z,1,1,0.25,0,0,3,horizon,1,0.2626382875094868,0.5,0,0.9941320228577195,0.5,0,0.0,0.0,1,0.3546099290780142,"[0, 0]","[0, 0]",0.0,8c343c83afdc,8c343c83afdc
log:mbpp/308#4,mbpp/308,mbpp,4,238,2026-09-19T19:14:02Z,0,0,0.75,0,0,3,horizon,0,0.7136207147326932,0.5,1,0.021902911092579136,0.5,1,0.0,0.0,1,0.3546099290780142,"[0, 0]","[0, 0]",0.0,8c343c83afdc,8c343c83afdc
log:mbpp/308#5,mbpp/308,mbpp,5,4017,2026-09-19T21:36:00Z,1,1,0.25,0,0,3,horizon,0,0.7411420175314675,0.5,0,0.681676480214699,0.5,0,0.0,4.0,0,0.3546099290780142,,,,,
log:mbpp/388#0,mbpp/388,mbpp,0,1892,2026-09-19T20:16:10Z,1,1,0.25,0,1,2,validated,1,0.08928536812361443,0.5,,,,1,2.0,0.0,0,0.3546099290780142,,,,,
log:mbpp/388#1,mbpp/388,mbpp,1,1003,2026-09-19T19:45:23Z,0,0,0.75,0,0,3,validated,0,0.5646648541655053,0.5,1,0.23576048694564467,0.5,1,0.0,0.0,1,0.3546099290780142,"[0, 0]","[0, 1]",0.5,8c343c83afdc,8c343c83afdc
log:mbpp/388#2,mbpp/388,mbpp,2,1265,2026-09-19T19:54:52Z,1,1,0.25,0,0,2,validated,1,0.026369985448663646,0.5,,,,1,2.0,0.0,0,0.3546099290780142,,,,,
log:mbpp/388#3,mbpp/388,mbpp,3,151,2026-09-19T19:10:16Z,1,1,0.25,0,1,2,validated,1,0.03419367232017134,0.5,,,,1,2.0,0.0,0,0.3546099290780142,,,,,
log:mbpp/388#4,mbpp/388,mbpp,4,2751,2026-09-19T20:47:54Z,0,0,0.75,0,1,2,validated,1,0.284725775154541,0.5,,,,1,2.0,0.0,0,0.3546099290780142,,,,,
log:mbpp/388#5,mbpp/388,mbpp,5,2390,2026-09-19T20:35:16Z,0,0,0.75,0,1,3,horizon,1,0.02096716281093669,0.5,0,0.6311161461551749,0.5,0,0.0,0.0,1,0.3546099290780142,"[1, 0]","[1, 1]",0.5,8c343c83afdc,8c343c83afdc
log:mbpp/388#6,mbpp/388,mbpp,6,2005,2026-09-19T20:20:17Z,0,0,0.75,0,1,3,validated,0,0.828056575178798,0.5,1,0.4702542541362259,0.5,1,0.0,0.0,0,0.3546099290780142,,,,,
log:mbpp/388#7,mbpp/388,mbpp,7,3086,2026-09-19T20:59:48Z,1,1,0.25,0,0,3,horizon,0,0.5263968806618906,0.5,1,0.3503334087381961,0.5,0,0.0,0.0,1,0.3546099290780142,"[0, 0]","[1, 1]",1.0,8c343c83afdc,8c343c83afdc
log:mbpp/390#0,mbpp/390,mbpp,0,2605,2026-09-19T20:42:39Z,0,0,0.75,0,0,2,validated,1,0.04285939266823968,0.5,,,,1,2.0,0.0,0,0.3546099290780142,,,,,
log:mbpp/390#1,mbpp/390,mbpp,1,1283,2026-09-19T19:55:25Z,1,1,0.25,0,0,3,horizon,1,0.09811128269230118,0.5,1,0.31855658100955087,0.5,0,4.0,0.0,0,0.3546099290780142,,,,,
log:mbpp/390#2,mbpp/390,mbpp,2,1854,2026-09-19T20:15:10Z,0,0,0.75,0,0,3,horizon,0,0.5809870178319341,0.5,0,0.5008094216903839,0.5,0,0.0,4.0,0,0.3546099290780142,,,,,
log:mbpp/390#3,mbpp/390,mbpp,3,337,2026-09-19T19:18:06Z,1,1,0.25,0,0,3,validated,0,0.9556081004926895,0.5,1,0.13213590081692594,0.5,1,0.0,0.0,0,0.3546099290780142,,,,,
log:mbpp/390#4,mbpp/390,mbpp,4,470,2026-09-19T19:23:10Z,0,0,0.75,0,0,2,validated,1,0.09593945287726546,0.5,,,,1,2.0,0.0,0,0.3546099290780142,,,,,
log:mbpp/390#5,mbpp/390,mbpp,5,1269,2026-09-19T19:54:56Z,1,1,0.25,0,0,3,validated,0,0.668482712535688,0.5,1,0.08030233307984214,0.5,1,0.0,0.0,0,0.3546099290780142,,,,,
log:mbpp/390#6,mbpp/390,mbpp,6,1276,2026-09-19T19:55:14Z,1,1,0.25,0,0,3,validated,0,0.7556802217339704,0.5,1,0.14786149242468527,0.5,1,0.0,0.0,0,0.3546099290780142,,,,,
log:mbpp/390#7,mbpp/390,mbpp,7,1144,2026-09-19T19:50:25Z,0,0,0.75,0,0,2,validated,1,0.3700497688546731,0.5,,,,1,2.0,0.0,0,0.3546099290780142,,,,,
log:mbpp/392#2,mbpp/392,mbpp,2,3100,2026-09-19T21:00:11Z,0,0,0.75,0,0,3,validated,1,0.24990181410604617,0.5,1,0.0029103759559847564,0.5,0,4.0,0.0,0,0.3546099290780142,,,,,
log:mbpp/392#4,mbpp/392,mbpp,4,4310,2026-09-19T21:48:15Z,0,0,0.75,0,0,2,validated,1,0.1649647276383691,0.5,,,,0,2.0,0.0,0,0.3546099290780142,,,,,
log:mbpp/392#6,mbpp/392,mbpp,6,2286,2026-09-19T20:30:58Z,0,0,0.75,0,0,3,horizon,0,0.6142075627389673,0.5,1,0.09152211099505148,0.5,0,0.0,0.0,1,0.3546099290780142,"[0, 0]","[0, 0]",0.0,8c343c83afdc,8c343c83afdc
log:mbpp/392#7,mbpp/392,mbpp,7,3309,2026-09-19T21:09:16Z,1,1,0.25,0,0,2,validated,0,0.8517652218635389,0.5,,,,1,0.0,2.0,1,0.3546099290780142,"[1, 1]","[0, 0]",-1.0,8c343c83afdc,8c343c83afdc
log:mbpp/409#0,mbpp/409,mbpp,0,3850,2026-09-19T21:29:11Z,0,0,0.75,0,0,3,horizon,0,0.578550795423176,0.5,0,0.6290557720914631,0.5,0,0.0,4.0,0,0.3546099290780142,,,,,
log:mbpp/409#4,mbpp/409,mbpp,4,2317,2026-09-19T20:32:28Z,0,0,0.75,0,0,3,horizon,0,0.7464617822980828,0.5,0,0.6254030299842607,0.5,0,0.0,4.0,0,0.3546099290780142,,,,,
log:mbpp/409#7,mbpp/409,mbpp,7,4451,2026-09-19T21:53:46Z,0,0,0.75,0,0,3,horizon,0,0.9334423557816489,0.5,1,0.14856371082891728,0.5,0,0.0,0.0,0,0.3546099290780142,,,,,
log:mbpp/410#1,mbpp/410,mbpp,1,853,2026-09-19T19:39:48Z,0,0,0.75,0,0,2,validated,0,0.9258553528217722,0.5,,,,1,0.0,2.0,0,0.3546099290780142,,,,,
log:mbpp/410#3,mbpp/410,mbpp,3,830,2026-09-19T19:39:06Z,1,1,0.25,0,0,2,validated,1,0.4465149068313724,0.5,,,,1,2.0,0.0,0,0.3546099290780142,,,,,
log:mbpp/410#5,mbpp/410,mbpp,5,1054,2026-09-19T19:47:22Z,0,0,0.75,0,0,2,validated,0,0.5520599252266801,0.5,,,,1,0.0,2.0,0,0.3546099290780142,,,,,
log:mbpp/410#6,mbpp/410,mbpp,6,3155,2026-09-19T21:02:54Z,1,1,0.25,0,0,3,validated,1,0.28658354650130824,0.5,1,0.3267738575834809,0.5,0,4.0,0.0,0,0.3546099290780142,,,,,
log:mbpp/410#7,mbpp/410,mbpp,7,2648,2026-09-19T20:43:50Z,0,0,0.75,0,0,3,horizon,1,0.35516676890527443,0.5,0,0.5906138211616759,0.5,1,0.0,0.0,0,0.3546099290780142,,,,,
log:mbpp/411#1,mbpp/411,mbpp,1,793,2026-09-19T19:37:13Z,0,0,0.75,0,0,3,horizon,0,0.647947547687286,0.5,0,0.9323084198809899,0.5,0,0.0,4.0,0,0.3546099290780142,,,,,
log:mbpp/411#3,mbpp/411,mbpp,3,1366,2026-09-19T19:58:16Z,1,1,0.25,0,0,3,horizon,1,0.40953623318227794,0.5,1,0.27190445820357656,0.5,0,4.0,0.0,0,0.3546099290780142,,,,,
log:mbpp/411#6,mbpp/411,mbpp,6,3071,2026-09-19T20:59:18Z,0,0,0.75,0,0,3,horizon,0,0.6116268617813284,0.5,0,0.9110746074099506,0.5,0,0.0,4.0,0,0.3546099290780142,,,,,
log:mbpp/411#7,mbpp/411,mbpp,7,669,2026-09-19T19:31:43Z,0,0,0.75,0,0,2,validated,1,0.2509553907634946,0.5,,,,1,2.0,0.0,0,0.3546099290780142,,,,,
log:mbpp/413#0,mbpp/413,mbpp,0,1956,2026-09-19T20:18:13Z,0,0,0.75,0,0,3,validated,0,0.9458071022393945,0.5,1,0.4331353871834328,0.5,1,0.0,0.0,0,0.3546099290780142,,,,,
log:mbpp/418#0,mbpp/418,mbpp,0,863,2026-09-19T19:40:03Z,1,1,0.25,0,1,3,horizon,1,0.35567707123135606,0.5,1,0.3467398036382574,0.5,1,4.0,0.0,0,0.3546099290780142,,,,,
log:mbpp/419#1,mbpp/419,mbpp,1,308,2026-09-19T19:17:08Z,1,1,0.25,0,0,3,horizon,0,0.6393604888670643,0.5,1,0.341645386833776,0.5,0,0.0,0.0,0,0.3546099290780142,,,,,
log:mbpp/419#2,mbpp/419,mbpp,2,2100,2026-09-19T20:24:26Z,1,1,0.25,0,0,2,validated,1,0.2748748997980265,0.5,,,,1,2.0,0.0,0,0.3546099290780142,,,,,
log:mbpp/420#2,mbpp/420,mbpp,2,2169,2026-09-19T20:27:11Z,0,0,0.75,0,0,3,horizon,1,0.2258256848970368,0.5,0,0.7416947082237139,0.5,0,0.0,0.0,1,0.3546099290780142,"[0, 0]","[0, 0]",0.0,8c343c83afdc,8c343c83afdc
log:mbpp/420#4,mbpp/420,mbpp,4,1769,2026-09-19T20:11:50Z,0,0,0.75,0,0,3,horizon,1,0.01486000782819219,0.5,0,0.7824192867201859,0.5,0,0.0,0.0,1,0.3546099290780142,"[0, 0]","[0, 1]",0.5,8c343c83afdc,8c343c83afdc
log:mbpp/425#3,mbpp/425,mbpp,3,3541,2026-09-19T21:18:10Z,0,0,0.75,0,0,3,validated,0,0.7031155039554576,0.5,1,0.3948998915062175,0.5,1,0.0,0.0,0,0.3546099290780142,,,,,
log:mbpp/425#6,mbpp/425,mbpp,6,997,2026-09-19T19:45:06Z,0,0,0.75,0,0,3,horizon,0,0.6414936473804128,0.5,0,0.7431123792885441,0.5,0,0.0,4.0,0,0.3546099290780142,,,,,
log:mbpp/428#0,mbpp/428,mbpp,0,3746,2026-09-19T21:25:41Z,1,1,0.25,0,0,3,horizon,0,0.8499665029871365,0.5,0,0.8929517381078943,0.5,0,0.0,4.0,1,0.3546099290780142,"[0, 0]","[0, 0]",0.0,8c343c83afdc,8c343c83afdc
log:mbpp/428#1,mbpp/428,mbpp,1,4209,2026-09-19T21:44:00Z,0,0,0.75,0,0,3,horizon,1,0.15252917790332698,0.5,0,0.5233340099196514,0.5,0,0.0,0.0,0,0.3546099290780142,,,,,
log:mbpp/428#3,mbpp/428,mbpp,3,2232,2026-09-19T20:29:09Z,1,1,0.25,0,0,3,horizon,0,0.5920321369527196,0.5,1,0.4733331384366708,0.5,0,0.0,0.0,0,0.3546099290780142,,,,,
log:mbpp/428#5,mbpp/428,mbpp,5,782,2026-09-19T19:36:27Z,1,1,0.25,0,0,3,horizon,0,0.9983727522705508,0.5,1,0.20178813347313085,0.5,0,0.0,0.0,1,0.3546099290780142,"[0, 0]","[0, 0]",0.0,8c343c83afdc,8c343c83afdc
log:mbpp/428#7,mbpp/428,mbpp,7,2756,2026-09-19T20:48:00Z,1,1,0.25,0,0,3,horizon,0,0.9887612818136886,0.5,1,0.43096848741855576,0.5,0,0.0,0.0,0,0.3546099290780142,,,,,
log:mbpp/429#0,mbpp/429,mbpp,0,4013,2026-09-19T21:35:56Z,1,1,0.25,0,0,3,horizon,0,0.9875554757444286,0.5,0,0.8090024508835558,0.5,0,0.0,4.0,0,0.3546099290780142,,,,,
log:mbpp/429#1,mbpp/429,mbpp,1,694,2026-09-19T19:32:19Z,1,1,0.25,0,0,3,horizon,0,0.5163165681252057,0.5,0,0.7531196122903989,0.5,0,0.0,4.0,0,0.3546099290780142,,,,,
log:mbpp/429#2,mbpp/429,mbpp,2,237,2026-09-19T19:13:56Z,1,1,0.25,0,0,2,validated,1,0.4313907925115228,0.5,,,,1,2.0,0.0,1,0.3546099290780142,"[0, 1]","[1, 1]",0.5,8c343c83afdc,8c343c83afdc
log:mbpp/429#3,mbpp/429,mbpp,3,3258,2026-09-19T21:07:15Z,0,0,0.75,0,0,3,validated,1,0.39700590518364165,0.5,0,0.7509593750317508,0.5,1,0.0,0.0,0,0.3546099290780142,,,,,
log:mbpp/429#4,mbpp/429,mbpp,4,3116,2026-09-19T21:00:53Z,0,0,0.75,0,0,2,validated,0,0.776892896799464,0.5,,,,1,0.0,2.0,0,0.3546099290780142,,,,,
log:mbpp/429#5,mbpp/429,mbpp,5,2689,2026-09-19T20:45:23Z,0,0,0.75,0,0,2,validated,1,0.09235410066028327,0.5,,,,1,2.0,0.0,1,0.3546099290780142,"[0, 1]","[1, 1]",0.5,8c343c83afdc,8c343c83afdc
log:mbpp/429#6,mbpp/429,mbpp,6,3238,2026-09-19T21:06:07Z,1,1,0.25,0,0,3,horizon,0,0.7060819880741913,0.5,0,0.8939611908203027,0.5,0,0.0,4.0,1,0.3546099290780142,"[0, 1]","[1, 1]",0.5,8c343c83afdc,8c343c83afdc
log:mbpp/429#7,mbpp/429,mbpp,7,3836,2026-09-19T21:28:42Z,0,0,0.75,0,0,2,validated,1,0.22831806041890468,0.5,,,,1,2.0,0.0,0,0.3546099290780142,,,,,
log:mbpp/433#2,mbpp/433,mbpp,2,3700,2026-09-19T21:24:16Z,0,0,0.75,0,0,3,horizon,0,0.8163079900521718,0.5,0,0.7140551943056842,0.5,0,0.0,4.0,0,0.3546099290780142,,,,,
log:mbpp/450#1,mbpp/450,mbpp,1,1167,2026-09-19T19:51:15Z,0,0,0.75,0,0,2,validated,1,0.21315403818945855,0.5,,,,1,2.0,0.0,0,0.3546099290780142,,,,,
log:mbpp/450#2,mbpp/450,mbpp,2,2524,2026-09-19T20:39:22Z,0,0,0.75,0,0,2,validated,1,0.2902125193069487,0.5,,,,1,2.0,0.0,1,0.3546099290780142,"[0, 0]","[1, 1]",1.0,8c343c83afdc,8c343c83afdc
log:mbpp/450#3,mbpp/450,mbpp,3,1617,2026-09-19T20:07:07Z,0,0,0.75,0,0,2,validated,1,0.08836308343358146,0.5,,,,1,2.0,0.0,0,0.3546099290780142,,,,,
log:mbpp/450#5,mbpp/450,mbpp,5,348,2026-09-19T19:18:31Z,0,0,0.75,0,0,3,horizon,0,0.5016834597288867,0.5,1,0.17150534773675785,0.5,0,0.0,0.0,0,0.3546099290780142,,,,,
log:mbpp/452#0,mbpp/452,mbpp,0,3847,2026-09-19T21:29:05Z,0,0,0.75,0,0,3,horizon,0,0.533898978736542,0.5,0,0.534279025245545,0.5,0,0.0,4.0,0,0.3546099290780142,,,,,
log:mbpp/452#1,mbpp/452,mbpp,1,686,2026-09-19T19:32:07Z,1,1,0.25,0,0,3,horizon,1,0.24770613041787592,0.5,0,0.6275736527591519,0.5,0,0.0,0.0,0,0.3546099290780142,,,,,
log:mbpp/452#2,mbpp/452,mbpp,2,4167,2026-09-19T21:42:33Z,1,1,0.25,0,0,3,horizon,1,0.04989563866875646,0.5,0,0.5333830018781369,0.5,0,0.0,0.0,0,0.3546099290780142,,,,,
log:mbpp/452#3,mbpp/452,mbpp,3,3564,2026-09-19T21:19:11Z,1,1,0.25,0,0,3,horizon,0,0.9204275603457979,0.5,0,0.9276862742264737,0.5,0,0.0,4.0,0,0.3546099290780142,,,,,
log:mbpp/452#4,mbpp/452,mbpp,4,2593,2026-09-19T20:42:08Z,0,0,0.75,0,0,3,horizon,1,0.4709167998720364,0.5,1,0.09587861631224348,0.5,0,4.0,0.0,0,0.3546099290780142,,,,,
log:mbpp/452#5,mbpp/452,mbpp,5,2160,2026-09-19T20:26:53Z,1,1,0.25,0,0,3,horizon,0,0.6562588943059847,0.5,1,0.04436075311199539,0.5,0,0.0,0.0,0,0.3546099290780142,,,,,
log:mbpp/452#7,mbpp/452,mbpp,7,3823,2026-09-19T21:28:17Z,0,0,0.75,0,0,3,horizon,0,0.90826962234125,0.5,1,0.12771705974726522,0.5,0,0.0,0.0,0,0.3546099290780142,,,,,
log:mbpp/453#0,mbpp/453,mbpp,0,639,2026-09-19T19:30:24Z,1,1,0.25,0,0,3,horizon,0,0.6192605148542113,0.5,1,0.23094880476325474,0.5,0,0.0,0.0,1,0.3546099290780142,"[0, 0]","[0, 0]",0.0,8c343c83afdc,8c343c83afdc
log:mbpp/453#1,mbpp/453,mbpp,1,2966,2026-09-19T20:55:44Z,0,0,0.75,0,0,3,horizon,0,0.8400731967945899,0.5,1,0.43998983815119463,0.5,0,0.0,0.0,0,0.3546099290780142,,,,,
log:mbpp/453#2,mbpp/453,mbpp,2,482,2026-09-19T19:23:49Z,1,1,0.25,0,1,3,horizon,0,0.6059410423477992,0.5,0,0.5479137745679368,0.5,0,0.0,4.0,0,0.3546099290780142,,,,,
log:mbpp/453#3,mbpp/453,mbpp,3,3310,2026-09-19T21:09:16Z,1,1,0.25,0,0,3,horizon,0,0.6932804961697788,0.5,1,0.4872161169208844,0.5,0,0.0,0.0,0,0.3546099290780142,,,,,
log:mbpp/453#4,mbpp/453,mbpp,4,430,2026-09-19T19:21:36Z,0,0,0.75,0,0,3,horizon,1,0.30872193559710637,0.5,0,0.8710380027540928,0.5,0,0.0,0.0,0,0.3546099290780142,,,,,
log:mbpp/453#5,mbpp/453,mbpp,5,306,2026-09-19T19:17:04Z,1,1,0.25,0,0,3,horizon,1,0.30392874724207497,0.5,0,0.8809825154787476,0.5,0,0.0,0.0,0,0.3546099290780142,,,,,
log:mbpp/453#6,mbpp/453,mbpp,6,4144,2026-09-19T21:41:36Z,0,0,0.75,0,0,3,horizon,0,0.679224848866548,0.5,0,0.9459264533898806,0.5,0,0.0,4.0,0,0.3546099290780142,,,,,
log:mbpp/453#7,mbpp/453,mbpp,7,2240,2026-09-19T20:29:30Z,0,0,0.75,0,0,3,horizon,0,0.5535264328855649,0.5,0,0.8637108746311178,0.5,0,0.0,4.0,1,0.3546099290780142,"[0, 0]","[0, 0]",0.0,8c343c83afdc,8c343c83afdc
log:mbpp/457#4,mbpp/457,mbpp,4,2030,2026-09-19T20:21:17Z,1,1,0.25,0,1,2,validated,1,0.027360552600925736,0.5,,,,1,2.0,0.0,0,0.3546099290780142,,,,,
log:mbpp/457#5,mbpp/457,mbpp,5,288,2026-09-19T19:16:24Z,1,1,0.25,0,1,3,validated,1,0.025007662156915633,0.5,1,0.19421098491277433,0.5,1,4.0,0.0,0,0.3546099290780142,,,,,
log:mbpp/457#6,mbpp/457,mbpp,6,3027,2026-09-19T20:57:59Z,1,1,0.25,0,0,3,horizon,1,0.02658644844696234,0.5,1,0.3446048345109344,0.5,0,4.0,0.0,0,0.3546099290780142,,,,,
log:mbpp/461#0,mbpp/461,mbpp,0,3920,2026-09-19T21:31:54Z,0,0,0.75,0,0,3,horizon,1,0.3313188642225946,0.5,0,0.5299985814724996,0.5,0,0.0,0.0,1,0.3546099290780142,"[0, 0]","[0, 0]",0.0,8c343c83afdc,8c343c83afdc
log:mbpp/461#1,mbpp/461,mbpp,1,2406,2026-09-19T20:35:48Z,0,0,0.75,0,0,3,horizon,1,0.17456413689068162,0.5,1,0.14905269790023346,0.5,0,4.0,0.0,1,0.3546099290780142,"[0, 0]","[0, 0]",0.0,8c343c83afdc,8c343c83afdc
log:mbpp/461#2,mbpp/461,mbpp,2,3940,2026-09-19T21:32:33Z,0,0,0.75,0,0,3,horizon,0,0.9440337069027913,0.5,0,0.7542886184033089,0.5,0,0.0,4.0,0,0.3546099290780142,,,,,
log:mbpp/461#3,mbpp/461,mbpp,3,1398,2026-09-19T19:59:16Z,1,1,0.25,0,0,3,horizon,0,0.9129716265395517,0.5,1,0.41593244041544886,0.5,0,0.0,0.0,0,0.3546099290780142,,,,,
log:mbpp/461#4,mbpp/461,mbpp,4,1298,2026-09-19T19:55:48Z,1,1,0.25,0,0,3,horizon,1,0.15762868894234416,0.5,1,0.014004917188568444,0.5,0,4.0,0.0,0,0.3546099290780142,,,,,
log:mbpp/461#5,mbpp/461,mbpp,5,4161,2026-09-19T21:42:18Z,0,0,0.75,0,0,3,horizon,1,0.3294166947109709,0.5,1,0.1543335661588937,0.5,0,4.0,0.0,0,0.3546099290780142,,,,,
log:mbpp/461#6,mbpp/461,mbpp,6,1048,2026-09-19T19:47:08Z,1,1,0.25,0,0,3,horizon,1,0.4288081846355182,0.5,0,0.9151983322928978,0.5,0,0.0,0.0,1,0.3546099290780142,"[0, 0]","[0, 0]",0.0,8c343c83afdc,8c343c83afdc
log:mbpp/461#7,mbpp/461,mbpp,7,499,2026-09-19T19:24:44Z,1,1,0.25,0,0,3,horizon,0,0.6921673835214311,0.5,0,0.8253849052055391,0.5,0,0.0,4.0,0,0.3546099290780142,,,,,
log:mbpp/463#7,mbpp/463,mbpp,7,1688,2026-09-19T20:09:28Z,0,0,0.75,0,0,3,horizon,0,0.5029145205621447,0.5,0,0.7035648504448738,0.5,0,0.0,4.0,0,0.3546099290780142,,,,,
log:mbpp/472#0,mbpp/472,mbpp,0,4326,2026-09-19T21:48:48Z,0,0,0.75,0,0,3,horizon,0,0.7647798078808052,0.5,0,0.5617022077003365,0.5,0,0.0,4.0,1,0.3546099290780142,"[1, 0]","[0, 0]",-0.5,8c343c83afdc,8c343c83afdc
log:mbpp/472#1,mbpp/472,mbpp,1,3331,2026-09-19T21:10:15Z,1,1,0.25,0,1,3,validated,0,0.5438179914137884,0.5,1,0.16370207832944605,0.5,1,0.0,0.0,0,0.3546099290780142,,,,,
log:mbpp/472#7,mbpp/472,mbpp,7,385,2026-09-19T19:19:46Z,0,0,0.75,0,0,3,validated,1,0.136201163968115,0.5,1,0.03439778437966967,0.5,0,4.0,0.0,0,0.3546099290780142,,,,,
log:mbpp/562#1,mbpp/562,mbpp,1,411,2026-09-19T19:20:48Z,0,0,0.75,0,0,2,validated,1,0.24306922506106832,0.5,,,,1,2.0,0.0,1,0.3546099290780142,"[0, 1]","[0, 0]",-0.5,8c343c83afdc,8c343c83afdc
log:mbpp/562#3,mbpp/562,mbpp,3,3508,2026-09-19T21:17:03Z,0,0,0.75,0,0,3,horizon,1,0.47016876712619105,0.5,1,0.13155405403214715,0.5,0,4.0,0.0,1,0.3546099290780142,"[0, 0]","[0, 0]",0.0,8c343c83afdc,8c343c83afdc
log:mbpp/562#6,mbpp/562,mbpp,6,2823,2026-09-19T20:50:10Z,0,0,0.75,0,0,3,horizon,0,0.7484709106461823,0.5,0,0.9657076880141561,0.5,0,0.0,4.0,0,0.3546099290780142,,,,,
log:mbpp/564#0,mbpp/564,mbpp,0,3254,2026-09-19T21:06:54Z,0,0,0.75,0,0,3,horizon,1,0.4987737861359506,0.5,1,0.4462029900865603,0.5,0,4.0,0.0,0,0.3546099290780142,,,,,
log:mbpp/564#2,mbpp/564,mbpp,2,905,2026-09-19T19:41:21Z,0,0,0.75,0,0,3,horizon,1,0.05479934270701736,0.5,0,0.5972529541342745,0.5,0,0.0,0.0,0,0.3546099290780142,,,,,
log:mbpp/564#3,mbpp/564,mbpp,3,818,2026-09-19T19:38:29Z,1,1,0.25,0,0,3,horizon,0,0.7132347800062542,0.5,1,0.0588428754059479,0.5,0,0.0,0.0,0,0.3546099290780142,,,,,
log:mbpp/564#4,mbpp/564,mbpp,4,2527,2026-09-19T20:39:32Z,1,1,0.25,0,0,3,horizon,1,0.4886682266384681,0.5,0,0.9730647561161002,0.5,0,0.0,0.0,1,0.3546099290780142,"[0, 0]","[0, 0]",0.0,8c343c83afdc,8c343c83afdc
log:mbpp/564#5,mbpp/564,mbpp,5,3535,2026-09-19T21:17:59Z,0,0,0.75,0,0,3,horizon,1,0.24144494976939435,0.5,1,0.3828939261320936,0.5,0,4.0,0.0,0,0.3546099290780142,,,,,
log:mbpp/564#7,mbpp/564,mbpp,7,1463,2026-09-19T20:01:39Z,1,1,0.25,0,0,3,horizon,1,0.2842071691611797,0.5,1,0.010634191397451365,0.5,0,4.0,0.0,0,0.3546099290780142,,,,,
log:mbpp/57#1,mbpp/57,mbpp,1,772,2026-09-19T19:36:10Z,1,1,0.25,0,0,2,validated,0,0.6685229806847393,0.5,,,,1,0.0,2.0,1,0.3546099290780142,"[0, 1]","[1, 0]",0.0,8c343c83afdc,8c343c83afdc
log:mbpp/57#3,mbpp/57,mbpp,3,2587,2026-09-19T20:41:59Z,0,0,0.75,0,1,3,horizon,0,0.505977057486063,0.5,0,0.9144548271230285,0.5,1,0.0,4.0,1,0.3546099290780142,"[1, 1]","[1, 1]",0.0,8c343c83afdc,8c343c83afdc
log:mbpp/572#0,mbpp/572,mbpp,0,1591,2026-09-19T20:06:17Z,0,0,0.75,0,0,3,horizon,1,0.26886746449193466,0.5,1,0.20650737657814022,0.5,0,4.0,0.0,1,0.3546099290780142,"[0, 0]","[0, 0]",0.0,8c343c83afdc,8c343c83afdc
log:mbpp/572#1,mbpp/572,mbpp,1,3191,2026-09-19T21:04:15Z,0,0,0.75,0,0,3,horizon,0,0.5929040643234212,0.5,0,0.966116478624167,0.5,0,0.0,4.0,1,0.3546099290780142,"[0, 0]","[0, 0]",0.0,8c343c83afdc,8c343c83afdc
log:mbpp/572#2,mbpp/572,mbpp,2,1282,2026-09-19T19:55:24Z,1,1,0.25,0,1,3,horizon,1,0.3332892712130433,0.5,1,0.22518055656036706,0.5,0,4.0,0.0,0,0.3546099290780142,,,,,
log:mbpp/572#3,mbpp/572,mbpp,3,1500,2026-09-19T20:02:46Z,1,1,0.25,0,1,3,horizon,0,0.7140657775217983,0.5,1,0.4592866809590377,0.5,1,0.0,0.0,1,0.3546099290780142,"[0, 0]","[0, 0]",0.0,8c343c83afdc,8c343c83afdc
log:mbpp/572#5,mbpp/572,mbpp,5,3074,2026-09-19T20:59:25Z,0,0,0.75,0,0,3,horizon,1,0.45627170276878615,0.5,0,0.8359982096337797,0.5,0,0.0,0.0,0,0.3546099290780142,,,,,
log:mbpp/572#7,mbpp/572,mbpp,7,1447,2026-09-19T20:01:02Z,0,0,0.75,0,0,3,horizon,0,0.5516874272346703,0.5,1,0.15115809053531226,0.5,0,0.0,0.0,0,0.3546099290780142,,,,,
log:mbpp/573#0,mbpp/573,mbpp,0,3302,2026-09-19T21:09:08Z,0,0,0.75,0,0,3,horizon,0,0.5962512135995907,0.5,0,0.5200156848714771,0.5,0,0.0,4.0,0,0.3546099290780142,,,,,
log:mbpp/573#1,mbpp/573,mbpp,1,2345,2026-09-19T20:33:23Z,0,0,0.75,0,0,3,horizon,0,0.6607898396306322,0.5,0,0.8085251711379172,0.5,0,0.0,4.0,0,0.3546099290780142,,,,,
log:mbpp/573#2,mbpp/573,mbpp,2,878,2026-09-19T19:40:27Z,1,1,0.25,0,0,3,horizon,1,0.1680506398541315,0.5,0,0.5233284459994909,0.5,0,0.0,0.0,1,0.3546099290780142,"[0, 0]","[0, 0]",0.0,8c343c83afdc,8c343c83afdc
log:mbpp/573#4,mbpp/573,mbpp,4,3721,2026-09-19T21:24:50Z,1,1,0.25,0,0,3,horizon,1,0.4319026742996389,0.5,0,0.536587739033434,0.5,0,0.0,0.0,0,0.3546099290780142,,,,,
log:mbpp/573#7,mbpp/573,mbpp,7,3181,2026-09-19T21:03:53Z,1,1,0.25,0,0,3,horizon,1,0.10140998988044414,0.5,0,0.9726619285978498,0.5,0,0.0,0.0,0,0.3546099290780142,,,,,
log:mbpp/583#0,mbpp/583,mbpp,0,3790,2026-09-19T21:27:06Z,1,1,0.25,0,1,2,validated,0,0.9008427525575432,0.5,,,,1,0.0,2.0,0,0.3546099290780142,,,,,
log:mbpp/583#1,mbpp/583,mbpp,1,3260,2026-09-19T21:07:24Z,1,1,0.25,0,1,2,validated,0,0.8358041907994246,0.5,,,,1,0.0,2.0,0,0.3546099290780142,,,,,
log:mbpp/583#7,mbpp/583,mbpp,7,4341,2026-09-19T21:49:28Z,1,1,0.25,0,1,2,validated,0,0.896834254997605,0.5,,,,1,0.0,2.0,0,0.3546099290780142,,,,,
log:mbpp/589#1,mbpp/589,mbpp,1,2737,2026-09-19T20:47:10Z,0,0,0.75,0,0,3,validated,0,0.8529732183137987,0.5,1,0.38506465520242505,0.5,1,0.0,0.0,0,0.3546099290780142,,,,,
log:mbpp/589#3,mbpp/589,mbpp,3,2048,2026-09-19T20:22:15Z,0,0,0.75,0,0,2,validated,1,0.44682628007284475,0.5,,,,0,2.0,0.0,0,0.3546099290780142,,,,,
log:mbpp/589#7,mbpp/589,mbpp,7,316,2026-09-19T19:17:24Z,1,1,0.25,0,0,3,validated,0,0.8055830408334688,0.5,1,0.4010853339967486,0.5,1,0.0,0.0,1,0.3546099290780142,"[0, 0]","[1, 1]",1.0,8c343c83afdc,8c343c83afdc
log:mbpp/59#0,mbpp/59,mbpp,0,528,2026-09-19T19:25:50Z,0,0,0.75,0,0,3,horizon,0,0.5794504401722148,0.5,1,0.24822359807514405,0.5,0,0.0,0.0,1,0.3546099290780142,"[0, 0]","[0, 0]",0.0,8c343c83afdc,8c343c83afdc
log:mbpp/59#1,mbpp/59,mbpp,1,3829,2026-09-19T21:28:33Z,1,1,0.25,0,0,3,horizon,0,0.875451545529656,0.5,0,0.6665940343615241,0.5,0,0.0,4.0,1,0.3546099290780142,"[0, 0]","[0, 0]",0.0,8c343c83afdc,8c343c83afdc
log:mbpp/59#2,mbpp/59,mbpp,2,4409,2026-09-19T21:52:09Z,1,1,0.25,0,0,3,horizon,1,0.24359072461993714,0.5,0,0.7024955930467272,0.5,0,0.0,0.0,1,0.3546099290780142,"[0, 0]","[0, 0]",0.0,8c343c83afdc,8c343c83afdc
log:mbpp/59#3,mbpp/59,mbpp,3,3661,2026-09-19T21:22:48Z,0,0,0.75,0,0,3,horizon,1,0.25137932668432805,0.5,0,0.5069880207164336,0.5,0,0.0,0.0,0,0.3546099290780142,,,,,
log:mbpp/59#4,mbpp/59,mbpp,4,3196,2026-09-19T21:04:35Z,1,1,0.25,0,0,3,horizon,1,0.36978462601813644,0.5,0,0.5498218724141944,0.5,0,0.0,0.0,0,0.3546099290780142,,,,,
log:mbpp/59#5,mbpp/59,mbpp,5,266,2026-09-19T19:15:23Z,0,0,0.75,0,0,3,horizon,1,0.1831219536397528,0.5,0,0.8154438791794009,0.5,0,0.0,0.0,0,0.3546099290780142,,,,,
log:mbpp/59#7,mbpp/59,mbpp,7,2090,2026-09-19T20:24:04Z,1,1,0.25,0,0,3,horizon,0,0.5202847768419384,0.5,0,0.595689296161308,0.5,0,0.0,4.0,0,0.3546099290780142,,,,,
log:mbpp/591#3,mbpp/591,mbpp,3,1571,2026-09-19T20:05:35Z,0,0,0.75,0,1,2,validated,1,0.47535513741221236,0.5,,,,1,2.0,0.0,1,0.3546099290780142,"[1, 1]","[1, 1]",0.0,8c343c83afdc,8c343c83afdc
log:mbpp/591#4,mbpp/591,mbpp,4,3973,2026-09-19T21:33:57Z,0,0,0.75,0,0,3,horizon,0,0.9908347726537239,0.5,0,0.6832350897089817,0.5,0,0.0,4.0,1,0.3546099290780142,"[0, 0]","[1, 1]",1.0,8c343c83afdc,8c343c83afdc
log:mbpp/591#5,mbpp/591,mbpp,5,2720,2026-09-19T20:46:38Z,1,1,0.25,0,0,2,validated,1,0.4534808657973055,0.5,,,,1,2.0,0.0,0,0.3546099290780142,,,,,
log:mbpp/596#2,mbpp/596,mbpp,2,1129,2026-09-19T19:49:46Z,0,0,0.75,0,0,3,horizon,1,0.2819672574936385,0.5,0,0.5295564836106555,0.5,0,0.0,0.0,0,0.3546099290780142,,,,,
log:mbpp/596#4,mbpp/596,mbpp,4,4382,2026-09-19T21:50:55Z,0,0,0.75,0,0,3,horizon,0,0.6236602090792439,0.5,1,0.4193223828090241,0.5,0,0.0,0.0,1,0.3546099290780142,"[0, 0]","[1, 0]",0.5,8c343c83afdc,8c343c83afdc
log:mbpp/596#6,mbpp/596,mbpp,6,1953,2026-09-19T20:18:09Z,0,0,0.75,0,0,3,horizon,0,0.6988987012100919,0.5,0,0.5486301324540482,0.5,0,0.0,4.0,0,0.3546099290780142,,,,,
log:mbpp/597#0,mbpp/597,mbpp,0,1429,2026-09-19T20:00:23Z,0,0,0.75,0,0,2,validated,1,0.04601995047861407,0.5,,,,1,2.0,0.0,1,0.3546099290780142,"[0, 0]","[1, 1]",1.0,8c343c83afdc,8c343c83afdc
log:mbpp/597#1,mbpp/597,mbpp,1,2008,2026-09-19T20:20:25Z,0,0,0.75,0,0,3,horizon,1,0.38163593105315374,0.5,1,0.48666404615033376,0.5,0,4.0,0.0,1,0.3546099290780142,"[0, 0]","[1, 1]",1.0,8c343c83afdc,8c343c83afdc
log:mbpp/597#2,mbpp/597,mbpp,2,274,2026-09-19T19:15:37Z,0,0,0.75,0,0,3,horizon,1,0.3891039810377891,0.5,0,0.6131851660922286,0.5,0,0.0,0.0,1,0.3546099290780142,"[0, 0]","[0, 0]",0.0,8c343c83afdc,8c343c83afdc
log:mbpp/597#3,mbpp/597,mbpp,3,1589,2026-09-19T20:06:04Z,0,0,0.75,0,0,3,horizon,0,0.7454992585361295,0.5,0,0.8576994089824325,0.5,0,0.0,4.0,0,0.3546099290780142,,,,,
log:mbpp/597#4,mbpp/597,mbpp,4,1396,2026-09-19T19:59:10Z,1,1,0.25,0,1,3,validated,0,0.5332901911185699,0.5,1,0.22080739594793897,0.5,1,0.0,0.0,0,0.3546099290780142,,,,,
log:mbpp/597#6,mbpp/597,mbpp,6,2073,2026-09-19T20:23:04Z,1,1,0.25,0,0,3,horizon,0,0.804249272371294,0.5,0,0.71092715575243,0.5,0,0.0,4.0,1,0.3546099290780142,"[0, 0]","[0, 0]",0.0,8c343c83afdc,8c343c83afdc
log:mbpp/597#7,mbpp/597,mbpp,7,3635,2026-09-19T21:21:39Z,1,1,0.25,0,0,3,horizon,1,0.15515116329615297,0.5,0,0.797482400005003,0.5,0,0.0,0.0,1,0.3546099290780142,"[0, 0]","[0, 0]",0.0,8c343c83afdc,8c343c83afdc
log:mbpp/604#3,mbpp/604,mbpp,3,95,2026-09-19T19:08:22Z,0,0,0.75,0,0,3,horizon,0,0.5673604734963039,0.5,0,0.9877190383753551,0.5,0,0.0,4.0,1,0.3546099290780142,"[0, 0]","[0, 0]",0.0,8c343c83afdc,8c343c83afdc
log:mbpp/608#5,mbpp/608,mbpp,5,1921,2026-09-19T20:17:04Z,0,0,0.75,0,0,2,validated,0,0.7310634800189577,0.5,,,,0,0.0,2.0,1,0.3546099290780142,"[0, 0]","[0, 0]",0.0,8c343c83afdc,8c343c83afdc
log:mbpp/610#5,mbpp/610,mbpp,5,1559,2026-09-19T20:05:10Z,1,1,0.25,0,0,3,horizon,0,0.6347400933210492,0.5,0,0.7643617675730692,0.5,0,0.0,4.0,1,0.3546099290780142,"[0, 0]","[0, 0]",0.0,8c343c83afdc,8c343c83afdc
log:mbpp/622#0,mbpp/622,mbpp,0,756,2026-09-19T19:34:54Z,1,1,0.25,0,0,3,horizon,0,0.6876190021133365,0.5,0,0.7325100939375878,0.5,0,0.0,4.0,0,0.3546099290780142,,,,,
log:mbpp/622#1,mbpp/622,mbpp,1,1132,2026-09-19T19:49:58Z,0,0,0.75,0,0,3,horizon,0,0.754009392961495,0.5,0,0.9304111602370688,0.5,0,0.0,4.0,0,0.3546099290780142,,,,,
log:mbpp/622#2,mbpp/622,mbpp,2,1747,2026-09-19T20:11:03Z,1,1,0.25,0,0,3,horizon,1,0.0653660463489465,0.5,0,0.5671529747041993,0.5,0,0.0,0.0,0,0.3546099290780142,,,,,
log:mbpp/622#3,mbpp/622,mbpp,3,2900,2026-09-19T20:52:54Z,1,1,0.25,0,0,3,horizon,1,0.1750994005877493,0.5,1,0.06304911936871815,0.5,0,4.0,0.0,1,0.3546099290780142,"[0, 0]","[0, 0]",0.0,8c343c83afdc,8c343c83afdc
log:mbpp/622#4,mbpp/622,mbpp,4,2144,2026-09-19T20:25:57Z,1,1,0.25,0,0,3,horizon,1,0.3080449319641806,0.5,1,0.2326235048398565,0.5,0,4.0,0.0,1,0.3546099290780142,"[0, 0]","[0, 0]",0.0,8c343c83afdc,8c343c83afdc
log:mbpp/622#5,mbpp/622,mbpp,5,4298,2026-09-19T21:47:56Z,0,0,0.75,0,0,3,horizon,1,0.2682845212012649,0.5,0,0.5815466416005972,0.5,0,0.0,0.0,1,0.3546099290780142,"[0, 0]","[0, 0]",0.0,8c343c83afdc,8c343c83afdc
log:mbpp/622#6,mbpp/622,mbpp,6,1826,2026-09-19T20:14:12Z,0,0,0.75,0,0,3,horizon,0,0.8127588046033116,0.5,1,0.30605843134269695,0.5,0,0.0,0.0,0,0.3546099290780142,,,,,
log:mbpp/622#7,mbpp/622,mbpp,7,3114,2026-09-19T21:00:38Z,0,0,0.75,0,0,3,horizon,1,0.3081509796994485,0.5,1,0.15525913914935652,0.5,0,4.0,0.0,0,0.3546099290780142,,,,,
log:mbpp/63#1,mbpp/63,mbpp,1,554,2026-09-19T19:26:50Z,1,1,0.25,0,0,2,validated,1,0.3714465476472172,0.5,,,,0,2.0,0.0,0,0.3546099290780142,,,,,
log:mbpp/63#4,mbpp/63,mbpp,4,3968,2026-09-19T21:33:41Z,0,0,0.75,0,0,2,validated,1,0.14952189912071934,0.5,,,,0,2.0,0.0,0,0.3546099290780142,,,,,
log:mbpp/63#5,mbpp/63,mbpp,5,2488,2026-09-19T20:38:19Z,0,0,0.75,0,0,2,validated,1,0.18600200977638748,0.5,,,,0,2.0,0.0,1,0.3546099290780142,"[0, 0]","[0, 0]",0.0,8c343c83afdc,8c343c83afdc
log:mbpp/63#6,mbpp/63,mbpp,6,2746,2026-09-19T20:47:41Z,0,0,0.75,0,0,2,validated,1,0.42363923503553524,0.5,,,,0,2.0,0.0,0,0.3546099290780142,,,,,
log:mbpp/63#7,mbpp/63,mbpp,7,1536,2026-09-19T20:04:23Z,1,1,0.25,0,0,2,validated,1,0.4136102803690618,0.5,,,,0,2.0,0.0,0,0.3546099290780142,,,,,
log:mbpp/641#0,mbpp/641,mbpp,0,3557,2026-09-19T21:18:55Z,0,0,0.75,0,0,3,horizon,0,0.593761626398567,0.5,1,0.4212494524203706,0.5,0,0.0,0.0,0,0.3546099290780142,,,,,
log:mbpp/641#1,mbpp/641,mbpp,1,3003,2026-09-19T20:57:07Z,1,1,0.25,0,0,3,horizon,1,0.20591769740651966,0.5,1,0.2464742339998699,0.5,0,4.0,0.0,0,0.3546099290780142,,,,,
log:mbpp/641#2,mbpp/641,mbpp,2,1285,2026-09-19T19:55:29Z,1,1,0.25,0,0,3,horizon,1,0.21727806043213782,0.5,0,0.6074747506470757,0.5,0,0.0,0.0,1,0.3546099290780142,"[0, 0]","[0, 0]",0.0,8c343c83afdc,8c343c83afdc
log:mbpp/641#3,mbpp/641,mbpp,3,596,2026-09-19T19:28:25Z,0,0,0.75,0,0,3,horizon,1,0.16357975539823755,0.5,1,0.09615301820192035,0.5,0,4.0,0.0,1,0.3546099290780142,"[0, 0]","[0, 0]",0.0,8c343c83afdc,8c343c83afdc
log:mbpp/641#6,mbpp/641,mbpp,6,59,2026-09-19T19:07:17Z,0,0,0.75,0,1,3,horizon,0,0.5405169508719757,0.5,1,0.15132712720031505,0.5,0,0.0,0.0,1,0.3546099290780142,"[1, 1]","[1, 1]",0.0,8c343c83afdc,8c343c83afdc
log:mbpp/641#7,mbpp/641,mbpp,7,3232,2026-09-19T21:05:56Z,1,1,0.25,0,0,3,horizon,0,0.9988986975401297,0.5,1,0.17717199916745097,0.5,0,0.0,0.0,0,0.3546099290780142,,,,,
log:mbpp/644#0,mbpp/644,mbpp,0,3467,2026-09-19T21:15:41Z,0,0,0.75,0,0,2,validated,1,0.40281550192362225,0.5,,,,1,2.0,0.0,0,0.3546099290780142,,,,,
log:mbpp/644#1,mbpp/644,mbpp,1,2791,2026-09-19T20:49:02Z,1,1,0.25,0,0,3,horizon,1,0.32625682108482246,0.5,0,0.9792481585135437,0.5,0,0.0,0.0,1,0.3546099290780142,"[0, 0]","[0, 0]",0.0,8c343c83afdc,8c343c83afdc
log:mbpp/644#2,mbpp/644,mbpp,2,2211,2026-09-19T20:28:41Z,1,1,0.25,0,0,3,horizon,0,0.5171448418249436,0.5,1,0.40172474388597745,0.5,0,0.0,0.0,1,0.3546099290780142,"[0, 0]","[0, 0]",0.0,8c343c83afdc,8c343c83afdc
log:mbpp/644#3,mbpp/644,mbpp,3,3445,2026-09-19T21:14:57Z,1,1,0.25,0,0,3,horizon,1,0.30562675293366004,0.5,1,0.0787072836275492,0.5,0,4.0,0.0,0,0.3546099290780142,,,,,
log:mbpp/644#4,mbpp/644,mbpp,4,2430,2026-09-19T20:36:33Z,1,1,0.25,0,0,3,horizon,1,0.02430985942152264,0.5,0,0.6036551018075311,0.5,0,0.0,0.0,0,0.3546099290780142,,,,,
log:mbpp/644#6,mbpp/644,mbpp,6,1299,2026-09-19T19:55:49Z,0,0,0.75,0,0,3,horizon,0,0.574268531342534,0.5,1,0.09380912031323163,0.5,0,0.0,0.0,1,0.3546099290780142,"[0, 0]","[1, 1]",1.0,8c343c83afdc,8c343c83afdc
log:mbpp/7#2,mbpp/7,mbpp,2,3999,2026-09-19T21:34:57Z,0,0,0.75,0,1,2,validated,1,0.4006821674758375,0.5,,,,1,2.0,0.0,0,0.3546099290780142,,,,,
log:mbpp/7#5,mbpp/7,mbpp,5,1292,2026-09-19T19:55:40Z,0,0,0.75,0,1,3,horizon,0,0.952759383331836,0.5,0,0.9376114236571291,0.5,1,0.0,4.0,0,0.3546099290780142,,,,,
log:mbpp/7#6,mbpp/7,mbpp,6,4393,2026-09-19T21:51:29Z,0,0,0.75,0,1,3,horizon,0,0.7633819913202713,0.5,0,0.9789968532543337,0.5,0,0.0,4.0,0,0.3546099290780142,,,,,
log:mbpp/71#0,mbpp/71,mbpp,0,3723,2026-09-19T21:24:55Z,0,0,0.75,0,0,2,validated,1,0.2011322938244663,0.5,,,,1,2.0,0.0,0,0.3546099290780142,,,,,
log:mbpp/71#2,mbpp/71,mbpp,2,1771,2026-09-19T20:12:01Z,1,1,0.25,0,0,3,horizon,0,0.7679068230660403,0.5,0,0.6740766821521001,0.5,0,0.0,4.0,0,0.3546099290780142,,,,,
log:mbpp/71#3,mbpp/71,mbpp,3,4150,2026-09-19T21:41:44Z,1,1,0.25,0,0,3,horizon,1,0.48837820474194027,0.5,0,0.9500224957755982,0.5,0,0.0,0.0,1,0.3546099290780142,"[0, 0]","[0, 0]",0.0,8c343c83afdc,8c343c83afdc
log:mbpp/71#4,mbpp/71,mbpp,4,142,2026-09-19T19:09:38Z,0,0,0.75,0,1,3,horizon,1,0.07596762130445334,0.5,0,0.7739357578564252,0.5,0,0.0,0.0,1,0.3546099290780142,"[0, 0]","[0, 0]",0.0,8c343c83afdc,8c343c83afdc
log:mbpp/71#5,mbpp/71,mbpp,5,3677,2026-09-19T21:23:25Z,0,0,0.75,0,0,3,horizon,0,0.5478618815141864,0.5,0,0.7802409451044064,0.5,0,0.0,4.0,0,0.3546099290780142,,,,,
log:mbpp/71#6,mbpp/71,mbpp,6,3004,2026-09-19T20:57:08Z,1,1,0.25,0,0,3,horizon,1,0.07694226298721496,0.5,1,0.33080628889754604,0.5,0,4.0,0.0,0,0.3546099290780142,,,,,
log:mbpp/71#7,mbpp/71,mbpp,7,2509,2026-09-19T20:38:56Z,1,1,0.25,0,0,3,horizon,1,0.01999838846810953,0.5,0,0.9384040318021442,0.5,0,0.0,0.0,1,0.3546099290780142,"[1, 0]","[0, 0]",-0.5,8c343c83afdc,8c343c83afdc
log:mbpp/72#0,mbpp/72,mbpp,0,2111,2026-09-19T20:24:44Z,1,1,0.25,0,0,3,horizon,0,0.7545558680570232,0.5,0,0.8048508469828561,0.5,0,0.0,4.0,0,0.3546099290780142,,,,,
log:mbpp/72#1,mbpp/72,mbpp,1,1488,2026-09-19T20:02:30Z,1,1,0.25,0,0,3,validated,0,0.7434643317721945,0.5,0,0.6921537576181526,0.5,0,0.0,4.0,1,0.3546099290780142,"[0, 0]","[0, 0]",0.0,8c343c83afdc,8c343c83afdc
log:mbpp/72#4,mbpp/72,mbpp,4,1112,2026-09-19T19:49:13Z,0,0,0.75,0,0,3,horizon,0,0.767619550999737,0.5,0,0.5665627928714428,0.5,0,0.0,4.0,0,0.3546099290780142,,,,,
log:mbpp/72#5,mbpp/72,mbpp,5,3939,2026-09-19T21:32:31Z,0,0,0.75,0,0,3,horizon,1,0.20267663677831782,0.5,1,0.47213798923890926,0.5,0,4.0,0.0,1,0.3546099290780142,"[0, 0]","[0, 0]",0.0,8c343c83afdc,8c343c83afdc
log:mbpp/72#7,mbpp/72,mbpp,7,298,2026-09-19T19:16:48Z,1,1,0.25,0,0,3,horizon,0,0.9703937557872343,0.5,0,0.589600359113989,0.5,0,0.0,4.0,0,0.3546099290780142,,,,,
log:mbpp/721#0,mbpp/721,mbpp,0,2666,2026-09-19T20:44:38Z,0,0,0.75,0,0,2,validated,1,0.3824628814646168,0.5,,,,1,2.0,0.0,0,0.3546099290780142,,,,,
log:mbpp/721#3,mbpp/721,mbpp,3,3640,2026-09-19T21:21:46Z,1,1,0.25,0,0,3,horizon,1,0.20863577939742717,0.5,0,0.8786714211199059,0.5,0,0.0,0.0,1,0.3546099290780142,"[0, 0]","[0, 0]",0.0,8c343c83afdc,8c343c83afdc
log:mbpp/721#4,mbpp/721,mbpp,4,7,2026-09-19T19:04:55Z,1,1,0.25,0,0,3,horizon,1,0.49817084334369777,0.5,0,0.8397206158039343,0.5,0,0.0,0.0,0,0.3546099290780142,,,,,
log:mbpp/721#5,mbpp/721,mbpp,5,1937,2026-09-19T20:17:33Z,0,0,0.75,0,0,3,horizon,1,0.11403983790007555,0.5,0,0.6485817748675323,0.5,0,0.0,0.0,0,0.3546099290780142,,,,,
log:mbpp/721#6,mbpp/721,mbpp,6,2536,2026-09-19T20:40:03Z,1,1,0.25,0,0,3,horizon,1,0.07932251481283736,0.5,1,0.4119058586978471,0.5,0,4.0,0.0,1,0.3546099290780142,"[0, 0]","[0, 0]",0.0,8c343c83afdc,8c343c83afdc
log:mbpp/721#7,mbpp/721,mbpp,7,595,2026-09-19T19:28:24Z,1,1,0.25,0,0,3,horizon,1,0.3469185797272133,0.5,0,0.6853091067634303,0.5,0,0.0,0.0,1,0.3546099290780142,"[0, 0]","[0, 0]",0.0,8c343c83afdc,8c343c83afdc
log:mbpp/722#0,mbpp/722,mbpp,0,201,2026-09-19T19:12:22Z,0,0,0.75,0,0,3,horizon,0,0.7631967774635191,0.5,1,0.08906367644584279,0.5,0,0.0,0.0,0,0.3546099290780142,,,,,
log:mbpp/722#1,mbpp/722,mbpp,1,2862,2026-09-19T20:51:48Z,0,0,0.75,0,0,3,horizon,1,0.008216679668604843,0.5,0,0.8018732258795284,0.5,0,0.0,0.0,0,0.3546099290780142,,,,,
log:mbpp/722#2,mbpp/722,mbpp,2,3031,2026-09-19T20:58:12Z,0,0,0.75,0,0,3,horizon,1,0.12008626147481594,0.5,1,0.4468120100749944,0.5,0,4.0,0.0,0,0.3546099290780142,,,,,
log:mbpp/722#3,mbpp/722,mbpp,3,1451,2026-09-19T20:01:08Z,1,1,0.25,0,0,3,horizon,1,0.09185610502163155,0.5,0,0.6174667917844164,0.5,0,0.0,0.0,0,0.3546099290780142,,,,,
log:mbpp/722#4,mbpp/722,mbpp,4,3078,2026-09-19T20:59:28Z,1,1,0.25,0,0,3,horizon,1,0.3885990220944511,0.5,1,0.2268295088958847,0.5,0,4.0,0.0,0,0.3546099290780142,,,,,
log:mbpp/722#5,mbpp/722,mbpp,5,2931,2026-09-19T20:54:38Z,1,1,0.25,0,0,3,horizon,1,0.3842657216106371,0.5,1,0.22686287047286846,0.5,0,4.0,0.0,1,0.3546099290780142,"[0, 0]","[0, 0]",0.0,8c343c83afdc,8c343c83afdc
log:mbpp/722#6,mbpp/722,mbpp,6,3841,2026-09-19T21:28:54Z,0,0,0.75,0,0,3,horizon,1,0.36321342058132744,0.5,1,0.23458559696287618,0.5,0,4.0,0.0,0,0.3546099290780142,,,,,
log:mbpp/722#7,mbpp/722,mbpp,7,1682,2026-09-19T20:09:15Z,1,1,0.25,0,0,3,horizon,0,0.5863391737417858,0.5,0,0.9596038681707136,0.5,0,0.0,4.0,0,0.3546099290780142,,,,,
log:mbpp/725#3,mbpp/725,mbpp,3,224,2026-09-19T19:13:20Z,0,0,0.75,0,0,3,validated,1,0.4973731539226339,0.5,1,0.42206476350406874,0.5,1,4.0,0.0,0,0.3546099290780142,,,,,
log:mbpp/725#5,mbpp/725,mbpp,5,1621,2026-09-19T20:07:22Z,0,0,0.75,0,0,2,validated,0,0.820455073151597,0.5,,,,1,0.0,2.0,0,0.3546099290780142,,,,,
log:mbpp/731#2,mbpp/731,mbpp,2,2912,2026-09-19T20:53:55Z,0,0,0.75,0,0,3,horizon,1,0.14434570598127217,0.5,0,0.9406835918587922,0.5,0,0.0,0.0,0,0.3546099290780142,,,,,
log:mbpp/731#5,mbpp/731,mbpp,5,2942,2026-09-19T20:55:08Z,0,0,0.75,0,0,3,horizon,0,0.8421224434125893,0.5,0,0.7071493374833054,0.5,0,0.0,4.0,0,0.3546099290780142,,,,,
log:mbpp/734#1,mbpp/734,mbpp,1,2693,2026-09-19T20:45:32Z,1,1,0.25,0,0,3,horizon,0,0.9315915589474075,0.5,1,0.40810922907344993,0.5,0,0.0,0.0,1,0.3546099290780142,"[0, 0]","[0, 0]",0.0,8c343c83afdc,8c343c83afdc
log:mbpp/734#2,mbpp/734,mbpp,2,1334,2026-09-19T19:57:08Z,1,1,0.25,0,0,3,horizon,1,0.4212961020784697,0.5,1,0.39521319365200125,0.5,0,4.0,0.0,0,0.3546099290780142,,,,,
log:mbpp/734#7,mbpp/734,mbpp,7,1427,2026-09-19T20:00:20Z,1,1,0.25,0,0,3,horizon,1,0.10439748742175137,0.5,1,0.4468641100573746,0.5,0,4.0,0.0,0,0.3546099290780142,,,,,
log:mbpp/739#1,mbpp/739,mbpp,1,4317,2026-09-19T21:48:30Z,0,0,0.75,0,0,3,horizon,0,0.8258821828564145,0.5,0,0.8011973892367137,0.5,0,0.0,4.0,0,0.3546099290780142,,,,,
log:mbpp/739#6,mbpp/739,mbpp,6,3042,2026-09-19T20:58:33Z,0,0,0.75,0,1,3,horizon,0,0.7792435792186855,0.5,0,0.6120141701365439,0.5,0,0.0,4.0,0,0.3546099290780142,,,,,
log:mbpp/74#2,mbpp/74,mbpp,2,2089,2026-09-19T20:24:00Z,0,0,0.75,0,0,3,horizon,1,0.26677206559730415,0.5,1,0.3504001649364674,0.5,0,4.0,0.0,1,0.3546099290780142,"[0, 0]","[0, 0]",0.0,8c343c83afdc,8c343c83afdc
log:mbpp/74#3,mbpp/74,mbpp,3,2649,2026-09-19T20:43:51Z,0,0,0.75,0,0,3,horizon,0,0.8292266709955672,0.5,0,0.788540088382119,0.5,0,0.0,4.0,1,0.3546099290780142,"[0, 0]","[0, 0]",0.0,8c343c83afdc,8c343c83afdc
log:mbpp/74#5,mbpp/74,mbpp,5,721,2026-09-19T19:33:13Z,0,0,0.75,0,0,3,validated,0,0.638584595120111,0.5,0,0.9767328532983466,0.5,0,0.0,4.0,0,0.3546099290780142,,,,,
log:mbpp/741#0,mbpp/741,mbpp,0,364,2026-09-19T19:19:05Z,1,1,0.25,0,1,2,validated,1,0.1315575211677984,0.5,,,,1,2.0,0.0,1,0.3546099290780142,"[1, 1]","[1, 1]",0.0,8c343c83afdc,8c343c83afdc
log:mbpp/741#1,mbpp/741,mbpp,1,4056,2026-09-19T21:38:04Z,0,0,0.75,0,0,2,validated,0,0.6023214218132341,0.5,,,,1,0.0,2.0,1,0.3546099290780142,"[1, 1]","[1, 1]",0.0,8c343c83afdc,8c343c83afdc
log:mbpp/741#2,mbpp/741,mbpp,2,468,2026-09-19T19:23:05Z,0,0,0.75,0,1,2,validated,1,0.3427549594992999,0.5,,,,1,2.0,0.0,0,0.3546099290780142,,,,,
log:mbpp/741#3,mbpp/741,mbpp,3,2203,2026-09-19T20:28:26Z,0,0,0.75,0,1,2,validated,1,0.19220742950068836,0.5,,,,1,2.0,0.0,1,0.3546099290780142,"[1, 1]","[1, 1]",0.0,8c343c83afdc,8c343c83afdc
log:mbpp/741#4,mbpp/741,mbpp,4,919,2026-09-19T19:41:53Z,1,1,0.25,0,1,2,validated,1,0.4087178706814105,0.5,,,,1,2.0,0.0,0,0.3546099290780142,,,,,
log:mbpp/741#5,mbpp/741,mbpp,5,1182,2026-09-19T19:51:45Z,1,1,0.25,0,1,2,validated,0,0.873027310124749,0.5,,,,1,0.0,2.0,1,0.3546099290780142,"[1, 1]","[1, 1]",0.0,8c343c83afdc,8c343c83afdc
log:mbpp/741#6,mbpp/741,mbpp,6,191,2026-09-19T19:12:00Z,1,1,0.25,0,1,2,validated,1,0.3364402687935243,0.5,,,,1,2.0,0.0,0,0.3546099290780142,,,,,
log:mbpp/746#0,mbpp/746,mbpp,0,1629,2026-09-19T20:07:41Z,1,1,0.25,0,0,2,validated,1,0.23006752108568385,0.5,,,,1,2.0,0.0,0,0.3546099290780142,,,,,
log:mbpp/746#4,mbpp/746,mbpp,4,3753,2026-09-19T21:26:00Z,0,0,0.75,0,0,2,validated,1,0.06673272042450085,0.5,,,,1,2.0,0.0,1,0.3546099290780142,"[0, 0]","[1, 1]",1.0,8c343c83afdc,8c343c83afdc
log:mbpp/746#5,mbpp/746,mbpp,5,361,2026-09-19T19:18:56Z,0,0,0.75,0,0,3,validated,0,0.854229735066369,0.5,1,0.20509013152368194,0.5,0,0.0,0.0,1,0.3546099290780142,"[0, 0]","[1, 1]",1.0,8c343c83afdc,8c343c83afdc
log:mbpp/750#1,mbpp/750,mbpp,1,1979,2026-09-19T20:19:18Z,1,1,0.25,0,0,3,horizon,1,0.1360250482266031,0.5,1,0.17368585433414896,0.5,0,4.0,0.0,1,0.3546099290780142,"[0, 0]","[0, 0]",0.0,8c343c83afdc,8c343c83afdc
log:mbpp/750#3,mbpp/750,mbpp,3,1607,2026-09-19T20:06:49Z,1,1,0.25,0,0,3,horizon,1,0.3807823897390893,0.5,0,0.6579539558581954,0.5,0,0.0,0.0,1,0.3546099290780142,"[0, 0]","[0, 0]",0.0,8c343c83afdc,8c343c83afdc
log:mbpp/750#4,mbpp/750,mbpp,4,2457,2026-09-19T20:37:22Z,1,1,0.25,0,0,3,horizon,1,0.06095140790735032,0.5,1,0.42852152630552653,0.5,0,4.0,0.0,0,0.3546099290780142,,,,,
log:mbpp/750#7,mbpp/750,mbpp,7,3244,2026-09-19T21:06:26Z,1,1,0.25,0,0,3,horizon,1,0.2330961562577295,0.5,0,0.7717740906419335,0.5,0,0.0,0.0,1,0.3546099290780142,"[0, 0]","[0, 0]",0.0,8c343c83afdc,8c343c83afdc
log:mbpp/751#0,mbpp/751,mbpp,0,3867,2026-09-19T21:29:36Z,0,0,0.75,0,0,3,horizon,1,0.05813435323541738,0.5,0,0.8776617343175411,0.5,0,0.0,0.0,1,0.3546099290780142,"[0, 0]","[0, 0]",0.0,8c343c83afdc,8c343c83afdc
log:mbpp/751#1,mbpp/751,mbpp,1,736,2026-09-19T19:33:47Z,0,0,0.75,0,0,3,validated,0,0.9355950808561706,0.5,1,0.17422267663102353,0.5,1,0.0,0.0,1,0.3546099290780142,"[0, 0]","[1, 1]",1.0,8c343c83afdc,8c343c83afdc
log:mbpp/751#2,mbpp/751,mbpp,2,2861,2026-09-19T20:51:47Z,0,0,0.75,0,0,2,validated,1,0.1409659546099381,0.5,,,,1,2.0,0.0,1,0.3546099290780142,"[0, 0]","[0, 1]",0.5,8c343c83afdc,8c343c83afdc
log:mbpp/752#0,mbpp/752,mbpp,0,128,2026-09-19T19:09:11Z,1,1,0.25,0,0,3,horizon,0,0.817492114601633,0.5,1,0.34583582057612516,0.5,0,0.0,0.0,1,0.3546099290780142,"[0, 0]","[0, 0]",0.0,8c343c83afdc,8c343c83afdc
log:mbpp/752#1,mbpp/752,mbpp,1,4217,2026-09-19T21:44:34Z,1,1,0.25,0,0,3,horizon,1,0.3250062910842494,0.5,0,0.7533561520519054,0.5,0,0.0,0.0,1,0.3546099290780142,"[0, 0]","[0, 0]",0.0,8c343c83afdc,8c343c83afdc
log:mbpp/752#2,mbpp/752,mbpp,2,2882,2026-09-19T20:52:24Z,0,0,0.75,0,0,3,horizon,1,0.0014667006811964756,0.5,1,0.28873518757267136,0.5,0,4.0,0.0,1,0.3546099290780142,"[0, 0]","[0, 0]",0.0,8c343c83afdc,8c343c83afdc
log:mbpp/752#3,mbpp/752,mbpp,3,4045,2026-09-19T21:37:48Z,1,1,0.25,0,0,3,horizon,0,0.7940802323964685,0.5,0,0.8439779060287528,0.5,0,0.0,4.0,0,0.3546099290780142,,,,,
log:mbpp/752#4,mbpp/752,mbpp,4,1542,2026-09-19T20:04:32Z,0,0,0.75,0,0,3,horizon,1,0.3672850959339252,0.5,1,0.3533956342377387,0.5,0,4.0,0.0,0,0.3546099290780142,,,,,
log:mbpp/752#5,mbpp/752,mbpp,5,473,2026-09-19T19:23:14Z,0,0,0.75,0,0,3,horizon,1,0.1294272012230816,0.5,1,0.0789241863543022,0.5,0,4.0,0.0,1,0.3546099290780142,"[0, 0]","[0, 0]",0.0,8c343c83afdc,8c343c83afdc
log:mbpp/752#6,mbpp/752,mbpp,6,1903,2026-09-19T20:16:32Z,0,0,0.75,0,0,3,horizon,0,0.6170482766088592,0.5,1,0.38950443822200687,0.5,0,0.0,0.0,1,0.3546099290780142,"[1, 0]","[0, 0]",-0.5,8c343c83afdc,8c343c83afdc
log:mbpp/752#7,mbpp/752,mbpp,7,1748,2026-09-19T20:11:04Z,1,1,0.25,0,0,3,horizon,0,0.9168532080753742,0.5,1,0.3244449902802985,0.5,0,0.0,0.0,1,0.3546099290780142,"[0, 0]","[0, 0]",0.0,8c343c83afdc,8c343c83afdc
log:mbpp/754#2,mbpp/754,mbpp,2,644,2026-09-19T19:30:48Z,0,0,0.75,0,0,3,horizon,0,0.8796278076859319,0.5,0,0.5918791431192668,0.5,0,0.0,4.0,1,0.3546099290780142,"[0, 0]","[1, 0]",0.5,8c343c83afdc,8c343c83afdc
log:mbpp/757#1,mbpp/757,mbpp,1,2319,2026-09-19T20:32:37Z,1,1,0.25,0,0,3,horizon,1,0.25791826020361475,0.5,0,0.8714198085537903,0.5,0,0.0,0.0,1,0.3546099290780142,"[0, 0]","[0, 0]",0.0,8c343c83afdc,8c343c83afdc
log:mbpp/757#2,mbpp/757,mbpp,2,815,2026-09-19T19:38:10Z,1,1,0.25,0,0,3,horizon,1,0.34367966539277106,0.5,1,0.31424012014652847,0.5,0,4.0,0.0,0,0.3546099290780142,,,,,
log:mbpp/758#2,mbpp/758,mbpp,2,438,2026-09-19T19:21:48Z,1,1,0.25,0,0,3,validated,1,0.04712172490468303,0.5,0,0.8380293753992609,0.5,1,0.0,0.0,0,0.3546099290780142,,,,,
log:mbpp/758#6,mbpp/758,mbpp,6,4435,2026-09-19T21:53:01Z,0,0,0.75,0,0,3,validated,0,0.6439572974085144,0.5,1,0.24267544006832098,0.5,1,0.0,0.0,0,0.3546099290780142,,,,,
log:mbpp/77#5,mbpp/77,mbpp,5,3214,2026-09-19T21:05:15Z,0,0,0.75,0,0,3,validated,0,0.9793055523020524,0.5,0,0.662855882479022,0.5,1,0.0,4.0,1,0.3546099290780142,"[0, 0]","[1, 1]",1.0,8c343c83afdc,8c343c83afdc
log:mbpp/77#7,mbpp/77,mbpp,7,562,2026-09-19T19:27:04Z,0,0,0.75,0,0,2,validated,0,0.6229994137677317,0.5,,,,1,0.0,2.0,1,0.3546099290780142,"[1, 1]","[0, 0]",-1.0,8c343c83afdc,8c343c83afdc
log:mbpp/775#1,mbpp/775,mbpp,1,2287,2026-09-19T20:30:59Z,0,0,0.75,0,0,2,validated,1,0.43176077688507153,0.5,,,,1,2.0,0.0,0,0.3546099290780142,,,,,
log:mbpp/788#0,mbpp/788,mbpp,0,1927,2026-09-19T20:17:12Z,0,0,0.75,0,0,3,horizon,1,0.443632177958284,0.5,1,0.3571264889234702,0.5,0,4.0,0.0,0,0.3546099290780142,,,,,
log:mbpp/788#1,mbpp/788,mbpp,1,3087,2026-09-19T20:59:54Z,0,0,0.75,0,0,3,horizon,1,0.3254416241989718,0.5,0,0.6151830422728785,0.5,0,0.0,0.0,1,0.3546099290780142,"[0, 0]","[0, 0]",0.0,8c343c83afdc,8c343c83afdc
log:mbpp/788#6,mbpp/788,mbpp,6,4350,2026-09-19T21:49:48Z,0,0,0.75,0,0,3,validated,1,0.01407021618438975,0.5,1,0.14580619931297545,0.5,1,4.0,0.0,0,0.3546099290780142,,,,,
log:mbpp/788#7,mbpp/788,mbpp,7,561,2026-09-19T19:27:03Z,0,0,0.75,0,0,3,horizon,1,0.12313596634104007,0.5,0,0.8422380595874893,0.5,0,0.0,0.0,0,0.3546099290780142,,,,,
log:mbpp/790#3,mbpp/790,mbpp,3,476,2026-09-19T19:23:22Z,0,0,0.75,0,0,3,horizon,0,0.8498697432975572,0.5,0,0.6467216283365947,0.5,0,0.0,4.0,0,0.3546099290780142,,,,,
log:mbpp/800#1,mbpp/800,mbpp,1,3518,2026-09-19T21:17:27Z,1,1,0.25,0,1,3,validated,0,0.5303865945411294,0.5,1,0.17415630143745564,0.5,1,0.0,0.0,0,0.3546099290780142,,,,,
log:mbpp/800#2,mbpp/800,mbpp,2,2606,2026-09-19T20:42:43Z,1,1,0.25,0,1,3,validated,0,0.9151347883312342,0.5,1,0.04613131852937569,0.5,1,0.0,0.0,0,0.3546099290780142,,,,,
log:mbpp/800#3,mbpp/800,mbpp,3,2190,2026-09-19T20:28:00Z,0,0,0.75,0,1,3,validated,0,0.642739546908693,0.5,0,0.5290342803235394,0.5,1,0.0,4.0,0,0.3546099290780142,,,,,
log:mbpp/800#4,mbpp/800,mbpp,4,3500,2026-09-19T21:16:44Z,1,1,0.25,0,1,3,validated,0,0.5474722626987266,0.5,0,0.6953225097728746,0.5,1,0.0,4.0,1,0.3546099290780142,"[0, 1]","[1, 1]",0.5,8c343c83afdc,8c343c83afdc
log:mbpp/800#5,mbpp/800,mbpp,5,983,2026-09-19T19:44:34Z,0,0,0.75,0,1,2,validated,1,0.07919865327433862,0.5,,,,1,2.0,0.0,0,0.3546099290780142,,,,,
log:mbpp/800#6,mbpp/800,mbpp,6,418,2026-09-19T19:20:58Z,1,1,0.25,0,1,3,validated,0,0.9978113936695574,0.5,1,0.212547098852641,0.5,1,0.0,0.0,0,0.3546099290780142,,,,,
log:mbpp/800#7,mbpp/800,mbpp,7,1544,2026-09-19T20:04:36Z,0,0,0.75,0,1,3,validated,0,0.9264619515468873,0.5,0,0.8550585143781689,0.5,1,0.0,4.0,0,0.3546099290780142,,,,,
log:mbpp/802#0,mbpp/802,mbpp,0,3792,2026-09-19T21:27:11Z,1,1,0.25,0,0,3,horizon,1,0.4406136712523393,0.5,1,0.35121523107675134,0.5,0,4.0,0.0,1,0.3546099290780142,"[0, 0]","[0, 0]",0.0,8c343c83afdc,8c343c83afdc
log:mbpp/802#1,mbpp/802,mbpp,1,1022,2026-09-19T19:46:11Z,1,1,0.25,0,0,3,horizon,1,0.21227118919202403,0.5,0,0.7156665354264155,0.5,0,0.0,0.0,0,0.3546099290780142,,,,,
log:mbpp/802#2,mbpp/802,mbpp,2,3488,2026-09-19T21:16:12Z,1,1,0.25,0,0,3,horizon,0,0.6323347847377596,0.5,1,0.3608132041543626,0.5,0,0.0,0.0,0,0.3546099290780142,,,,,
log:mbpp/802#3,mbpp/802,mbpp,3,3280,2026-09-19T21:08:09Z,0,0,0.75,0,0,3,horizon,0,0.7741576139589241,0.5,0,0.5144910420419538,0.5,0,0.0,4.0,0,0.3546099290780142,,,,,
log:mbpp/802#4,mbpp/802,mbpp,4,163,2026-09-19T19:10:38Z,1,1,0.25,0,0,3,horizon,1,0.40144229338444404,0.5,0,0.5866447703585118,0.5,0,0.0,0.0,1,0.3546099290780142,"[0, 0]","[0, 0]",0.0,8c343c83afdc,8c343c83afdc
log:mbpp/802#5,mbpp/802,mbpp,5,3514,2026-09-19T21:17:17Z,0,0,0.75,0,0,3,horizon,0,0.502679905869555,0.5,0,0.7066090260003438,0.5,0,0.0,4.0,0,0.3546099290780142,,,,,
log:mbpp/802#6,mbpp/802,mbpp,6,4029,2026-09-19T21:36:45Z,0,0,0.75,0,0,3,horizon,0,0.7483585898465831,0.5,0,0.7642563172780826,0.5,0,0.0,4.0,0,0.3546099290780142,,,,,
log:mbpp/802#7,mbpp/802,mbpp,7,280,2026-09-19T19:15:57Z,0,0,0.75,0,0,3,horizon,1,0.09123168594883735,0.5,1,0.06877041800960448,0.5,0,4.0,0.0,1,0.3546099290780142,"[0, 0]","[0, 0]",0.0,8c343c83afdc,8c343c83afdc
log:mbpp/805#4,mbpp/805,mbpp,4,4312,2026-09-19T21:48:23Z,0,0,0.75,0,0,2,validated,1,0.32996814756284265,0.5,,,,1,2.0,0.0,0,0.3546099290780142,,,,,
log:mbpp/805#6,mbpp/805,mbpp,6,2257,2026-09-19T20:30:16Z,0,0,0.75,0,0,2,validated,1,0.011789611814524537,0.5,,,,1,2.0,0.0,1,0.3546099290780142,"[0, 0]","[1, 1]",1.0,8c343c83afdc,8c343c83afdc
log:mbpp/808#1,mbpp/808,mbpp,1,3007,2026-09-19T20:57:24Z,0,0,0.75,0,0,2,validated,0,0.643519800604734,0.5,,,,1,0.0,2.0,0,0.3546099290780142,,,,,
log:mbpp/808#4,mbpp/808,mbpp,4,2053,2026-09-19T20:22:25Z,0,0,0.75,0,0,3,horizon,1,0.15853622838064219,0.5,0,0.6780013736220151,0.5,0,0.0,0.0,0,0.3546099290780142,,,,,
log:mbpp/808#6,mbpp/808,mbpp,6,1551,2026-09-19T20:04:57Z,0,0,0.75,0,0,3,horizon,1,0.27426429752339954,0.5,0,0.8947382007817182,0.5,0,0.0,0.0,0,0.3546099290780142,,,,,
log:mbpp/85#1,mbpp/85,mbpp,1,1134,2026-09-19T19:50:02Z,0,0,0.75,0,1,2,validated,0,0.8500118209458281,0.5,,,,1,0.0,2.0,1,0.3546099290780142,"[1, 1]","[1, 1]",0.0,8c343c83afdc,8c343c83afdc
log:mbpp/86#5,mbpp/86,mbpp,5,785,2026-09-19T19:36:51Z,0,0,0.75,0,0,3,horizon,0,0.7850097629846164,0.5,1,0.3692726309516552,0.5,0,0.0,0.0,0,0.3546099290780142,,,,,
log:mbpp/86#7,mbpp/86,mbpp,7,898,2026-09-19T19:41:07Z,0,0,0.75,0,0,3,horizon,0,0.7063550058436362,0.5,0,0.5980942083154139,0.5,0,0.0,4.0,0,0.3546099290780142,,,,,
log:mbpp/89#0,mbpp/89,mbpp,0,3057,2026-09-19T20:58:56Z,0,0,0.75,0,1,2,validated,0,0.9830191363998623,0.5,,,,1,0.0,2.0,0,0.3546099290780142,,,,,
log:mbpp/89#1,mbpp/89,mbpp,1,1833,2026-09-19T20:14:30Z,1,1,0.25,0,0,3,horizon,0,0.9826909177259019,0.5,1,0.49914457209661833,0.5,0,0.0,0.0,0,0.3546099290780142,,,,,
log:mbpp/89#3,mbpp/89,mbpp,3,36,2026-09-19T19:06:15Z,1,1,0.25,0,0,3,horizon,0,0.7216305445715515,0.5,0,0.55310028631083,0.5,0,0.0,4.0,0,0.3546099290780142,,,,,
log:mbpp/89#4,mbpp/89,mbpp,4,2538,2026-09-19T20:40:07Z,1,1,0.25,0,0,3,horizon,0,0.7369752471630725,0.5,0,0.6337997280920198,0.5,0,0.0,4.0,1,0.3546099290780142,"[0, 0]","[0, 0]",0.0,8c343c83afdc,8c343c83afdc
log:mbpp/89#5,mbpp/89,mbpp,5,3923,2026-09-19T21:32:00Z,0,0,0.75,0,1,3,validated,1,0.09277085721471667,0.5,1,0.43740096714123444,0.5,1,4.0,0.0,1,0.3546099290780142,"[1, 1]","[1, 1]",0.0,8c343c83afdc,8c343c83afdc
log:mbpp/89#6,mbpp/89,mbpp,6,4004,2026-09-19T21:35:03Z,0,0,0.75,0,0,3,horizon,1,0.4302214397426153,0.5,1,0.24774231562997096,0.5,1,4.0,0.0,0,0.3546099290780142,,,,,
log:mbpp/89#7,mbpp/89,mbpp,7,2807,2026-09-19T20:49:35Z,0,0,0.75,0,0,2,validated,1,0.48874469271599175,0.5,,,,1,2.0,0.0,0,0.3546099290780142,,,,,
log:mbpp/91#5,mbpp/91,mbpp,5,3650,2026-09-19T21:22:14Z,0,0,0.75,0,0,2,validated,1,0.2949289694993603,0.5,,,,0,2.0,0.0,0,0.3546099290780142,,,,,
log:mbpp/92#1,mbpp/92,mbpp,1,1989,2026-09-19T20:19:51Z,1,1,0.25,0,0,2,validated,1,0.2674375508299728,0.5,,,,1,2.0,0.0,0,0.3546099290780142,,,,,
log:mbpp/92#3,mbpp/92,mbpp,3,140,2026-09-19T19:09:36Z,0,0,0.75,0,0,3,horizon,1,0.3772636797698995,0.5,0,0.8806513448018984,0.5,0,0.0,0.0,0,0.3546099290780142,,,,,
log:mbpp/92#4,mbpp/92,mbpp,4,810,2026-09-19T19:37:52Z,0,0,0.75,0,0,2,validated,1,0.0969613276113761,0.5,,,,1,2.0,0.0,0,0.3546099290780142,,,,,
log:mbpp/92#5,mbpp/92,mbpp,5,3480,2026-09-19T21:16:02Z,0,0,0.75,0,0,3,horizon,1,0.4333261582179745,0.5,0,0.9392560226693519,0.5,0,0.0,0.0,0,0.3546099290780142,,,,,
log:mbpp/92#6,mbpp/92,mbpp,6,3851,2026-09-19T21:29:12Z,0,0,0.75,0,0,3,horizon,0,0.8742116284257297,0.5,0,0.8594737037489968,0.5,0,0.0,4.0,1,0.3546099290780142,"[0, 0]","[0, 0]",0.0,8c343c83afdc,8c343c83afdc
log:mbpp/92#7,mbpp/92,mbpp,7,3903,2026-09-19T21:31:12Z,1,1,0.25,0,0,3,horizon,0,0.931906781031332,0.5,1,0.17964531569570574,0.5,0,0.0,0.0,0,0.3546099290780142,,,,,
log:mbpp/98#0,mbpp/98,mbpp,0,3323,2026-09-19T21:10:04Z,0,0,0.75,0,0,3,horizon,0,0.7478468098604268,0.5,0,0.8069026044577348,0.5,0,0.0,4.0,0,0.3546099290780142,,,,,
