replicate,policy,q_spec,behavior,method,estimate,se,lower,upper,truth
0,always_small,correct,known,ipw,0.20037224625530367,0.1416373065063768,-0.07723687449719482,0.47798136700780214,0.30739753138881404
0,always_small,correct,known,gcomp,0.28969714019288595,,,,0.30739753138881404
0,always_small,correct,known,dr,0.21860461332645037,0.10328884874283632,0.01615846979049118,0.42105075686240956,0.30739753138881404
0,failure_escalation,correct,known,ipw,0.5214198089294919,0.19813848742019644,0.1330683735859069,0.909771244273077,0.3104749715506988
0,failure_escalation,correct,known,gcomp,0.31828120232354573,,,,0.3104749715506988
0,failure_escalation,correct,known,dr,0.3706515770670809,0.1052943827251624,0.1642745869257626,0.5770285672083992,0.3104749715506988
0,soft_escalation,correct,known,ipw,0.4270880515841244,0.09031752690982099,0.25006569884087526,0.6041104043273735,0.304774171904326
0,soft_escalation,correct,known,gcomp,0.31105565013438713,,,,0.304774171904326
0,soft_escalation,correct,known,dr,0.34488020689303583,0.049945182743915136,0.24698764871496218,0.4427727650711095,0.304774171904326
1,always_small,correct,known,ipw,0.0,0.0,0.0,0.0,0.30739753138881404
1,always_small,correct,known,gcomp,0.319937086576108,,,,0.30739753138881404
1,always_small,correct,known,dr,0.30051234722048775,0.025069290053366076,0.2513765387158903,0.34964815572508523,0.30739753138881404
1,failure_escalation,correct,known,ipw,0.4803406787528126,0.26898424273521243,-0.046868437008203756,1.007549794513829,0.3104749715506988
1,failure_escalation,correct,known,gcomp,0.30740651248839324,,,,0.3104749715506988
1,failure_escalation,correct,known,dr,0.456806862956162,0.17554894838809637,0.11273092411549313,0.8008828017968309,0.3104749715506988
1,soft_escalation,correct,known,ipw,0.3862571704493776,0.11983887587683092,0.15137297373078898,0.6211413671679662,0.304774171904326
1,soft_escalation,correct,known,gcomp,0.30283484109979697,,,,0.304774171904326
1,soft_escalation,correct,known,dr,0.36944161887920623,0.07762265071375231,0.21730122348025172,0.5215820142781608,0.304774171904326
2,always_small,correct,known,ipw,0.0,0.0,0.0,0.0,0.30739753138881404
2,always_small,correct,known,gcomp,0.2904043268112786,,,,0.30739753138881404
2,always_small,correct,known,dr,0.37872000228740793,0.05894416788775473,0.2631894332274087,0.4942505713474072,0.30739753138881404
2,failure_escalation,correct,known,ipw,0.3694972701509931,0.15683431872742468,0.06210200544524075,0.6768925348567454,0.3104749715506988
2,failure_escalation,correct,known,gcomp,0.2971227744684537,,,,0.3104749715506988
2,failure_escalation,correct,known,dr,0.28389746948838557,0.09341441759739161,0.10080521099749801,0.46698972797927313,0.3104749715506988
2,soft_escalation,correct,known,ipw,0.3333525357245225,0.0731172271652403,0.19004277048065152,0.47666230096839346,0.304774171904326
2,soft_escalation,correct,known,gcomp,0.29302519048178016,,,,0.304774171904326
2,soft_escalation,correct,known,dr,0.305042804412672,0.04542627033295894,0.2160073145600725,0.3940782942652715,0.304774171904326
3,always_small,correct,known,ipw,0.0,0.0,0.0,0.0,0.30739753138881404
3,always_small,correct,known,gcomp,0.2645090285586413,,,,0.30739753138881404
3,always_small,correct,known,dr,0.25554805143616915,0.07527080707084939,0.10801726957730434,0.40307883329503397,0.30739753138881404
3,failure_escalation,correct,known,ipw,0.3006446708624883,0.1400324415988771,0.02618108532868918,0.5751082563962875,0.3104749715506988
3,failure_escalation,correct,known,gcomp,0.3116173894232561,,,,0.3104749715506988
3,failure_escalation,correct,known,dr,0.41022850415929996,0.08442792043376485,0.24474978010912085,0.5757072282094791,0.3104749715506988
3,soft_escalation,correct,known,ipw,0.32253457926318696,0.06686439577419245,0.19148036354576975,0.45358879498060417,0.304774171904326
3,soft_escalation,correct,known,gcomp,0.30387276066204977,,,,0.304774171904326
3,soft_escalation,correct,known,dr,0.3380016118231527,0.043720226564752725,0.2523099677562374,0.423693255890068,0.304774171904326
4,always_small,correct,known,ipw,0.17168025806972798,0.17168025806972798,-0.16481304774693883,0.5081735638863948,0.30739753138881404
4,always_small,correct,known,gcomp,0.2726984402182306,,,,0.30739753138881404
4,always_small,correct,known,dr,0.17190967451894593,0.16171652263513256,-0.14505470984591387,0.48887405888380575,0.30739753138881404
4,failure_escalation,correct,known,ipw,0.2473156739947564,0.12389366347627491,0.004484093581257592,0.49014725440825524,0.3104749715506988
4,failure_escalation,correct,known,gcomp,0.3023569634609254,,,,0.3104749715506988
4,failure_escalation,correct,known,dr,0.26624612032355677,0.10501636014359794,0.06041405444210479,0.47207818620500874,0.3104749715506988
4,soft_escalation,correct,known,ipw,0.2749817751768553,0.05825425916529508,0.16080342721287694,0.38916012314083365,0.304774171904326
4,soft_escalation,correct,known,gcomp,0.29608242375564275,,,,0.304774171904326
4,soft_escalation,correct,known,dr,0.27537431099045884,0.049586976225119525,0.17818383758922457,0.3725647843916931,0.304774171904326
5,always_small,correct,known,ipw,0.10018612312765184,0.10018612312765185,-0.09617867820254579,0.2965509244578495,0.30739753138881404
5,always_small,correct,known,gcomp,0.33114955148358444,,,,0.30739753138881404
5,always_small,correct,known,dr,0.38153876860995417,0.043019126708221465,0.2972212802618401,0.46585625695806826,0.30739753138881404
5,failure_escalation,correct,known,ipw,0.5713404156789694,0.20725991857863366,0.16511097526484747,0.9775698560930914,0.3104749715506988
5,failure_escalation,correct,known,gcomp,0.3186867375929212,,,,0.3104749715506988
5,failure_escalation,correct,known,dr,0.4472033451272367,0.13602331333252282,0.18059765099549197,0.7138090392589814,0.3104749715506988
5,soft_escalation,correct,known,ipw,0.3861598979674276,0.09341446627231181,0.20306754407369645,0.5692522518611588,0.304774171904326
5,soft_escalation,correct,known,gcomp,0.3123571404078014,,,,0.304774171904326
5,soft_escalation,correct,known,dr,0.36287637871177586,0.06326657213251148,0.23887389733205336,0.4868788600914984,0.304774171904326
6,always_small,correct,known,ipw,0.2715750654599616,0.2715750654599617,-0.26071206284156334,0.8038621937614865,0.30739753138881404
6,always_small,correct,known,gcomp,0.33749965701155893,,,,0.30739753138881404
6,always_small,correct,known,dr,0.4535034336440584,0.11304626707031995,0.23193275018623127,0.6750741171018855,0.30739753138881404
6,failure_escalation,correct,known,ipw,0.48406470135084995,0.15469107356502598,0.18087019716339903,0.7872592055383009,0.3104749715506988
6,failure_escalation,correct,known,gcomp,0.28451560165837303,,,,0.3104749715506988
6,failure_escalation,correct,known,dr,0.3289545289086063,0.09511908855891375,0.14252111533313538,0.5153879424840773,0.3104749715506988
6,soft_escalation,correct,known,ipw,0.40607209489533247,0.08565413462893395,0.23818999102262192,0.573954198768043,0.304774171904326
6,soft_escalation,correct,known,gcomp,0.2839233145742162,,,,0.304774171904326
6,soft_escalation,correct,known,dr,0.33938287323487065,0.0582742910645641,0.22516526274832502,0.45360048372141626,0.304774171904326
7,always_small,correct,known,ipw,0.0,0.0,0.0,0.0,0.30739753138881404
7,always_small,correct,known,gcomp,0.3082708194100359,,,,0.30739753138881404
7,always_small,correct,known,dr,0.3197318059147214,0.018142010619164414,0.28417346510115915,0.35529014672828363,0.30739753138881404
7,failure_escalation,correct,known,ipw,0.3591289184557254,0.17822523065976414,0.009807466362587725,0.7084503705488632,0.3104749715506988
7,failure_escalation,correct,known,gcomp,0.24740860514115198,,,,0.3104749715506988
7,failure_escalation,correct,known,dr,0.3867657525445073,0.08722475134193731,0.21580523991431017,0.5577262651747044,0.3104749715506988
7,soft_escalation,correct,known,ipw,0.3601135837801741,0.08370285735115461,0.19605598337191107,0.5241711841884371,0.304774171904326
7,soft_escalation,correct,known,gcomp,0.2517347641930399,,,,0.304774171904326
7,soft_escalation,correct,known,dr,0.3538463241462549,0.04385668463367871,0.2678872222642446,0.43980542602826517,0.304774171904326
8,always_small,correct,known,ipw,0.23617241459142918,0.23617241459142924,-0.22672551800777213,0.6990703471906305,0.30739753138881404
8,always_small,correct,known,gcomp,0.2892928194429153,,,,0.30739753138881404
8,always_small,correct,known,dr,0.48761086978371837,0.1561423821431023,0.18157180078323787,0.7936499387841989,0.30739753138881404
8,failure_escalation,correct,known,ipw,0.5270384432791183,0.21374059142264767,0.10810688409072888,0.9459700024675077,0.3104749715506988
8,failure_escalation,correct,known,gcomp,0.3142930965206159,,,,0.3104749715506988
8,failure_escalation,correct,known,dr,0.34441475970195046,0.12497779002394648,0.09945829125501537,0.5893712281488855,0.3104749715506988
8,soft_escalation,correct,known,ipw,0.4584127946844473,0.09899643171416846,0.26437978852467714,0.6524458008442174,0.304774171904326
8,soft_escalation,correct,known,gcomp,0.3072950880139892,,,,0.304774171904326
8,soft_escalation,correct,known,dr,0.3395134175680706,0.059451230744046395,0.22298900530973964,0.4560378298264015,0.304774171904326
9,always_small,correct,known,ipw,0.20037224625530367,0.14163730650637685,-0.07723687449719494,0.47798136700780225,0.30739753138881404
9,always_small,correct,known,gcomp,0.2993728454218096,,,,0.30739753138881404
9,always_small,correct,known,dr,0.3390579583348649,0.05817016677075941,0.22504443146417646,0.45307148520555335,0.30739753138881404
9,failure_escalation,correct,known,ipw,0.34683073820713245,0.1714765013996028,0.010736795463910986,0.682924680950354,0.3104749715506988
9,failure_escalation,correct,known,gcomp,0.31241959588641616,,,,0.3104749715506988
9,failure_escalation,correct,known,dr,0.18144215656588564,0.13274076140009727,-0.078729735778305,0.4416140489100763,0.3104749715506988
9,soft_escalation,correct,known,ipw,0.33209738228503316,0.07793145257424641,0.1793517352395102,0.4848430293305561,0.304774171904326
9,soft_escalation,correct,known,gcomp,0.3040156630954547,,,,0.304774171904326
9,soft_escalation,correct,known,dr,0.2378837833995677,0.06055690852444904,0.11919224269164759,0.3565753241074878,0.304774171904326
10,always_small,correct,known,ipw,1.9814169338153578,1.9814169338153576,-1.902160256462743,5.864994124093458,0.30739753138881404
10,always_small,correct,known,gcomp,0.3035926274644415,,,,0.30739753138881404
10,always_small,correct,known,dr,1.467534422514582,1.2338260059147086,-0.9507645490782468,3.885833394107411,0.30739753138881404
10,failure_escalation,correct,known,ipw,0.5600883024910589,0.27107340769287647,0.02878442341302101,1.0913921815690968,0.3104749715506988
10,failure_escalation,correct,known,gcomp,0.2647882120134975,,,,0.3104749715506988
10,failure_escalation,correct,known,dr,0.3897959567496815,0.18931362736578622,0.0187412471127405,0.7608506663866225,0.3104749715506988
10,soft_escalation,correct,known,ipw,0.39978208896057876,0.11982793321454982,0.16491933986006113,0.6346448380610964,0.304774171904326
10,soft_escalation,correct,known,gcomp,0.2651527245791128,,,,0.304774171904326
10,soft_escalation,correct,known,dr,0.3087070048520285,0.08532332265534547,0.1414732924475514,0.4759407172565056,0.304774171904326
11,always_small,correct,known,ipw,1.502032316368226,1.502032316368226,-1.441951023713497,4.44601565644995,0.30739753138881404
11,always_small,correct,known,gcomp,0.32489654239453314,,,,0.30739753138881404
11,always_small,correct,known,dr,0.937292754325004,0.5933400136919542,-0.22565367251122614,2.100239181161234,0.30739753138881404
11,failure_escalation,correct,known,ipw,0.3390438433338417,0.15810311880332045,0.029161730479333625,0.6489259561883498,0.3104749715506988
11,failure_escalation,correct,known,gcomp,0.3230015669469342,,,,0.3104749715506988
11,failure_escalation,correct,known,dr,0.2647488619319716,0.11201083889530093,0.04520761769718179,0.48429010616676144,0.3104749715506988
11,soft_escalation,correct,known,ipw,0.30203409816088755,0.07225503581814575,0.16041422795732188,0.44365396836445326,0.304774171904326
11,soft_escalation,correct,known,gcomp,0.3171482967481302,,,,0.304774171904326
11,soft_escalation,correct,known,dr,0.28331087240671193,0.05226536925560227,0.1808707486657315,0.38575099614769237,0.304774171904326
12,always_small,correct,known,ipw,0.0,0.0,0.0,0.0,0.30739753138881404
12,always_small,correct,known,gcomp,0.29861169012118466,,,,0.30739753138881404
12,always_small,correct,known,dr,0.2587110167347916,0.03550341622773466,0.18912432092843165,0.3282977125411515,0.30739753138881404
12,failure_escalation,correct,known,ipw,0.18202407441757953,0.16438958168849702,-0.14017950569187462,0.5042276545270337,0.3104749715506988
12,failure_escalation,correct,known,gcomp,0.30102336550160286,,,,0.3104749715506988
12,failure_escalation,correct,known,dr,0.2759283269524381,0.0866106452554607,0.10617146225173513,0.445685191653141,0.3104749715506988
12,soft_escalation,correct,known,ipw,0.22761784788089226,0.07455648783091824,0.08148713173229252,0.37374856402949197,0.304774171904326
12,soft_escalation,correct,known,gcomp,0.2966158951557841,,,,0.304774171904326
12,soft_escalation,correct,known,dr,0.28797215083382244,0.04229055855915587,0.20508265605787693,0.370861645609768,0.304774171904326
13,always_small,correct,known,ipw,0.0,0.0,0.0,0.0,0.30739753138881404
13,always_small,correct,known,gcomp,0.2706320349166243,,,,0.30739753138881404
13,always_small,correct,known,dr,0.2872769765812465,0.01825919751372682,0.25148894945434197,0.32306500370815106,0.30739753138881404
13,failure_escalation,correct,known,ipw,0.2708076498713877,0.1492335975460739,-0.021690201318917135,0.5633055010616925,0.3104749715506988
13,failure_escalation,correct,known,gcomp,0.30854731417637515,,,,0.3104749715506988
13,failure_escalation,correct,known,dr,0.2828014330778943,0.09069443280382264,0.10504034478240193,0.46056252137338666,0.3104749715506988
13,soft_escalation,correct,known,ipw,0.26678393776706283,0.06838016413864288,0.13275881605532278,0.40080905947880285,0.304774171904326
13,soft_escalation,correct,known,gcomp,0.30029602237336805,,,,0.304774171904326
13,soft_escalation,correct,known,dr,0.2856991402580131,0.04482262994219382,0.1978467855713132,0.37355149494471296,0.304774171904326
14,always_small,correct,known,ipw,0.17168025806972798,0.171680258069728,-0.1648130477469389,0.5081735638863949,0.30739753138881404
14,always_small,correct,known,gcomp,0.3167061437049289,,,,0.30739753138881404
14,always_small,correct,known,dr,0.46602639647431837,0.13090426138599312,0.20945404415777186,0.7225987487908649,0.30739753138881404
14,failure_escalation,correct,known,ipw,0.1962218173074481,0.10674626853072755,-0.013000869012777916,0.4054445036276741,0.3104749715506988
14,failure_escalation,correct,known,gcomp,0.31897326313034013,,,,0.3104749715506988
14,failure_escalation,correct,known,dr,0.2987746254550483,0.09709622923707799,0.10846601615037543,0.48908323475972115,0.3104749715506988
14,soft_escalation,correct,known,ipw,0.29744920168111455,0.05703707366751326,0.18565653729278858,0.4092418660694405,0.304774171904326
14,soft_escalation,correct,known,gcomp,0.31419200181217116,,,,0.304774171904326
14,soft_escalation,correct,known,dr,0.3307152229465726,0.04571272377579437,0.24111828434601562,0.4203121615471295,0.304774171904326
15,always_small,correct,known,ipw,0.0,0.0,0.0,0.0,0.30739753138881404
15,always_small,correct,known,gcomp,0.3379834606510001,,,,0.30739753138881404
15,always_small,correct,known,dr,0.32984477645211835,0.02311112096663652,0.2845469793575108,0.3751425735467259,0.30739753138881404
15,failure_escalation,correct,known,ipw,0.3928841224481555,0.14833346054399887,0.10215053978191774,0.6836177051143932,0.3104749715506988
15,failure_escalation,correct,known,gcomp,0.30946072267233804,,,,0.3104749715506988
15,failure_escalation,correct,known,dr,0.45125662918172005,0.07835729764384136,0.297676325799791,0.6048369325636491,0.3104749715506988
15,soft_escalation,correct,known,ipw,0.3446552981282131,0.06876947443415664,0.2098671282372661,0.4794434680191601,0.304774171904326
15,soft_escalation,correct,known,gcomp,0.3093861412574269,,,,0.304774171904326
15,soft_escalation,correct,known,dr,0.3900567959237534,0.038602618091690445,0.31439566446404016,0.4657179273834667,0.304774171904326
16,always_small,correct,known,ipw,0.0,0.0,0.0,0.0,0.30739753138881404
16,always_small,correct,known,gcomp,0.3005510102055371,,,,0.30739753138881404
16,always_small,correct,known,dr,0.327631452717338,0.026829322463465,0.2750459806889466,0.38021692474572943,0.30739753138881404
16,failure_escalation,correct,known,ipw,0.38460693919150024,0.17724164328043607,0.03721331836184555,0.732000560021155,0.3104749715506988
16,failure_escalation,correct,known,gcomp,0.331430832303338,,,,0.3104749715506988
16,failure_escalation,correct,known,dr,0.38462272680977827,0.0906563420423269,0.20693629640681754,0.562309157212739,0.3104749715506988
16,soft_escalation,correct,known,ipw,0.3793670004177316,0.08102032267536782,0.22056716797401066,0.5381668328614525,0.304774171904326
16,soft_escalation,correct,known,gcomp,0.32390058536793875,,,,0.304774171904326
16,soft_escalation,correct,known,dr,0.36516223985817353,0.04476141091127866,0.27742987447206735,0.4528946052442797,0.304774171904326
17,always_small,correct,known,ipw,0.2715750654599616,0.27157506545996163,-0.26071206284156323,0.8038621937614864,0.30739753138881404
17,always_small,correct,known,gcomp,0.29519605991444703,,,,0.30739753138881404
17,always_small,correct,known,dr,0.4568674980307365,0.12409237922859374,0.21364643474269276,0.7000885613187803,0.30739753138881404
17,failure_escalation,correct,known,ipw,0.14839749347977788,0.10663899604784045,-0.06061493877398941,0.35740992573354513,0.3104749715506988
17,failure_escalation,correct,known,gcomp,0.31243228115353316,,,,0.3104749715506988
17,failure_escalation,correct,known,dr,0.19648922709434347,0.10621262640708133,-0.011687520663535927,0.4046659748522229,0.3104749715506988
17,soft_escalation,correct,known,ipw,0.2505601943162043,0.05303345497554172,0.14661462256414254,0.35450576606826606,0.304774171904326
17,soft_escalation,correct,known,gcomp,0.30667069723481527,,,,0.304774171904326
17,soft_escalation,correct,known,dr,0.27600119251619337,0.049804951177559925,0.1783834882081759,0.37361889682421084,0.304774171904326
18,always_small,correct,known,ipw,0.0,0.0,0.0,0.0,0.30739753138881404
18,always_small,correct,known,gcomp,0.3100457244373874,,,,0.30739753138881404
18,always_small,correct,known,dr,0.17563547170129928,0.12194759056072021,-0.06338180579771233,0.4146527492003109,0.30739753138881404
18,failure_escalation,correct,known,ipw,0.39042080334304613,0.23400930408508186,-0.06823743266371429,0.8490790393498066,0.3104749715506988
18,failure_escalation,correct,known,gcomp,0.32054771892284034,,,,0.3104749715506988
18,failure_escalation,correct,known,dr,0.46281127194623606,0.14427559964605982,0.1800310966399588,0.7455914472525134,0.3104749715506988
18,soft_escalation,correct,known,ipw,0.3469927421792125,0.10738414256534981,0.13651982275112687,0.5574656616072982,0.304774171904326
18,soft_escalation,correct,known,gcomp,0.3143401291386064,,,,0.304774171904326
18,soft_escalation,correct,known,dr,0.36877272097808106,0.06702999618175874,0.23739392846183394,0.5001515134943282,0.304774171904326
19,always_small,correct,known,ipw,0.0,0.0,0.0,0.0,0.30739753138881404
19,always_small,correct,known,gcomp,0.28604385052929854,,,,0.30739753138881404
19,always_small,correct,known,dr,-0.6421031024908473,1.0234704996075161,-2.648105281721579,1.3638990767398842,0.30739753138881404
19,failure_escalation,correct,known,ipw,0.45947837856208806,0.1749145818545761,0.11664579812711895,0.8023109589970572,0.3104749715506988
19,failure_escalation,correct,known,gcomp,0.30989638912505363,,,,0.3104749715506988
19,failure_escalation,correct,known,dr,0.21386866220470543,0.13687521062360244,-0.05440675061755537,0.4821440750269662,0.3104749715506988
19,soft_escalation,correct,known,ipw,0.36665141258732903,0.07888290256457098,0.21204092356076992,0.5212619016138882,0.304774171904326
19,soft_escalation,correct,known,gcomp,0.3032623485010383,,,,0.304774171904326
19,soft_escalation,correct,known,dr,0.24675761923670184,0.06243747671085185,0.12438016488343222,0.36913507358997144,0.304774171904326
20,always_small,correct,known,ipw,0.0,0.0,0.0,0.0,0.30739753138881404
20,always_small,correct,known,gcomp,0.303054549206329,,,,0.30739753138881404
20,always_small,correct,known,dr,0.304927412263855,0.009153475525709132,0.2869866002334651,0.3228682242942449,0.30739753138881404
20,failure_escalation,correct,known,ipw,0.2990487027716319,0.1319797169104716,0.04036845762710756,0.5577289479161562,0.3104749715506988
20,failure_escalation,correct,known,gcomp,0.30069790834040655,,,,0.3104749715506988
20,failure_escalation,correct,known,dr,0.4346608348393146,0.08048967370825318,0.2769010743711384,0.5924205953074908,0.3104749715506988
20,soft_escalation,correct,known,ipw,0.26077354101548766,0.06158076305930858,0.14007524541924285,0.38147183661173245,0.304774171904326
20,soft_escalation,correct,known,gcomp,0.29693707638181893,,,,0.304774171904326
20,soft_escalation,correct,known,dr,0.3336901233558382,0.04054023237341344,0.25423126790394784,0.41314897880772855,0.304774171904326
21,always_small,correct,known,ipw,0.0,0.0,0.0,0.0,0.30739753138881404
21,always_small,correct,known,gcomp,0.3246982439076862,,,,0.30739753138881404
21,always_small,correct,known,dr,0.2928004216959924,0.020058519696755116,0.2534857230903524,0.3321151203016324,0.30739753138881404
21,failure_escalation,correct,known,ipw,0.2549157695706504,0.14704928395061936,-0.03330082697256359,0.5431323661138643,0.3104749715506988
21,failure_escalation,correct,known,gcomp,0.320783789522626,,,,0.3104749715506988
21,failure_escalation,correct,known,dr,0.2764249448364635,0.09581668540159113,0.08862424144934489,0.46422564822358214,0.3104749715506988
21,soft_escalation,correct,known,ipw,0.33382799302606164,0.07157554939443236,0.1935399162129742,0.4741160698391491,0.304774171904326
21,soft_escalation,correct,known,gcomp,0.31532039277154955,,,,0.304774171904326
21,soft_escalation,correct,known,dr,0.3340114515237039,0.04855949041742555,0.2388348503055498,0.42918805274185795,0.304774171904326
22,always_small,correct,known,ipw,0.0,0.0,0.0,0.0,0.30739753138881404
22,always_small,correct,known,gcomp,0.31669068483098534,,,,0.30739753138881404
22,always_small,correct,known,dr,0.43509092105608005,0.12283378305565643,0.19433670626699345,0.6758451358451667,0.30739753138881404
22,failure_escalation,correct,known,ipw,0.220985511729386,0.17196189193526223,-0.11605979646372797,0.5580308199224999,0.3104749715506988
22,failure_escalation,correct,known,gcomp,0.28406348134129883,,,,0.3104749715506988
22,failure_escalation,correct,known,dr,0.17689177447407203,0.1319377548826108,-0.08170622509584516,0.43548977404398925,0.3104749715506988
22,soft_escalation,correct,known,ipw,0.26119211227905026,0.07919127566012418,0.10597721198520688,0.41640701257289364,0.304774171904326
22,soft_escalation,correct,known,gcomp,0.28085556560009645,,,,0.304774171904326
22,soft_escalation,correct,known,dr,0.24028540219805222,0.06113754688949886,0.12045581029463447,0.36011499410146997,0.304774171904326
23,always_small,correct,known,ipw,0.0,0.0,0.0,0.0,0.30739753138881404
23,always_small,correct,known,gcomp,0.29798010774171313,,,,0.30739753138881404
23,always_small,correct,known,dr,0.2637687968823092,0.027770940138480273,0.20933775421088785,0.31819983955373055,0.30739753138881404
23,failure_escalation,correct,known,ipw,0.6490375065612539,0.2433495442789703,0.17207239977447214,1.1260026133480356,0.3104749715506988
23,failure_escalation,correct,known,gcomp,0.31814041763194895,,,,0.3104749715506988
23,failure_escalation,correct,known,dr,0.4225430008176942,0.11916771786396149,0.18897427380432968,0.6561117278310586,0.3104749715506988
23,soft_escalation,correct,known,ipw,0.4512378886996992,0.10824306403098605,0.23908148319896658,0.6633942942004318,0.304774171904326
23,soft_escalation,correct,known,gcomp,0.3110223066742549,,,,0.304774171904326
23,soft_escalation,correct,known,dr,0.36336499351046525,0.05481046615194488,0.2559364798526533,0.4707935071682772,0.304774171904326
24,always_small,correct,known,ipw,0.0,0.0,0.0,0.0,0.30739753138881404
24,always_small,correct,known,gcomp,0.33853186436368976,,,,0.30739753138881404
24,always_small,correct,known,dr,0.3926786395553866,0.05251277857038622,0.28975359355742963,0.4956036855533436,0.30739753138881404
24,failure_escalation,correct,known,ipw,0.02864452132410623,0.08370799703708631,-0.13542315286858295,0.1927121955167954,0.3104749715506988
24,failure_escalation,correct,known,gcomp,0.3196852857158286,,,,0.3104749715506988
24,failure_escalation,correct,known,dr,0.33881672510275085,0.05630931313579453,0.22845047135659358,0.4491829788489081,0.3104749715506988
24,soft_escalation,correct,known,ipw,0.1972582150371145,0.04681798671812764,0.10549496106958432,0.28902146900464465,0.304774171904326
24,soft_escalation,correct,known,gcomp,0.31694557749752295,,,,0.304774171904326
24,soft_escalation,correct,known,dr,0.3413999201573834,0.03196998389148896,0.278738751730065,0.4040610885847018,0.304774171904326
25,always_small,correct,known,ipw,0.0,0.0,0.0,0.0,0.30739753138881404
25,always_small,correct,known,gcomp,0.29986960647036714,,,,0.30739753138881404
25,always_small,correct,known,dr,0.3039480169936587,0.023002975312751934,0.2588621853806649,0.3490338486066525,0.30739753138881404
25,failure_escalation,correct,known,ipw,0.25198962640482986,0.11436548779855812,0.027833270319655934,0.4761459824900038,0.3104749715506988
25,failure_escalation,correct,known,gcomp,0.31987735814536233,,,,0.3104749715506988
25,failure_escalation,correct,known,dr,0.2861895339920963,0.09353991925938303,0.10285129224370557,0.469527775740487,0.3104749715506988
25,soft_escalation,correct,known,ipw,0.29886911734112576,0.05961557725962134,0.18202258591226794,0.41571564876998357,0.304774171904326
25,soft_escalation,correct,known,gcomp,0.3132516772456538,,,,0.304774171904326
25,soft_escalation,correct,known,dr,0.314065752454571,0.04528600875094053,0.2253051753027276,0.40282632960641446,0.304774171904326
26,always_small,correct,known,ipw,1.3853159741680687,1.13410108483842,-0.8375221521152345,3.608154100451372,0.30739753138881404
26,always_small,correct,known,gcomp,0.3378775774932511,,,,0.30739753138881404
26,always_small,correct,known,dr,0.9550843980099034,0.45337564005825554,0.06646814349572261,1.8437006525240842,0.30739753138881404
26,failure_escalation,correct,known,ipw,0.4581203001194065,0.16128861476572626,0.14199461517858308,0.7742459850602299,0.3104749715506988
26,failure_escalation,correct,known,gcomp,0.3348302238232294,,,,0.3104749715506988
26,failure_escalation,correct,known,dr,0.3823911755961038,0.12777126537663394,0.1319594954579013,0.6328228557343063,0.3104749715506988
26,soft_escalation,correct,known,ipw,0.324946733021902,0.07283337295106174,0.18219332203782101,0.46770014400598303,0.304774171904326
26,soft_escalation,correct,known,gcomp,0.3262308025787372,,,,0.304774171904326
26,soft_escalation,correct,known,dr,0.3377749032271622,0.0585375569248841,0.22304129165438935,0.45250851479993504,0.304774171904326
27,always_small,correct,known,ipw,0.10018612312765184,0.10018612312765185,-0.09617867820254579,0.2965509244578495,0.30739753138881404
27,always_small,correct,known,gcomp,0.2923692293695838,,,,0.30739753138881404
27,always_small,correct,known,dr,0.08997107459253965,0.15152159662865847,-0.2070112547996309,0.38695340398471023,0.30739753138881404
27,failure_escalation,correct,known,ipw,0.22077474615733889,0.13486093526426857,-0.043552686960627474,0.48510217927530525,0.3104749715506988
27,failure_escalation,correct,known,gcomp,0.3204453457718888,,,,0.3104749715506988
27,failure_escalation,correct,known,dr,0.11960194686331985,0.15547553449599708,-0.18513010074883443,0.42433399447547415,0.3104749715506988
27,soft_escalation,correct,known,ipw,0.25763171384462524,0.06821176845318928,0.12393664767637425,0.39132678001287624,0.304774171904326
27,soft_escalation,correct,known,gcomp,0.31124562534097217,,,,0.304774171904326
27,soft_escalation,correct,known,dr,0.2537371729113716,0.06969259954903355,0.11713967779526585,0.39033466802747735,0.304774171904326
28,always_small,correct,known,ipw,0.0,0.0,0.0,0.0,0.30739753138881404
28,always_small,correct,known,gcomp,0.27120273313686727,,,,0.30739753138881404
28,always_small,correct,known,dr,0.18501442939602672,0.06813846687535678,0.05146303432032742,0.318565824471726,0.30739753138881404
28,failure_escalation,correct,known,ipw,0.31392382008365666,0.1494990098685538,0.02090576074129119,0.6069418794260222,0.3104749715506988
28,failure_escalation,correct,known,gcomp,0.31733292260206736,,,,0.3104749715506988
28,failure_escalation,correct,known,dr,0.3644927370975659,0.11274576404963434,0.1435110395602826,0.5854744346348493,0.3104749715506988
28,soft_escalation,correct,known,ipw,0.3007157865171638,0.07052843822183942,0.16248004760235854,0.438951525431969,0.304774171904326
28,soft_escalation,correct,known,gcomp,0.30747359578622546,,,,0.304774171904326
28,soft_escalation,correct,known,dr,0.3294889331612168,0.053046636870296385,0.2255175248954359,0.43346034142699774,0.304774171904326
29,always_small,correct,known,ipw,0.0,0.0,0.0,0.0,0.30739753138881404
29,always_small,correct,known,gcomp,0.3089725678116764,,,,0.30739753138881404
29,always_small,correct,known,dr,0.35450780804520826,0.03452108128126763,0.2868464887339237,0.4221691273564928,0.30739753138881404
29,failure_escalation,correct,known,ipw,0.5101594860516742,0.20881955312589234,0.10087316192492518,0.9194458101784231,0.3104749715506988
29,failure_escalation,correct,known,gcomp,0.31778829408772835,,,,0.3104749715506988
29,failure_escalation,correct,known,dr,0.4750896437850866,0.09748879318539028,0.28401160914172163,0.6661676784284516,0.3104749715506988
29,soft_escalation,correct,known,ipw,0.40759359300637865,0.09525047695373942,0.22090265817704938,0.594284527835708,0.304774171904326
29,soft_escalation,correct,known,gcomp,0.3125875349313365,,,,0.304774171904326
29,soft_escalation,correct,known,dr,0.41187447485162487,0.048218304487728084,0.3173665980556778,0.506382351647572,0.304774171904326
30,always_small,correct,known,ipw,0.23617241459142918,0.23617241459142924,-0.22672551800777213,0.6990703471906305,0.30739753138881404
30,always_small,correct,known,gcomp,0.27418516422309197,,,,0.30739753138881404
30,always_small,correct,known,dr,0.31955538864985966,0.11251451514701999,0.09902693896170048,0.5400838383380189,0.30739753138881404
30,failure_escalation,correct,known,ipw,0.12840877413115376,0.09744090951291433,-0.06257540851415833,0.31939295677646584,0.3104749715506988
30,failure_escalation,correct,known,gcomp,0.3038787428941649,,,,0.3104749715506988
30,failure_escalation,correct,known,dr,0.235644094159494,0.062001798394690756,0.11412056930590012,0.3571676190130879,0.3104749715506988
30,soft_escalation,correct,known,ipw,0.2523738643804535,0.05309056449291315,0.14831635797434373,0.3564313707865633,0.304774171904326
30,soft_escalation,correct,known,gcomp,0.2952651931946735,,,,0.304774171904326
30,soft_escalation,correct,known,dr,0.28096735035938797,0.0352414233006395,0.21189416069013456,0.3500405400286414,0.304774171904326
31,always_small,correct,known,ipw,0.0,0.0,0.0,0.0,0.30739753138881404
31,always_small,correct,known,gcomp,0.2502869236848401,,,,0.30739753138881404
31,always_small,correct,known,dr,0.2581952917736422,0.022998276744909795,0.213118669353619,0.3032719141936654,0.30739753138881404
31,failure_escalation,correct,known,ipw,0.3520062451994385,0.15889906188325145,0.04056408390826566,0.6634484064906114,0.3104749715506988
31,failure_escalation,correct,known,gcomp,0.32987593101282836,,,,0.3104749715506988
31,failure_escalation,correct,known,dr,0.4688487065444598,0.09226143602307298,0.2880162919392368,0.6496811211496829,0.3104749715506988
31,soft_escalation,correct,known,ipw,0.32898546634745346,0.07554280937810262,0.18092155996637233,0.4770493727285346,0.304774171904326
31,soft_escalation,correct,known,gcomp,0.3190542536201902,,,,0.304774171904326
31,soft_escalation,correct,known,dr,0.38081174990034317,0.0463781488261609,0.2899105782010678,0.47171292159961853,0.304774171904326
32,always_small,correct,known,ipw,0.0,0.0,0.0,0.0,0.30739753138881404
32,always_small,correct,known,gcomp,0.2756450818168444,,,,0.30739753138881404
32,always_small,correct,known,dr,0.4202700521144596,0.15074276243016246,0.1248142377513412,0.7157258664775781,0.30739753138881404
32,failure_escalation,correct,known,ipw,0.19146662850280854,0.1525662045086866,-0.10756313233421722,0.4904963893398343,0.3104749715506988
32,failure_escalation,correct,known,gcomp,0.30679760720451843,,,,0.3104749715506988
32,failure_escalation,correct,known,dr,0.28851630615113055,0.07777599246684282,0.13607536091611863,0.4409572513861425,0.3104749715506988
32,soft_escalation,correct,known,ipw,0.2943084003383644,0.08156487672584964,0.13444124195569912,0.4541755587210297,0.304774171904326
32,soft_escalation,correct,known,gcomp,0.3018675891466395,,,,0.304774171904326
32,soft_escalation,correct,known,dr,0.329443721361392,0.04688324707168732,0.23755255710088485,0.42133488562189914,0.304774171904326
33,always_small,correct,known,ipw,0.4187572275280856,0.33388953896762186,-0.23566626884845326,1.0731807239046245,0.30739753138881404
33,always_small,correct,known,gcomp,0.33005817021163264,,,,0.30739753138881404
33,always_small,correct,known,dr,0.46134126215487875,0.12558802906230587,0.21518872519275925,0.7074937991169983,0.30739753138881404
33,failure_escalation,correct,known,ipw,0.424391800634634,0.18427288531196287,0.06321694542318679,0.7855666558460812,0.3104749715506988
33,failure_escalation,correct,known,gcomp,0.29166454942399095,,,,0.3104749715506988
33,failure_escalation,correct,known,dr,0.3679825469788922,0.08818655935689407,0.19513689063937983,0.5408282033184046,0.3104749715506988
33,soft_escalation,correct,known,ipw,0.3043410443620063,0.0816842241052492,0.1442399651157179,0.46444212360829473,0.304774171904326
33,soft_escalation,correct,known,gcomp,0.288085559959919,,,,0.304774171904326
33,soft_escalation,correct,known,dr,0.27972660648623554,0.04480529178263671,0.19190823459226758,0.3675449783802035,0.304774171904326
34,always_small,correct,known,ipw,0.0,0.0,0.0,0.0,0.30739753138881404
34,always_small,correct,known,gcomp,0.23763152806058024,,,,0.30739753138881404
34,always_small,correct,known,dr,0.211205344551256,0.011344051358827514,0.18897100388795407,0.23343968521455793,0.30739753138881404
34,failure_escalation,correct,known,ipw,0.4845548329884306,0.18962922720222966,0.11288154767206049,0.8562281183048007,0.3104749715506988
34,failure_escalation,correct,known,gcomp,0.3312240958660986,,,,0.3104749715506988
34,failure_escalation,correct,known,dr,0.4002285502112231,0.12381909939249171,0.15754311540193935,0.6429139850205069,0.3104749715506988
34,soft_escalation,correct,known,ipw,0.3689796848559819,0.08568747774978058,0.201032228466412,0.5369271412455519,0.304774171904326
34,soft_escalation,correct,known,gcomp,0.31983702017779087,,,,0.304774171904326
34,soft_escalation,correct,known,dr,0.3338057770930066,0.056266482115689305,0.22352347214625554,0.4440880820397576,0.304774171904326
35,always_small,correct,known,ipw,0.0,0.0,0.0,0.0,0.30739753138881404
35,always_small,correct,known,gcomp,0.29510637036968296,,,,0.30739753138881404
35,always_small,correct,known,dr,0.2575161563528477,0.06592466676809311,0.1283038094873852,0.3867285032183102,0.30739753138881404
35,failure_escalation,correct,known,ipw,0.36532602396537467,0.17147401898510292,0.029236946754572946,0.7014151011761764,0.3104749715506988
35,failure_escalation,correct,known,gcomp,0.3332170596257599,,,,0.3104749715506988
35,failure_escalation,correct,known,dr,0.2652929080330337,0.11710160405426352,0.03577376408667718,0.49481205197939016,0.3104749715506988
35,soft_escalation,correct,known,ipw,0.3305444768264024,0.07929060061474316,0.17513489962150583,0.485954054031299,0.304774171904326
35,soft_escalation,correct,known,gcomp,0.3234117705578502,,,,0.304774171904326
35,soft_escalation,correct,known,dr,0.3226608680712092,0.0549106725284892,0.21503594991537037,0.43028578622704805,0.304774171904326
36,always_small,correct,known,ipw,0.0,0.0,0.0,0.0,0.30739753138881404
36,always_small,correct,known,gcomp,0.199614601451036,,,,0.30739753138881404
36,always_small,correct,known,dr,1.554502445062712,1.4405769790728788,-1.2690284339201303,4.378033324045554,0.30739753138881404
36,failure_escalation,correct,known,ipw,0.2326218096551705,0.17754543694470792,-0.11536724675645704,0.580610866066798,0.3104749715506988
36,failure_escalation,correct,known,gcomp,0.2310848891555738,,,,0.3104749715506988
36,failure_escalation,correct,known,dr,0.3076364678031751,0.08760101198124105,0.13593848431994265,0.47933445128640756,0.3104749715506988
36,soft_escalation,correct,known,ipw,0.23951614776296828,0.08116063266828721,0.08044130773312536,0.3985909877928112,0.304774171904326
36,soft_escalation,correct,known,gcomp,0.2287376597628312,,,,0.304774171904326
36,soft_escalation,correct,known,dr,0.2853255158026375,0.04280279595596081,0.2014320357289543,0.3692189958763207,0.304774171904326
37,always_small,correct,known,ipw,0.10018612312765184,0.10018612312765182,-0.09617867820254573,0.2965509244578494,0.30739753138881404
37,always_small,correct,known,gcomp,0.22451417885221622,,,,0.30739753138881404
37,always_small,correct,known,dr,-0.5001308835102395,0.7557934388165648,-1.9814860235907066,0.9812242565702275,0.30739753138881404
37,failure_escalation,correct,known,ipw,0.6661040746592742,0.22385688327569878,0.22734458343890462,1.104863565879644,0.3104749715506988
37,failure_escalation,correct,known,gcomp,0.3176080946774822,,,,0.3104749715506988
37,failure_escalation,correct,known,dr,0.5530170624205986,0.10685958279349639,0.34357228014534563,0.7624618446958515,0.3104749715506988
37,soft_escalation,correct,known,ipw,0.4705677489106541,0.10025416022301728,0.2740695948735402,0.667065902947768,0.304774171904326
37,soft_escalation,correct,known,gcomp,0.3045249736730389,,,,0.304774171904326
37,soft_escalation,correct,known,dr,0.42658133440649726,0.051594349739108494,0.3254564089178446,0.5277062598951499,0.304774171904326
38,always_small,correct,known,ipw,0.0,0.0,0.0,0.0,0.30739753138881404
38,always_small,correct,known,gcomp,0.33125909193896996,,,,0.30739753138881404
38,always_small,correct,known,dr,0.29589204720274687,0.01723993092798787,0.26210178258389066,0.32968231182160307,0.30739753138881404
38,failure_escalation,correct,known,ipw,0.6537355390187128,0.20085823933409358,0.26005338992388943,1.0474176881135362,0.3104749715506988
38,failure_escalation,correct,known,gcomp,0.2802946762042955,,,,0.3104749715506988
38,failure_escalation,correct,known,dr,0.19380382823480127,0.37849494766520014,-0.548046269188991,0.9356539256585935,0.3104749715506988
38,soft_escalation,correct,known,ipw,0.4719777900906857,0.10235347677471289,0.2713649756122484,0.672590604569123,0.304774171904326
38,soft_escalation,correct,known,gcomp,0.27917406121017246,,,,0.304774171904326
38,soft_escalation,correct,known,dr,0.27055848207307215,0.16386072887207206,-0.05060854651618907,0.5917255106623334,0.304774171904326
39,always_small,correct,known,ipw,0.0,0.0,0.0,0.0,0.30739753138881404
39,always_small,correct,known,gcomp,0.3925312058706781,,,,0.30739753138881404
39,always_small,correct,known,dr,0.3904913790128709,0.014094615643771364,0.362865932351079,0.4181168256746628,0.30739753138881404
39,failure_escalation,correct,known,ipw,0.6851765784671986,0.2640328331012363,0.16767222558877537,1.202680931345622,0.3104749715506988
39,failure_escalation,correct,known,gcomp,0.31092983231953814,,,,0.3104749715506988
39,failure_escalation,correct,known,dr,0.38040656948235513,0.13101563759248108,0.12361591980109221,0.637197219163618,0.3104749715506988
39,soft_escalation,correct,known,ipw,0.4530828156908961,0.11861537164529405,0.22059668726611975,0.6855689441156725,0.304774171904326
39,soft_escalation,correct,known,gcomp,0.30985027663458065,,,,0.304774171904326
39,soft_escalation,correct,known,dr,0.3337069378163169,0.061216417758375434,0.21372275900990104,0.45369111662273276,0.304774171904326
40,always_small,correct,known,ipw,0.0,0.0,0.0,0.0,0.30739753138881404
40,always_small,correct,known,gcomp,0.34582021239149524,,,,0.30739753138881404
40,always_small,correct,known,dr,0.27648794776225977,0.08197317873766474,0.11582051743643687,0.4371553780880827,0.30739753138881404
40,failure_escalation,correct,known,ipw,0.5169637197492806,0.18072240013979252,0.16274781547528727,0.8711796240232739,0.3104749715506988
40,failure_escalation,correct,known,gcomp,0.3046866518253917,,,,0.3104749715506988
40,failure_escalation,correct,known,dr,0.2396356417371266,0.15105689853883533,-0.05643587939899064,0.5357071628732438,0.3104749715506988
40,soft_escalation,correct,known,ipw,0.3844676600778909,0.08304265816633288,0.22170405007187846,0.5472312700839034,0.304774171904326
40,soft_escalation,correct,known,gcomp,0.3038152080547459,,,,0.304774171904326
40,soft_escalation,correct,known,dr,0.26808069384887134,0.07018464636142213,0.13051878698048397,0.4056426007172587,0.304774171904326
41,always_small,correct,known,ipw,0.0,0.0,0.0,0.0,0.30739753138881404
41,always_small,correct,known,gcomp,0.33508699940789827,,,,0.30739753138881404
41,always_small,correct,known,dr,0.336272869969872,0.00755823903435702,0.32145872146253224,0.35108701847721174,0.30739753138881404
41,failure_escalation,correct,known,ipw,0.19941025981393448,0.10597927208778349,-0.00830911347812116,0.40712963310599015,0.3104749715506988
41,failure_escalation,correct,known,gcomp,0.29412314859154914,,,,0.3104749715506988
41,failure_escalation,correct,known,dr,0.22657311747189018,0.09803321702120457,0.034428012110329226,0.41871822283345117,0.3104749715506988
41,soft_escalation,correct,known,ipw,0.250290063044206,0.05883163647057176,0.13498005556188533,0.36560007052652665,0.304774171904326
41,soft_escalation,correct,known,gcomp,0.2935317419731009,,,,0.304774171904326
41,soft_escalation,correct,known,dr,0.2567282600317209,0.05183165849233451,0.15513820938674527,0.3583183106766965,0.304774171904326
42,always_small,correct,known,ipw,0.5151415105525313,0.5151415105525313,-0.4945358501304301,1.5248188712354929,0.30739753138881404
42,always_small,correct,known,gcomp,0.273747927664674,,,,0.30739753138881404
42,always_small,correct,known,dr,0.4755334382669919,0.2098799065304259,0.06416882146735714,0.8868980550666267,0.30739753138881404
42,failure_escalation,correct,known,ipw,0.10604132549040424,0.1339421559821157,-0.15648530023454255,0.368567951215351,0.3104749715506988
42,failure_escalation,correct,known,gcomp,0.3399115630403856,,,,0.3104749715506988
42,failure_escalation,correct,known,dr,0.23918569317325,0.11575371630320119,0.012308409218975663,0.4660629771275243,0.3104749715506988
42,soft_escalation,correct,known,ipw,0.26577140757756784,0.06963936511046309,0.1292782519610602,0.4022645631940755,0.304774171904326
42,soft_escalation,correct,known,gcomp,0.3263174223706592,,,,0.304774171904326
42,soft_escalation,correct,known,dr,0.311766225122653,0.05733933508376481,0.199381128358474,0.424151321886832,0.304774171904326
43,always_small,correct,known,ipw,0.0,0.0,0.0,0.0,0.30739753138881404
43,always_small,correct,known,gcomp,0.3497414202949673,,,,0.30739753138881404
43,always_small,correct,known,dr,0.39539384846862624,0.07009479503052152,0.2580080502088041,0.5327796467284485,0.30739753138881404
43,failure_escalation,correct,known,ipw,0.3967249672558174,0.1574884324696162,0.08804763961536965,0.7054022948962652,0.3104749715506988
43,failure_escalation,correct,known,gcomp,0.3387507571663308,,,,0.3104749715506988
43,failure_escalation,correct,known,dr,-0.036614803353697725,0.38313161554205555,-0.7875527698161265,0.7143231631087311,0.3104749715506988
43,soft_escalation,correct,known,ipw,0.32115082794003363,0.07234619698410491,0.179352281851188,0.46294937402887926,0.304774171904326
43,soft_escalation,correct,known,gcomp,0.3312385460023829,,,,0.304774171904326
43,soft_escalation,correct,known,dr,0.14721864040833846,0.16327053087339227,-0.17279160010351038,0.46722888092018733,0.304774171904326
44,always_small,correct,known,ipw,0.0,0.0,0.0,0.0,0.30739753138881404
44,always_small,correct,known,gcomp,0.33704915040321987,,,,0.30739753138881404
44,always_small,correct,known,dr,-4.395595956324478,4.73397265018422,-13.674182350685548,4.882990438036592,0.30739753138881404
44,failure_escalation,correct,known,ipw,0.11356720588710857,0.09467153112186724,-0.0719889951117512,0.29912340688596833,0.3104749715506988
44,failure_escalation,correct,known,gcomp,0.2958041794760582,,,,0.3104749715506988
44,failure_escalation,correct,known,dr,0.13849839569890063,0.11393781366345905,-0.08481971908147912,0.3618165104792804,0.3104749715506988
44,soft_escalation,correct,known,ipw,0.21990670768533035,0.04802333692443255,0.12578096731344257,0.31403244805721814,0.304774171904326
44,soft_escalation,correct,known,gcomp,0.2935748049993715,,,,0.304774171904326
44,soft_escalation,correct,known,dr,0.21105116806708188,0.053469493228188,0.10625096133983339,0.31585137479433034,0.304774171904326
45,always_small,correct,known,ipw,0.0,0.0,0.0,0.0,0.30739753138881404
45,always_small,correct,known,gcomp,0.3075540353109542,,,,0.30739753138881404
45,always_small,correct,known,dr,0.2936590706695847,0.012993619458903,0.2681915765301348,0.31912656480903456,0.30739753138881404
45,failure_escalation,correct,known,ipw,0.12141430215884946,0.09920520683719079,-0.0730279032420445,0.3158565075597434,0.3104749715506988
45,failure_escalation,correct,known,gcomp,0.29059026971885704,,,,0.3104749715506988
45,failure_escalation,correct,known,dr,0.11303715835025278,0.08785341292859973,-0.05915553098980268,0.28522984769030824,0.3104749715506988
45,soft_escalation,correct,known,ipw,0.21329383723777512,0.050004146703027545,0.11528570969984113,0.3113019647757091,0.304774171904326
45,soft_escalation,correct,known,gcomp,0.2867203479680855,,,,0.304774171904326
45,soft_escalation,correct,known,dr,0.211162652822242,0.04481363505561308,0.12332792811324036,0.29899737753124367,0.304774171904326
46,always_small,correct,known,ipw,0.0,0.0,0.0,0.0,0.30739753138881404
46,always_small,correct,known,gcomp,0.3143036091997017,,,,0.30739753138881404
46,always_small,correct,known,dr,0.23933055029330746,0.0638715207640113,0.11414236959584531,0.3645187309907696,0.30739753138881404
46,failure_escalation,correct,known,ipw,0.32519112519033905,0.16824465396782684,-0.004568396586601575,0.6549506469672797,0.3104749715506988
46,failure_escalation,correct,known,gcomp,0.2949258094375246,,,,0.3104749715506988
46,failure_escalation,correct,known,dr,0.36500573567952277,0.10955676695194548,0.15027447245370962,0.5797369989053359,0.3104749715506988
46,soft_escalation,correct,known,ipw,0.2891630486955061,0.0762686062366226,0.1396765804717258,0.43864951691928633,0.304774171904326
46,soft_escalation,correct,known,gcomp,0.2903363401655493,,,,0.304774171904326
46,soft_escalation,correct,known,dr,0.32563733665298294,0.050785212094897475,0.2260983209469839,0.425176352358982,0.304774171904326
47,always_small,correct,known,ipw,2.5377414088028356,2.537741408802835,-2.4362317524507215,7.511714570056393,0.30739753138881404
47,always_small,correct,known,gcomp,0.29179202655946473,,,,0.30739753138881404
47,always_small,correct,known,dr,2.0111629699911204,1.8229021747407197,-1.56172529250069,5.584051232482931,0.30739753138881404
47,failure_escalation,correct,known,ipw,0.5964205049539186,0.23833142612943656,0.129290909740223,1.0635501001676142,0.3104749715506988
47,failure_escalation,correct,known,gcomp,0.3310227220237678,,,,0.3104749715506988
47,failure_escalation,correct,known,dr,0.4204231130023527,0.1547896456141945,0.11703540759853148,0.7238108184061739,0.3104749715506988
47,soft_escalation,correct,known,ipw,0.43310383465515784,0.10946455376051262,0.2185533092845531,0.6476543600257626,0.304774171904326
47,soft_escalation,correct,known,gcomp,0.3222818770360994,,,,0.304774171904326
47,soft_escalation,correct,known,dr,0.3536822952354023,0.07164304831332605,0.21326192054128323,0.49410266992952134,0.304774171904326
48,always_small,correct,known,ipw,0.0,0.0,0.0,0.0,0.30739753138881404
48,always_small,correct,known,gcomp,0.3362140864486417,,,,0.30739753138881404
48,always_small,correct,known,dr,0.3389402301436644,0.008786479560536973,0.32171873020501196,0.3561617300823169,0.30739753138881404
48,failure_escalation,correct,known,ipw,0.3039361677303635,0.1421530984132432,0.025316094840406866,0.5825562406203202,0.3104749715506988
48,failure_escalation,correct,known,gcomp,0.3321064389122376,,,,0.3104749715506988
48,failure_escalation,correct,known,dr,0.1265247432768485,0.1870045022797823,-0.2400040811915248,0.4930535677452218,0.3104749715506988
48,soft_escalation,correct,known,ipw,0.408819011311537,0.07844802526778943,0.2550608817866697,0.5625771408364042,0.304774171904326
48,soft_escalation,correct,known,gcomp,0.32598049913521565,,,,0.304774171904326
48,soft_escalation,correct,known,dr,0.27210081244222395,0.08573300785988036,0.10406411703685844,0.4401375078475894,0.304774171904326
49,always_small,correct,known,ipw,0.0,0.0,0.0,0.0,0.30739753138881404
49,always_small,correct,known,gcomp,0.3604341486391098,,,,0.30739753138881404
49,always_small,correct,known,dr,0.43009573856965305,0.05892800741006484,0.31459684404592597,0.5455946330933801,0.30739753138881404
49,failure_escalation,correct,known,ipw,0.27462934862367633,0.14083612281543081,-0.0014094520945680533,0.5506681493419208,0.3104749715506988
49,failure_escalation,correct,known,gcomp,0.29745611881973755,,,,0.3104749715506988
49,failure_escalation,correct,known,dr,0.19059625170807562,0.11201191003853375,-0.028947091967450517,0.4101395953836018,0.3104749715506988
49,soft_escalation,correct,known,ipw,0.28008569792357724,0.06711826058430219,0.14853390717834494,0.41163748866880956,0.304774171904326
49,soft_escalation,correct,known,gcomp,0.29880986155971434,,,,0.304774171904326
49,soft_escalation,correct,known,dr,0.2474020010497783,0.05227769447138989,0.14493771988585413,0.3498662822137025,0.304774171904326
50,always_small,correct,known,ipw,0.10018612312765184,0.10018612312765182,-0.09617867820254573,0.2965509244578494,0.30739753138881404
50,always_small,correct,known,gcomp,0.2632517282582146,,,,0.30739753138881404
50,always_small,correct,known,dr,0.3033959471968207,0.0779712634380083,0.15057227085832448,0.456219623535317,0.30739753138881404
50,failure_escalation,correct,known,ipw,0.8529905219484327,0.2471208687886055,0.36863361912276593,1.3373474247740995,0.3104749715506988
50,failure_escalation,correct,known,gcomp,0.3094998992073514,,,,0.3104749715506988
50,failure_escalation,correct,known,dr,0.4452210036119998,0.1240204193050516,0.20214098177409864,0.6883010254499009,0.3104749715506988
50,soft_escalation,correct,known,ipw,0.5357755990252355,0.11069812252830037,0.3188072788697668,0.7527439191807043,0.304774171904326
50,soft_escalation,correct,known,gcomp,0.2998492996652216,,,,0.304774171904326
50,soft_escalation,correct,known,dr,0.3556933134721071,0.05868101948789933,0.2406785152758244,0.4707081116683898,0.304774171904326
51,always_small,correct,known,ipw,0.10018612312765184,0.10018612312765185,-0.09617867820254579,0.2965509244578495,0.30739753138881404
51,always_small,correct,known,gcomp,0.300375054490061,,,,0.30739753138881404
51,always_small,correct,known,dr,0.34686961849548636,0.1941042135021387,-0.033574639968705466,0.7273138769596782,0.30739753138881404
51,failure_escalation,correct,known,ipw,0.279042966838277,0.14235255745323994,3.1954229926745015e-05,0.5580539794466273,0.3104749715506988
51,failure_escalation,correct,known,gcomp,0.3391613387790152,,,,0.3104749715506988
51,failure_escalation,correct,known,dr,0.28839911703684873,0.08649134963131791,0.11887607175946563,0.45792216231423183,0.3104749715506988
51,soft_escalation,correct,known,ipw,0.30811779990415045,0.07067185273113069,0.1696009685511343,0.4466346312571666,0.304774171904326
51,soft_escalation,correct,known,gcomp,0.32862813052644846,,,,0.304774171904326
51,soft_escalation,correct,known,dr,0.3189588921964036,0.04554368763946836,0.2296932644230456,0.4082245199697616,0.304774171904326
52,always_small,correct,known,ipw,0.10018612312765184,0.10018612312765182,-0.09617867820254573,0.2965509244578494,0.30739753138881404
52,always_small,correct,known,gcomp,0.27226895563361686,,,,0.30739753138881404
52,always_small,correct,known,dr,-0.7907845400515128,0.698108004520711,-2.1590762289121064,0.5775071488090808,0.30739753138881404
52,failure_escalation,correct,known,ipw,0.4492003533289161,0.1777280528247323,0.1008533697924408,0.7975473368653914,0.3104749715506988
52,failure_escalation,correct,known,gcomp,0.3189134482653977,,,,0.3104749715506988
52,failure_escalation,correct,known,dr,0.3156219278996222,0.11022504312148385,0.09958084338151385,0.5316630124177305,0.3104749715506988
52,soft_escalation,correct,known,ipw,0.35346869428427724,0.08023903696438893,0.19620018183407495,0.5107372067344795,0.304774171904326
52,soft_escalation,correct,known,gcomp,0.3097201137559323,,,,0.304774171904326
52,soft_escalation,correct,known,dr,0.282562535696925,0.0519836462290257,0.18067458908803463,0.3844504823058154,0.304774171904326
53,always_small,correct,known,ipw,0.0,0.0,0.0,0.0,0.30739753138881404
53,always_small,correct,known,gcomp,0.34774707213107753,,,,0.30739753138881404
53,always_small,correct,known,dr,0.2603376660885493,0.08502838289391387,0.09368203561647812,0.42699329656062046,0.30739753138881404
53,failure_escalation,correct,known,ipw,0.3968966678349484,0.16911085532008588,0.0654393914075801,0.7283539442623168,0.3104749715506988
53,failure_escalation,correct,known,gcomp,0.31748880898621046,,,,0.3104749715506988
53,failure_escalation,correct,known,dr,0.42660444678056003,0.08311052810655244,0.26370781169171725,0.5895010818694029,0.3104749715506988
53,soft_escalation,correct,known,ipw,0.3056452362186537,0.0764604872287497,0.15578268125030428,0.45550779118700313,0.304774171904326
53,soft_escalation,correct,known,gcomp,0.31208565040212843,,,,0.304774171904326
53,soft_escalation,correct,known,dr,0.32875922349756587,0.04281004990936938,0.24485152567520188,0.4126669213199299,0.304774171904326
54,always_small,correct,known,ipw,0.20162564651231227,0.2016256465123122,-0.19356062065181964,0.5968119136764442,0.30739753138881404
54,always_small,correct,known,gcomp,0.37001093032253274,,,,0.30739753138881404
54,always_small,correct,known,dr,0.2626989870812324,0.11940788320623681,0.028659535997008267,0.49673843816545654,0.30739753138881404
54,failure_escalation,correct,known,ipw,0.25075539078248266,0.13752845930691884,-0.01880038945907825,0.5203111710240436,0.3104749715506988
54,failure_escalation,correct,known,gcomp,0.3361568267870579,,,,0.3104749715506988
54,failure_escalation,correct,known,dr,0.024065418891529723,0.1796588490821682,-0.32806592530951995,0.37619676309257943,0.3104749715506988
54,soft_escalation,correct,known,ipw,0.2843749618680479,0.06718493386067746,0.15269249150112008,0.4160574322349757,0.304774171904326
54,soft_escalation,correct,known,gcomp,0.3304511180393002,,,,0.304774171904326
54,soft_escalation,correct,known,dr,0.1855327488170163,0.08149507268892592,0.025802406346721513,0.34526309128731114,0.304774171904326
55,always_small,correct,known,ipw,0.2540385221465007,0.2540385221465007,-0.24387698126064067,0.7519540255536421,0.30739753138881404
55,always_small,correct,known,gcomp,0.35559168972302374,,,,0.30739753138881404
55,always_small,correct,known,dr,0.40595209263362353,0.08335874985784937,0.24256894291223877,0.5693352423550083,0.30739753138881404
55,failure_escalation,correct,known,ipw,0.48394453896705614,0.19202499124642022,0.10757555612407249,0.8603135218100397,0.3104749715506988
55,failure_escalation,correct,known,gcomp,0.29641491917152835,,,,0.3104749715506988
55,failure_escalation,correct,known,dr,0.4233217164551096,0.08240758986198878,0.2618028403256116,0.5848405925846076,0.3104749715506988
55,soft_escalation,correct,known,ipw,0.3782103285691296,0.0871237874466445,0.20744770517370642,0.5489729519645528,0.304774171904326
55,soft_escalation,correct,known,gcomp,0.29712801337890454,,,,0.304774171904326
55,soft_escalation,correct,known,dr,0.34702112847745065,0.04204350847728978,0.2646158518619627,0.4294264050929386,0.304774171904326
56,always_small,correct,known,ipw,0.0,0.0,0.0,0.0,0.30739753138881404
56,always_small,correct,known,gcomp,0.2928787002894804,,,,0.30739753138881404
56,always_small,correct,known,dr,0.3351824499380341,0.043046062445906474,0.2508121675440574,0.4195527323320108,0.30739753138881404
56,failure_escalation,correct,known,ipw,0.2524512486415965,0.13029109820978066,-0.0029193038495735624,0.5078218011327666,0.3104749715506988
56,failure_escalation,correct,known,gcomp,0.29429692423114434,,,,0.3104749715506988
56,failure_escalation,correct,known,dr,0.30558156738773296,0.08677009867042144,0.13551217399370694,0.47565096078175895,0.3104749715506988
56,soft_escalation,correct,known,ipw,0.24868978545107892,0.0644757383989163,0.12231733818920298,0.37506223271295486,0.304774171904326
56,soft_escalation,correct,known,gcomp,0.28923935996621747,,,,0.304774171904326
56,soft_escalation,correct,known,dr,0.27842031811694923,0.04551805759874405,0.1892049252234109,0.36763571101048753,0.304774171904326
57,always_small,correct,known,ipw,0.20162564651231227,0.2016256465123122,-0.19356062065181964,0.5968119136764442,0.30739753138881404
57,always_small,correct,known,gcomp,0.29853341956826457,,,,0.30739753138881404
57,always_small,correct,known,dr,0.375418395818174,0.08131363380796314,0.21604367355456625,0.5347931180817818,0.30739753138881404
57,failure_escalation,correct,known,ipw,0.542686608606009,0.20775808285363306,0.13548076621288824,0.9498924509991298,0.3104749715506988
57,failure_escalation,correct,known,gcomp,0.29631625132135714,,,,0.3104749715506988
57,failure_escalation,correct,known,dr,0.278235393424576,0.14520640545305363,-0.00636916126340914,0.5628399481125611,0.3104749715506988
57,soft_escalation,correct,known,ipw,0.45895737095012473,0.09608233162289498,0.27063600096925056,0.6472787409309989,0.304774171904326
57,soft_escalation,correct,known,gcomp,0.29168508784190134,,,,0.304774171904326
57,soft_escalation,correct,known,dr,0.3324905711612538,0.0667920707881153,0.2015781124165478,0.46340302990595983,0.304774171904326
58,always_small,correct,known,ipw,0.0,0.0,0.0,0.0,0.30739753138881404
58,always_small,correct,known,gcomp,0.28468296261393466,,,,0.30739753138881404
58,always_small,correct,known,dr,0.2804056497144088,0.010412879308592828,0.2599964062695668,0.30081489315925075,0.30739753138881404
58,failure_escalation,correct,known,ipw,0.2538357921204619,0.13383796066311388,-0.008486610779241288,0.5161581950201651,0.3104749715506988
58,failure_escalation,correct,known,gcomp,0.30199530209402586,,,,0.3104749715506988
58,failure_escalation,correct,known,dr,0.3111807675057712,0.08015252879433227,0.15408181106888,0.4682797239426625,0.3104749715506988
58,soft_escalation,correct,known,ipw,0.2120675550625703,0.06120335813331712,0.09210897312126874,0.33202613700387185,0.304774171904326
58,soft_escalation,correct,known,gcomp,0.29839659220460224,,,,0.304774171904326
58,soft_escalation,correct,known,dr,0.2639388851255604,0.04084272530136175,0.18388714353489138,0.34399062671622943,0.304774171904326
59,always_small,correct,known,ipw,0.5901461698603954,0.4184795492726021,-0.2300737467139048,1.4103660864346956,0.30739753138881404
59,always_small,correct,known,gcomp,0.346464514260496,,,,0.30739753138881404
59,always_small,correct,known,dr,0.5353918301643849,0.1503172417768477,0.2407700362817634,0.8300136240470063,0.30739753138881404
59,failure_escalation,correct,known,ipw,0.4199896010477926,0.21662904533146404,-0.004603327801876944,0.8445825298974621,0.3104749715506988
59,failure_escalation,correct,known,gcomp,0.3354179517180562,,,,0.3104749715506988
59,failure_escalation,correct,known,dr,0.2668136433223989,0.10500399003833416,0.06100582284726391,0.47262146379753384,0.3104749715506988
59,soft_escalation,correct,known,ipw,0.3989919553090305,0.09959496245639435,0.20378582889449756,0.5941980817235634,0.304774171904326
59,soft_escalation,correct,known,gcomp,0.3271296241650959,,,,0.304774171904326
59,soft_escalation,correct,known,dr,0.28765520443077774,0.05175721936855404,0.18621105446841182,0.3890993543931437,0.304774171904326
60,always_small,correct,known,ipw,0.10018612312765184,0.10018612312765182,-0.09617867820254573,0.2965509244578494,0.30739753138881404
60,always_small,correct,known,gcomp,0.3036315384504219,,,,0.30739753138881404
60,always_small,correct,known,dr,0.20063543865248842,0.14238867128773472,-0.0784463570714716,0.4797172343764484,0.30739753138881404
60,failure_escalation,correct,known,ipw,0.47662631779360953,0.20909005154486357,0.06680981676567693,0.8864428188215421,0.3104749715506988
60,failure_escalation,correct,known,gcomp,0.2791734556181764,,,,0.3104749715506988
60,failure_escalation,correct,known,dr,0.34030495829782725,0.14310754916788596,0.05981416192877076,0.6207957546668837,0.3104749715506988
60,soft_escalation,correct,known,ipw,0.348613675527589,0.09251435894187818,0.16728553200150775,0.5299418190536702,0.304774171904326
60,soft_escalation,correct,known,gcomp,0.27569945817766917,,,,0.304774171904326
60,soft_escalation,correct,known,dr,0.3017127457538325,0.0648244776778781,0.1746567695051914,0.4287687220024736,0.304774171904326
61,always_small,correct,known,ipw,0.37413797956193023,0.37413797956193023,-0.359172460379453,1.1074484195033134,0.30739753138881404
61,always_small,correct,known,gcomp,0.3499853151801558,,,,0.30739753138881404
61,always_small,correct,known,dr,0.5104599100801915,0.15666812196570284,0.20339039102741396,0.8175294291329691,0.30739753138881404
61,failure_escalation,correct,known,ipw,0.3780649419779754,0.1525663592932308,0.07903487776324303,0.6770950061927078,0.3104749715506988
61,failure_escalation,correct,known,gcomp,0.3115375618355509,,,,0.3104749715506988
61,failure_escalation,correct,known,dr,0.3587895344569774,0.10234719139979342,0.15818903931338232,0.5593900296005725,0.3104749715506988
61,soft_escalation,correct,known,ipw,0.34456604913019556,0.07104423445255649,0.20531934960318485,0.48381274865720625,0.304774171904326
61,soft_escalation,correct,known,gcomp,0.3077762328614958,,,,0.304774171904326
61,soft_escalation,correct,known,dr,0.35121590566759286,0.04861912338616036,0.25592242383071856,0.44650938750446717,0.304774171904326
62,always_small,correct,known,ipw,0.0,0.0,0.0,0.0,0.30739753138881404
62,always_small,correct,known,gcomp,0.2841792505516685,,,,0.30739753138881404
62,always_small,correct,known,dr,0.2752463692261631,0.017700117420820963,0.24055413908135398,0.3099385993709722,0.30739753138881404
62,failure_escalation,correct,known,ipw,0.05743799590471048,0.10414031623219987,-0.14667702391040127,0.2615530157198222,0.3104749715506988
62,failure_escalation,correct,known,gcomp,0.3189601268945855,,,,0.3104749715506988
62,failure_escalation,correct,known,dr,0.10494640947950641,0.08992506962076176,-0.07130672697718664,0.28119954593619945,0.3104749715506988
62,soft_escalation,correct,known,ipw,0.19788236452080396,0.0531534653395108,0.0937015724553628,0.3020631565862451,0.304774171904326
62,soft_escalation,correct,known,gcomp,0.30748225860537626,,,,0.304774171904326
62,soft_escalation,correct,known,dr,0.2206954479190979,0.04383629696648068,0.13477630586479578,0.3066145899734,0.304774171904326
63,always_small,correct,known,ipw,0.0,0.0,0.0,0.0,0.30739753138881404
63,always_small,correct,known,gcomp,0.2755905274424471,,,,0.30739753138881404
63,always_small,correct,known,dr,0.19812276075748522,0.0414109153934156,0.11695736658639065,0.2792881549285798,0.30739753138881404
63,failure_escalation,correct,known,ipw,0.22394807313869053,0.1292726350106806,-0.029426291482243405,0.47732243775962446,0.3104749715506988
63,failure_escalation,correct,known,gcomp,0.3095813533457409,,,,0.3104749715506988
63,failure_escalation,correct,known,dr,0.3299117126400736,0.071016188292006,0.1907199835877418,0.46910344169240537,0.3104749715506988
63,soft_escalation,correct,known,ipw,0.2433190056769228,0.05966310434936379,0.12637932115216977,0.36025869020167584,0.304774171904326
63,soft_escalation,correct,known,gcomp,0.301570161771656,,,,0.304774171904326
63,soft_escalation,correct,known,dr,0.29596655800242017,0.03663840140730865,0.22415529124409522,0.3677778247607451,0.304774171904326
64,always_small,correct,known,ipw,0.10018612312765184,0.10018612312765185,-0.09617867820254579,0.2965509244578495,0.30739753138881404
64,always_small,correct,known,gcomp,0.4015382826284049,,,,0.30739753138881404
64,always_small,correct,known,dr,0.44373597968005835,0.03887493215055202,0.36754111266497635,0.5199308466951403,0.30739753138881404
64,failure_escalation,correct,known,ipw,0.7194977159234217,0.22192196231160657,0.28453066979267283,1.1544647620541706,0.3104749715506988
64,failure_escalation,correct,known,gcomp,0.31951445013650814,,,,0.3104749715506988
64,failure_escalation,correct,known,dr,0.5561690576139819,0.12307768549925188,0.3149367940354483,0.7974013211925156,0.3104749715506988
64,soft_escalation,correct,known,ipw,0.5655902094434261,0.10624734585823839,0.35734541156127886,0.7738350073255733,0.304774171904326
64,soft_escalation,correct,known,gcomp,0.3198254683222961,,,,0.304774171904326
64,soft_escalation,correct,known,dr,0.46713237072372205,0.061800039855666136,0.3460042926066164,0.5882604488408276,0.304774171904326
65,always_small,correct,known,ipw,0.0,0.0,0.0,0.0,0.30739753138881404
65,always_small,correct,known,gcomp,0.30097569580554195,,,,0.30739753138881404
65,always_small,correct,known,dr,0.34198332501642004,0.03268819373830107,0.27791446528934993,0.40605218474349014,0.30739753138881404
65,failure_escalation,correct,known,ipw,0.3974003983935297,0.15001797163753752,0.10336517398395617,0.6914356228031032,0.3104749715506988
65,failure_escalation,correct,known,gcomp,0.3138186612387432,,,,0.3104749715506988
65,failure_escalation,correct,known,dr,0.2871979425912246,0.10972595553848215,0.07213506973579961,0.5022608154466496,0.3104749715506988
65,soft_escalation,correct,known,ipw,0.344198569162554,0.06909239993882003,0.2087774652824667,0.47961967304264125,0.304774171904326
65,soft_escalation,correct,known,gcomp,0.30630069568636287,,,,0.304774171904326
65,soft_escalation,correct,known,dr,0.28243850896665823,0.051952050026806376,0.18061249091411774,0.3842645270191987,0.304774171904326
66,always_small,correct,known,ipw,0.0,0.0,0.0,0.0,0.30739753138881404
66,always_small,correct,known,gcomp,0.3202730874951074,,,,0.30739753138881404
66,always_small,correct,known,dr,0.2774418054665352,0.03752697410674064,0.2038889362173235,0.35099467471574686,0.30739753138881404
66,failure_escalation,correct,known,ipw,0.3422422430280617,0.14187278215294097,0.06417159000829742,0.620312896047826,0.3104749715506988
66,failure_escalation,correct,known,gcomp,0.2982827363134698,,,,0.3104749715506988
66,failure_escalation,correct,known,dr,0.3997515145813101,0.07880734041521739,0.245289127367484,0.5542139017951362,0.3104749715506988
66,soft_escalation,correct,known,ipw,0.35468175504939603,0.07028282295202858,0.21692742206342003,0.49243608803537203,0.304774171904326
66,soft_escalation,correct,known,gcomp,0.2952500364268571,,,,0.304774171904326
66,soft_escalation,correct,known,dr,0.36163475177190685,0.040364656836476116,0.28252002437241364,0.44074947917140006,0.304774171904326
67,always_small,correct,known,ipw,0.10018612312765184,0.10018612312765185,-0.09617867820254579,0.2965509244578495,0.30739753138881404
67,always_small,correct,known,gcomp,0.2935209966502559,,,,0.30739753138881404
67,always_small,correct,known,dr,0.3087177391921562,0.039660937540568555,0.23098230161264185,0.38645317677167057,0.30739753138881404
67,failure_escalation,correct,known,ipw,0.2116601474296959,0.1632108060376695,-0.10823303240413629,0.5315533272635281,0.3104749715506988
67,failure_escalation,correct,known,gcomp,0.343327217215675,,,,0.3104749715506988
67,failure_escalation,correct,known,dr,0.2342149571227626,0.12038824525615267,-0.0017460035792966344,0.4701759178248218,0.3104749715506988
67,soft_escalation,correct,known,ipw,0.26828318984180966,0.07651235974501325,0.11831896474158368,0.41824741494203566,0.304774171904326
67,soft_escalation,correct,known,gcomp,0.3361259931133441,,,,0.304774171904326
67,soft_escalation,correct,known,dr,0.2946116875142377,0.05538880855565603,0.1860496227451519,0.4031737522833235,0.304774171904326
68,always_small,correct,known,ipw,2.249576238307322,1.626840313416958,-0.9390307759899157,5.43818325260456,0.30739753138881404
68,always_small,correct,known,gcomp,0.31942004906949517,,,,0.30739753138881404
68,always_small,correct,known,dr,1.410228503346266,0.9963150289512631,-0.5425489533982097,3.363005960090742,0.30739753138881404
68,failure_escalation,correct,known,ipw,0.3642110380175358,0.16897339516128107,0.03302318350142491,0.6953988925336467,0.3104749715506988
68,failure_escalation,correct,known,gcomp,0.3315145848532782,,,,0.3104749715506988
68,failure_escalation,correct,known,dr,0.3817242676147736,0.08714791046612318,0.2109143631011722,0.5525341721283751,0.3104749715506988
68,soft_escalation,correct,known,ipw,0.34406185249437493,0.077539176683772,0.1920850661941818,0.49603863879456805,0.304774171904326
68,soft_escalation,correct,known,gcomp,0.3248034385985751,,,,0.304774171904326
68,soft_escalation,correct,known,dr,0.34525208971991445,0.04333333045280329,0.26031876203242,0.4301854174074089,0.304774171904326
69,always_small,correct,known,ipw,0.10018612312765184,0.10018612312765185,-0.09617867820254579,0.2965509244578495,0.30739753138881404
69,always_small,correct,known,gcomp,0.2899595651852384,,,,0.30739753138881404
69,always_small,correct,known,dr,0.2786137167241547,0.058909663518392205,0.16315077622810598,0.3940766572202034,0.30739753138881404
69,failure_escalation,correct,known,ipw,0.11651812586526747,0.12723770037810933,-0.13286776687582683,0.3659040186063618,0.3104749715506988
69,failure_escalation,correct,known,gcomp,0.35431359114722727,,,,0.3104749715506988
69,failure_escalation,correct,known,dr,0.1543039638012258,0.1043643045944635,-0.05025007320392266,0.35885800080637426,0.3104749715506988
69,soft_escalation,correct,known,ipw,0.2501262597221096,0.062322089294731924,0.12797496470443503,0.3722775547397842,0.304774171904326
69,soft_escalation,correct,known,gcomp,0.3401335966106286,,,,0.304774171904326
69,soft_escalation,correct,known,dr,0.2667211240262618,0.050988955141830314,0.1667827719482744,0.3666594761042492,0.304774171904326
70,always_small,correct,known,ipw,0.10018612312765184,0.10018612312765185,-0.09617867820254579,0.2965509244578495,0.30739753138881404
70,always_small,correct,known,gcomp,0.35060564409425843,,,,0.30739753138881404
70,always_small,correct,known,dr,0.32095746197618497,0.06089004341140955,0.20161297688982224,0.44030194706254766,0.30739753138881404
70,failure_escalation,correct,known,ipw,0.3434215716954356,0.16486300212215946,0.020290087536003032,0.6665530558548681,0.3104749715506988
70,failure_escalation,correct,known,gcomp,0.2956077116704928,,,,0.3104749715506988
70,failure_escalation,correct,known,dr,0.3776504815639156,0.08230997764811833,0.2163229253736037,0.5389780377542275,0.3104749715506988
70,soft_escalation,correct,known,ipw,0.30728805715427704,0.07485451253573362,0.16057321258423915,0.4540029017243149,0.304774171904326
70,soft_escalation,correct,known,gcomp,0.2942122706006365,,,,0.304774171904326
70,soft_escalation,correct,known,dr,0.3012503981688616,0.042881846025365176,0.21720197995914586,0.3852988163785774,0.304774171904326
71,always_small,correct,known,ipw,0.0,0.0,0.0,0.0,0.30739753138881404
71,always_small,correct,known,gcomp,0.32975963557685484,,,,0.30739753138881404
71,always_small,correct,known,dr,0.280317695184982,0.024596926689260234,0.23210771887403195,0.3285276714959321,0.30739753138881404
71,failure_escalation,correct,known,ipw,0.3070491023566684,0.1609412366365604,-0.00839572145098999,0.6224939261643267,0.3104749715506988
71,failure_escalation,correct,known,gcomp,0.3108582526292055,,,,0.3104749715506988
71,failure_escalation,correct,known,dr,0.26193357604143913,0.09668335468689015,0.07243420085513444,0.45143295122774385,0.3104749715506988
71,soft_escalation,correct,known,ipw,0.37716210234871006,0.07605261061245122,0.22809898554830565,0.5262252191491145,0.304774171904326
71,soft_escalation,correct,known,gcomp,0.3060315892906765,,,,0.304774171904326
71,soft_escalation,correct,known,dr,0.32850179492830683,0.04638581799977797,0.23758559164874202,0.4194179982078716,0.304774171904326
72,always_small,correct,known,ipw,0.0,0.0,0.0,0.0,0.30739753138881404
72,always_small,correct,known,gcomp,0.2833078006451046,,,,0.30739753138881404
72,always_small,correct,known,dr,0.417204266734561,0.100510913317172,0.2202028766329039,0.6142056568362182,0.30739753138881404
72,failure_escalation,correct,known,ipw,0.39383872433409167,0.15725598392439621,0.08561699584227511,0.7020604528259082,0.3104749715506988
72,failure_escalation,correct,known,gcomp,0.3140024009172286,,,,0.3104749715506988
72,failure_escalation,correct,known,dr,0.39245534722769027,0.0974529861288764,0.20144749441509252,0.583463200040288,0.3104749715506988
72,soft_escalation,correct,known,ipw,0.3234922042570748,0.07214843411906363,0.1820812733837101,0.4649031351304395,0.304774171904326
72,soft_escalation,correct,known,gcomp,0.30568021122462075,,,,0.304774171904326
72,soft_escalation,correct,known,dr,0.34215944172167867,0.04616502655822334,0.25167598966756094,0.4326428937757964,0.304774171904326
73,always_small,correct,known,ipw,0.10018612312765184,0.10018612312765185,-0.09617867820254579,0.2965509244578495,0.30739753138881404
73,always_small,correct,known,gcomp,0.41226038456365627,,,,0.30739753138881404
73,always_small,correct,known,dr,0.4175806717369314,0.046448782538748845,0.3265410579609837,0.5086202855128792,0.30739753138881404
73,failure_escalation,correct,known,ipw,0.15759369321434094,0.13936038547647794,-0.11555266231955583,0.4307400487482377,0.3104749715506988
73,failure_escalation,correct,known,gcomp,0.3195905306282603,,,,0.3104749715506988
73,failure_escalation,correct,known,dr,0.10310993645674281,0.13714651334858577,-0.16569722970648526,0.3719171026199709,0.3104749715506988
73,soft_escalation,correct,known,ipw,0.26802659853971567,0.07132803060678078,0.12822365855042533,0.407829538529006,0.304774171904326
73,soft_escalation,correct,known,gcomp,0.32004130006548775,,,,0.304774171904326
73,soft_escalation,correct,known,dr,0.23809399375498433,0.06529294773061114,0.1101198162029865,0.36606817130698216,0.304774171904326
74,always_small,correct,known,ipw,1.4064128135280662,1.3099964968890718,-1.1611803203745144,3.974005947430647,0.30739753138881404
74,always_small,correct,known,gcomp,0.36104824420839504,,,,0.30739753138881404
74,always_small,correct,known,dr,0.8383016564053816,0.4621463408249422,-0.06750517161150515,1.7441084844222683,0.30739753138881404
74,failure_escalation,correct,known,ipw,0.5560224591759543,0.212021328592074,0.14046065513548922,0.9715842632164193,0.3104749715506988
74,failure_escalation,correct,known,gcomp,0.301618429057365,,,,0.3104749715506988
74,failure_escalation,correct,known,dr,0.44248466517200435,0.10523706017532235,0.23622002722837257,0.6487493031156362,0.3104749715506988
74,soft_escalation,correct,known,ipw,0.412305012863949,0.0942349311949431,0.22760454772186053,0.5970054780060374,0.304774171904326
74,soft_escalation,correct,known,gcomp,0.30361228537192647,,,,0.304774171904326
74,soft_escalation,correct,known,dr,0.372780232998901,0.049527625141247346,0.2757060877220562,0.46985437827574583,0.304774171904326
75,always_small,correct,known,ipw,0.0,0.0,0.0,0.0,0.30739753138881404
75,always_small,correct,known,gcomp,0.3389980582563555,,,,0.30739753138881404
75,always_small,correct,known,dr,-2.1837916176256753,2.525202167910728,-7.133187866730703,2.765604631479352,0.30739753138881404
75,failure_escalation,correct,known,ipw,0.47469501782211554,0.2963964447971576,-0.1062420139803133,1.0556320496245444,0.3104749715506988
75,failure_escalation,correct,known,gcomp,0.2854428567000992,,,,0.3104749715506988
75,failure_escalation,correct,known,dr,0.4689656442946239,0.18819090407920142,0.1001114722993891,0.8378198162898587,0.3104749715506988
75,soft_escalation,correct,known,ipw,0.34548608348314497,0.13112584526228088,0.08847942676907444,0.6024927401972155,0.304774171904326
75,soft_escalation,correct,known,gcomp,0.2835563189602598,,,,0.304774171904326
75,soft_escalation,correct,known,dr,0.3558387211514181,0.08571561643173434,0.18783611294521882,0.5238413293576174,0.304774171904326
76,always_small,correct,known,ipw,0.0,0.0,0.0,0.0,0.30739753138881404
76,always_small,correct,known,gcomp,0.3369772696988673,,,,0.30739753138881404
76,always_small,correct,known,dr,0.319517333903801,0.01889496481800692,0.28248320286050743,0.35655146494709455,0.30739753138881404
76,failure_escalation,correct,known,ipw,0.48496481931922736,0.21715615286454798,0.059338759704713306,0.9105908789337414,0.3104749715506988
76,failure_escalation,correct,known,gcomp,0.3249676412871142,,,,0.3104749715506988
76,failure_escalation,correct,known,dr,0.38955865256684863,0.09010924327396208,0.21294453574988295,0.5661727693838143,0.3104749715506988
76,soft_escalation,correct,known,ipw,0.4388615384873421,0.09959779084592228,0.24364986842933445,0.6340732085453498,0.304774171904326
76,soft_escalation,correct,known,gcomp,0.3183687919271851,,,,0.304774171904326
76,soft_escalation,correct,known,dr,0.36592782051630063,0.04494592813632056,0.27783380136911234,0.4540218396634889,0.304774171904326
77,always_small,correct,known,ipw,0.0,0.0,0.0,0.0,0.30739753138881404
77,always_small,correct,known,gcomp,0.29927873304463987,,,,0.30739753138881404
77,always_small,correct,known,dr,0.12233585667021271,0.16924730422771858,-0.20938885961611572,0.4540605729565411,0.30739753138881404
77,failure_escalation,correct,known,ipw,0.16859242771895597,0.13619791568374615,-0.09835548702118649,0.43554034245909845,0.3104749715506988
77,failure_escalation,correct,known,gcomp,0.29573681680824077,,,,0.3104749715506988
77,failure_escalation,correct,known,dr,0.14327180443431822,0.1385862992722554,-0.12835734213930236,0.4149009510079388,0.3104749715506988
77,soft_escalation,correct,known,ipw,0.1989005329083271,0.06348625691867316,0.07446746934772772,0.32333359646892645,0.304774171904326
77,soft_escalation,correct,known,gcomp,0.29209245555711527,,,,0.304774171904326
77,soft_escalation,correct,known,dr,0.17930319708169573,0.06430533249189856,0.05326474539757456,0.30534164876581693,0.304774171904326
78,always_small,correct,known,ipw,0.0,0.0,0.0,0.0,0.30739753138881404
78,always_small,correct,known,gcomp,0.31929587716191865,,,,0.30739753138881404
78,always_small,correct,known,dr,0.33541486781238095,0.014981674250428826,0.3060507862815405,0.3647789493432214,0.30739753138881404
78,failure_escalation,correct,known,ipw,0.31241576011996275,0.15554363594515683,0.007550233667455386,0.6172812865724702,0.3104749715506988
78,failure_escalation,correct,known,gcomp,0.2768712084543732,,,,0.3104749715506988
78,failure_escalation,correct,known,dr,0.26037291106167104,0.08125650563747215,0.10111016001222564,0.41963566211111647,0.3104749715506988
78,soft_escalation,correct,known,ipw,0.2796155186385549,0.0707963290599057,0.14085471368113972,0.41837632359597005,0.304774171904326
78,soft_escalation,correct,known,gcomp,0.27550266222896425,,,,0.304774171904326
78,soft_escalation,correct,known,dr,0.2861442378823298,0.03975773851796403,0.2082190703871203,0.3640694053775393,0.304774171904326
79,always_small,correct,known,ipw,0.0,0.0,0.0,0.0,0.30739753138881404
79,always_small,correct,known,gcomp,0.3022935605436864,,,,0.30739753138881404
79,always_small,correct,known,dr,0.3050836453001764,0.01853006443679132,0.2687647190040654,0.3414025715962874,0.30739753138881404
79,failure_escalation,correct,known,ipw,0.1631905211242064,0.11681308209949466,-0.06576311979080313,0.3921441620392159,0.3104749715506988
79,failure_escalation,correct,known,gcomp,0.3191039210432916,,,,0.3104749715506988
79,failure_escalation,correct,known,dr,0.14041241024130943,0.11462487733346999,-0.08425234933229173,0.36507716981491056,0.3104749715506988
79,soft_escalation,correct,known,ipw,0.22457580942975156,0.06144779159241542,0.10413813790861734,0.3450134809508858,0.304774171904326
79,soft_escalation,correct,known,gcomp,0.31137571863316565,,,,0.304774171904326
79,soft_escalation,correct,known,dr,0.239239180271235,0.055280814779750394,0.13088878330292425,0.34758957723954576,0.304774171904326
80,always_small,correct,known,ipw,0.0,0.0,0.0,0.0,0.30739753138881404
80,always_small,correct,known,gcomp,0.37320970842194423,,,,0.30739753138881404
80,always_small,correct,known,dr,0.3618853926392256,0.0064149791830117675,0.34931203344052253,0.37445875183792865,0.30739753138881404
80,failure_escalation,correct,known,ipw,0.3423283536158221,0.14481663164015798,0.05848775560111247,0.6261689516305318,0.3104749715506988
80,failure_escalation,correct,known,gcomp,0.34684349375894513,,,,0.3104749715506988
80,failure_escalation,correct,known,dr,0.3769752373312259,0.07081219047498734,0.2381833440002507,0.5157671306622011,0.3104749715506988
80,soft_escalation,correct,known,ipw,0.34882259642986635,0.07524736159970219,0.20133776769445005,0.49630742516528265,0.304774171904326
80,soft_escalation,correct,known,gcomp,0.34091670250152,,,,0.304774171904326
80,soft_escalation,correct,known,dr,0.371530520981779,0.043085740467823694,0.2870824696648446,0.45597857229871347,0.304774171904326
81,always_small,correct,known,ipw,0.0,0.0,0.0,0.0,0.30739753138881404
81,always_small,correct,known,gcomp,0.22941323877502168,,,,0.30739753138881404
81,always_small,correct,known,dr,0.2627036149200593,0.04426385284253947,0.17594646334868191,0.34946076649143665,0.30739753138881404
81,failure_escalation,correct,known,ipw,0.15566378013051846,0.11954886100423681,-0.07865198743778568,0.3899795476988226,0.3104749715506988
81,failure_escalation,correct,known,gcomp,0.29757675302645403,,,,0.3104749715506988
81,failure_escalation,correct,known,dr,0.18779424680096327,0.0791010771524482,0.03275613558216481,0.34283235801976175,0.3104749715506988
81,soft_escalation,correct,known,ipw,0.22072410445873622,0.05768250179930887,0.10766640093209083,0.3337818079853816,0.304774171904326
81,soft_escalation,correct,known,gcomp,0.28924433416328404,,,,0.304774171904326
81,soft_escalation,correct,known,dr,0.22478083367545673,0.040938148424810396,0.14454206276282835,0.3050196045880851,0.304774171904326
82,always_small,correct,known,ipw,0.0,0.0,0.0,0.0,0.30739753138881404
82,always_small,correct,known,gcomp,0.3501407218164704,,,,0.30739753138881404
82,always_small,correct,known,dr,0.3445623486871275,0.02133887560500987,0.30273815250130814,0.3863865448729468,0.30739753138881404
82,failure_escalation,correct,known,ipw,0.24820824349179305,0.11887498993608003,0.015213263217076195,0.4812032237665099,0.3104749715506988
82,failure_escalation,correct,known,gcomp,0.3165114147735248,,,,0.3104749715506988
82,failure_escalation,correct,known,dr,0.19645081395618347,0.1293669854083135,-0.05710847744411102,0.45001010535647795,0.3104749715506988
82,soft_escalation,correct,known,ipw,0.2945467502857753,0.05859051067386545,0.17970934936499905,0.4093841512065516,0.304774171904326
82,soft_escalation,correct,known,gcomp,0.3126381403718201,,,,0.304774171904326
82,soft_escalation,correct,known,dr,0.2652468019912667,0.059487745241334364,0.14865082131825136,0.38184278266428207,0.304774171904326
83,always_small,correct,known,ipw,0.2715750654599616,0.2715750654599617,-0.26071206284156334,0.8038621937614865,0.30739753138881404
83,always_small,correct,known,gcomp,0.3023749668267301,,,,0.30739753138881404
83,always_small,correct,known,dr,0.10699497028019418,0.2661585947318773,-0.41467587539428535,0.6286658159546737,0.30739753138881404
83,failure_escalation,correct,known,ipw,0.3473093238820094,0.1837210577123576,-0.0127839492342115,0.7074025969982303,0.3104749715506988
83,failure_escalation,correct,known,gcomp,0.3118436906869146,,,,0.3104749715506988
83,failure_escalation,correct,known,dr,0.356011371903681,0.11576053887988785,0.1291207156991008,0.5829020281082612,0.3104749715506988
83,soft_escalation,correct,known,ipw,0.3165175416343597,0.08287148523754932,0.154089430568763,0.47894565269995637,0.304774171904326
83,soft_escalation,correct,known,gcomp,0.3045762191001819,,,,0.304774171904326
83,soft_escalation,correct,known,dr,0.3212489528913067,0.0533859750040576,0.21661244188335382,0.42588546389925963,0.304774171904326
84,always_small,correct,known,ipw,8.359023867616717,8.359023867616717,-8.02466291291205,24.742710648145483,0.30739753138881404
84,always_small,correct,known,gcomp,0.25214768621997047,,,,0.30739753138881404
84,always_small,correct,known,dr,4.131045534493949,3.992042958771164,-3.6933586646975325,11.95544973368543,0.30739753138881404
84,failure_escalation,correct,known,ipw,0.28547973109812036,0.13866592529275037,0.013694517524329652,0.5572649446719111,0.3104749715506988
84,failure_escalation,correct,known,gcomp,0.31928456074595724,,,,0.3104749715506988
84,failure_escalation,correct,known,dr,0.15660963085275928,0.18208486284339576,-0.2002767003202964,0.5134959620258149,0.3104749715506988
84,soft_escalation,correct,known,ipw,0.2525574211019541,0.06418683205587343,0.1267512302724422,0.37836361193146606,0.304774171904326
84,soft_escalation,correct,known,gcomp,0.3095296316634922,,,,0.304774171904326
84,soft_escalation,correct,known,dr,0.23253125447849787,0.0798239810985005,0.0760762515254369,0.38898625743155885,0.304774171904326
85,always_small,correct,known,ipw,0.0,0.0,0.0,0.0,0.30739753138881404
85,always_small,correct,known,gcomp,0.33714575010647846,,,,0.30739753138881404
85,always_small,correct,known,dr,0.255046569279199,0.09859260972909535,0.0618050542101721,0.44828808434822587,0.30739753138881404
85,failure_escalation,correct,known,ipw,0.1471456292262113,0.10083580376814819,-0.050492546159359136,0.3447838046117817,0.3104749715506988
85,failure_escalation,correct,known,gcomp,0.3181568385667944,,,,0.3104749715506988
85,failure_escalation,correct,known,dr,0.19985961088867263,0.11268291524199427,-0.020998902985636142,0.4207181247629814,0.3104749715506988
85,soft_escalation,correct,known,ipw,0.27635069350990066,0.05358948849648377,0.17131529605679247,0.38138609096300885,0.304774171904326
85,soft_escalation,correct,known,gcomp,0.31365381891725647,,,,0.304774171904326
85,soft_escalation,correct,known,dr,0.2904455128359485,0.05318688878080923,0.1861992108255624,0.3946918148463346,0.304774171904326
86,always_small,correct,known,ipw,3.296579539795456,3.296579539795456,-3.1647163582036377,9.75787543779455,0.30739753138881404
86,always_small,correct,known,gcomp,0.2766478882299413,,,,0.30739753138881404
86,always_small,correct,known,dr,1.7783089214724939,1.5323018438102554,-1.2250026923956066,4.781620535340594,0.30739753138881404
86,failure_escalation,correct,known,ipw,0.2914593992751935,0.13840600342256437,0.020183632566967313,0.5627351659834197,0.3104749715506988
86,failure_escalation,correct,known,gcomp,0.28533156892574846,,,,0.3104749715506988
86,failure_escalation,correct,known,dr,0.06487673830208479,0.1366458826242418,-0.2029491916414291,0.3327026682455987,0.3104749715506988
86,soft_escalation,correct,known,ipw,0.2467971283019285,0.0628741767415982,0.12356374188839601,0.37003051471546095,0.304774171904326
86,soft_escalation,correct,known,gcomp,0.2795885254056373,,,,0.304774171904326
86,soft_escalation,correct,known,dr,0.1805706781488293,0.06122574701831482,0.060568213992932246,0.3005731423047263,0.304774171904326
87,always_small,correct,known,ipw,0.0,0.0,0.0,0.0,0.30739753138881404
87,always_small,correct,known,gcomp,0.2842909237495141,,,,0.30739753138881404
87,always_small,correct,known,dr,0.06252436897583943,0.1435284470613017,-0.21879138726431188,0.3438401252159907,0.30739753138881404
87,failure_escalation,correct,known,ipw,0.5646117794505403,0.18394200781494677,0.20408544413324464,0.9251381147678359,0.3104749715506988
87,failure_escalation,correct,known,gcomp,0.3114508756066427,,,,0.3104749715506988
87,failure_escalation,correct,known,dr,0.32965716054744393,0.15093402976671558,0.033826462204681385,0.6254878588902064,0.3104749715506988
87,soft_escalation,correct,known,ipw,0.43972499806881515,0.0843811944166736,0.27433785701213487,0.6051121391254954,0.304774171904326
87,soft_escalation,correct,known,gcomp,0.30451393779965447,,,,0.304774171904326
87,soft_escalation,correct,known,dr,0.31108906151279575,0.0684337432334738,0.1769589247751871,0.4452191982504044,0.304774171904326
88,always_small,correct,known,ipw,0.0,0.0,0.0,0.0,0.30739753138881404
88,always_small,correct,known,gcomp,0.272929345453087,,,,0.30739753138881404
88,always_small,correct,known,dr,0.2610167399812794,0.01135885879296993,0.23875337674705832,0.28328010321550046,0.30739753138881404
88,failure_escalation,correct,known,ipw,0.1758311747975177,0.10761514947475513,-0.035094518173002354,0.38675686776803775,0.3104749715506988
88,failure_escalation,correct,known,gcomp,0.2819538063873047,,,,0.3104749715506988
88,failure_escalation,correct,known,dr,0.18687690370140111,0.10066270544323802,-0.010421998967345414,0.38417580637014764,0.3104749715506988
88,soft_escalation,correct,known,ipw,0.2799729201216028,0.06743133883447239,0.14780749600603693,0.41213834423716866,0.304774171904326
88,soft_escalation,correct,known,gcomp,0.27929402369315753,,,,0.304774171904326
88,soft_escalation,correct,known,dr,0.28456386546406376,0.056078966910425104,0.17464909031963055,0.39447864060849697,0.304774171904326
89,always_small,correct,known,ipw,0.0,0.0,0.0,0.0,0.30739753138881404
89,always_small,correct,known,gcomp,0.30889227378222023,,,,0.30739753138881404
89,always_small,correct,known,dr,0.3238802648887575,0.015602990689363515,0.293298403137605,0.35446212663990995,0.30739753138881404
89,failure_escalation,correct,known,ipw,0.18145481818078688,0.10846794469530224,-0.031142353422005525,0.39405198978357925,0.3104749715506988
89,failure_escalation,correct,known,gcomp,0.2865127349571069,,,,0.3104749715506988
89,failure_escalation,correct,known,dr,0.18602448171111519,0.09097135885777036,0.0077206183498853,0.3643283450723451,0.3104749715506988
89,soft_escalation,correct,known,ipw,0.26251859064341815,0.05580635949588121,0.15313812603149096,0.37189905525534533,0.304774171904326
89,soft_escalation,correct,known,gcomp,0.28344938374591866,,,,0.304774171904326
89,soft_escalation,correct,known,dr,0.24951015155899994,0.044421983676273535,0.1624430635535038,0.3365772395644961,0.304774171904326
90,always_small,correct,known,ipw,0.23617241459142918,0.23617241459142924,-0.22672551800777213,0.6990703471906305,0.30739753138881404
90,always_small,correct,known,gcomp,0.35551297657997066,,,,0.30739753138881404
90,always_small,correct,known,dr,0.4452805595348055,0.0879839366095182,0.2728320437801498,0.6177290752894612,0.30739753138881404
90,failure_escalation,correct,known,ipw,0.3246944197351382,0.16188071203003743,0.007408224156264853,0.6419806153140115,0.3104749715506988
90,failure_escalation,correct,known,gcomp,0.31248799865298,,,,0.3104749715506988
90,failure_escalation,correct,known,dr,0.45430634305739637,0.0859912536464628,0.2857634859103293,0.6228492002044634,0.3104749715506988
90,soft_escalation,correct,known,ipw,0.3359567127663988,0.07704315583524438,0.18495212732931984,0.4869612982034778,0.304774171904326
90,soft_escalation,correct,known,gcomp,0.3083084968680886,,,,0.304774171904326
90,soft_escalation,correct,known,dr,0.3808921322631298,0.043135269510163915,0.2963470040232085,0.46543726050305106,0.304774171904326
91,always_small,correct,known,ipw,0.0,0.0,0.0,0.0,0.30739753138881404
91,always_small,correct,known,gcomp,0.3615696065112505,,,,0.30739753138881404
91,always_small,correct,known,dr,0.33315926680440955,0.0638650775471095,0.20798371481207492,0.4583348187967442,0.30739753138881404
91,failure_escalation,correct,known,ipw,0.18885222176879998,0.10651147552201945,-0.019910270254358126,0.3976147137919581,0.3104749715506988
91,failure_escalation,correct,known,gcomp,0.3045182029211846,,,,0.3104749715506988
91,failure_escalation,correct,known,dr,0.31064392941346347,0.08681327847566615,0.14048990360115782,0.4807979552257691,0.3104749715506988
91,soft_escalation,correct,known,ipw,0.2604769106708762,0.053696994283740335,0.15523080187474514,0.36572301946700725,0.304774171904326
91,soft_escalation,correct,known,gcomp,0.3023069310905789,,,,0.304774171904326
91,soft_escalation,correct,known,dr,0.3008785166859788,0.04191282999738669,0.2187293698911009,0.3830276634808567,0.304774171904326
92,always_small,correct,known,ipw,0.0,0.0,0.0,0.0,0.30739753138881404
92,always_small,correct,known,gcomp,0.35195210891176626,,,,0.30739753138881404
92,always_small,correct,known,dr,0.3477866621199502,0.019070212806755638,0.31040904501870914,0.38516427922119123,0.30739753138881404
92,failure_escalation,correct,known,ipw,0.6011525368827937,0.17665151508018398,0.2549155673256331,0.9473895064399542,0.3104749715506988
92,failure_escalation,correct,known,gcomp,0.3350175096376491,,,,0.3104749715506988
92,failure_escalation,correct,known,dr,0.3818244786974539,0.10948791837902201,0.16722815867457075,0.596420798720337,0.3104749715506988
92,soft_escalation,correct,known,ipw,0.4216645157151732,0.08016198014448345,0.2645470346319857,0.5787819967983607,0.304774171904326
92,soft_escalation,correct,known,gcomp,0.32823247234387537,,,,0.304774171904326
92,soft_escalation,correct,known,dr,0.3391616251849635,0.05099938824017805,0.23920282423421452,0.4391204261357125,0.304774171904326
93,always_small,correct,known,ipw,0.0,0.0,0.0,0.0,0.30739753138881404
93,always_small,correct,known,gcomp,0.27053169842664665,,,,0.30739753138881404
93,always_small,correct,known,dr,-0.12163785439010351,0.35740738204745487,-0.822156323203115,0.578880614422908,0.30739753138881404
93,failure_escalation,correct,known,ipw,0.19603453889254824,0.12365529887337721,-0.04632984689927111,0.4383989246843676,0.3104749715506988
93,failure_escalation,correct,known,gcomp,0.3157529022240304,,,,0.3104749715506988
93,failure_escalation,correct,known,dr,0.25451133783886976,0.09787989451673772,0.06266674458606383,0.4463559310916757,0.3104749715506988
93,soft_escalation,correct,known,ipw,0.2653198195156145,0.06578206339709627,0.1363869752573058,0.3942526637739232,0.304774171904326
93,soft_escalation,correct,known,gcomp,0.30475273600177644,,,,0.304774171904326
93,soft_escalation,correct,known,dr,0.2786241586508657,0.055305807695473816,0.17022477556773702,0.3870235417339944,0.304774171904326
94,always_small,correct,known,ipw,0.0,0.0,0.0,0.0,0.30739753138881404
94,always_small,correct,known,gcomp,0.3314857331511427,,,,0.30739753138881404
94,always_small,correct,known,dr,0.34022410323615465,0.009445920621798314,0.32171009881742996,0.35873810765487935,0.30739753138881404
94,failure_escalation,correct,known,ipw,0.18809346278942424,0.10283843542931097,-0.013469870652025262,0.38965679623087374,0.3104749715506988
94,failure_escalation,correct,known,gcomp,0.2848974200126677,,,,0.3104749715506988
94,failure_escalation,correct,known,dr,0.3138760198477469,0.08872433328870927,0.13997632660187673,0.487775713093617,0.3104749715506988
94,soft_escalation,correct,known,ipw,0.210622613203884,0.048600173236900655,0.11536627365955872,0.3058789527482093,0.304774171904326
94,soft_escalation,correct,known,gcomp,0.2851438459647248,,,,0.304774171904326
94,soft_escalation,correct,known,dr,0.2654663359883952,0.04333818199364128,0.1805234992808583,0.3504091726959321,0.304774171904326
95,always_small,correct,known,ipw,0.10018612312765184,0.10018612312765185,-0.09617867820254579,0.2965509244578495,0.30739753138881404
95,always_small,correct,known,gcomp,0.29178592911166,,,,0.30739753138881404
95,always_small,correct,known,dr,0.33652761799412273,0.04247853800387765,0.2532696835065225,0.41978555248172295,0.30739753138881404
95,failure_escalation,correct,known,ipw,0.3032508169572761,0.14998866901788258,0.009273025682226266,0.5972286082323259,0.3104749715506988
95,failure_escalation,correct,known,gcomp,0.2972832946781558,,,,0.3104749715506988
95,failure_escalation,correct,known,dr,0.35210531635120335,0.07385568907706246,0.20734816576016094,0.4968624669422458,0.3104749715506988
95,soft_escalation,correct,known,ipw,0.2923655053270408,0.069467217822945,0.15620975839406862,0.42852125226001303,0.304774171904326
95,soft_escalation,correct,known,gcomp,0.29308353265864123,,,,0.304774171904326
95,soft_escalation,correct,known,dr,0.29346732594327474,0.03986573908477873,0.21533047733710842,0.37160417454944106,0.304774171904326
96,always_small,correct,known,ipw,0.10018612312765184,0.10018612312765185,-0.09617867820254579,0.2965509244578495,0.30739753138881404
96,always_small,correct,known,gcomp,0.3193152947387986,,,,0.30739753138881404
96,always_small,correct,known,dr,1.088545554093159,0.7331652947860574,-0.34845842368751345,2.5255495318738315,0.30739753138881404
96,failure_escalation,correct,known,ipw,0.565806109975314,0.19004758297571095,0.19331284734292054,0.9382993726077075,0.3104749715506988
96,failure_escalation,correct,known,gcomp,0.3492845947804922,,,,0.3104749715506988
96,failure_escalation,correct,known,dr,0.45512617310700393,0.09315890304124062,0.27253472314617233,0.6377176230678355,0.3104749715506988
96,soft_escalation,correct,known,ipw,0.387544367191175,0.08459309821148363,0.2217418946966671,0.5533468396856829,0.304774171904326
96,soft_escalation,correct,known,gcomp,0.340844243613842,,,,0.304774171904326
96,soft_escalation,correct,known,dr,0.3456594220331197,0.05151150103721612,0.24469688000017614,0.4466219640660633,0.304774171904326
97,always_small,correct,known,ipw,0.4044330025035753,0.286811580929182,-0.15771769611762143,0.966583701124772,0.30739753138881404
97,always_small,correct,known,gcomp,0.30784538601706946,,,,0.30739753138881404
97,always_small,correct,known,dr,0.4816097388883445,0.14003884192192817,0.20713360872136533,0.7560858690553237,0.30739753138881404
97,failure_escalation,correct,known,ipw,0.13885822087996477,0.10652603772446498,-0.06993281305998658,0.34764925481991615,0.3104749715506988
97,failure_escalation,correct,known,gcomp,0.2934107677636644,,,,0.3104749715506988
97,failure_escalation,correct,known,dr,0.27646594603351315,0.09075974095520178,0.09857685376131767,0.45435503830570867,0.3104749715506988
97,soft_escalation,correct,known,ipw,0.24041193405547423,0.05276831792014897,0.13698603093198225,0.3438378371789662,0.304774171904326
97,soft_escalation,correct,known,gcomp,0.28960633597342794,,,,0.304774171904326
97,soft_escalation,correct,known,dr,0.2817678216169407,0.04471041667243436,0.19413540493896936,0.36940023829491203,0.304774171904326
98,always_small,correct,known,ipw,0.10018612312765184,0.10018612312765185,-0.09617867820254579,0.2965509244578495,0.30739753138881404
98,always_small,correct,known,gcomp,0.2831399371284769,,,,0.30739753138881404
98,always_small,correct,known,dr,0.2941241360960547,0.04616802165441722,0.20363481365339697,0.3846134585387124,0.30739753138881404
98,failure_escalation,correct,known,ipw,0.35192833706821847,0.18180178683919201,-0.004403165136597886,0.7082598392730348,0.3104749715506988
98,failure_escalation,correct,known,gcomp,0.3028111400855028,,,,0.3104749715506988
98,failure_escalation,correct,known,dr,0.34703568136510105,0.13424897255996182,0.0839076951475759,0.6101636675826262,0.3104749715506988
98,soft_escalation,correct,known,ipw,0.3073148624764105,0.08213693287671706,0.14632647403804505,0.4683032509147759,0.304774171904326
98,soft_escalation,correct,known,gcomp,0.2972199489898081,,,,0.304774171904326
98,soft_escalation,correct,known,dr,0.3180454443703148,0.060546620089408344,0.19937406899507443,0.43671681974555515,0.304774171904326
99,always_small,correct,known,ipw,0.0,0.0,0.0,0.0,0.30739753138881404
99,always_small,correct,known,gcomp,0.3299323291977375,,,,0.30739753138881404
99,always_small,correct,known,dr,0.32573404561114616,0.00485212597392373,0.31622387870225566,0.33524421252003667,0.30739753138881404
99,failure_escalation,correct,known,ipw,0.0768208668521511,0.08053143804017736,-0.08102075170659652,0.23466248541089874,0.3104749715506988
99,failure_escalation,correct,known,gcomp,0.3143009727081327,,,,0.3104749715506988
99,failure_escalation,correct,known,dr,0.22542812269017642,0.09003867660943518,0.048952316535683466,0.4019039288446694,0.3104749715506988
99,soft_escalation,correct,known,ipw,0.16770518438860035,0.040348388919499455,0.08862234210638142,0.24678802667081928,0.304774171904326
99,soft_escalation,correct,known,gcomp,0.30785099365578733,,,,0.304774171904326
99,soft_escalation,correct,known,dr,0.2551130556552406,0.04320648464184783,0.17042834575721888,0.33979776555326235,0.304774171904326
100,always_small,correct,known,ipw,0.31857110440043374,0.31857110440043374,-0.3058282602244164,0.9429704690252838,0.30739753138881404
100,always_small,correct,known,gcomp,0.38382329217755373,,,,0.30739753138881404
100,always_small,correct,known,dr,0.4931521473685849,0.10397436735452785,0.28936238735371034,0.6969419073834595,0.30739753138881404
100,failure_escalation,correct,known,ipw,0.2135304205887224,0.13044139250411038,-0.042134708719333946,0.46919554989677875,0.3104749715506988
100,failure_escalation,correct,known,gcomp,0.26822694235411293,,,,0.3104749715506988
100,failure_escalation,correct,known,dr,0.25605751440745506,0.0926848764110603,0.07439515664177687,0.43771987217313324,0.3104749715506988
100,soft_escalation,correct,known,ipw,0.24309369168019243,0.06126027854841141,0.12302354572530608,0.36316383763507876,0.304774171904326
100,soft_escalation,correct,known,gcomp,0.2733066587304226,,,,0.304774171904326
100,soft_escalation,correct,known,dr,0.27840935998121985,0.04375139711893479,0.19265662162810765,0.36416209833433205,0.304774171904326
101,always_small,correct,known,ipw,0.0,0.0,0.0,0.0,0.30739753138881404
101,always_small,correct,known,gcomp,0.26319880011160496,,,,0.30739753138881404
101,always_small,correct,known,dr,-0.602114317913072,0.8080856949452715,-2.1859622800058043,0.9817336441796601,0.30739753138881404
101,failure_escalation,correct,known,ipw,0.19639145799835486,0.11948607163139416,-0.037801242399177676,0.4305841583958874,0.3104749715506988
101,failure_escalation,correct,known,gcomp,0.2886628027699217,,,,0.3104749715506988
101,failure_escalation,correct,known,dr,0.38876553333935887,0.07408155739148316,0.24356568085205188,0.5339653858266659,0.3104749715506988
101,soft_escalation,correct,known,ipw,0.24802896598928229,0.05979593783399783,0.13082892783464656,0.365229004143918,0.304774171904326
101,soft_escalation,correct,known,gcomp,0.281285763911803,,,,0.304774171904326
101,soft_escalation,correct,known,dr,0.3204027712494086,0.04036943487269397,0.2412786788989284,0.39952686359988876,0.304774171904326
102,always_small,correct,known,ipw,0.0,0.0,0.0,0.0,0.30739753138881404
102,always_small,correct,known,gcomp,0.34754848003688327,,,,0.30739753138881404
102,always_small,correct,known,dr,0.33762226457064953,0.009167301357140847,0.31965435391065344,0.3555901752306456,0.30739753138881404
102,failure_escalation,correct,known,ipw,0.3527410868777998,0.13519299795506193,0.08776281088587845,0.6177193628697212,0.3104749715506988
102,failure_escalation,correct,known,gcomp,0.33199776020976096,,,,0.3104749715506988
102,failure_escalation,correct,known,dr,0.3126179064980927,0.11615678779992651,0.08495060241023672,0.5402852105859486,0.3104749715506988
102,soft_escalation,correct,known,ipw,0.349910562405976,0.06789451309957144,0.216837316730816,0.48298380808113606,0.304774171904326
102,soft_escalation,correct,known,gcomp,0.32581293664031385,,,,0.304774171904326
102,soft_escalation,correct,known,dr,0.3106333496055749,0.058189264806573625,0.19658239058469062,0.42468430862645923,0.304774171904326
103,always_small,correct,known,ipw,0.0,0.0,0.0,0.0,0.30739753138881404
103,always_small,correct,known,gcomp,0.3068286389174341,,,,0.30739753138881404
103,always_small,correct,known,dr,0.38020372328694746,0.16569929867213362,0.055433097889565575,0.7049743486843294,0.30739753138881404
103,failure_escalation,correct,known,ipw,0.17229206105384787,0.1296858593134023,-0.08189222320042061,0.42647634530811634,0.3104749715506988
103,failure_escalation,correct,known,gcomp,0.30038956443191206,,,,0.3104749715506988
103,failure_escalation,correct,known,dr,0.1746344730203845,0.12171698144346724,-0.06393081060881126,0.4131997566495803,0.3104749715506988
103,soft_escalation,correct,known,ipw,0.21205451397960626,0.06020988696403298,0.09404313553010162,0.3300658924291109,0.304774171904326
103,soft_escalation,correct,known,gcomp,0.2974171745655505,,,,0.304774171904326
103,soft_escalation,correct,known,dr,0.23537977353485667,0.05520878660182606,0.1271705517952776,0.34358899527443576,0.304774171904326
104,always_small,correct,known,ipw,0.0,0.0,0.0,0.0,0.30739753138881404
104,always_small,correct,known,gcomp,0.3280580053823765,,,,0.30739753138881404
104,always_small,correct,known,dr,-0.4717859234741894,0.881560999286268,-2.1996454820752747,1.2560736351268957,0.30739753138881404
104,failure_escalation,correct,known,ipw,0.7900546684422773,0.2903121807291289,0.22104279421318473,1.35906654267137,0.3104749715506988
104,failure_escalation,correct,known,gcomp,0.2891518596462257,,,,0.3104749715506988
104,failure_escalation,correct,known,dr,0.5969689526724535,0.1600471298672325,0.28327657813267787,0.9106613272122293,0.3104749715506988
104,soft_escalation,correct,known,ipw,0.472962840177442,0.12754880098855265,0.22296719023987882,0.7229584901150052,0.304774171904326
104,soft_escalation,correct,known,gcomp,0.2869408281085017,,,,0.304774171904326
104,soft_escalation,correct,known,dr,0.39139763685882517,0.07245982406844288,0.24937638168467713,0.5334188920329732,0.304774171904326
105,always_small,correct,known,ipw,0.0,0.0,0.0,0.0,0.30739753138881404
105,always_small,correct,known,gcomp,0.32835645851544776,,,,0.30739753138881404
105,always_small,correct,known,dr,0.29474889370966945,0.11532149034157797,0.06871877264017662,0.5207790147791622,0.30739753138881404
105,failure_escalation,correct,known,ipw,0.4097370184246359,0.18638875016217757,0.044415068106767874,0.7750589687425039,0.3104749715506988
105,failure_escalation,correct,known,gcomp,0.3600856043132899,,,,0.3104749715506988
105,failure_escalation,correct,known,dr,0.2504559516625828,0.12918266313969531,-0.002742068091220018,0.5036539714163856,0.3104749715506988
105,soft_escalation,correct,known,ipw,0.3918108366106603,0.08565392922199729,0.22392913533554562,0.559692537885775,0.304774171904326
105,soft_escalation,correct,known,gcomp,0.35052494277066115,,,,0.304774171904326
105,soft_escalation,correct,known,dr,0.3174385188465836,0.05945371592212382,0.20090923563922092,0.43396780205394625,0.304774171904326
106,always_small,correct,known,ipw,0.0,0.0,0.0,0.0,0.30739753138881404
106,always_small,correct,known,gcomp,0.2809462947455733,,,,0.30739753138881404
106,always_small,correct,known,dr,0.18127241594466423,0.07888672126970672,0.02665444225603905,0.33589038963328943,0.30739753138881404
106,failure_escalation,correct,known,ipw,0.2064450536879685,0.11100337656346461,-0.011121564376422116,0.4240116717523591,0.3104749715506988
106,failure_escalation,correct,known,gcomp,0.29375773702616775,,,,0.3104749715506988
106,failure_escalation,correct,known,dr,0.1646927092330426,0.09717073964293726,-0.02576194046711444,0.35514735893319965,0.3104749715506988
106,soft_escalation,correct,known,ipw,0.2984763186020247,0.06562880576609903,0.16984385930047063,0.4271087779035788,0.304774171904326
106,soft_escalation,correct,known,gcomp,0.2900627058872889,,,,0.304774171904326
106,soft_escalation,correct,known,dr,0.26165644813877936,0.052658582926319725,0.1584456256031927,0.36486727067436603,0.304774171904326
107,always_small,correct,known,ipw,0.0,0.0,0.0,0.0,0.30739753138881404
107,always_small,correct,known,gcomp,0.3247579620404503,,,,0.30739753138881404
107,always_small,correct,known,dr,0.4821301359640553,0.22149138025555157,0.048007030663174244,0.9162532412649363,0.30739753138881404
107,failure_escalation,correct,known,ipw,0.15697122170212535,0.13173796749429123,-0.10123519458668545,0.41517763799093615,0.3104749715506988
107,failure_escalation,correct,known,gcomp,0.28657488713514656,,,,0.3104749715506988
107,failure_escalation,correct,known,dr,0.23426383380459842,0.12380252696790504,-0.008389119052495453,0.4769167866616923,0.3104749715506988
107,soft_escalation,correct,known,ipw,0.1917301056257362,0.0603448416092144,0.07345421607167597,0.31000599517979643,0.304774171904326
107,soft_escalation,correct,known,gcomp,0.2857801188512915,,,,0.304774171904326
107,soft_escalation,correct,known,dr,0.2542430688063141,0.05663824268948505,0.1432321131349234,0.3652540244777048,0.304774171904326
108,always_small,correct,known,ipw,0.21852692192551013,0.21852692192551018,-0.20978584504848982,0.64683968889951,0.30739753138881404
108,always_small,correct,known,gcomp,0.26617449211211724,,,,0.30739753138881404
108,always_small,correct,known,dr,0.3315758177784911,0.08204999479786979,0.17075782797466632,0.4923938075823159,0.30739753138881404
108,failure_escalation,correct,known,ipw,0.20337021868417293,0.15522281945716965,-0.10086650745187958,0.5076069448202254,0.3104749715506988
108,failure_escalation,correct,known,gcomp,0.3173056156685366,,,,0.3104749715506988
108,failure_escalation,correct,known,dr,0.1361000836804443,0.1190817163289319,-0.09730008032426221,0.3695002476851508,0.3104749715506988
108,soft_escalation,correct,known,ipw,0.29666854184104846,0.07330631457821718,0.15298816526774278,0.44034891841435414,0.304774171904326
108,soft_escalation,correct,known,gcomp,0.30862622364192177,,,,0.304774171904326
108,soft_escalation,correct,known,dr,0.23912281415127576,0.055268316741964696,0.13079691333702495,0.34744871496552654,0.304774171904326
109,always_small,correct,known,ipw,0.10018612312765184,0.10018612312765185,-0.09617867820254579,0.2965509244578495,0.30739753138881404
109,always_small,correct,known,gcomp,0.29885395763374284,,,,0.30739753138881404
109,always_small,correct,known,dr,0.0340670734342872,0.29091785790350855,-0.5361319280565896,0.6042660749251639,0.30739753138881404
109,failure_escalation,correct,known,ipw,0.28696501401350233,0.15781624565971408,-0.022354827479537265,0.5962848555065419,0.3104749715506988
109,failure_escalation,correct,known,gcomp,0.29651188280862556,,,,0.3104749715506988
109,failure_escalation,correct,known,dr,0.2708147801353958,0.09059606797892054,0.09324648689671153,0.44838307337408,0.3104749715506988
109,soft_escalation,correct,known,ipw,0.3021000461152012,0.07287473551938138,0.15926556449721369,0.4449345277331887,0.304774171904326
109,soft_escalation,correct,known,gcomp,0.2912230411141596,,,,0.304774171904326
109,soft_escalation,correct,known,dr,0.2880667360977282,0.04279075110110738,0.20419686393955774,0.3719366082558987,0.304774171904326
110,always_small,correct,known,ipw,0.0,0.0,0.0,0.0,0.30739753138881404
110,always_small,correct,known,gcomp,0.3265856060049301,,,,0.30739753138881404
110,always_small,correct,known,dr,0.2669195409998586,0.0829316119765881,0.10437358152574591,0.42946550047397125,0.30739753138881404
110,failure_escalation,correct,known,ipw,0.26431511831647764,0.1453980851738259,-0.020665128624221152,0.5492953652571764,0.3104749715506988
110,failure_escalation,correct,known,gcomp,0.2935731716473912,,,,0.3104749715506988
110,failure_escalation,correct,known,dr,0.26426018031360526,0.09644803742604854,0.07522202695855013,0.4532983336686604,0.3104749715506988
110,soft_escalation,correct,known,ipw,0.24851430775214775,0.06627886502252223,0.1186077323080042,0.3784208831962913,0.304774171904326
110,soft_escalation,correct,known,gcomp,0.2938236679022577,,,,0.304774171904326
110,soft_escalation,correct,known,dr,0.3009879909806708,0.04446677520666951,0.2138331115755986,0.388142870385743,0.304774171904326
111,always_small,correct,known,ipw,0.388457513083288,0.3051214842016272,-0.20958059595190126,0.9864956221184773,0.30739753138881404
111,always_small,correct,known,gcomp,0.28577464173781564,,,,0.30739753138881404
111,always_small,correct,known,dr,0.39596108265691615,0.20308189047368994,-0.002079422671516118,0.7940015879853484,0.30739753138881404
111,failure_escalation,correct,known,ipw,0.3610048983409353,0.22107125526202584,-0.07229476197263535,0.7943045586545059,0.3104749715506988
111,failure_escalation,correct,known,gcomp,0.31588220457582306,,,,0.3104749715506988
111,failure_escalation,correct,known,dr,0.4199539449022883,0.13945596671751592,0.14662025013595714,0.6932876396686195,0.3104749715506988
111,soft_escalation,correct,known,ipw,0.38077824222719076,0.1024836714660008,0.17991024615382917,0.5816462383005523,0.304774171904326
111,soft_escalation,correct,known,gcomp,0.3047756943933271,,,,0.304774171904326
111,soft_escalation,correct,known,dr,0.36741412672550433,0.06642210313638196,0.2372268045781957,0.497601448872813,0.304774171904326
112,always_small,correct,known,ipw,1.356374362030405,1.356374362030405,-1.3021193875491885,4.0148681116099985,0.30739753138881404
112,always_small,correct,known,gcomp,0.26536243826387346,,,,0.30739753138881404
112,always_small,correct,known,dr,1.2230459137656855,1.0103797787831923,-0.7572984526493713,3.2033902801807423,0.30739753138881404
112,failure_escalation,correct,known,ipw,0.2633478278205987,0.15661190184756513,-0.04361149980062895,0.5703071554418263,0.3104749715506988
112,failure_escalation,correct,known,gcomp,0.2772081493015644,,,,0.3104749715506988
112,failure_escalation,correct,known,dr,0.2038719348915547,0.12272633787073653,-0.03667168733508891,0.4444155571181983,0.3104749715506988
112,soft_escalation,correct,known,ipw,0.2651903309643015,0.07167396040558503,0.12470936856935483,0.4056712933592482,0.304774171904326
112,soft_escalation,correct,known,gcomp,0.27496258774455,,,,0.304774171904326
112,soft_escalation,correct,known,dr,0.24811179052413004,0.05593464999177398,0.13847987654025307,0.357743704508007,0.304774171904326
113,always_small,correct,known,ipw,0.0,0.0,0.0,0.0,0.30739753138881404
113,always_small,correct,known,gcomp,0.2817078576603536,,,,0.30739753138881404
113,always_small,correct,known,dr,0.1781347202551229,0.09015503265692361,0.0014308562475526254,0.35483858426269316,0.30739753138881404
113,failure_escalation,correct,known,ipw,0.5194897811893088,0.24728218965094392,0.03481668947345867,1.0041628729051588,0.3104749715506988
113,failure_escalation,correct,known,gcomp,0.32867226956763385,,,,0.3104749715506988
113,failure_escalation,correct,known,dr,0.2754672131327908,0.1396313262663438,0.0017898136507569773,0.5491446126148247,0.3104749715506988
113,soft_escalation,correct,known,ipw,0.42225042530927687,0.11027910422216068,0.20610338103384193,0.6383974695847118,0.304774171904326
113,soft_escalation,correct,known,gcomp,0.3203736704686994,,,,0.304774171904326
113,soft_escalation,correct,known,dr,0.3067964043729541,0.06393286657101674,0.18148798589376128,0.4321048228521469,0.304774171904326
114,always_small,correct,known,ipw,0.0,0.0,0.0,0.0,0.30739753138881404
114,always_small,correct,known,gcomp,0.32368216766581553,,,,0.30739753138881404
114,always_small,correct,known,dr,0.2928572828404628,0.026869474832132558,0.240193112169483,0.3455214535114426,0.30739753138881404
114,failure_escalation,correct,known,ipw,0.1545309467469914,0.10885717302429111,-0.05882911238061919,0.367891005874602,0.3104749715506988
114,failure_escalation,correct,known,gcomp,0.316951327608374,,,,0.3104749715506988
114,failure_escalation,correct,known,dr,0.24776066803804228,0.07470566664058881,0.10133756142248823,0.39418377465359633,0.3104749715506988
114,soft_escalation,correct,known,ipw,0.21396784481361655,0.05223978500987093,0.11157786619426954,0.3163578234329636,0.304774171904326
114,soft_escalation,correct,known,gcomp,0.31127007577996546,,,,0.304774171904326
114,soft_escalation,correct,known,dr,0.26362944611155564,0.04070795884367329,0.183841846777956,0.3434170454451553,0.304774171904326
115,always_small,correct,known,ipw,0.0,0.0,0.0,0.0,0.30739753138881404
115,always_small,correct,known,gcomp,0.33461168454191903,,,,0.30739753138881404
115,always_small,correct,known,dr,0.3197740115793108,0.02587200932530412,0.2690648733017147,0.3704831498569069,0.30739753138881404
115,failure_escalation,correct,known,ipw,0.26148215189880125,0.14907037630278563,-0.03069578565465858,0.5536600894522611,0.3104749715506988
115,failure_escalation,correct,known,gcomp,0.29953302020034955,,,,0.3104749715506988
115,failure_escalation,correct,known,dr,0.2534486631905393,0.09948693031294768,0.05845427977716186,0.44844304660391676,0.3104749715506988
115,soft_escalation,correct,known,ipw,0.28844405137776685,0.07022523183481878,0.15080259698152204,0.42608550577401166,0.304774171904326
115,soft_escalation,correct,known,gcomp,0.2955855655203107,,,,0.304774171904326
115,soft_escalation,correct,known,dr,0.29842935127157005,0.04821284009508447,0.2039321846852045,0.39292651785793564,0.304774171904326
116,always_small,correct,known,ipw,0.8635524145491287,0.8635524145491289,-0.829010317967164,2.5561151470654213,0.30739753138881404
116,always_small,correct,known,gcomp,0.38369276155761767,,,,0.30739753138881404
116,always_small,correct,known,dr,0.776493851942573,0.3733096609733022,0.044806916434900756,1.5081807874502453,0.30739753138881404
116,failure_escalation,correct,known,ipw,0.16727220761335293,0.10896907193428616,-0.046307173377847954,0.3808515886045538,0.3104749715506988
116,failure_escalation,correct,known,gcomp,0.30150037656960077,,,,0.3104749715506988
116,failure_escalation,correct,known,dr,0.2637383502281673,0.10414171353742302,0.05962059169481815,0.4678561087615164,0.3104749715506988
116,soft_escalation,correct,known,ipw,0.24827189172196146,0.053737258170525895,0.14294686570773069,0.35359691773619223,0.304774171904326
116,soft_escalation,correct,known,gcomp,0.30252945388664304,,,,0.304774171904326
116,soft_escalation,correct,known,dr,0.2909009173762623,0.04974314426247666,0.19340435462180802,0.3883974801307165,0.304774171904326
117,always_small,correct,known,ipw,0.0,0.0,0.0,0.0,0.30739753138881404
117,always_small,correct,known,gcomp,0.29614006204951404,,,,0.30739753138881404
117,always_small,correct,known,dr,0.26647841648385345,0.017353468087368488,0.2324656190326112,0.3004912139350957,0.30739753138881404
117,failure_escalation,correct,known,ipw,0.1462427399886622,0.10306500792517037,-0.05576467554467174,0.3482501555219961,0.3104749715506988
117,failure_escalation,correct,known,gcomp,0.3340841179794067,,,,0.3104749715506988
117,failure_escalation,correct,known,dr,0.33428679518438725,0.06695187557369812,0.20306111905993893,0.46551247130883555,0.3104749715506988
117,soft_escalation,correct,known,ipw,0.22553552607598837,0.0516524986584443,0.12429662870543755,0.3267744234465392,0.304774171904326
117,soft_escalation,correct,known,gcomp,0.3257379770417061,,,,0.304774171904326
117,soft_escalation,correct,known,dr,0.30352452311640976,0.03580773547272415,0.23334136158987043,0.3737076846429491,0.304774171904326
118,always_small,correct,known,ipw,0.0,0.0,0.0,0.0,0.30739753138881404
118,always_small,correct,known,gcomp,0.2823922083875619,,,,0.30739753138881404
118,always_small,correct,known,dr,0.28614755173126694,0.023797131014706374,0.23950517494244244,0.3327899285200914,0.30739753138881404
118,failure_escalation,correct,known,ipw,0.48305094911212565,0.18385923553039707,0.12268684747254738,0.843415050751704,0.3104749715506988
118,failure_escalation,correct,known,gcomp,0.30872703915931354,,,,0.3104749715506988
118,failure_escalation,correct,known,dr,0.40735294818586637,0.11832382799211434,0.17543824532132227,0.6392676510504105,0.3104749715506988
118,soft_escalation,correct,known,ipw,0.34988421874878456,0.08281855333134204,0.18755985421935417,0.512208583278215,0.304774171904326
118,soft_escalation,correct,known,gcomp,0.2995129739449573,,,,0.304774171904326
118,soft_escalation,correct,known,dr,0.3174785263933018,0.054829878107395154,0.2100119653028073,0.42494508748379634,0.304774171904326
119,always_small,correct,known,ipw,0.0,0.0,0.0,0.0,0.30739753138881404
119,always_small,correct,known,gcomp,0.3280369241792763,,,,0.30739753138881404
119,always_small,correct,known,dr,0.2679047365381451,0.06403935832745103,0.1423875942163411,0.39342187885994917,0.30739753138881404
119,failure_escalation,correct,known,ipw,0.37157741956774665,0.16139331831885395,0.05524651566279293,0.6879083234727004,0.3104749715506988
119,failure_escalation,correct,known,gcomp,0.30265892255574073,,,,0.3104749715506988
119,failure_escalation,correct,known,dr,0.2648846161310142,0.11453606178641611,0.040393935029638645,0.4893752972323898,0.3104749715506988
119,soft_escalation,correct,known,ipw,0.38611446133147653,0.07808552832028817,0.23306682582371172,0.5391620968392413,0.304774171904326
119,soft_escalation,correct,known,gcomp,0.2983923564381432,,,,0.304774171904326
119,soft_escalation,correct,known,dr,0.31154289411341907,0.054377766593980366,0.20496247158921754,0.4181233166376206,0.304774171904326
120,always_small,correct,known,ipw,0.10018612312765184,0.10018612312765182,-0.09617867820254573,0.2965509244578494,0.30739753138881404
120,always_small,correct,known,gcomp,0.35476275751742037,,,,0.30739753138881404
120,always_small,correct,known,dr,0.36551529820967416,0.03933924950906764,0.28841036917190155,0.44262022724744676,0.30739753138881404
120,failure_escalation,correct,known,ipw,0.2567974195894286,0.15178464349596113,-0.04070048166265522,0.5542953208415125,0.3104749715506988
120,failure_escalation,correct,known,gcomp,0.3213397205199095,,,,0.3104749715506988
120,failure_escalation,correct,known,dr,0.13346533119038406,0.1301531503615945,-0.12163484351834114,0.38856550589910926,0.3104749715506988
120,soft_escalation,correct,known,ipw,0.2467982887661279,0.06894172083469861,0.11167251593011862,0.38192406160213715,0.304774171904326
120,soft_escalation,correct,known,gcomp,0.3173608004201123,,,,0.304774171904326
120,soft_escalation,correct,known,dr,0.20727750487534916,0.05938661427426274,0.09087974089779419,0.3236752688529041,0.304774171904326
121,always_small,correct,known,ipw,0.0,0.0,0.0,0.0,0.30739753138881404
121,always_small,correct,known,gcomp,0.3955552952222067,,,,0.30739753138881404
121,always_small,correct,known,dr,0.5416736503912288,0.1092757644875713,0.3274931519955891,0.7558541487868686,0.30739753138881404
121,failure_escalation,correct,known,ipw,0.7893871281062157,0.2668817810820748,0.2662988371853492,1.3124754190270822,0.3104749715506988
121,failure_escalation,correct,known,gcomp,0.3254134952623171,,,,0.3104749715506988
121,failure_escalation,correct,known,dr,0.5318653377256971,0.15573067200976615,0.22663322058655544,0.8370974548648388,0.3104749715506988
121,soft_escalation,correct,known,ipw,0.5214285968710456,0.11790314849124578,0.2903384258282039,0.7525187679138873,0.304774171904326
121,soft_escalation,correct,known,gcomp,0.32364753762886755,,,,0.304774171904326
121,soft_escalation,correct,known,dr,0.42625323682407135,0.0703608395708539,0.28834599126519767,0.564160482382945,0.304774171904326
122,always_small,correct,known,ipw,0.0,0.0,0.0,0.0,0.30739753138881404
122,always_small,correct,known,gcomp,0.32173806366709673,,,,0.30739753138881404
122,always_small,correct,known,dr,0.3304746271721733,0.014160345780510957,0.3027203494423718,0.3582289049019748,0.30739753138881404
122,failure_escalation,correct,known,ipw,0.2391649452863089,0.14746498190226714,-0.04986641924213467,0.5281963098147525,0.3104749715506988
122,failure_escalation,correct,known,gcomp,0.2958089579750079,,,,0.3104749715506988
122,failure_escalation,correct,known,dr,0.28607194923063156,0.10744092190308849,0.07548774230057814,0.496656156160685,0.3104749715506988
122,soft_escalation,correct,known,ipw,0.3171391591582594,0.07136112249603759,0.17727135906602576,0.45700695925049306,0.304774171904326
122,soft_escalation,correct,known,gcomp,0.2919573646567087,,,,0.304774171904326
122,soft_escalation,correct,known,dr,0.3161780478002215,0.05201703351390663,0.21422466211296454,0.4181314334874785,0.304774171904326
123,always_small,correct,known,ipw,0.0,0.0,0.0,0.0,0.30739753138881404
123,always_small,correct,known,gcomp,0.35362525167133046,,,,0.30739753138881404
123,always_small,correct,known,dr,0.2671038884266124,0.06754543166107488,0.13471484237090567,0.39949293448231915,0.30739753138881404
123,failure_escalation,correct,known,ipw,0.2857282642183565,0.13756308853896965,0.016104610681975995,0.555351917754737,0.3104749715506988
123,failure_escalation,correct,known,gcomp,0.3152143695442333,,,,0.3104749715506988
123,failure_escalation,correct,known,dr,0.43275329710301425,0.09100300811866745,0.254387401190426,0.6111191930156025,0.3104749715506988
123,soft_escalation,correct,known,ipw,0.28234427262600875,0.06524458638128025,0.15446488331869945,0.41022366193331805,0.304774171904326
123,soft_escalation,correct,known,gcomp,0.3124453855186443,,,,0.304774171904326
123,soft_escalation,correct,known,dr,0.35201446570999284,0.04470822916543738,0.26438633654573557,0.4396425948742501,0.304774171904326
124,always_small,correct,known,ipw,0.0,0.0,0.0,0.0,0.30739753138881404
124,always_small,correct,known,gcomp,0.32125978646355413,,,,0.30739753138881404
124,always_small,correct,known,dr,0.3219823027947249,0.014683911585958886,0.2932018360862455,0.3507627695032043,0.30739753138881404
124,failure_escalation,correct,known,ipw,0.6985989901072492,0.22164729657218468,0.26417028882576726,1.1330276913887312,0.3104749715506988
124,failure_escalation,correct,known,gcomp,0.32284817366917856,,,,0.3104749715506988
124,failure_escalation,correct,known,dr,0.5916637921914616,0.09599514078934729,0.40351331624434095,0.7798142681385822,0.3104749715506988
124,soft_escalation,correct,known,ipw,0.44260773553774235,0.09854165449249376,0.2494660927324546,0.6357493783430301,0.304774171904326
124,soft_escalation,correct,known,gcomp,0.3179330980408215,,,,0.304774171904326
124,soft_escalation,correct,known,dr,0.4161001931817577,0.04673274422176155,0.3245040145071051,0.5076963718564104,0.304774171904326
125,always_small,correct,known,ipw,0.6990404285101695,0.6071109364205854,-0.49089700687417803,1.888977863894517,0.30739753138881404
125,always_small,correct,known,gcomp,0.33544884544283576,,,,0.30739753138881404
125,always_small,correct,known,dr,0.5873023932438198,0.2263952173594694,0.1435677672192598,1.0310370192683798,0.30739753138881404
125,failure_escalation,correct,known,ipw,0.3674826606559744,0.15151533375222034,0.07051260650162255,0.6644527148103263,0.3104749715506988
125,failure_escalation,correct,known,gcomp,0.3348518008985766,,,,0.3104749715506988
125,failure_escalation,correct,known,dr,0.4107749154040229,0.08684095195223758,0.24056664957763724,0.5809831812304085,0.3104749715506988
125,soft_escalation,correct,known,ipw,0.3401428749629071,0.07401787680870991,0.1950678364178357,0.48521791350797855,0.304774171904326
125,soft_escalation,correct,known,gcomp,0.32755865116139476,,,,0.304774171904326
125,soft_escalation,correct,known,dr,0.35938262919484404,0.04594241349615014,0.26933549874238977,0.4494297596472983,0.304774171904326
126,always_small,correct,known,ipw,0.7847603859605828,0.6269282335074777,-0.44401895171407346,2.013539723635239,0.30739753138881404
126,always_small,correct,known,gcomp,0.3184962771579048,,,,0.30739753138881404
126,always_small,correct,known,dr,0.6314138336823437,0.28301598286704965,0.07670250726292638,1.186125160101761,0.30739753138881404
126,failure_escalation,correct,known,ipw,0.3412309222427394,0.17472495925492126,-0.0012299978969063097,0.683691842382385,0.3104749715506988
126,failure_escalation,correct,known,gcomp,0.2995452800130876,,,,0.3104749715506988
126,failure_escalation,correct,known,dr,0.3297802345416547,0.1070964653293885,0.11987116249605326,0.5396893065872562,0.3104749715506988
126,soft_escalation,correct,known,ipw,0.2927678324717082,0.07897301470013367,0.1379807236594462,0.44755494128397016,0.304774171904326
126,soft_escalation,correct,known,gcomp,0.29484243974799806,,,,0.304774171904326
126,soft_escalation,correct,known,dr,0.2809101205520461,0.05181120897045745,0.1793601509699495,0.3824600901341427,0.304774171904326
127,always_small,correct,known,ipw,0.0,0.0,0.0,0.0,0.30739753138881404
127,always_small,correct,known,gcomp,0.3157903393321088,,,,0.30739753138881404
127,always_small,correct,known,dr,0.39342907028176477,0.04191277244954681,0.31128003628065304,0.4755781042828765,0.30739753138881404
127,failure_escalation,correct,known,ipw,0.28356013510101485,0.1487542372360193,-0.007998169881582973,0.5751184400836127,0.3104749715506988
127,failure_escalation,correct,known,gcomp,0.33131856624373623,,,,0.3104749715506988
127,failure_escalation,correct,known,dr,0.37881439439611025,0.06600611138581042,0.24944241607992185,0.5081863727122986,0.3104749715506988
127,soft_escalation,correct,known,ipw,0.27911602565755084,0.06757109314342659,0.14667668309643472,0.41155536821866695,0.304774171904326
127,soft_escalation,correct,known,gcomp,0.32497879117355094,,,,0.304774171904326
127,soft_escalation,correct,known,dr,0.3010252753328375,0.038097372507129905,0.2263544252188629,0.37569612544681213,0.304774171904326
128,always_small,correct,known,ipw,0.0,0.0,0.0,0.0,0.30739753138881404
128,always_small,correct,known,gcomp,0.30772377662030226,,,,0.30739753138881404
128,always_small,correct,known,dr,0.3362138142941112,0.0396984857617664,0.258404782201049,0.41402284638717335,0.30739753138881404
128,failure_escalation,correct,known,ipw,0.26914408299901327,0.12767681065618863,0.01889753411288353,0.519390631885143,0.3104749715506988
128,failure_escalation,correct,known,gcomp,0.30295866139623284,,,,0.3104749715506988
128,failure_escalation,correct,known,dr,0.40546827866053936,0.06847839834215912,0.27125061790990745,0.5396859394111713,0.3104749715506988
128,soft_escalation,correct,known,ipw,0.27238431269454255,0.06179527867198089,0.15126556649746,0.39350305889162507,0.304774171904326
128,soft_escalation,correct,known,gcomp,0.297913674895312,,,,0.304774171904326
128,soft_escalation,correct,known,dr,0.3516215679191522,0.035872409576788694,0.28131164514864637,0.4219314906896581,0.304774171904326
129,always_small,correct,known,ipw,0.0,0.0,0.0,0.0,0.30739753138881404
129,always_small,correct,known,gcomp,0.3060141387729296,,,,0.30739753138881404
129,always_small,correct,known,dr,0.2566272419209451,0.043902991975726675,0.17057737764852082,0.3426771061933694,0.30739753138881404
129,failure_escalation,correct,known,ipw,0.27732346277120273,0.13028357366761206,0.02196765838268311,0.5326792671597224,0.3104749715506988
129,failure_escalation,correct,known,gcomp,0.29721867193963675,,,,0.3104749715506988
129,failure_escalation,correct,known,dr,0.34590067897174703,0.10589326877247207,0.13834987217770178,0.5534514857657923,0.3104749715506988
129,soft_escalation,correct,known,ipw,0.252046139531719,0.06039327250717978,0.13367532541764665,0.37041695364579136,0.304774171904326
129,soft_escalation,correct,known,gcomp,0.2948306606797643,,,,0.304774171904326
129,soft_escalation,correct,known,dr,0.2905969360127845,0.04798315528591355,0.19654995165239397,0.3846439203731751,0.304774171904326
130,always_small,correct,known,ipw,0.20162564651231227,0.20162564651231224,-0.1935606206518197,0.5968119136764443,0.30739753138881404
130,always_small,correct,known,gcomp,0.33638658055531323,,,,0.30739753138881404
130,always_small,correct,known,dr,0.2699312564950768,0.11080517879715501,0.05275310605265299,0.48710940693750066,0.30739753138881404
130,failure_escalation,correct,known,ipw,0.39154807696748384,0.18019849755376752,0.03835902176209949,0.7447371321728682,0.3104749715506988
130,failure_escalation,correct,known,gcomp,0.3291658454803684,,,,0.3104749715506988
130,failure_escalation,correct,known,dr,0.37263087395491445,0.11036788877875654,0.15630981194855165,0.5889519359612773,0.3104749715506988
130,soft_escalation,correct,known,ipw,0.380733351458882,0.08867334934808123,0.20693358673664278,0.5545331161811212,0.304774171904326
130,soft_escalation,correct,known,gcomp,0.32518611511390305,,,,0.304774171904326
130,soft_escalation,correct,known,dr,0.35152228041911093,0.05680242272808762,0.24018953187205921,0.46285502896616265,0.304774171904326
131,always_small,correct,known,ipw,0.0,0.0,0.0,0.0,0.30739753138881404
131,always_small,correct,known,gcomp,0.3041611712602857,,,,0.30739753138881404
131,always_small,correct,known,dr,0.3049564980674553,0.007879032160017379,0.28951359503382124,0.32039940110108933,0.30739753138881404
131,failure_escalation,correct,known,ipw,0.19179480795035803,0.10640483566880744,-0.01675866996050457,0.4003482858612206,0.3104749715506988
131,failure_escalation,correct,known,gcomp,0.3028489594307203,,,,0.3104749715506988
131,failure_escalation,correct,known,dr,0.3229598819926996,0.06053354282778655,0.20431413805023796,0.44160562593516123,0.3104749715506988
131,soft_escalation,correct,known,ipw,0.2669252158660638,0.051979190813193764,0.16504600187220406,0.36880442985992357,0.304774171904326
131,soft_escalation,correct,known,gcomp,0.2985823765035908,,,,0.304774171904326
131,soft_escalation,correct,known,dr,0.2962955539522647,0.034252847745924464,0.22915997237025276,0.36343113553427664,0.304774171904326
132,always_small,correct,known,ipw,0.10018612312765184,0.10018612312765185,-0.09617867820254579,0.2965509244578495,0.30739753138881404
132,always_small,correct,known,gcomp,0.3314581491895769,,,,0.30739753138881404
132,always_small,correct,known,dr,0.49909030132172577,0.09937191685525709,0.3043213442854219,0.6938592583580296,0.30739753138881404
132,failure_escalation,correct,known,ipw,0.3390622128053642,0.16841306545878013,0.008972604506155168,0.6691518211045733,0.3104749715506988
132,failure_escalation,correct,known,gcomp,0.30432180848408735,,,,0.3104749715506988
132,failure_escalation,correct,known,dr,0.398091816091843,0.09224207580921397,0.21729734750578364,0.5788862846779024,0.3104749715506988
132,soft_escalation,correct,known,ipw,0.2783233473100346,0.07525467000658634,0.1308241940971254,0.4258225005229438,0.304774171904326
132,soft_escalation,correct,known,gcomp,0.30140828261025526,,,,0.304774171904326
132,soft_escalation,correct,known,dr,0.3089482394654481,0.045522783765732044,0.21972358328461328,0.3981728956462829,0.304774171904326
133,always_small,correct,known,ipw,0.10018612312765184,0.10018612312765185,-0.09617867820254579,0.2965509244578495,0.30739753138881404
133,always_small,correct,known,gcomp,0.28406298649140704,,,,0.30739753138881404
133,always_small,correct,known,dr,0.343895917785486,0.052214754364945284,0.24155499923019325,0.44623683634077876,0.30739753138881404
133,failure_escalation,correct,known,ipw,0.5605055642522032,0.24718107321787877,0.07603066074516085,1.0449804677592456,0.3104749715506988
133,failure_escalation,correct,known,gcomp,0.29802774010282207,,,,0.3104749715506988
133,failure_escalation,correct,known,dr,0.5267753661854067,0.1463908976769537,0.2398492067385774,0.813701525632236,0.3104749715506988
133,soft_escalation,correct,known,ipw,0.37339186200661556,0.10899942333405249,0.15975299227187267,0.5870307317413584,0.304774171904326
133,soft_escalation,correct,known,gcomp,0.2914214336654937,,,,0.304774171904326
133,soft_escalation,correct,known,dr,0.40941261896637887,0.06576484845122188,0.280513516001984,0.5383117219307738,0.304774171904326
134,always_small,correct,known,ipw,0.388457513083288,0.3051214842016272,-0.20958059595190126,0.9864956221184773,0.30739753138881404
134,always_small,correct,known,gcomp,0.305051737109312,,,,0.30739753138881404
134,always_small,correct,known,dr,0.5000205652559133,0.231217509321043,0.04683424698666905,0.9532068835251576,0.30739753138881404
134,failure_escalation,correct,known,ipw,0.38425374817596525,0.1852263592200349,0.02121008410469688,0.7472974122472336,0.3104749715506988
134,failure_escalation,correct,known,gcomp,0.32100131576648055,,,,0.3104749715506988
134,failure_escalation,correct,known,dr,0.3694193539305911,0.13154959881696224,0.11158214024934515,0.6272565676118371,0.3104749715506988
134,soft_escalation,correct,known,ipw,0.3606684089862717,0.09529179810847413,0.17389648469366242,0.5474403332788811,0.304774171904326
134,soft_escalation,correct,known,gcomp,0.31355541990144803,,,,0.304774171904326
134,soft_escalation,correct,known,dr,0.33460473372363336,0.0677670552289881,0.20178130547481668,0.4674281619724501,0.304774171904326
135,always_small,correct,known,ipw,0.0,0.0,0.0,0.0,0.30739753138881404
135,always_small,correct,known,gcomp,0.3653604533500049,,,,0.30739753138881404
135,always_small,correct,known,dr,0.7264855851104451,0.41162548827740686,-0.08030037191327233,1.5332715421341625,0.30739753138881404
135,failure_escalation,correct,known,ipw,0.2603513876933863,0.1436625692295996,-0.02122724799662895,0.5419300233834015,0.3104749715506988
135,failure_escalation,correct,known,gcomp,0.3098869036481605,,,,0.3104749715506988
135,failure_escalation,correct,known,dr,0.2744894564830806,0.10106283809402118,0.07640629381879907,0.47257261914736215,0.3104749715506988
135,soft_escalation,correct,known,ipw,0.2524026692930994,0.06756465478530974,0.11997594591389232,0.3848293926723065,0.304774171904326
135,soft_escalation,correct,known,gcomp,0.30932267110369616,,,,0.304774171904326
135,soft_escalation,correct,known,dr,0.2625646682650353,0.04971429344764688,0.1651246531076474,0.36000468342242314,0.304774171904326
136,always_small,correct,known,ipw,0.6411277618062698,0.6411277618062698,-0.615482651334019,1.8977381749465587,0.30739753138881404
136,always_small,correct,known,gcomp,0.3108228351329409,,,,0.30739753138881404
136,always_small,correct,known,dr,0.007362419418336401,0.46024629452759913,-0.8947203178557579,0.9094451566924306,0.30739753138881404
136,failure_escalation,correct,known,ipw,0.3486018892724901,0.14962510175781113,0.05533668982718026,0.6418670887178,0.3104749715506988
136,failure_escalation,correct,known,gcomp,0.34681333976380385,,,,0.3104749715506988
136,failure_escalation,correct,known,dr,0.2581556990076403,0.09511240528580579,0.07173538464746093,0.44457601336781966,0.3104749715506988
136,soft_escalation,correct,known,ipw,0.3068212618918654,0.06818214172648894,0.1731842641079471,0.4404582596757838,0.304774171904326
136,soft_escalation,correct,known,gcomp,0.33626412133826805,,,,0.304774171904326
136,soft_escalation,correct,known,dr,0.2868941987239472,0.045681939184987995,0.19735759792137075,0.3764307995265237,0.304774171904326
137,always_small,correct,known,ipw,0.0,0.0,0.0,0.0,0.30739753138881404
137,always_small,correct,known,gcomp,0.3140275458050258,,,,0.30739753138881404
137,always_small,correct,known,dr,-0.03523181646681633,0.2764983553224439,-0.5771685928988063,0.5067049599651737,0.30739753138881404
137,failure_escalation,correct,known,ipw,0.23753848972144564,0.11659591406769282,0.009010498148767726,0.46606648129412354,0.3104749715506988
137,failure_escalation,correct,known,gcomp,0.3115315949230545,,,,0.3104749715506988
137,failure_escalation,correct,known,dr,0.32271020743827866,0.08861858918537455,0.14901777263494456,0.4964026422416128,0.3104749715506988
137,soft_escalation,correct,known,ipw,0.24329789156269727,0.056800054264095186,0.1319697852050707,0.35462599792032384,0.304774171904326
137,soft_escalation,correct,known,gcomp,0.30501681660388164,,,,0.304774171904326
137,soft_escalation,correct,known,dr,0.3014944332921481,0.04368600984628143,0.2158698539934365,0.3871190125908597,0.304774171904326
138,always_small,correct,known,ipw,0.0,0.0,0.0,0.0,0.30739753138881404
138,always_small,correct,known,gcomp,0.33791406140937985,,,,0.30739753138881404
138,always_small,correct,known,dr,0.03141002725176501,0.2604542268622034,-0.47908025739815363,0.5419003119016836,0.30739753138881404
138,failure_escalation,correct,known,ipw,0.31949088155682814,0.16213626423415553,0.0017038036578833071,0.6372779594557729,0.3104749715506988
138,failure_escalation,correct,known,gcomp,0.3169988501477406,,,,0.3104749715506988
138,failure_escalation,correct,known,dr,0.4333645453989425,0.06847953063652808,0.2991446653513474,0.5675844254465375,0.3104749715506988
138,soft_escalation,correct,known,ipw,0.23201613464489684,0.0716521102307309,0.09157799859266427,0.37245427069712944,0.304774171904326
138,soft_escalation,correct,known,gcomp,0.31182237795442447,,,,0.304774171904326
138,soft_escalation,correct,known,dr,0.30890122067093984,0.03600527634716205,0.2383308790305022,0.37947156231137746,0.304774171904326
139,always_small,correct,known,ipw,0.10018612312765184,0.10018612312765185,-0.09617867820254579,0.2965509244578495,0.30739753138881404
139,always_small,correct,known,gcomp,0.42639595029903593,,,,0.30739753138881404
139,always_small,correct,known,dr,0.4718445115746911,0.034040982826314854,0.40512418523511395,0.5385648379142682,0.30739753138881404
139,failure_escalation,correct,known,ipw,0.15853194779293675,0.16258964323870367,-0.16014375295492242,0.4772076485407959,0.3104749715506988
139,failure_escalation,correct,known,gcomp,0.33167304398757813,,,,0.3104749715506988
139,failure_escalation,correct,known,dr,0.31108648275627016,0.10191666581792048,0.11132981775314602,0.5108431477593943,0.3104749715506988
139,soft_escalation,correct,known,ipw,0.2887879386983408,0.07673312910248,0.13839100565748,0.4391848717392016,0.304774171904326
139,soft_escalation,correct,known,gcomp,0.3320715877369758,,,,0.304774171904326
139,soft_escalation,correct,known,dr,0.3335830233009375,0.04937711194680162,0.2368038838852063,0.43036216271666866,0.304774171904326
140,always_small,correct,known,ipw,0.0,0.0,0.0,0.0,0.30739753138881404
140,always_small,correct,known,gcomp,0.24995888324286933,,,,0.30739753138881404
140,always_small,correct,known,dr,0.07173114909033318,0.14304877220160478,-0.20864444442481217,0.35210674260547853,0.30739753138881404
140,failure_escalation,correct,known,ipw,-0.011585630528634643,0.060343175939810915,-0.12985825537066403,0.10668699431339476,0.3104749715506988
140,failure_escalation,correct,known,gcomp,0.3099750944502531,,,,0.3104749715506988
140,failure_escalation,correct,known,dr,0.16638042722716123,0.0800530628413987,0.009476424058019794,0.32328443039630267,0.3104749715506988
140,soft_escalation,correct,known,ipw,0.18386525021432074,0.037714562424212145,0.10994470786286493,0.25778579256577655,0.304774171904326
140,soft_escalation,correct,known,gcomp,0.3012069746230286,,,,0.304774171904326
140,soft_escalation,correct,known,dr,0.23166952540228328,0.040738933412645596,0.1518212159134979,0.31151783489106866,0.304774171904326
141,always_small,correct,known,ipw,0.20162564651231227,0.20162564651231224,-0.1935606206518197,0.5968119136764443,0.30739753138881404
141,always_small,correct,known,gcomp,0.27270494469075507,,,,0.30739753138881404
141,always_small,correct,known,dr,-1.238964107467444,1.4480101610801568,-4.077064023184551,1.5991358082496632,0.30739753138881404
141,failure_escalation,correct,known,ipw,0.4929502249188158,0.18834578765983873,0.12379248110553187,0.8621079687320997,0.3104749715506988
141,failure_escalation,correct,known,gcomp,0.31740263772397553,,,,0.3104749715506988
141,failure_escalation,correct,known,dr,0.25318456161601016,0.12388522289863331,0.010369524734688884,0.49599959849733144,0.3104749715506988
141,soft_escalation,correct,known,ipw,0.37249235047456897,0.08546593440862543,0.20497911903366312,0.5400055819154748,0.304774171904326
141,soft_escalation,correct,known,gcomp,0.30869556005051474,,,,0.304774171904326
141,soft_escalation,correct,known,dr,0.28298561888525403,0.05728727035387374,0.1707025689916615,0.3952686687788466,0.304774171904326
142,always_small,correct,known,ipw,0.0,0.0,0.0,0.0,0.30739753138881404
142,always_small,correct,known,gcomp,0.3099680919126673,,,,0.30739753138881404
142,always_small,correct,known,dr,0.3095323114044751,0.03408605883144094,0.24272363609485087,0.3763409867140994,0.30739753138881404
142,failure_escalation,correct,known,ipw,0.14381179739120206,0.10382598675989484,-0.05968713665819181,0.34731073144059593,0.3104749715506988
142,failure_escalation,correct,known,gcomp,0.3112614261154535,,,,0.3104749715506988
142,failure_escalation,correct,known,dr,0.31923754352044703,0.06371278012769128,0.19436049447017212,0.44411459257072194,0.3104749715506988
142,soft_escalation,correct,known,ipw,0.2460345253208291,0.053716348248284605,0.14075048275419128,0.3513185678874669,0.304774171904326
142,soft_escalation,correct,known,gcomp,0.30633748807979627,,,,0.304774171904326
142,soft_escalation,correct,known,dr,0.30010579549621,0.03710704121606731,0.2273759947127181,0.372835596279702,0.304774171904326
143,always_small,correct,known,ipw,0.0,0.0,0.0,0.0,0.30739753138881404
143,always_small,correct,known,gcomp,0.33902514351443075,,,,0.30739753138881404
143,always_small,correct,known,dr,0.08162764001839401,0.2445271960732968,-0.3976456642852677,0.5609009443220557,0.30739753138881404
143,failure_escalation,correct,known,ipw,0.19480075149905962,0.11057654254379876,-0.021929271886785923,0.4115307748849052,0.3104749715506988
143,failure_escalation,correct,known,gcomp,0.33018027378950043,,,,0.3104749715506988
143,failure_escalation,correct,known,dr,0.253338038594332,0.090951480168074,0.07507313746490699,0.4316029397237571,0.3104749715506988
143,soft_escalation,correct,known,ipw,0.2712864042064138,0.05919111724062592,0.155271814414787,0.38730099399804063,0.304774171904326
143,soft_escalation,correct,known,gcomp,0.325581546871812,,,,0.304774171904326
143,soft_escalation,correct,known,dr,0.3028793686099333,0.046334811452776334,0.2120631381624917,0.39369559905737495,0.304774171904326
144,always_small,correct,known,ipw,0.0,0.0,0.0,0.0,0.30739753138881404
144,always_small,correct,known,gcomp,0.312765555119059,,,,0.30739753138881404
144,always_small,correct,known,dr,0.35758954485756916,0.039281011627598866,0.28059876206747536,0.43458032764766297,0.30739753138881404
144,failure_escalation,correct,known,ipw,0.30869903909127444,0.1351748389158306,0.04375635481624646,0.5736417233663025,0.3104749715506988
144,failure_escalation,correct,known,gcomp,0.33659202445674413,,,,0.3104749715506988
144,failure_escalation,correct,known,dr,0.38469772433933463,0.09400129114809594,0.20045519368906659,0.5689402549896027,0.3104749715506988
144,soft_escalation,correct,known,ipw,0.3037906322525641,0.0636784676440032,0.1789808356703178,0.42860042883481037,0.304774171904326
144,soft_escalation,correct,known,gcomp,0.32809065827989137,,,,0.304774171904326
144,soft_escalation,correct,known,dr,0.3340960942710048,0.04563550332641375,0.24465050775123381,0.42354168079077575,0.304774171904326
145,always_small,correct,known,ipw,0.4044330025035753,0.286811580929182,-0.15771769611762143,0.966583701124772,0.30739753138881404
145,always_small,correct,known,gcomp,0.32696152222310276,,,,0.30739753138881404
145,always_small,correct,known,dr,0.7068498683885134,0.20738372915961237,0.30037775923567317,1.1133219775413536,0.30739753138881404
145,failure_escalation,correct,known,ipw,0.15478630732124657,0.09144794484112694,-0.024451664567362225,0.33402427920985533,0.3104749715506988
145,failure_escalation,correct,known,gcomp,0.2870291717884921,,,,0.3104749715506988
145,failure_escalation,correct,known,dr,0.21495199178309168,0.08557661172056814,0.04722183281077813,0.38268215075540524,0.3104749715506988
145,soft_escalation,correct,known,ipw,0.30532023800197455,0.05798036327657263,0.1916787259798922,0.4189617500240569,0.304774171904326
145,soft_escalation,correct,known,gcomp,0.2850612378846137,,,,0.304774171904326
145,soft_escalation,correct,known,dr,0.2632034178685454,0.048327666603674914,0.16848119132534256,0.35792564441174823,0.304774171904326
146,always_small,correct,known,ipw,0.0,0.0,0.0,0.0,0.30739753138881404
146,always_small,correct,known,gcomp,0.2794329187200631,,,,0.30739753138881404
146,always_small,correct,known,dr,0.47199111987916886,0.16541587282866585,0.1477760091349838,0.7962062306233539,0.30739753138881404
146,failure_escalation,correct,known,ipw,0.2750487253334616,0.13891100750330834,0.00278315062697726,0.5473143000399459,0.3104749715506988
146,failure_escalation,correct,known,gcomp,0.3288534228140815,,,,0.3104749715506988
146,failure_escalation,correct,known,dr,0.3255256515041577,0.12194599600278788,0.08651149933869345,0.5645398036696219,0.3104749715506988
146,soft_escalation,correct,known,ipw,0.32515507065205496,0.07652784594882373,0.17516049259236047,0.4751496487117495,0.304774171904326
146,soft_escalation,correct,known,gcomp,0.32165818730930884,,,,0.304774171904326
146,soft_escalation,correct,known,dr,0.3618021090659639,0.06302563890355417,0.2382718568149977,0.48533236131693,0.304774171904326
147,always_small,correct,known,ipw,0.0,0.0,0.0,0.0,0.30739753138881404
147,always_small,correct,known,gcomp,0.2919316642088108,,,,0.30739753138881404
147,always_small,correct,known,dr,0.2740257739797386,0.011994877316393133,0.2505158144396081,0.2975357335198691,0.30739753138881404
147,failure_escalation,correct,known,ipw,0.41196707358737467,0.1645040777658712,0.08953908116626713,0.7343950660084821,0.3104749715506988
147,failure_escalation,correct,known,gcomp,0.2887492441390191,,,,0.3104749715506988
147,failure_escalation,correct,known,dr,0.41622399239050567,0.11478464598846269,0.1912460862531188,0.6412018985278926,0.3104749715506988
147,soft_escalation,correct,known,ipw,0.3245098816092382,0.07414568307755515,0.17918434277723014,0.46983542044124627,0.304774171904326
147,soft_escalation,correct,known,gcomp,0.2811399791659191,,,,0.304774171904326
147,soft_escalation,correct,known,dr,0.33624069247990623,0.05253324473015181,0.2332755328088087,0.4392058521510038,0.304774171904326
148,always_small,correct,known,ipw,0.0,0.0,0.0,0.0,0.30739753138881404
148,always_small,correct,known,gcomp,0.3114394877351938,,,,0.30739753138881404
148,always_small,correct,known,dr,-0.7136268734103097,0.847681661100874,-2.3750829291680224,0.9478291823474032,0.30739753138881404
148,failure_escalation,correct,known,ipw,0.22187587007612197,0.13481603664265746,-0.042363561743486655,0.4861153018957306,0.3104749715506988
148,failure_escalation,correct,known,gcomp,0.29478550074333265,,,,0.3104749715506988
148,failure_escalation,correct,known,dr,0.3227855679075144,0.09112815376864986,0.14417438652096068,0.5013967492940681,0.3104749715506988
148,soft_escalation,correct,known,ipw,0.23081136709563937,0.062411499490504764,0.10848482809425004,0.3531379060970287,0.304774171904326
148,soft_escalation,correct,known,gcomp,0.2931505188411815,,,,0.304774171904326
148,soft_escalation,correct,known,dr,0.30227101619378055,0.04400553877494932,0.2160201601948799,0.3885218721926812,0.304774171904326
149,always_small,correct,known,ipw,0.0,0.0,0.0,0.0,0.30739753138881404
149,always_small,correct,known,gcomp,0.3206097083126908,,,,0.30739753138881404
149,always_small,correct,known,dr,0.06751610894815939,0.17585963547177483,-0.2771687765765192,0.41220099447283803,0.30739753138881404
149,failure_escalation,correct,known,ipw,0.2784732557342195,0.13892708165799064,0.006176175684557861,0.5507703357838811,0.3104749715506988
149,failure_escalation,correct,known,gcomp,0.33611987683664957,,,,0.3104749715506988
149,failure_escalation,correct,known,dr,0.26242023870065856,0.10933615260993486,0.04812137958518625,0.47671909781613087,0.3104749715506988
149,soft_escalation,correct,known,ipw,0.273102646865644,0.06486169596769842,0.1459737227689551,0.4002315709623329,0.304774171904326
149,soft_escalation,correct,known,gcomp,0.3286082111633487,,,,0.304774171904326
149,soft_escalation,correct,known,dr,0.30743726194259274,0.05004577262891452,0.2093475475899203,0.4055269762952652,0.304774171904326
150,always_small,correct,known,ipw,0.0,0.0,0.0,0.0,0.30739753138881404
150,always_small,correct,known,gcomp,0.2832084692798108,,,,0.30739753138881404
150,always_small,correct,known,dr,0.2783620150176909,0.005041431463662563,0.2684808093489123,0.28824322068646957,0.30739753138881404
150,failure_escalation,correct,known,ipw,0.32559860923359163,0.1873551676192364,-0.041617519300111705,0.692814737767295,0.3104749715506988
150,failure_escalation,correct,known,gcomp,0.2912394217755947,,,,0.3104749715506988
150,failure_escalation,correct,known,dr,0.3721685704082637,0.12055949460948259,0.1358719609736778,0.6084651798428495,0.3104749715506988
150,soft_escalation,correct,known,ipw,0.32370676728596964,0.08912140334116431,0.1490288167372876,0.49838471783465166,0.304774171904326
150,soft_escalation,correct,known,gcomp,0.28773859086572023,,,,0.304774171904326
150,soft_escalation,correct,known,dr,0.34115706515102356,0.060918329388272234,0.22175713955000997,0.46055699075203715,0.304774171904326
151,always_small,correct,known,ipw,0.0,0.0,0.0,0.0,0.30739753138881404
151,always_small,correct,known,gcomp,0.3388630619952846,,,,0.30739753138881404
151,always_small,correct,known,dr,0.1887041941936263,0.08390447408247512,0.02425142499197508,0.3531569633952775,0.30739753138881404
151,failure_escalation,correct,known,ipw,0.5256168439934068,0.1793730497034004,0.17404566657474202,0.8771880214120715,0.3104749715506988
151,failure_escalation,correct,known,gcomp,0.3146856372590083,,,,0.3104749715506988
151,failure_escalation,correct,known,dr,0.41472650492608404,0.13241435432704735,0.15519437044507123,0.6742586394070968,0.3104749715506988
151,soft_escalation,correct,known,ipw,0.42756629049532097,0.08403019372696591,0.26286711079046776,0.5922654702001742,0.304774171904326
151,soft_escalation,correct,known,gcomp,0.3111345308398083,,,,0.304774171904326
151,soft_escalation,correct,known,dr,0.3600852214832017,0.061505098500431385,0.2395352284223562,0.48063521454404723,0.304774171904326
152,always_small,correct,known,ipw,0.0,0.0,0.0,0.0,0.30739753138881404
152,always_small,correct,known,gcomp,0.3362090621535975,,,,0.30739753138881404
152,always_small,correct,known,dr,0.33818324057379545,0.01276936314534944,0.3131552888089105,0.3632111923386804,0.30739753138881404
152,failure_escalation,correct,known,ipw,-0.03474990491019022,0.06321922239448989,-0.1586595808033904,0.08915977098300995,0.3104749715506988
152,failure_escalation,correct,known,gcomp,0.3045380597211734,,,,0.3104749715506988
152,failure_escalation,correct,known,dr,0.2607243578598266,0.07524786248165725,0.1132385473957784,0.4082101683238748,0.3104749715506988
152,soft_escalation,correct,known,ipw,0.14569585421377998,0.03626155762301682,0.07462320127266701,0.21676850715489293,0.304774171904326
152,soft_escalation,correct,known,gcomp,0.3004344895729441,,,,0.304774171904326
152,soft_escalation,correct,known,dr,0.26872500696306406,0.03672704906221266,0.19673999080112725,0.34071002312500087,0.304774171904326
153,always_small,correct,known,ipw,0.0,0.0,0.0,0.0,0.30739753138881404
153,always_small,correct,known,gcomp,0.32565113721771455,,,,0.30739753138881404
153,always_small,correct,known,dr,0.28581961502442704,0.08015044513980767,0.12872474255040403,0.4429144874984501,0.30739753138881404
153,failure_escalation,correct,known,ipw,0.30850635082890043,0.1539079206317303,0.006846826390709049,0.6101658752670918,0.3104749715506988
153,failure_escalation,correct,known,gcomp,0.33365531032689655,,,,0.3104749715506988
153,failure_escalation,correct,known,dr,0.44851166132187836,0.08046347336720165,0.29080325352216313,0.6062200691215935,0.3104749715506988
153,soft_escalation,correct,known,ipw,0.29564344913026286,0.06972146410385002,0.15898937948671682,0.4322975187738089,0.304774171904326
153,soft_escalation,correct,known,gcomp,0.32532538652360754,,,,0.304774171904326
153,soft_escalation,correct,known,dr,0.3817462778635551,0.03912152482035923,0.305068089215651,0.4584244665114592,0.304774171904326
154,always_small,correct,known,ipw,0.0,0.0,0.0,0.0,0.30739753138881404
154,always_small,correct,known,gcomp,0.3080267904216261,,,,0.30739753138881404
154,always_small,correct,known,dr,0.33584336073453175,0.049772381651036604,0.2382894926985,0.4333972287705635,0.30739753138881404
154,failure_escalation,correct,known,ipw,0.1683420230006902,0.10166660110363279,-0.030924515162430055,0.36760856116381047,0.3104749715506988
154,failure_escalation,correct,known,gcomp,0.27918958674274674,,,,0.3104749715506988
154,failure_escalation,correct,known,dr,0.32493766450231976,0.06581598159774861,0.19593834057073248,0.45393698843390706,0.3104749715506988
154,soft_escalation,correct,known,ipw,0.19279153584604453,0.05029465027678783,0.09421402130354038,0.29136905038854866,0.304774171904326
154,soft_escalation,correct,known,gcomp,0.27628362896077213,,,,0.304774171904326
154,soft_escalation,correct,known,dr,0.2760718477570682,0.03540306451842531,0.20668184130095463,0.3454618542131818,0.304774171904326
155,always_small,correct,known,ipw,0.0,0.0,0.0,0.0,0.30739753138881404
155,always_small,correct,known,gcomp,0.339161691605039,,,,0.30739753138881404
155,always_small,correct,known,dr,0.2923462538113088,0.036628055166971624,0.22055526568404443,0.36413724193857316,0.30739753138881404
155,failure_escalation,correct,known,ipw,0.32548141557301735,0.14577160319779287,0.03976907330534335,0.6111937578406914,0.3104749715506988
155,failure_escalation,correct,known,gcomp,0.31986716018578376,,,,0.3104749715506988
155,failure_escalation,correct,known,dr,0.475265301443296,0.08195130407389904,0.3146407454584539,0.6358898574281381,0.3104749715506988
155,soft_escalation,correct,known,ipw,0.27690534652720067,0.06676034623264371,0.146055067911219,0.4077556251431823,0.304774171904326
155,soft_escalation,correct,known,gcomp,0.3183373462563048,,,,0.304774171904326
155,soft_escalation,correct,known,dr,0.3610690878356997,0.039984234091475904,0.2826999890164069,0.43943818665499246,0.304774171904326
156,always_small,correct,known,ipw,0.28609220370571703,0.2111243232880147,-0.1277114699387918,0.6998958773502258,0.30739753138881404
156,always_small,correct,known,gcomp,0.32837359768532065,,,,0.30739753138881404
156,always_small,correct,known,dr,0.4314394805259126,0.21379384027345594,0.012403553589938943,0.8504754074618862,0.30739753138881404
156,failure_escalation,correct,known,ipw,0.31036786278770084,0.14812725451384853,0.020038443940557704,0.6006972816348439,0.3104749715506988
156,failure_escalation,correct,known,gcomp,0.32672431665209667,,,,0.3104749715506988
156,failure_escalation,correct,known,dr,0.3943828798427929,0.08310387870019652,0.23149927759040773,0.557266482095178,0.3104749715506988
156,soft_escalation,correct,known,ipw,0.3174020448160479,0.07106555043289943,0.178113565967565,0.4566905236645308,0.304774171904326
156,soft_escalation,correct,known,gcomp,0.3217752834206614,,,,0.304774171904326
156,soft_escalation,correct,known,dr,0.34714930411186967,0.04383789947319415,0.26122702114440915,0.4330715870793302,0.304774171904326
157,always_small,correct,known,ipw,0.10018612312765184,0.10018612312765185,-0.09617867820254579,0.2965509244578495,0.30739753138881404
157,always_small,correct,known,gcomp,0.3340878235913087,,,,0.30739753138881404
157,always_small,correct,known,dr,0.18180452686061677,0.15191986749517616,-0.11595841342992852,0.47956746715116205,0.30739753138881404
157,failure_escalation,correct,known,ipw,0.48093321023936814,0.18701735092274263,0.11437920243079258,0.8474872180479437,0.3104749715506988
157,failure_escalation,correct,known,gcomp,0.31233789560055025,,,,0.3104749715506988
157,failure_escalation,correct,known,dr,0.3606762815112488,0.09736789342592614,0.16983521039643357,0.551517352626064,0.3104749715506988
157,soft_escalation,correct,known,ipw,0.3763217796481826,0.08442673406624396,0.21084538087834442,0.5417981784180208,0.304774171904326
157,soft_escalation,correct,known,gcomp,0.30789468481874005,,,,0.304774171904326
157,soft_escalation,correct,known,dr,0.31635593672797185,0.04818494742114061,0.22191343978253625,0.41079843367340746,0.304774171904326
158,always_small,correct,known,ipw,0.0,0.0,0.0,0.0,0.30739753138881404
158,always_small,correct,known,gcomp,0.3283213588020611,,,,0.30739753138881404
158,always_small,correct,known,dr,0.18287578879293998,0.16671959719503027,-0.14389462170931933,0.5096461992951993,0.30739753138881404
158,failure_escalation,correct,known,ipw,0.27209078997459685,0.14831506141844986,-0.018606730405564875,0.5627883103547586,0.3104749715506988
158,failure_escalation,correct,known,gcomp,0.35579341708255957,,,,0.3104749715506988
158,failure_escalation,correct,known,dr,0.35872797053102373,0.08539878481896425,0.1913463522858538,0.5261095887761936,0.3104749715506988
158,soft_escalation,correct,known,ipw,0.27999968323516305,0.06981191766273276,0.14316832461620685,0.41683104185411923,0.304774171904326
158,soft_escalation,correct,known,gcomp,0.3464428532076193,,,,0.304774171904326
158,soft_escalation,correct,known,dr,0.3617881012133716,0.042145878496020514,0.2791821793611714,0.44439402306557185,0.304774171904326
159,always_small,correct,known,ipw,3.7875455680093366,2.67830472483698,-1.4619316926711439,9.037022828689818,0.30739753138881404
159,always_small,correct,known,gcomp,0.3309017790084306,,,,0.30739753138881404
159,always_small,correct,known,dr,3.008754935552078,1.9764393449013742,-0.8650661804546154,6.882576051558772,0.30739753138881404
159,failure_escalation,correct,known,ipw,0.4641810265772829,0.18458256338009274,0.1023992023523011,0.8259628508022647,0.3104749715506988
159,failure_escalation,correct,known,gcomp,0.32987696599751515,,,,0.3104749715506988
159,failure_escalation,correct,known,dr,0.4239154540643382,0.07328591643434734,0.28027505785301743,0.567555850275659,0.3104749715506988
159,soft_escalation,correct,known,ipw,0.5164309015120541,0.1448516717116362,0.2325216249572471,0.8003401780668611,0.304774171904326
159,soft_escalation,correct,known,gcomp,0.323146797751356,,,,0.304774171904326
159,soft_escalation,correct,known,dr,0.5078818815330604,0.10095563279899213,0.31000884124703576,0.705754921819085,0.304774171904326
160,always_small,correct,known,ipw,0.0,0.0,0.0,0.0,0.30739753138881404
160,always_small,correct,known,gcomp,0.2968594546737538,,,,0.30739753138881404
160,always_small,correct,known,dr,-0.5126914831903565,0.8880576303624279,-2.253284438700715,1.2279014723200024,0.30739753138881404
160,failure_escalation,correct,known,ipw,0.20079092727740286,0.1734970328307979,-0.13926325707096102,0.5408451116257668,0.3104749715506988
160,failure_escalation,correct,known,gcomp,0.2976303872731242,,,,0.3104749715506988
160,failure_escalation,correct,known,dr,0.3013273280537515,0.08985890945549024,0.12520386552099064,0.4774507905865124,0.3104749715506988
160,soft_escalation,correct,known,ipw,0.25621099017993393,0.08046496882155656,0.09849965128968308,0.4139223290701848,0.304774171904326
160,soft_escalation,correct,known,gcomp,0.2946148459925735,,,,0.304774171904326
160,soft_escalation,correct,known,dr,0.2865937190340267,0.04368047285363246,0.20097999224090707,0.3722074458271463,0.304774171904326
161,always_small,correct,known,ipw,0.1859060805780652,0.18590608057806524,-0.17846983735494262,0.5502819985110731,0.30739753138881404
161,always_small,correct,known,gcomp,0.34877463602389785,,,,0.30739753138881404
161,always_small,correct,known,dr,0.350891925236367,0.09833235782433768,0.15816050390066513,0.5436233465720688,0.30739753138881404
161,failure_escalation,correct,known,ipw,0.07052457822051082,0.09284199388923256,-0.111445729802385,0.25249488624340666,0.3104749715506988
161,failure_escalation,correct,known,gcomp,0.3195942282003842,,,,0.3104749715506988
161,failure_escalation,correct,known,dr,0.1279332676854515,0.11590782010353977,-0.09924605971748646,0.35511259508838944,0.3104749715506988
161,soft_escalation,correct,known,ipw,0.2194740251017367,0.05057094949711278,0.12035496408739564,0.31859308611607773,0.304774171904326
161,soft_escalation,correct,known,gcomp,0.31584567888330106,,,,0.304774171904326
161,soft_escalation,correct,known,dr,0.23896742011829383,0.05440191830136342,0.13233966024762153,0.34559517998896616,0.304774171904326
162,always_small,correct,known,ipw,0.0,0.0,0.0,0.0,0.30739753138881404
162,always_small,correct,known,gcomp,0.33125676517688113,,,,0.30739753138881404
162,always_small,correct,known,dr,0.2941062533649537,0.018501795410140014,0.2578427343610793,0.33036977236882814,0.30739753138881404
162,failure_escalation,correct,known,ipw,0.23763708274150058,0.13203195692313496,-0.021145552827843916,0.4964197183108451,0.3104749715506988
162,failure_escalation,correct,known,gcomp,0.31727759788177556,,,,0.3104749715506988
162,failure_escalation,correct,known,dr,0.3338645017907701,0.07733620660960937,0.18228553683593574,0.48544346674560446,0.3104749715506988
162,soft_escalation,correct,known,ipw,0.2544965490967415,0.06261157929199448,0.13177785368443234,0.3772152445090507,0.304774171904326
162,soft_escalation,correct,known,gcomp,0.3130496863615217,,,,0.304774171904326
162,soft_escalation,correct,known,dr,0.2816571708966439,0.042549774622083994,0.19825961263735925,0.3650547291559285,0.304774171904326
163,always_small,correct,known,ipw,0.0,0.0,0.0,0.0,0.30739753138881404
163,always_small,correct,known,gcomp,0.3180828074661431,,,,0.30739753138881404
163,always_small,correct,known,dr,0.26359326828245083,0.04971270294633629,0.1661563705076317,0.36103016605726995,0.30739753138881404
163,failure_escalation,correct,known,ipw,0.7249796854992181,0.2705490793716778,0.1947034899307296,1.2552558810677066,0.3104749715506988
163,failure_escalation,correct,known,gcomp,0.2964589362910612,,,,0.3104749715506988
163,failure_escalation,correct,known,dr,0.5436115697692502,0.15020769757533695,0.24920448252158978,0.8380186570169106,0.3104749715506988
163,soft_escalation,correct,known,ipw,0.41675762171309194,0.11797147334330306,0.18553353396021796,0.6479817094659659,0.304774171904326
163,soft_escalation,correct,known,gcomp,0.29243328694257203,,,,0.304774171904326
163,soft_escalation,correct,known,dr,0.35936476458444055,0.06783890884746269,0.22640050324341368,0.49232902592546746,0.304774171904326
164,always_small,correct,known,ipw,0.10018612312765184,0.10018612312765185,-0.09617867820254579,0.2965509244578495,0.30739753138881404
164,always_small,correct,known,gcomp,0.3319819340858098,,,,0.30739753138881404
164,always_small,correct,known,dr,0.37112561870254057,0.03950363819742724,0.29369848783558317,0.448552749569498,0.30739753138881404
164,failure_escalation,correct,known,ipw,0.34246984484473314,0.18067845576219382,-0.011659928449166745,0.696599618138633,0.3104749715506988
164,failure_escalation,correct,known,gcomp,0.2996780777890044,,,,0.3104749715506988
164,failure_escalation,correct,known,dr,0.21956235913686878,0.11633469032328556,-0.008453633896770896,0.44757835217050845,0.3104749715506988
164,soft_escalation,correct,known,ipw,0.2910338955219863,0.08154715843789467,0.1312014649837127,0.45086632606025984,0.304774171904326
164,soft_escalation,correct,known,gcomp,0.29579199617593394,,,,0.304774171904326
164,soft_escalation,correct,known,dr,0.25170050109549896,0.05378875952002766,0.14627453243624478,0.35712646975475315,0.304774171904326
165,always_small,correct,known,ipw,0.0,0.0,0.0,0.0,0.30739753138881404
165,always_small,correct,known,gcomp,0.30427784465457036,,,,0.30739753138881404
165,always_small,correct,known,dr,0.2927872555677362,0.020677074222537437,0.25226019009156286,0.33331432104390957,0.30739753138881404
165,failure_escalation,correct,known,ipw,0.31059730951334596,0.12711097172967495,0.061459804923183065,0.5597348141035089,0.3104749715506988
165,failure_escalation,correct,known,gcomp,0.3088648303490554,,,,0.3104749715506988
165,failure_escalation,correct,known,dr,0.4468269262804899,0.05648000036000989,0.33612612557487054,0.5575277269861093,0.3104749715506988
165,soft_escalation,correct,known,ipw,0.31882749000497024,0.061472176964027576,0.1983420231554762,0.43931295685446425,0.304774171904326
165,soft_escalation,correct,known,gcomp,0.3010292483015465,,,,0.304774171904326
165,soft_escalation,correct,known,dr,0.34940503409332574,0.03161410478158669,0.28744138872141584,0.41136867946523564,0.304774171904326
166,always_small,correct,known,ipw,0.0,0.0,0.0,0.0,0.30739753138881404
166,always_small,correct,known,gcomp,0.2508210036483177,,,,0.30739753138881404
166,always_small,correct,known,dr,0.1951953220495951,0.056924383230339576,0.08362353091812955,0.30676711318106065,0.30739753138881404
166,failure_escalation,correct,known,ipw,0.29432929719067696,0.14017938637486246,0.019577699895946543,0.5690808944854073,0.3104749715506988
166,failure_escalation,correct,known,gcomp,0.2983073075074636,,,,0.3104749715506988
166,failure_escalation,correct,known,dr,0.22643919748699823,0.13034400187418446,-0.029035046186403318,0.4819134411603998,0.3104749715506988
166,soft_escalation,correct,known,ipw,0.2949289147462093,0.0686480218535734,0.16037879191320545,0.42947903757921313,0.304774171904326
166,soft_escalation,correct,known,gcomp,0.2908039770405139,,,,0.304774171904326
166,soft_escalation,correct,known,dr,0.28354911161218543,0.05979751223512932,0.16634598763133196,0.4007522355930389,0.304774171904326
167,always_small,correct,known,ipw,0.0,0.0,0.0,0.0,0.30739753138881404
167,always_small,correct,known,gcomp,0.29327476115978324,,,,0.30739753138881404
167,always_small,correct,known,dr,0.28425188719821387,0.010091211439453573,0.26447311277688484,0.3040306616195429,0.30739753138881404
167,failure_escalation,correct,known,ipw,0.3356852689079331,0.15395344594492766,0.0339365148558749,0.6374340229599913,0.3104749715506988
167,failure_escalation,correct,known,gcomp,0.2948524632042257,,,,0.3104749715506988
167,failure_escalation,correct,known,dr,0.19245773353788764,0.12846914491371553,-0.05934179049299476,0.44425725756877005,0.3104749715506988
167,soft_escalation,correct,known,ipw,0.3313619150567897,0.07259036375240706,0.18908480210207185,0.47363902801150753,0.304774171904326
167,soft_escalation,correct,known,gcomp,0.29139957421419543,,,,0.304774171904326
167,soft_escalation,correct,known,dr,0.25374414136296575,0.059395274822968275,0.13732940270994792,0.37015888001598357,0.304774171904326
168,always_small,correct,known,ipw,0.5349184355717612,0.5349184355717612,-0.5135216981488907,1.5833585692924133,0.30739753138881404
168,always_small,correct,known,gcomp,0.2715607248842818,,,,0.30739753138881404
168,always_small,correct,known,dr,0.7805606554610888,0.4611731227507642,-0.12333866513040903,1.6844599760525867,0.30739753138881404
168,failure_escalation,correct,known,ipw,-0.003316140843065123,0.07029517840409712,-0.14109469051509546,0.13446240882896524,0.3104749715506988
168,failure_escalation,correct,known,gcomp,0.24879889383781467,,,,0.3104749715506988
168,failure_escalation,correct,known,dr,0.05345892934269943,0.11926206164031625,-0.1802947114723204,0.2872125701577193,0.3104749715506988
168,soft_escalation,correct,known,ipw,0.12350120324382843,0.039954717330021865,0.045189957276985576,0.2018124492106713,0.304774171904326
168,soft_escalation,correct,known,gcomp,0.24888515564148733,,,,0.304774171904326
168,soft_escalation,correct,known,dr,0.14656040698362421,0.05383522398001333,0.04104336798279809,0.25207744598445037,0.304774171904326
169,always_small,correct,known,ipw,0.0,0.0,0.0,0.0,0.30739753138881404
169,always_small,correct,known,gcomp,0.29343001663098844,,,,0.30739753138881404
169,always_small,correct,known,dr,0.27547642760235364,0.02305925576103373,0.23028028631072753,0.32067256889397977,0.30739753138881404
169,failure_escalation,correct,known,ipw,0.4874432473122283,0.21274653081775724,0.07046004690942415,0.9044264477150326,0.3104749715506988
169,failure_escalation,correct,known,gcomp,0.2998210664928146,,,,0.3104749715506988
169,failure_escalation,correct,known,dr,0.4969544279721728,0.08251720430959002,0.33522070752537636,0.6586881484189693,0.3104749715506988
169,soft_escalation,correct,known,ipw,0.3627329671999945,0.09396062189278293,0.17857014829013995,0.546895786109849,0.304774171904326
169,soft_escalation,correct,known,gcomp,0.29292362931722127,,,,0.304774171904326
169,soft_escalation,correct,known,dr,0.37049776487653163,0.0399052216002558,0.29228353054003026,0.448711999213033,0.304774171904326
170,always_small,correct,known,ipw,0.0,0.0,0.0,0.0,0.30739753138881404
170,always_small,correct,known,gcomp,0.2955943058387246,,,,0.30739753138881404
170,always_small,correct,known,dr,0.13729732415364054,0.13451939575211866,-0.12636069152051205,0.40095533982779313,0.30739753138881404
170,failure_escalation,correct,known,ipw,0.2314214551697444,0.15253074688222332,-0.06753880871941328,0.5303817190589021,0.3104749715506988
170,failure_escalation,correct,known,gcomp,0.30738643379895686,,,,0.3104749715506988
170,failure_escalation,correct,known,dr,0.263362433003758,0.11514524148481779,0.03767775969351514,0.48904710631400083,0.3104749715506988
170,soft_escalation,correct,known,ipw,0.2316736306415183,0.06912886140078733,0.09618106229597512,0.3671661989870615,0.304774171904326
170,soft_escalation,correct,known,gcomp,0.3031419483813085,,,,0.304774171904326
170,soft_escalation,correct,known,dr,0.2677904794078305,0.05317049166647605,0.16357631574153747,0.37200464307412356,0.304774171904326
171,always_small,correct,known,ipw,0.31857110440043374,0.3185711044004337,-0.3058282602244163,0.9429704690252838,0.30739753138881404
171,always_small,correct,known,gcomp,0.26148187030578834,,,,0.30739753138881404
171,always_small,correct,known,dr,0.38328341989742165,0.11127646913185747,0.165181540398981,0.6013852993958623,0.30739753138881404
171,failure_escalation,correct,known,ipw,0.22931577646700865,0.13352553733949574,-0.032394276718402976,0.49102582965242025,0.3104749715506988
171,failure_escalation,correct,known,gcomp,0.31350038967975663,,,,0.3104749715506988
171,failure_escalation,correct,known,dr,0.3501300613584884,0.06536382278963498,0.22201696869080384,0.47824315402617296,0.3104749715506988
171,soft_escalation,correct,known,ipw,0.2649976000963586,0.06404606087835317,0.13946732077478638,0.39052787941793077,0.304774171904326
171,soft_escalation,correct,known,gcomp,0.3040954593407179,,,,0.304774171904326
171,soft_escalation,correct,known,dr,0.34587685027703113,0.03408453723573144,0.27907115729499754,0.4126825432590647,0.304774171904326
172,always_small,correct,known,ipw,0.0,0.0,0.0,0.0,0.30739753138881404
172,always_small,correct,known,gcomp,0.3464550170768759,,,,0.30739753138881404
172,always_small,correct,known,dr,0.35951345886139524,0.024342063582108553,0.3118030142404625,0.407223903482328,0.30739753138881404
172,failure_escalation,correct,known,ipw,0.3251271933910462,0.1799097556130271,-0.02749592761048697,0.6777503143925794,0.3104749715506988
172,failure_escalation,correct,known,gcomp,0.310856243257852,,,,0.3104749715506988
172,failure_escalation,correct,known,dr,0.3674834292956154,0.1148139269957699,0.1424481323839064,0.5925187262073244,0.3104749715506988
172,soft_escalation,correct,known,ipw,0.3672587194339985,0.10321791188575333,0.164951612137922,0.569565826730075,0.304774171904326
172,soft_escalation,correct,known,gcomp,0.3081933376150678,,,,0.304774171904326
172,soft_escalation,correct,known,dr,0.3690042657512582,0.067371364345109,0.23695639163484458,0.5010521398676718,0.304774171904326
173,always_small,correct,known,ipw,0.4187572275280856,0.33388953896762186,-0.23566626884845326,1.0731807239046245,0.30739753138881404
173,always_small,correct,known,gcomp,0.2592941519883758,,,,0.30739753138881404
173,always_small,correct,known,dr,0.42017558477732986,0.1477867303768325,0.13051359323873818,0.7098375763159215,0.30739753138881404
173,failure_escalation,correct,known,ipw,0.3794492904100157,0.1810273368505011,0.024635710183033566,0.7342628706369978,0.3104749715506988
173,failure_escalation,correct,known,gcomp,0.3170882587413642,,,,0.3104749715506988
173,failure_escalation,correct,known,dr,0.2814467308894392,0.1186249392104236,0.04894185003700899,0.5139516117418694,0.3104749715506988
173,soft_escalation,correct,known,ipw,0.3300701200129244,0.08182628230885824,0.16969060668756225,0.49044963333828656,0.304774171904326
173,soft_escalation,correct,known,gcomp,0.3075276639227747,,,,0.304774171904326
173,soft_escalation,correct,known,dr,0.2830870207596782,0.05455671930730836,0.1761558509173538,0.39001819060200255,0.304774171904326
174,always_small,correct,known,ipw,0.0,0.0,0.0,0.0,0.30739753138881404
174,always_small,correct,known,gcomp,0.30528877329791354,,,,0.30739753138881404
174,always_small,correct,known,dr,0.3584965245222717,0.06275143752384249,0.23550370697554043,0.48148934206900296,0.30739753138881404
174,failure_escalation,correct,known,ipw,0.49044604279112447,0.2060247597949231,0.0866375135930752,0.8942545719891737,0.3104749715506988
174,failure_escalation,correct,known,gcomp,0.2988649010277216,,,,0.3104749715506988
174,failure_escalation,correct,known,dr,0.3160823578654888,0.12604239720661464,0.06903925934052413,0.5631254563904535,0.3104749715506988
174,soft_escalation,correct,known,ipw,0.36596753098329554,0.09208622794991245,0.18547852420146715,0.5464565377651239,0.304774171904326
174,soft_escalation,correct,known,gcomp,0.2944301551412162,,,,0.304774171904326
174,soft_escalation,correct,known,dr,0.2974823937173162,0.05821890709494738,0.18337333581121937,0.41159145162341304,0.304774171904326
175,always_small,correct,known,ipw,0.0,0.0,0.0,0.0,0.30739753138881404
175,always_small,correct,known,gcomp,0.3002869025818101,,,,0.30739753138881404
175,always_small,correct,known,dr,0.18272739998852747,0.11199371091651715,-0.03678027340784615,0.40223507338490105,0.30739753138881404
175,failure_escalation,correct,known,ipw,0.12072076980202347,0.10960261407978837,-0.09410035379436173,0.3355418933984087,0.3104749715506988
175,failure_escalation,correct,known,gcomp,0.27172344013880906,,,,0.3104749715506988
175,failure_escalation,correct,known,dr,0.23422138935329118,0.06835522638138236,0.10024514564578174,0.3681976330608006,0.3104749715506988
175,soft_escalation,correct,known,ipw,0.17835661457857205,0.05370288266681216,0.07309896455162021,0.28361426460552386,0.304774171904326
175,soft_escalation,correct,known,gcomp,0.27176986265092773,,,,0.304774171904326
175,soft_escalation,correct,known,dr,0.24093546348597633,0.03688716389837864,0.1686366222451542,0.3132343047267985,0.304774171904326
176,always_small,correct,known,ipw,0.0,0.0,0.0,0.0,0.30739753138881404
176,always_small,correct,known,gcomp,0.3199245107268549,,,,0.30739753138881404
176,always_small,correct,known,dr,0.3094213027829124,0.015588537053939044,0.2788677701571919,0.33997483540863294,0.30739753138881404
176,failure_escalation,correct,known,ipw,0.573760725625784,0.22232544085801287,0.13800286154407876,1.0095185897074892,0.3104749715506988
176,failure_escalation,correct,known,gcomp,0.31136442980277007,,,,0.3104749715506988
176,failure_escalation,correct,known,dr,0.4436174695721882,0.12726656925674,0.19417499382897785,0.6930599453153986,0.3104749715506988
176,soft_escalation,correct,known,ipw,0.4143371665944476,0.09895788737690955,0.22037970733570486,0.6082946258531903,0.304774171904326
176,soft_escalation,correct,known,gcomp,0.3061521893954017,,,,0.304774171904326
176,soft_escalation,correct,known,dr,0.3566362914640808,0.05997751806599935,0.2390803560547221,0.47419222687343954,0.304774171904326
177,always_small,correct,known,ipw,0.0,0.0,0.0,0.0,0.30739753138881404
177,always_small,correct,known,gcomp,0.3198371572171476,,,,0.30739753138881404
177,always_small,correct,known,dr,-1.314457018249094,1.2990393134766953,-3.8605740726634163,1.2316600361652286,0.30739753138881404
177,failure_escalation,correct,known,ipw,0.3306837193522617,0.19206917273853505,-0.045771859215267,0.7071392979197904,0.3104749715506988
177,failure_escalation,correct,known,gcomp,0.2609426609134898,,,,0.3104749715506988
177,failure_escalation,correct,known,dr,0.37425998575089897,0.12605559168324199,0.12719102605174468,0.6213289454500532,0.3104749715506988
177,soft_escalation,correct,known,ipw,0.2744185408705757,0.0860828968703415,0.10569606300470638,0.44314101873644507,0.304774171904326
177,soft_escalation,correct,known,gcomp,0.26457487874686647,,,,0.304774171904326
177,soft_escalation,correct,known,dr,0.30598253950570453,0.05585801435296301,0.19650083137389704,0.415464247637512,0.304774171904326
178,always_small,correct,known,ipw,0.0,0.0,0.0,0.0,0.30739753138881404
178,always_small,correct,known,gcomp,0.3128699628389646,,,,0.30739753138881404
178,always_small,correct,known,dr,0.3662017550465991,0.05832940349530901,0.2518761241957934,0.48052738589740474,0.30739753138881404
178,failure_escalation,correct,known,ipw,0.2317364576409161,0.11737764235617984,0.0016762786228036175,0.4617966366590286,0.3104749715506988
178,failure_escalation,correct,known,gcomp,0.32267897044764815,,,,0.3104749715506988
178,failure_escalation,correct,known,dr,0.33167982158766857,0.06702384588808831,0.20031308364701547,0.46304655952832163,0.3104749715506988
178,soft_escalation,correct,known,ipw,0.2895489402895774,0.066792187706029,0.15863625238576054,0.4204616281933943,0.304774171904326
178,soft_escalation,correct,known,gcomp,0.316782601873425,,,,0.304774171904326
178,soft_escalation,correct,known,dr,0.3578989799368186,0.04236779779480771,0.2748580962589955,0.44093986361464166,0.304774171904326
179,always_small,correct,known,ipw,0.0,0.0,0.0,0.0,0.30739753138881404
179,always_small,correct,known,gcomp,0.37585700335850486,,,,0.30739753138881404
179,always_small,correct,known,dr,0.3775116735553001,0.005236374058893208,0.3672483803998694,0.38777496671073075,0.30739753138881404
179,failure_escalation,correct,known,ipw,0.19643091709933916,0.18452351811224,-0.16523517840065124,0.5580970125993295,0.3104749715506988
179,failure_escalation,correct,known,gcomp,0.2919557759393355,,,,0.3104749715506988
179,failure_escalation,correct,known,dr,0.2516631136933057,0.10952704590247386,0.03699010372445691,0.4663361236621545,0.3104749715506988
179,soft_escalation,correct,known,ipw,0.2699827672112971,0.08443686955912817,0.1044865028754059,0.4354790315471883,0.304774171904326
179,soft_escalation,correct,known,gcomp,0.2931124796902893,,,,0.304774171904326
179,soft_escalation,correct,known,dr,0.30441889150761015,0.05336918688917062,0.19981528520483574,0.4090224978103846,0.304774171904326
180,always_small,correct,known,ipw,0.0,0.0,0.0,0.0,0.30739753138881404
180,always_small,correct,known,gcomp,0.31322206959364357,,,,0.30739753138881404
180,always_small,correct,known,dr,0.1474839373232778,0.2740597662457307,-0.3896732045183543,0.6846410791649099,0.30739753138881404
180,failure_escalation,correct,known,ipw,0.36509434235070154,0.1394025343525509,0.09186537501970177,0.6383233096817014,0.3104749715506988
180,failure_escalation,correct,known,gcomp,0.3098881591465099,,,,0.3104749715506988
180,failure_escalation,correct,known,dr,0.25776750791883946,0.11447363730885206,0.033399178793489415,0.4821358370441895,0.3104749715506988
180,soft_escalation,correct,known,ipw,0.3129723972958043,0.06508999441550534,0.18539600824141383,0.44054878635019473,0.304774171904326
180,soft_escalation,correct,known,gcomp,0.30436880890191365,,,,0.304774171904326
180,soft_escalation,correct,known,dr,0.29111172167222393,0.05194469955590129,0.1893001105426574,0.3929233328017905,0.304774171904326
181,always_small,correct,known,ipw,0.0,0.0,0.0,0.0,0.30739753138881404
181,always_small,correct,known,gcomp,0.34448135921230877,,,,0.30739753138881404
181,always_small,correct,known,dr,0.3578767997823249,0.03292896926332588,0.2933360200262062,0.4224175795384436,0.30739753138881404
181,failure_escalation,correct,known,ipw,0.2606865974587178,0.14089394124309723,-0.015465527377752752,0.5368387222951884,0.3104749715506988
181,failure_escalation,correct,known,gcomp,0.2823260337378922,,,,0.3104749715506988
181,failure_escalation,correct,known,dr,0.3397680026376455,0.07774477575329311,0.18738824216119102,0.4921477631141,0.3104749715506988
181,soft_escalation,correct,known,ipw,0.2954750917089478,0.06739060393795011,0.1633895079905656,0.42756067542733,0.304774171904326
181,soft_escalation,correct,known,gcomp,0.2822884440913017,,,,0.304774171904326
181,soft_escalation,correct,known,dr,0.32658083664242,0.03980062256889237,0.24857161640739095,0.40459005687744903,0.304774171904326
182,always_small,correct,known,ipw,0.0,0.0,0.0,0.0,0.30739753138881404
182,always_small,correct,known,gcomp,0.3634327966476062,,,,0.30739753138881404
182,always_small,correct,known,dr,0.3493451269696388,0.011167604947691765,0.32745662127216296,0.3712336326671147,0.30739753138881404
182,failure_escalation,correct,known,ipw,0.1658892867218582,0.11559881433182566,-0.06068438936852008,0.39246296281223647,0.3104749715506988
182,failure_escalation,correct,known,gcomp,0.3278448638859018,,,,0.3104749715506988
182,failure_escalation,correct,known,dr,0.239030816218059,0.09737389017563991,0.04817799147380478,0.42988364096231324,0.3104749715506988
182,soft_escalation,correct,known,ipw,0.2749201601780142,0.05904304683939598,0.15919578837279807,0.3906445319832303,0.304774171904326
182,soft_escalation,correct,known,gcomp,0.323383712576043,,,,0.304774171904326
182,soft_escalation,correct,known,dr,0.30285953615764055,0.04674245520842398,0.21124432394912956,0.39447474836615154,0.304774171904326
183,always_small,correct,known,ipw,0.0,0.0,0.0,0.0,0.30739753138881404
183,always_small,correct,known,gcomp,0.3132922488689297,,,,0.30739753138881404
183,always_small,correct,known,dr,0.3285125709297788,0.021038634547710062,0.2872768472162671,0.3697482946432905,0.30739753138881404
183,failure_escalation,correct,known,ipw,0.3459877642834237,0.1881657066522953,-0.02281702075507508,0.7147925493219225,0.3104749715506988
183,failure_escalation,correct,known,gcomp,0.31662445281843876,,,,0.3104749715506988
183,failure_escalation,correct,known,dr,0.3069076786037836,0.10827209656246642,0.09469436934134942,0.5191209878662177,0.3104749715506988
183,soft_escalation,correct,known,ipw,0.3063829335841329,0.08419278110852604,0.14136508261142183,0.4714007845568439,0.304774171904326
183,soft_escalation,correct,known,gcomp,0.30939946758560716,,,,0.304774171904326
183,soft_escalation,correct,known,dr,0.32371099766717765,0.05019524061021446,0.22532832607115733,0.42209366926319797,0.304774171904326
184,always_small,correct,known,ipw,0.0,0.0,0.0,0.0,0.30739753138881404
184,always_small,correct,known,gcomp,0.29624288769760804,,,,0.30739753138881404
184,always_small,correct,known,dr,0.30346905227824705,0.006677784753673764,0.2903805941610465,0.3165575103954476,0.30739753138881404
184,failure_escalation,correct,known,ipw,0.06483975993857816,0.097109083823826,-0.1254940443561208,0.2551735642332771,0.3104749715506988
184,failure_escalation,correct,known,gcomp,0.30315959005362825,,,,0.3104749715506988
184,failure_escalation,correct,known,dr,0.20023935126990647,0.08780493164515797,0.02814168524539684,0.3723370172944161,0.3104749715506988
184,soft_escalation,correct,known,ipw,0.21501032899763353,0.05996600909218024,0.09747695117696026,0.3325437068183068,0.304774171904326
184,soft_escalation,correct,known,gcomp,0.2960464270713237,,,,0.304774171904326
184,soft_escalation,correct,known,dr,0.2676468718994005,0.04895417658531697,0.17169668579217923,0.3635970580066218,0.304774171904326
185,always_small,correct,known,ipw,0.1859060805780652,0.18590608057806526,-0.17846983735494268,0.5502819985110731,0.30739753138881404
185,always_small,correct,known,gcomp,0.27720776730983737,,,,0.30739753138881404
185,always_small,correct,known,dr,0.22444147025672995,0.11829315910367326,-0.007413121586469645,0.45629606209992957,0.30739753138881404
185,failure_escalation,correct,known,ipw,0.28305903024977286,0.12101376719541877,0.04587204654675206,0.5202460139527937,0.3104749715506988
185,failure_escalation,correct,known,gcomp,0.3062124746528852,,,,0.3104749715506988
185,failure_escalation,correct,known,dr,0.3636943713941062,0.0692011403921987,0.22806013622539675,0.49932860656281564,0.3104749715506988
185,soft_escalation,correct,known,ipw,0.27657732519640393,0.05823705942002235,0.16243268873316014,0.39072196165964773,0.304774171904326
185,soft_escalation,correct,known,gcomp,0.2980057149328312,,,,0.304774171904326
185,soft_escalation,correct,known,dr,0.31198896785526575,0.03561202076378574,0.24218940715824572,0.3817885285522858,0.304774171904326
186,always_small,correct,known,ipw,0.0,0.0,0.0,0.0,0.30739753138881404
186,always_small,correct,known,gcomp,0.3270671872373002,,,,0.30739753138881404
186,always_small,correct,known,dr,-0.5043913032622912,0.823297014362999,-2.118053451413769,1.1092708448891866,0.30739753138881404
186,failure_escalation,correct,known,ipw,0.27045015786083276,0.1494144396171783,-0.022402143788836704,0.5633024595105023,0.3104749715506988
186,failure_escalation,correct,known,gcomp,0.3200012966697608,,,,0.3104749715506988
186,failure_escalation,correct,known,dr,0.1561509576547573,0.12152089985792068,-0.08203000606676722,0.3943319213762818,0.3104749715506988
186,soft_escalation,correct,known,ipw,0.29551165707718574,0.070607212684853,0.15712152021487388,0.43390179393949757,0.304774171904326
186,soft_escalation,correct,known,gcomp,0.31402780443511874,,,,0.304774171904326
186,soft_escalation,correct,known,dr,0.25527259379552864,0.05708125887808066,0.14339332639449054,0.36715186119656673,0.304774171904326
187,always_small,correct,known,ipw,0.0,0.0,0.0,0.0,0.30739753138881404
187,always_small,correct,known,gcomp,0.28204850280683574,,,,0.30739753138881404
187,always_small,correct,known,dr,0.6774754817521087,0.2924462828802992,0.1042807673067222,1.250670196197495,0.30739753138881404
187,failure_escalation,correct,known,ipw,0.08736993346282097,0.0883146021972041,-0.08572668684369907,0.260466553769341,0.3104749715506988
187,failure_escalation,correct,known,gcomp,0.3175211952149654,,,,0.3104749715506988
187,failure_escalation,correct,known,dr,0.24589042962834737,0.07812457429945333,0.09276626400141885,0.3990145952552759,0.3104749715506988
187,soft_escalation,correct,known,ipw,0.23314284638294433,0.04717734626431693,0.14067524770488316,0.3256104450610055,0.304774171904326
187,soft_escalation,correct,known,gcomp,0.31040470140306564,,,,0.304774171904326
187,soft_escalation,correct,known,dr,0.31115855333437853,0.03920850788147676,0.23430987788668406,0.388007228782073,0.304774171904326
188,always_small,correct,known,ipw,0.0,0.0,0.0,0.0,0.30739753138881404
188,always_small,correct,known,gcomp,0.30247231976424444,,,,0.30739753138881404
188,always_small,correct,known,dr,0.1767582100233648,0.08142908728406272,0.017157198946601893,0.3363592211001277,0.30739753138881404
188,failure_escalation,correct,known,ipw,0.16391253289255678,0.12700465483707365,-0.0850165905881076,0.4128416563732211,0.3104749715506988
188,failure_escalation,correct,known,gcomp,0.29610978312672964,,,,0.3104749715506988
188,failure_escalation,correct,known,dr,0.2515880729596378,0.10028512890708176,0.05502922030175758,0.448146925617518,0.3104749715506988
188,soft_escalation,correct,known,ipw,0.19942879574252287,0.058898171567568484,0.08398837947008864,0.3148692120149571,0.304774171904326
188,soft_escalation,correct,known,gcomp,0.2910594383799047,,,,0.304774171904326
188,soft_escalation,correct,known,dr,0.2435915193036236,0.04729906920740985,0.1508853436571003,0.33629769495014694,0.304774171904326
189,always_small,correct,known,ipw,0.0,0.0,0.0,0.0,0.30739753138881404
189,always_small,correct,known,gcomp,0.2739669616867142,,,,0.30739753138881404
189,always_small,correct,known,dr,0.3010683160714677,0.03630808925356767,0.2299044611344751,0.37223217100846034,0.30739753138881404
189,failure_escalation,correct,known,ipw,0.3991510017039735,0.16583433134812736,0.07411571226164387,0.7241862911463031,0.3104749715506988
189,failure_escalation,correct,known,gcomp,0.30416952575533085,,,,0.3104749715506988
189,failure_escalation,correct,known,dr,0.38213388620519995,0.08708061289900472,0.2114558849231507,0.5528118874872492,0.3104749715506988
189,soft_escalation,correct,known,ipw,0.34196469107577526,0.0775898169686331,0.1898886498172544,0.49404073233429613,0.304774171904326
189,soft_escalation,correct,known,gcomp,0.29526151902614334,,,,0.304774171904326
189,soft_escalation,correct,known,dr,0.2929265390931713,0.04633377467636731,0.20211234072749135,0.38374073745885123,0.304774171904326
190,always_small,correct,known,ipw,0.0,0.0,0.0,0.0,0.30739753138881404
190,always_small,correct,known,gcomp,0.29647151175507386,,,,0.30739753138881404
190,always_small,correct,known,dr,0.31909150618550547,0.018981727944517076,0.281887319414252,0.35629569295675895,0.30739753138881404
190,failure_escalation,correct,known,ipw,0.3494452986161839,0.2881204740771732,-0.21527083057507557,0.9141614278074434,0.3104749715506988
190,failure_escalation,correct,known,gcomp,0.27648899744652833,,,,0.3104749715506988
190,failure_escalation,correct,known,dr,0.1941678497445212,0.27085095263583314,-0.33670001742171174,0.7250357169107541,0.3104749715506988
190,soft_escalation,correct,known,ipw,0.3632362683463465,0.12739264119531477,0.11354669160352954,0.6129258450891635,0.304774171904326
190,soft_escalation,correct,known,gcomp,0.27277475605401597,,,,0.304774171904326
190,soft_escalation,correct,known,dr,0.25971907603517885,0.11792531651731893,0.028585455661233772,0.49085269640912393,0.304774171904326
191,always_small,correct,known,ipw,0.0,0.0,0.0,0.0,0.30739753138881404
191,always_small,correct,known,gcomp,0.2712890539988738,,,,0.30739753138881404
191,always_small,correct,known,dr,-0.5666126587216783,0.6020686505178677,-1.746667213736699,0.6134418962933424,0.30739753138881404
191,failure_escalation,correct,known,ipw,0.3956786112307329,0.19882373071140463,0.0059840990363798086,0.785373123425086,0.3104749715506988
191,failure_escalation,correct,known,gcomp,0.29914278346303597,,,,0.3104749715506988
191,failure_escalation,correct,known,dr,0.2523970284916646,0.16632633300423455,-0.07360258419663507,0.5783966411799644,0.3104749715506988
191,soft_escalation,correct,known,ipw,0.2935995015983432,0.08824347695610822,0.12064228676437108,0.46655671643231533,0.304774171904326
191,soft_escalation,correct,known,gcomp,0.2891108961742088,,,,0.304774171904326
191,soft_escalation,correct,known,dr,0.27063734072256385,0.07244105353121211,0.12865287580138812,0.41262180564373957,0.304774171904326
192,always_small,correct,known,ipw,0.10018612312765184,0.10018612312765185,-0.09617867820254579,0.2965509244578495,0.30739753138881404
192,always_small,correct,known,gcomp,0.266111772295975,,,,0.30739753138881404
192,always_small,correct,known,dr,0.3032793098497748,0.044027845319290694,0.21698473302396504,0.38957388667558457,0.30739753138881404
192,failure_escalation,correct,known,ipw,0.09382366287503402,0.1172650300289566,-0.1360157959817209,0.3236631217317889,0.3104749715506988
192,failure_escalation,correct,known,gcomp,0.31059908461263414,,,,0.3104749715506988
192,failure_escalation,correct,known,dr,0.06487203814612211,0.12274441133966346,-0.17570700807961828,0.3054510843718625,0.3104749715506988
192,soft_escalation,correct,known,ipw,0.23068278865733843,0.058261033343321944,0.11649116330442742,0.34487441401024943,0.304774171904326
192,soft_escalation,correct,known,gcomp,0.3023185686736694,,,,0.304774171904326
192,soft_escalation,correct,known,dr,0.20127573082745648,0.05685286102886965,0.08984412321087197,0.31270733844404097,0.304774171904326
193,always_small,correct,known,ipw,0.10018612312765184,0.10018612312765182,-0.09617867820254573,0.2965509244578494,0.30739753138881404
193,always_small,correct,known,gcomp,0.28274959779086095,,,,0.30739753138881404
193,always_small,correct,known,dr,0.3115391666201526,0.037139172113341994,0.23874638927800226,0.38433194396230286,0.30739753138881404
193,failure_escalation,correct,known,ipw,0.3300599319715183,0.1967887424984623,-0.05564600332546782,0.7157658672685043,0.3104749715506988
193,failure_escalation,correct,known,gcomp,0.30960968427576235,,,,0.3104749715506988
193,failure_escalation,correct,known,dr,0.37920569728430004,0.08439009698053508,0.21380110720245127,0.5446102873661488,0.3104749715506988
193,soft_escalation,correct,known,ipw,0.2984174972250653,0.08952052449181368,0.12295726922111047,0.47387772522902005,0.304774171904326
193,soft_escalation,correct,known,gcomp,0.30087507648043454,,,,0.304774171904326
193,soft_escalation,correct,known,dr,0.29098144501284634,0.04341653105577098,0.20588504414353523,0.3760778458821574,0.304774171904326
194,always_small,correct,known,ipw,0.0,0.0,0.0,0.0,0.30739753138881404
194,always_small,correct,known,gcomp,0.2880188581691117,,,,0.30739753138881404
194,always_small,correct,known,dr,0.3562674026495832,0.04932819554949976,0.25958413937256364,0.4529506659266027,0.30739753138881404
194,failure_escalation,correct,known,ipw,0.3196757672628946,0.1445561440897944,0.036345724846897576,0.6030058096788916,0.3104749715506988
194,failure_escalation,correct,known,gcomp,0.3152935077349965,,,,0.3104749715506988
194,failure_escalation,correct,known,dr,0.3002824439942139,0.09236711539741067,0.11924289781528896,0.4813219901731388,0.3104749715506988
194,soft_escalation,correct,known,ipw,0.2854431323967628,0.06640450527060175,0.15529030206638333,0.4155959627271422,0.304774171904326
194,soft_escalation,correct,known,gcomp,0.30667564783049933,,,,0.304774171904326
194,soft_escalation,correct,known,dr,0.3007142969078764,0.04474319388930642,0.2130176368848358,0.388410956930917,0.304774171904326
195,always_small,correct,known,ipw,0.0,0.0,0.0,0.0,0.30739753138881404
195,always_small,correct,known,gcomp,0.30851494538605984,,,,0.30739753138881404
195,always_small,correct,known,dr,0.21050116580921235,0.10687682812161559,0.001022582690845819,0.4199797489275789,0.30739753138881404
195,failure_escalation,correct,known,ipw,0.6089007939176869,0.2189077755921368,0.17984155375709876,1.037960034078275,0.3104749715506988
195,failure_escalation,correct,known,gcomp,0.3187177278359573,,,,0.3104749715506988
195,failure_escalation,correct,known,dr,0.46626817176318913,0.10442422205592346,0.2615966965335792,0.6709396469927991,0.3104749715506988
195,soft_escalation,correct,known,ipw,0.4286714672555502,0.09739057153957888,0.23778594703797562,0.6195569874731248,0.304774171904326
195,soft_escalation,correct,known,gcomp,0.3112686070072866,,,,0.304774171904326
195,soft_escalation,correct,known,dr,0.3640604039663091,0.04981727645923734,0.2664185421062039,0.4617022658264143,0.304774171904326
196,always_small,correct,known,ipw,0.20162564651231227,0.20162564651231224,-0.1935606206518197,0.5968119136764443,0.30739753138881404
196,always_small,correct,known,gcomp,0.3111487363752673,,,,0.30739753138881404
196,always_small,correct,known,dr,0.1518129597851665,0.1811403407732353,-0.20322210813037467,0.5068480277007077,0.30739753138881404
196,failure_escalation,correct,known,ipw,0.3867297672277242,0.16592471185346788,0.06151733199492715,0.7119422024605212,0.3104749715506988
196,failure_escalation,correct,known,gcomp,0.296489585452672,,,,0.3104749715506988
196,failure_escalation,correct,known,dr,0.30171275345091536,0.09705822403702424,0.11147863433834784,0.4919468725634829,0.3104749715506988
196,soft_escalation,correct,known,ipw,0.3121494374937984,0.0764199846016867,0.1623662676744925,0.46193260731310437,0.304774171904326
196,soft_escalation,correct,known,gcomp,0.2921887832454773,,,,0.304774171904326
196,soft_escalation,correct,known,dr,0.3113483531360935,0.04650517682632606,0.2201982065564944,0.40249849971569257,0.304774171904326
197,always_small,correct,known,ipw,0.318713045053162,0.24033739668715698,-0.15234825245366568,0.7897743425599897,0.30739753138881404
197,always_small,correct,known,gcomp,0.30908954561234636,,,,0.30739753138881404
197,always_small,correct,known,dr,0.42217876053449377,0.09641009224000649,0.23321497974408106,0.6111425413249065,0.30739753138881404
197,failure_escalation,correct,known,ipw,0.3789351645178633,0.1557574979818774,0.07365046847338358,0.6842198605623431,0.3104749715506988
197,failure_escalation,correct,known,gcomp,0.3268778821274781,,,,0.3104749715506988
197,failure_escalation,correct,known,dr,0.322928501191265,0.09821924667903228,0.1304187777003617,0.5154382246821683,0.3104749715506988
197,soft_escalation,correct,known,ipw,0.32015587416341257,0.07143021157082571,0.18015265948459416,0.460159088842231,0.304774171904326
197,soft_escalation,correct,known,gcomp,0.32030073303979206,,,,0.304774171904326
197,soft_escalation,correct,known,dr,0.31714858536480034,0.046568923660057514,0.2258734949910876,0.40842367573851307,0.304774171904326
198,always_small,correct,known,ipw,4.878011041245611,4.87801104124561,-4.682890599595784,14.438912682087008,0.30739753138881404
198,always_small,correct,known,gcomp,0.3210357268910243,,,,0.30739753138881404
198,always_small,correct,known,dr,2.138341169031701,1.9029087866756138,-1.5913600528525018,5.868042390915904,0.30739753138881404
198,failure_escalation,correct,known,ipw,0.27326247801178594,0.1470658048465677,-0.01498649948748676,0.5615114555110586,0.3104749715506988
198,failure_escalation,correct,known,gcomp,0.3172920373413575,,,,0.3104749715506988
198,failure_escalation,correct,known,dr,0.20184465706492666,0.14114328492039074,-0.0747961813790392,0.4784854955088925,0.3104749715506988
198,soft_escalation,correct,known,ipw,0.29121981990974205,0.06910644159104726,0.15577119439128942,0.4266684454281947,0.304774171904326
198,soft_escalation,correct,known,gcomp,0.30992381541396075,,,,0.304774171904326
198,soft_escalation,correct,known,dr,0.239683197630875,0.06474372025896474,0.11278550592330411,0.3665808893384459,0.304774171904326
199,always_small,correct,known,ipw,0.3717611885876134,0.2894027882414623,-0.19546827636565267,0.9389906535408795,0.30739753138881404
199,always_small,correct,known,gcomp,0.38710685637889153,,,,0.30739753138881404
199,always_small,correct,known,dr,0.4947041910849989,0.10981202859594894,0.279472615036939,0.7099357671330588,0.30739753138881404
199,failure_escalation,correct,known,ipw,0.5145230594977598,0.18312139319440304,0.15560512883672983,0.8734409901587897,0.3104749715506988
199,failure_escalation,correct,known,gcomp,0.34518941979791984,,,,0.3104749715506988
199,failure_escalation,correct,known,dr,0.3966930050948652,0.09941680006085678,0.20183607697558592,0.5915499332141445,0.3104749715506988
199,soft_escalation,correct,known,ipw,0.41166809498480217,0.08393676624275184,0.24715203314900855,0.5761841568205958,0.304774171904326
199,soft_escalation,correct,known,gcomp,0.34086995554917343,,,,0.304774171904326
199,soft_escalation,correct,known,dr,0.3631849391297139,0.04879226008058071,0.2675521093717757,0.4588177688876521,0.304774171904326
