replicate,policy,q_spec,behavior,method,estimate,se,lower,upper,truth
0,always_small,correct,known,ipw,0.0625477945370106,0.04001895029861852,-0.015889348048281696,0.14098493712230292,0.3077266793681609
0,always_small,correct,known,gcomp,0.2800309094235763,,,,0.3077266793681609
0,always_small,correct,known,dr,0.014752292756627658,0.15179303422393203,-0.28276205432227913,0.31226663983553443,0.3077266793681609
0,failure_escalation,correct,known,ipw,0.24473399051606065,0.06072582215192178,0.12571137909829397,0.3637566019338273,0.3664395685723932
0,failure_escalation,correct,known,gcomp,0.3314974231592725,,,,0.3664395685723932
0,failure_escalation,correct,known,dr,0.22634066863185603,0.05067816878465822,0.12701145781392592,0.32566987944978615,0.3664395685723932
0,soft_escalation,correct,known,ipw,0.28130070035767435,0.03427662068270779,0.21411852381956709,0.3484828768957816,0.3617162173344457
0,soft_escalation,correct,known,gcomp,0.3299074360641193,,,,0.3617162173344457
0,soft_escalation,correct,known,dr,0.26793071762612425,0.029410242644813532,0.21028664204228972,0.32557479320995875,0.3617162173344457
1,always_small,correct,known,ipw,0.2719276392003826,0.13908610972480848,-0.0006811358602419881,0.5445364142610072,0.3077266793681609
1,always_small,correct,known,gcomp,0.342692793225742,,,,0.3077266793681609
1,always_small,correct,known,dr,0.3655527227494699,0.10170120526554931,0.1662183604289933,0.5648870850699466,0.3077266793681609
1,failure_escalation,correct,known,ipw,0.5236759057705599,0.10424410150131315,0.31935746682798616,0.7279943447131336,0.3664395685723932
1,failure_escalation,correct,known,gcomp,0.3565822809116612,,,,0.3664395685723932
1,failure_escalation,correct,known,dr,0.47594936592367804,0.06727951259149868,0.34408152124434066,0.6078172106030154,0.3664395685723932
1,soft_escalation,correct,known,ipw,0.4538636580734662,0.05655587075266303,0.34301415139824665,0.5647131647486857,0.3617162173344457
1,soft_escalation,correct,known,gcomp,0.35625317077150614,,,,0.3617162173344457
1,soft_escalation,correct,known,dr,0.42467878604615894,0.03806811024627296,0.3500652899634639,0.49929228212885396,0.3617162173344457
2,always_small,correct,known,ipw,0.2943343326325466,0.14703975980622158,0.0061364034123523314,0.5825322618527409,0.3077266793681609
2,always_small,correct,known,gcomp,0.3006978909198084,,,,0.3077266793681609
2,always_small,correct,known,dr,0.39810579742469016,0.08241442393791923,0.23657352650636848,0.5596380683430118,0.3077266793681609
2,failure_escalation,correct,known,ipw,0.3968936130596788,0.07936653808103956,0.24133519842084125,0.5524520276985163,0.3664395685723932
2,failure_escalation,correct,known,gcomp,0.36512348138838585,,,,0.3664395685723932
2,failure_escalation,correct,known,dr,0.36393934245745807,0.05359684210680681,0.2588895319281167,0.46898915298679944,0.3664395685723932
2,soft_escalation,correct,known,ipw,0.36264394605716616,0.04333158050904106,0.2777140482594457,0.44757384385488663,0.3617162173344457
2,soft_escalation,correct,known,gcomp,0.35868915239606625,,,,0.3617162173344457
2,soft_escalation,correct,known,dr,0.3649353487137818,0.030475472419342415,0.3052034227718707,0.42466727465569293,0.3617162173344457
3,always_small,correct,known,ipw,0.14235711388395508,0.08058484540541595,-0.015589183110660182,0.3003034108785704,0.3077266793681609
3,always_small,correct,known,gcomp,0.26709970275888617,,,,0.3077266793681609
3,always_small,correct,known,dr,0.27248269812830117,0.11403261614124977,0.048978770491451634,0.49598662576515073,0.3077266793681609
3,failure_escalation,correct,known,ipw,0.38154629955579683,0.0715035688698249,0.24139930457094003,0.5216932945406536,0.3664395685723932
3,failure_escalation,correct,known,gcomp,0.38120936070850153,,,,0.3664395685723932
3,failure_escalation,correct,known,dr,0.4130994248781343,0.04986286562980944,0.31536820824370776,0.5108306415125607,0.3664395685723932
3,soft_escalation,correct,known,ipw,0.3829477880663769,0.03944338844585401,0.3056387467125031,0.46025682942025076,0.3617162173344457
3,soft_escalation,correct,known,gcomp,0.37100319249244906,,,,0.3617162173344457
3,soft_escalation,correct,known,dr,0.38533327019949015,0.02885557314993545,0.3287763468256167,0.4418901935733636,0.3617162173344457
4,always_small,correct,known,ipw,0.08863281627724014,0.04102744982606569,0.008219014618151388,0.16904661793632889,0.3077266793681609
4,always_small,correct,known,gcomp,0.25716781479392803,,,,0.3077266793681609
4,always_small,correct,known,dr,0.26268266159773607,0.024129073191463776,0.21538967814246707,0.30997564505300507,0.3077266793681609
4,failure_escalation,correct,known,ipw,0.2956075924876326,0.06765963005525433,0.1629947175793341,0.42822046739593106,0.3664395685723932
4,failure_escalation,correct,known,gcomp,0.34485342354563703,,,,0.3664395685723932
4,failure_escalation,correct,known,dr,0.30141645495161035,0.05079505871034933,0.20185813987932566,0.40097477002389503,0.3664395685723932
4,soft_escalation,correct,known,ipw,0.2921766462688785,0.037351088811360914,0.21896851219861113,0.3653847803391459,0.3617162173344457
4,soft_escalation,correct,known,gcomp,0.33851274032235396,,,,0.3617162173344457
4,soft_escalation,correct,known,dr,0.30232028938938177,0.02935153499645295,0.244791280796334,0.35984929798242954,0.3617162173344457
5,always_small,correct,known,ipw,0.24967860431791283,0.1175820948802472,0.01921769835262832,0.48013951028319735,0.3077266793681609
5,always_small,correct,known,gcomp,0.28746586877973945,,,,0.3077266793681609
5,always_small,correct,known,dr,0.3634677609336433,0.08404058298775806,0.1987482182776375,0.5281873035896492,0.3077266793681609
5,failure_escalation,correct,known,ipw,0.4825499358033964,0.09976573704037224,0.28700909120426676,0.678090780402526,0.3664395685723932
5,failure_escalation,correct,known,gcomp,0.3592133001697448,,,,0.3664395685723932
5,failure_escalation,correct,known,dr,0.4319054859049928,0.06700825994126351,0.3005692964201163,0.5632416753898692,0.3664395685723932
5,soft_escalation,correct,known,ipw,0.4150288289392333,0.05381323061726851,0.30955489692938704,0.5205027609490795,0.3617162173344457
5,soft_escalation,correct,known,gcomp,0.3555036297315096,,,,0.3617162173344457
5,soft_escalation,correct,known,dr,0.3974377963197314,0.037592163392772784,0.32375715606989675,0.4711184365695661,0.3617162173344457
6,always_small,correct,known,ipw,0.6663312809177508,0.46852308494622297,-0.25197396557684615,1.5846365274123477,0.3077266793681609
6,always_small,correct,known,gcomp,0.3248371386232778,,,,0.3077266793681609
6,always_small,correct,known,dr,0.47669190990821214,0.21485274869448084,0.055580522467029714,0.8978032973493946,0.3077266793681609
6,failure_escalation,correct,known,ipw,0.4143520169018487,0.07811668707263171,0.26124331023949054,0.5674607235642068,0.3664395685723932
6,failure_escalation,correct,known,gcomp,0.36891388509344186,,,,0.3664395685723932
6,failure_escalation,correct,known,dr,0.3687928224648963,0.05561120133753165,0.2597948678433343,0.47779077708645834,0.3664395685723932
6,soft_escalation,correct,known,ipw,0.3761688367834005,0.042979579854294035,0.29192886026898424,0.4604088132978168,0.3617162173344457
6,soft_escalation,correct,known,gcomp,0.36472035704739564,,,,0.3617162173344457
6,soft_escalation,correct,known,dr,0.355536057242166,0.03174611944512748,0.2933136631297162,0.41775845135461587,0.3617162173344457
7,always_small,correct,known,ipw,0.15235303346566959,0.06399839301462673,0.0269161831570012,0.277789883774338,0.3077266793681609
7,always_small,correct,known,gcomp,0.274536773778942,,,,0.3077266793681609
7,always_small,correct,known,dr,0.5756189655552594,0.3039994014271206,-0.020219861241897008,1.1714577923524159,0.3077266793681609
7,failure_escalation,correct,known,ipw,0.3657405694261484,0.07183478568270399,0.2249443894880486,0.5065367493642482,0.3664395685723932
7,failure_escalation,correct,known,gcomp,0.37076623495983146,,,,0.3664395685723932
7,failure_escalation,correct,known,dr,0.3509519733592175,0.050403700642217955,0.2521607201004703,0.44974322661796473,0.3664395685723932
7,soft_escalation,correct,known,ipw,0.34927957577197366,0.03934237474089429,0.27216852127982083,0.4263906302641265,0.3617162173344457
7,soft_escalation,correct,known,gcomp,0.3633367610117272,,,,0.3617162173344457
7,soft_escalation,correct,known,dr,0.3386754122396122,0.02921185870188474,0.2814201691839181,0.39593065529530624,0.3617162173344457
8,always_small,correct,known,ipw,0.47792735549787674,0.3213830945173663,-0.1519835097561612,1.1078382207519146,0.3077266793681609
8,always_small,correct,known,gcomp,0.3328408160924043,,,,0.3077266793681609
8,always_small,correct,known,dr,0.4000287633979351,0.2570546736480086,-0.10379839695216181,0.9038559237480319,0.3077266793681609
8,failure_escalation,correct,known,ipw,0.4867263741250067,0.08363322791683322,0.3228052474080136,0.6506475008419998,0.3664395685723932
8,failure_escalation,correct,known,gcomp,0.37358343520786985,,,,0.3664395685723932
8,failure_escalation,correct,known,dr,0.4298663521738351,0.05018181264126231,0.331509999396961,0.5282227049507092,0.3664395685723932
8,soft_escalation,correct,known,ipw,0.447513757164793,0.04596634441446101,0.35741972211244943,0.5376077922171366,0.3617162173344457
8,soft_escalation,correct,known,gcomp,0.3709175482897036,,,,0.3617162173344457
8,soft_escalation,correct,known,dr,0.4156169674805207,0.02925611669830802,0.35827497875183695,0.4729589562092044,0.3617162173344457
9,always_small,correct,known,ipw,0.3260005706156143,0.1218767908146798,0.08712206061884192,0.5648790806123867,0.3077266793681609
9,always_small,correct,known,gcomp,0.296315812616841,,,,0.3077266793681609
9,always_small,correct,known,dr,0.3536100350015466,0.08019499674577774,0.19642784137982222,0.5107922286232709,0.3077266793681609
9,failure_escalation,correct,known,ipw,0.430675528577337,0.07667639648349002,0.28038979146969656,0.5809612656849774,0.3664395685723932
9,failure_escalation,correct,known,gcomp,0.3684597929849363,,,,0.3664395685723932
9,failure_escalation,correct,known,dr,0.3729124840331579,0.052845142279421914,0.26933600516549094,0.4764889629008249,0.3664395685723932
9,soft_escalation,correct,known,ipw,0.40144768196594727,0.042031409294989504,0.31906611974776783,0.4838292441841267,0.3617162173344457
9,soft_escalation,correct,known,gcomp,0.3628082901830288,,,,0.3617162173344457
9,soft_escalation,correct,known,dr,0.36274979205087615,0.030372174701724708,0.3032203296354957,0.4222792544662566,0.3617162173344457
10,always_small,correct,known,ipw,0.2451243963525836,0.14905022732526385,-0.04701404920493357,0.5372628419101008,0.3077266793681609
10,always_small,correct,known,gcomp,0.31699558516478554,,,,0.3077266793681609
10,always_small,correct,known,dr,0.2222974117614774,0.1536204742644429,-0.07879871779683065,0.5233935413197854,0.3077266793681609
10,failure_escalation,correct,known,ipw,0.36807456624130086,0.0731381851084515,0.22472372342873592,0.5114254090538658,0.3664395685723932
10,failure_escalation,correct,known,gcomp,0.34746070663398926,,,,0.3664395685723932
10,failure_escalation,correct,known,dr,0.35030335613617336,0.051077881731161866,0.2501907079430961,0.4504160043292506,0.3664395685723932
10,soft_escalation,correct,known,ipw,0.3775475269967608,0.04094308192047103,0.2972990864326376,0.45779596756088403,0.3617162173344457
10,soft_escalation,correct,known,gcomp,0.34548945650798374,,,,0.3617162173344457
10,soft_escalation,correct,known,dr,0.3574285619699223,0.030001456406292502,0.29862570741358896,0.4162314165262556,0.3617162173344457
11,always_small,correct,known,ipw,0.21707388979037004,0.12395024902620788,-0.025868598300997414,0.4600163778817375,0.3077266793681609
11,always_small,correct,known,gcomp,0.34275218519986417,,,,0.3077266793681609
11,always_small,correct,known,dr,0.35215435741673257,0.0739195369499605,0.20727206499481,0.49703664983865514,0.3077266793681609
11,failure_escalation,correct,known,ipw,0.4987934247852574,0.07988696385787082,0.34221497562383063,0.6553718739466842,0.3664395685723932
11,failure_escalation,correct,known,gcomp,0.39077456759156165,,,,0.3664395685723932
11,failure_escalation,correct,known,dr,0.4242277878457016,0.05349693205083081,0.3193738010260732,0.52908177466533,0.3664395685723932
11,soft_escalation,correct,known,ipw,0.42894464586481856,0.043219250854767945,0.3442349141894734,0.5136543775401637,0.3617162173344457
11,soft_escalation,correct,known,gcomp,0.38585640785136227,,,,0.3617162173344457
11,soft_escalation,correct,known,dr,0.3935856647592015,0.030343142467306405,0.33411310552328094,0.453058223995122,0.3617162173344457
12,always_small,correct,known,ipw,0.11582905438672936,0.09035850474028032,-0.061273614904220064,0.2929317236776788,0.3077266793681609
12,always_small,correct,known,gcomp,0.29911492332218204,,,,0.3077266793681609
12,always_small,correct,known,dr,-0.002202123321583012,0.2762373707297983,-0.5436273699519877,0.5392231233088217,0.3077266793681609
12,failure_escalation,correct,known,ipw,0.3440251077130115,0.07354784037629077,0.1998713405754816,0.48817887485054134,0.3664395685723932
12,failure_escalation,correct,known,gcomp,0.3876804297522701,,,,0.3664395685723932
12,failure_escalation,correct,known,dr,0.3987544632982529,0.048391701067874396,0.3039067292052191,0.49360219739128675,0.3664395685723932
12,soft_escalation,correct,known,ipw,0.35220560917744487,0.040471535899198614,0.2728813988150156,0.4315298195398741,0.3617162173344457
12,soft_escalation,correct,known,gcomp,0.3803916509780655,,,,0.3617162173344457
12,soft_escalation,correct,known,dr,0.38494357019942965,0.027952652892593827,0.33015637052994573,0.4397307698689136,0.3617162173344457
13,always_small,correct,known,ipw,0.4012639944558793,0.2713823911857291,-0.13064549226814975,0.9331734811799084,0.3077266793681609
13,always_small,correct,known,gcomp,0.27504422270309087,,,,0.3077266793681609
13,always_small,correct,known,dr,0.3665395539805285,0.1276012917291912,0.11644102219131375,0.6166380857697433,0.3077266793681609
13,failure_escalation,correct,known,ipw,0.47114119432261886,0.08576778079663655,0.30303634396121126,0.6392460446840265,0.3664395685723932
13,failure_escalation,correct,known,gcomp,0.3503250923252999,,,,0.3664395685723932
13,failure_escalation,correct,known,dr,0.47131130492471796,0.05455213987175935,0.3643891107760696,0.5782334990733663,0.3664395685723932
13,soft_escalation,correct,known,ipw,0.407757140478609,0.046768834535961375,0.3160902247881247,0.4994240561690933,0.3617162173344457
13,soft_escalation,correct,known,gcomp,0.3431038851203846,,,,0.3617162173344457
13,soft_escalation,correct,known,dr,0.4021960202124707,0.031317403584300345,0.340813909187242,0.46357813123769936,0.3617162173344457
14,always_small,correct,known,ipw,0.3287010281240247,0.2529641918951558,-0.16710878799048062,0.82451084423853,0.3077266793681609
14,always_small,correct,known,gcomp,0.2855694621778469,,,,0.3077266793681609
14,always_small,correct,known,dr,0.18824005752844072,0.13014331041470226,-0.06684083088437567,0.44332094594125715,0.3077266793681609
14,failure_escalation,correct,known,ipw,0.29026359331746227,0.06177238716011213,0.1691897144836425,0.411337472151282,0.3664395685723932
14,failure_escalation,correct,known,gcomp,0.3465322506267505,,,,0.3664395685723932
14,failure_escalation,correct,known,dr,0.290149265927992,0.04389578039589621,0.20411353635203544,0.37618499550394857,0.3664395685723932
14,soft_escalation,correct,known,ipw,0.29900500538254643,0.03434159590544339,0.23169547740787738,0.3663145333572155,0.3617162173344457
14,soft_escalation,correct,known,gcomp,0.3422283385243002,,,,0.3617162173344457
14,soft_escalation,correct,known,dr,0.29974514551511783,0.025665271472525526,0.2494412134289678,0.35004907760126786,0.3617162173344457
15,always_small,correct,known,ipw,0.07633800700685912,0.042314719809758386,-0.0065988438202673055,0.15927485783398554,0.3077266793681609
15,always_small,correct,known,gcomp,0.27268195191861944,,,,0.3077266793681609
15,always_small,correct,known,dr,0.12635513663350562,0.0887462864519012,-0.04758758481222075,0.300297858079232,0.3077266793681609
15,failure_escalation,correct,known,ipw,0.43968567888541593,0.07838118434538814,0.2860585575684552,0.5933128002023766,0.3664395685723932
15,failure_escalation,correct,known,gcomp,0.3610862755485873,,,,0.3664395685723932
15,failure_escalation,correct,known,dr,0.4019413563053292,0.05493804088294006,0.29426279617476664,0.5096199164358917,0.3664395685723932
15,soft_escalation,correct,known,ipw,0.38275306853307484,0.04260000458292177,0.29925705955054815,0.4662490775156015,0.3617162173344457
15,soft_escalation,correct,known,gcomp,0.3548111956278276,,,,0.3617162173344457
15,soft_escalation,correct,known,dr,0.3723203328694883,0.031151133671734624,0.3112641108728884,0.43337655486608817,0.3617162173344457
16,always_small,correct,known,ipw,0.15588625689876615,0.08959529867304517,-0.019720528500402373,0.33149304229793464,0.3077266793681609
16,always_small,correct,known,gcomp,0.26936524381722193,,,,0.3077266793681609
16,always_small,correct,known,dr,0.2759702013363988,0.05245621477922663,0.17315602036911465,0.378784382303683,0.3077266793681609
16,failure_escalation,correct,known,ipw,0.39420838073124603,0.07481785286366695,0.24756538911845882,0.5408513723440332,0.3664395685723932
16,failure_escalation,correct,known,gcomp,0.36247325075222686,,,,0.3664395685723932
16,failure_escalation,correct,known,dr,0.34093498369298414,0.05071090250533446,0.2415416147825286,0.44032835260343967,0.3664395685723932
16,soft_escalation,correct,known,ipw,0.3701106183096043,0.041106198392586155,0.2895424694601354,0.4506787671590732,0.3617162173344457
16,soft_escalation,correct,known,gcomp,0.35637564203554073,,,,0.3617162173344457
16,soft_escalation,correct,known,dr,0.34135187691500823,0.02921919452708402,0.2840822556419236,0.3986214981880929,0.3617162173344457
17,always_small,correct,known,ipw,0.2077030944488878,0.1465543482303664,-0.07954342808263032,0.4949496169804059,0.3077266793681609
17,always_small,correct,known,gcomp,0.2882708344271764,,,,0.3077266793681609
17,always_small,correct,known,dr,0.30776884950253397,0.0724817150989405,0.1657046879086106,0.44983301109645735,0.3077266793681609
17,failure_escalation,correct,known,ipw,0.4674018560361609,0.08234799508422823,0.30599978567107355,0.6288039264012483,0.3664395685723932
17,failure_escalation,correct,known,gcomp,0.35294439786581855,,,,0.3664395685723932
17,failure_escalation,correct,known,dr,0.38898389746700784,0.0555461844759912,0.2801133758940651,0.4978544190399506,0.3664395685723932
17,soft_escalation,correct,known,ipw,0.40882221801250956,0.04491921755468006,0.32078055160533664,0.4968638844196825,0.3617162173344457
17,soft_escalation,correct,known,gcomp,0.34980022307638275,,,,0.3617162173344457
17,soft_escalation,correct,known,dr,0.3717647764814278,0.03153640482752064,0.30995342301948736,0.43357612994336825,0.3617162173344457
18,always_small,correct,known,ipw,0.15755465673223723,0.08130384894818823,-0.0018008872062117154,0.3169102006706862,0.3077266793681609
18,always_small,correct,known,gcomp,0.3074566184672141,,,,0.3077266793681609
18,always_small,correct,known,dr,0.33170791536584177,0.043527587312246575,0.24639384423383848,0.41702198649784505,0.3077266793681609
18,failure_escalation,correct,known,ipw,0.3770577275144789,0.08759344877186379,0.2053745679216259,0.5487408871073319,0.3664395685723932
18,failure_escalation,correct,known,gcomp,0.39001556472653676,,,,0.3664395685723932
18,failure_escalation,correct,known,dr,0.38062381395788436,0.05701054260376442,0.2688831504545061,0.4923644774612626,0.3664395685723932
18,soft_escalation,correct,known,ipw,0.3823954969463114,0.048151610603889027,0.2880183401626889,0.47677265372993394,0.3617162173344457
18,soft_escalation,correct,known,gcomp,0.38113715477162974,,,,0.3617162173344457
18,soft_escalation,correct,known,dr,0.38644397639184186,0.03287245384402696,0.322013966857549,0.4508739859261347,0.3617162173344457
19,always_small,correct,known,ipw,1.1781660706991917,1.1507324079345018,-1.0772694488524317,3.433601590250815,0.3077266793681609
19,always_small,correct,known,gcomp,0.2942439329393231,,,,0.3077266793681609
19,always_small,correct,known,dr,1.041527541942902,0.799630598635209,-0.5257484313821077,2.608803515267912,0.3077266793681609
19,failure_escalation,correct,known,ipw,0.44210453536070465,0.07640801366658373,0.2923448285742005,0.5918642421472088,0.3664395685723932
19,failure_escalation,correct,known,gcomp,0.37838786946951175,,,,0.3664395685723932
19,failure_escalation,correct,known,dr,0.38822598010829884,0.05113375550829095,0.2880038193120486,0.4884481409045491,0.3664395685723932
19,soft_escalation,correct,known,ipw,0.3943357890798922,0.041809537474922075,0.31238909562904493,0.47628248253073946,0.3617162173344457
19,soft_escalation,correct,known,gcomp,0.3708553985488234,,,,0.3617162173344457
19,soft_escalation,correct,known,dr,0.3677721690151668,0.029394139701613413,0.3101596552000045,0.4253846828303291,0.3617162173344457
20,always_small,correct,known,ipw,0.10203884191688081,0.0893105080807355,-0.07300975392136075,0.27708743775512235,0.3077266793681609
20,always_small,correct,known,gcomp,0.3287050070452562,,,,0.3077266793681609
20,always_small,correct,known,dr,0.3202851786608134,0.04443682224540909,0.2331890070598116,0.4073813502618152,0.3077266793681609
20,failure_escalation,correct,known,ipw,0.29834566932570045,0.06913132750391988,0.16284826741801747,0.4338430712333834,0.3664395685723932
20,failure_escalation,correct,known,gcomp,0.40295463273709947,,,,0.3664395685723932
20,failure_escalation,correct,known,dr,0.3485660296803859,0.050993112946567005,0.24861952830511458,0.44851253105565725,0.3664395685723932
20,soft_escalation,correct,known,ipw,0.3192415084988421,0.038052375519536795,0.24465885248054997,0.3938241645171342,0.3617162173344457
20,soft_escalation,correct,known,gcomp,0.3965431632762447,,,,0.3617162173344457
20,soft_escalation,correct,known,dr,0.35713544452985996,0.0291651258197942,0.29997179792306333,0.4142990911366566,0.3617162173344457
21,always_small,correct,known,ipw,0.04875758206716208,0.0375798286894564,-0.024898882164172458,0.12241404629849661,0.3077266793681609
21,always_small,correct,known,gcomp,0.26502244151965076,,,,0.3077266793681609
21,always_small,correct,known,dr,0.07671714288596945,0.1752478628135086,-0.2667686682285074,0.42020295400044627,0.3077266793681609
21,failure_escalation,correct,known,ipw,0.36616645967443023,0.07852922311392167,0.21224918237114376,0.5200837369777167,0.3664395685723932
21,failure_escalation,correct,known,gcomp,0.36474880421014616,,,,0.3664395685723932
21,failure_escalation,correct,known,dr,0.32189965784528485,0.05404885009735317,0.21596391165447265,0.42783540403609704,0.3664395685723932
21,soft_escalation,correct,known,ipw,0.361602287258995,0.043234811660564046,0.2768620564042895,0.4463425181137005,0.3617162173344457
21,soft_escalation,correct,known,gcomp,0.35825827310146047,,,,0.3617162173344457
21,soft_escalation,correct,known,dr,0.3252250440206984,0.0316237667387517,0.2632424612127451,0.38720762682865173,0.3617162173344457
22,always_small,correct,known,ipw,0.47598527275284974,0.31724140489627656,-0.14580788084385232,1.0977784263495518,0.3077266793681609
22,always_small,correct,known,gcomp,0.28951816216121046,,,,0.3077266793681609
22,always_small,correct,known,dr,0.49839543819594884,0.25880770764846767,-0.0088676687950478,1.0056585451869455,0.3077266793681609
22,failure_escalation,correct,known,ipw,0.3909674168683274,0.07332845746703631,0.24724364023293624,0.5346911935037186,0.3664395685723932
22,failure_escalation,correct,known,gcomp,0.3760704084312388,,,,0.3664395685723932
22,failure_escalation,correct,known,dr,0.39992552722177044,0.05087465711066365,0.3002111992848697,0.49963985515867115,0.3664395685723932
22,soft_escalation,correct,known,ipw,0.39890648530588024,0.04141176238088277,0.31773943103935004,0.48007353957241045,0.3617162173344457
22,soft_escalation,correct,known,gcomp,0.3683758958127683,,,,0.3617162173344457
22,soft_escalation,correct,known,dr,0.39431624421513195,0.03024181054446585,0.3350422955479789,0.453590192882285,0.3617162173344457
23,always_small,correct,known,ipw,0.04137063740954558,0.02386940913790378,-0.00541340450074583,0.08815467931983699,0.3077266793681609
23,always_small,correct,known,gcomp,0.2878849523561547,,,,0.3077266793681609
23,always_small,correct,known,dr,0.1032566893818396,0.13911308598430835,-0.16940495914740475,0.375918337911084,0.3077266793681609
23,failure_escalation,correct,known,ipw,0.3744148655317275,0.0762465799627674,0.22497156880470337,0.5238581622587516,0.3664395685723932
23,failure_escalation,correct,known,gcomp,0.38721702969261057,,,,0.3664395685723932
23,failure_escalation,correct,known,dr,0.3809542831425645,0.04971628383001809,0.28351036683572906,0.4783981994494,0.3664395685723932
23,soft_escalation,correct,known,ipw,0.38600806656693537,0.04207008295290838,0.30355070397923495,0.4684654291546358,0.3617162173344457
23,soft_escalation,correct,known,gcomp,0.37714270860918336,,,,0.3617162173344457
23,soft_escalation,correct,known,dr,0.38500236494252865,0.028815312467784324,0.32852435250567136,0.44148037737938595,0.3617162173344457
24,always_small,correct,known,ipw,0.9733697428870114,0.8469476960112746,-0.6866477412950869,2.6333872270691097,0.3077266793681609
24,always_small,correct,known,gcomp,0.29393293666924847,,,,0.3077266793681609
24,always_small,correct,known,dr,0.8812269514391683,0.5917737170425563,-0.2786495339642422,2.0411034368425787,0.3077266793681609
24,failure_escalation,correct,known,ipw,0.27873549419652116,0.06622585671291467,0.1489328150392084,0.4085381733538339,0.3664395685723932
24,failure_escalation,correct,known,gcomp,0.35227686720280077,,,,0.3664395685723932
24,failure_escalation,correct,known,dr,0.33774061428179764,0.050200645139623405,0.23934734980813577,0.4361338787554595,0.3664395685723932
24,soft_escalation,correct,known,ipw,0.2929512484309633,0.03669252153506196,0.2210339062222419,0.36486859063968474,0.3617162173344457
24,soft_escalation,correct,known,gcomp,0.34769279882225107,,,,0.3617162173344457
24,soft_escalation,correct,known,dr,0.3340831666921775,0.028904733646315805,0.27742988874539853,0.3907364446389565,0.3617162173344457
25,always_small,correct,known,ipw,0.37841211118099,0.325244418910032,-0.2590669498826727,1.0158911722446526,0.3077266793681609
25,always_small,correct,known,gcomp,0.3415633480796468,,,,0.3077266793681609
25,always_small,correct,known,dr,0.4429332875116392,0.22196018189118136,0.00789133100492373,0.8779752440183546,0.3077266793681609
25,failure_escalation,correct,known,ipw,0.3154228468383941,0.06776323565351039,0.18260690495751375,0.4482387887192745,0.3664395685723932
25,failure_escalation,correct,known,gcomp,0.39062079876435973,,,,0.3664395685723932
25,failure_escalation,correct,known,dr,0.36071060899464535,0.04982132281876938,0.2630608162698574,0.4583604017194333,0.3664395685723932
25,soft_escalation,correct,known,ipw,0.3539714282776537,0.038424519476589446,0.2786593701035384,0.429283486451769,0.3617162173344457
25,soft_escalation,correct,known,gcomp,0.3844612130798996,,,,0.3617162173344457
25,soft_escalation,correct,known,dr,0.37566904305128324,0.02909483123201422,0.3186431738365354,0.4326949122660311,0.3617162173344457
26,always_small,correct,known,ipw,0.32395754807167,0.2370915155727322,-0.14074182245088512,0.7886569185942252,0.3077266793681609
26,always_small,correct,known,gcomp,0.3185904639081296,,,,0.3077266793681609
26,always_small,correct,known,dr,0.27939647450384764,0.16023317310926025,-0.03466054479030245,0.5934534937979977,0.3077266793681609
26,failure_escalation,correct,known,ipw,0.3311694788070266,0.06840244482520536,0.19710068694962407,0.4652382706644291,0.3664395685723932
26,failure_escalation,correct,known,gcomp,0.360951384868255,,,,0.3664395685723932
26,failure_escalation,correct,known,dr,0.37762051724997653,0.049440790334922165,0.2807165681935291,0.474524466306424,0.3664395685723932
26,soft_escalation,correct,known,ipw,0.3301770270828768,0.037582274897200126,0.2565157682843645,0.40383828588138904,0.3617162173344457
26,soft_escalation,correct,known,gcomp,0.3586200890650734,,,,0.3617162173344457
26,soft_escalation,correct,known,dr,0.36308942123370663,0.028458057374785222,0.3073116287791276,0.41886721368828567,0.3617162173344457
27,always_small,correct,known,ipw,0.0852206545505297,0.04990142561122519,-0.01258613964747167,0.18302744874853105,0.3077266793681609
27,always_small,correct,known,gcomp,0.30223851564704374,,,,0.3077266793681609
27,always_small,correct,known,dr,0.24752823565873616,0.09537146793668037,0.060600158502842644,0.4344563128146297,0.3077266793681609
27,failure_escalation,correct,known,ipw,0.2446426939300283,0.06515686232444123,0.11693524377412348,0.37235014408593314,0.3664395685723932
27,failure_escalation,correct,known,gcomp,0.3664120526723741,,,,0.3664395685723932
27,failure_escalation,correct,known,dr,0.3310814625504719,0.05159024649655333,0.22996457941722737,0.4321983456837164,0.3664395685723932
27,soft_escalation,correct,known,ipw,0.30162180493963714,0.0369986035328121,0.22910454201532543,0.37413906786394885,0.3617162173344457
27,soft_escalation,correct,known,gcomp,0.361381165892616,,,,0.3617162173344457
27,soft_escalation,correct,known,dr,0.3537650320785025,0.02973343448020859,0.29548750049729366,0.41204256365971137,0.3617162173344457
28,always_small,correct,known,ipw,0.04386955469467044,0.03308146538960545,-0.020970117468956245,0.10870922685829712,0.3077266793681609
28,always_small,correct,known,gcomp,0.30254280266787553,,,,0.3077266793681609
28,always_small,correct,known,dr,-0.7415524650595972,0.9295807485571712,-2.5635307322316527,1.0804258021124582,0.3077266793681609
28,failure_escalation,correct,known,ipw,0.28736199366668747,0.07925423841915528,0.1320236863651431,0.4427003009682318,0.3664395685723932
28,failure_escalation,correct,known,gcomp,0.3779285534822937,,,,0.3664395685723932
28,failure_escalation,correct,known,dr,0.39136736314902465,0.05602908099826035,0.28155036439243436,0.5011843619056149,0.3664395685723932
28,soft_escalation,correct,known,ipw,0.32861604927075516,0.043590009157971205,0.2431796313211316,0.4140524672203787,0.3617162173344457
28,soft_escalation,correct,known,gcomp,0.37423898656627436,,,,0.3617162173344457
28,soft_escalation,correct,known,dr,0.37021893958377744,0.03221576288667935,0.3070760443258859,0.43336183484166896,0.3617162173344457
29,always_small,correct,known,ipw,0.15328967582660735,0.07450964066756538,0.007250780118179201,0.2993285715350355,0.3077266793681609
29,always_small,correct,known,gcomp,0.25026819324250893,,,,0.3077266793681609
29,always_small,correct,known,dr,0.27868862507278974,0.057561571381768234,0.16586794516452402,0.39150930498105546,0.3077266793681609
29,failure_escalation,correct,known,ipw,0.28677077346889746,0.06491171555667694,0.15954381097781067,0.41399773595998424,0.3664395685723932
29,failure_escalation,correct,known,gcomp,0.3255981694280022,,,,0.3664395685723932
29,failure_escalation,correct,known,dr,0.33133757161354643,0.047077179758000326,0.2390662992878658,0.42360884393922704,0.3664395685723932
29,soft_escalation,correct,known,ipw,0.2916709446655497,0.03624793404286567,0.220624993941533,0.3627168953895664,0.3617162173344457
29,soft_escalation,correct,known,gcomp,0.32196137122452656,,,,0.3617162173344457
29,soft_escalation,correct,known,dr,0.32096650227160306,0.027501646833241567,0.2670632744784496,0.37486973006475655,0.3617162173344457
30,always_small,correct,known,ipw,0.3573944397612089,0.2693973604533048,-0.17062438672726854,0.8854132662496863,0.3077266793681609
30,always_small,correct,known,gcomp,0.31198549142776777,,,,0.3077266793681609
30,always_small,correct,known,dr,0.03948433621278506,0.3469779889190896,-0.6405925220686306,0.7195611944942006,0.3077266793681609
30,failure_escalation,correct,known,ipw,0.43660914172723075,0.07578114143760101,0.28807810450953275,0.5851401789449288,0.3664395685723932
30,failure_escalation,correct,known,gcomp,0.40936540063711724,,,,0.3664395685723932
30,failure_escalation,correct,known,dr,0.45458099847829997,0.049326158002033264,0.35790172879431476,0.5512602681622851,0.3664395685723932
30,soft_escalation,correct,known,ipw,0.4151305764449872,0.041662843312888,0.3334714035517267,0.49678974933824765,0.3617162173344457
30,soft_escalation,correct,known,gcomp,0.39987179277987356,,,,0.3617162173344457
30,soft_escalation,correct,known,dr,0.4222348403605717,0.028359375670281593,0.3666504640468198,0.4778192166743236,0.3617162173344457
31,always_small,correct,known,ipw,0.22133995538873577,0.1824193148760435,-0.13620190176830946,0.578881812545781,0.3077266793681609
31,always_small,correct,known,gcomp,0.314601346652129,,,,0.3077266793681609
31,always_small,correct,known,dr,0.35717731919454554,0.1442767105230191,0.07439496656942812,0.639959671819663,0.3077266793681609
31,failure_escalation,correct,known,ipw,0.4502323654217686,0.08152777358361529,0.2904379291978826,0.6100268016456546,0.3664395685723932
31,failure_escalation,correct,known,gcomp,0.3852251871215409,,,,0.3664395685723932
31,failure_escalation,correct,known,dr,0.39634271593916065,0.05305995836943008,0.2923451975350777,0.5003402343432436,0.3664395685723932
31,soft_escalation,correct,known,ipw,0.4039916627041028,0.04436378624044717,0.31703864167282636,0.49094468373537925,0.3617162173344457
31,soft_escalation,correct,known,gcomp,0.37847032705970407,,,,0.3617162173344457
31,soft_escalation,correct,known,dr,0.3796774202615716,0.0305645123271311,0.3197709761003946,0.43958386442274855,0.3617162173344457
32,always_small,correct,known,ipw,1.2898181428906939,1.1532140701556468,-0.9704814346143738,3.5501177203957615,0.3077266793681609
32,always_small,correct,known,gcomp,0.30680965732289806,,,,0.3077266793681609
32,always_small,correct,known,dr,1.0068204694756522,0.763280904107295,-0.48921010257464603,2.5028510415259504,0.3077266793681609
32,failure_escalation,correct,known,ipw,0.2195902411140858,0.057753235824118496,0.10639389889881354,0.33278658332935807,0.3664395685723932
32,failure_escalation,correct,known,gcomp,0.35600091740651185,,,,0.3664395685723932
32,failure_escalation,correct,known,dr,0.32726276124309955,0.04139323192692637,0.24613202666632386,0.4083934958198753,0.3664395685723932
32,soft_escalation,correct,known,ipw,0.2725476463358352,0.03234613573235909,0.20914922030041141,0.33594607237125906,0.3617162173344457
32,soft_escalation,correct,known,gcomp,0.35295576806896156,,,,0.3617162173344457
32,soft_escalation,correct,known,dr,0.3347690733029825,0.024486135267801485,0.2867762481780916,0.3827618984278734,0.3617162173344457
33,always_small,correct,known,ipw,0.18440404701968577,0.07448323745435484,0.03841690160915029,0.33039119243022125,0.3077266793681609
33,always_small,correct,known,gcomp,0.36088410027117934,,,,0.3077266793681609
33,always_small,correct,known,dr,0.34400035641392157,0.06769051107506029,0.2113269547068034,0.47667375812103974,0.3077266793681609
33,failure_escalation,correct,known,ipw,0.39163041990036374,0.072084843879633,0.2503441258962831,0.5329167139044444,0.3664395685723932
33,failure_escalation,correct,known,gcomp,0.39066396166913675,,,,0.3664395685723932
33,failure_escalation,correct,known,dr,0.38246590831512434,0.05234571797865906,0.2798683010769526,0.4850635155532961,0.3664395685723932
33,soft_escalation,correct,known,ipw,0.3872546885961732,0.04010926707134805,0.308640525136331,0.46586885205601536,0.3617162173344457
33,soft_escalation,correct,known,gcomp,0.3850665329798186,,,,0.3617162173344457
33,soft_escalation,correct,known,dr,0.38098799684961343,0.03047226094638718,0.32126236539469455,0.4407136283045323,0.3617162173344457
34,always_small,correct,known,ipw,0.013790212469848526,0.013790212469848528,-0.013238603971054587,0.04081902891075164,0.3077266793681609
34,always_small,correct,known,gcomp,0.26900170354169956,,,,0.3077266793681609
34,always_small,correct,known,dr,0.10624634712615859,0.0639086933185552,-0.019014691778209594,0.23150738603052678,0.3077266793681609
34,failure_escalation,correct,known,ipw,0.26386425193518154,0.06921672478272153,0.12819947136104734,0.3995290325093157,0.3664395685723932
34,failure_escalation,correct,known,gcomp,0.38531915250558335,,,,0.3664395685723932
34,failure_escalation,correct,known,dr,0.3487752286387008,0.04882593473950712,0.25307639654926684,0.4444740607281348,0.3664395685723932
34,soft_escalation,correct,known,ipw,0.3220345487244975,0.03889355622265437,0.2458031785280949,0.3982659189209001,0.3617162173344457
34,soft_escalation,correct,known,gcomp,0.37601864766361814,,,,0.3617162173344457
34,soft_escalation,correct,known,dr,0.34812560653180463,0.028887988404262203,0.2915051492594507,0.40474606380415856,0.3617162173344457
35,always_small,correct,known,ipw,0.2874179305066483,0.16197863436844614,-0.030060192855506096,0.6048960538688027,0.3077266793681609
35,always_small,correct,known,gcomp,0.2665457074504186,,,,0.3077266793681609
35,always_small,correct,known,dr,0.3450300410272267,0.12195293686710246,0.10600228476770587,0.5840577972867474,0.3077266793681609
35,failure_escalation,correct,known,ipw,0.24508315451980267,0.06207208916748108,0.12342185975153976,0.3667444492880656,0.3664395685723932
35,failure_escalation,correct,known,gcomp,0.3642642488434594,,,,0.3664395685723932
35,failure_escalation,correct,known,dr,0.28942417182025165,0.049911673017248664,0.19159729270644427,0.38725105093405904,0.3664395685723932
35,soft_escalation,correct,known,ipw,0.28575705646397764,0.03514788041319483,0.21686721085411576,0.35464690207383953,0.3617162173344457
35,soft_escalation,correct,known,gcomp,0.35554939704409616,,,,0.3617162173344457
35,soft_escalation,correct,known,dr,0.3232860360973065,0.028856072204336034,0.2667281345768079,0.3798439376178051,0.3617162173344457
36,always_small,correct,known,ipw,0.20150525561803276,0.13821444110683898,-0.06939504895137164,0.4724055601874372,0.3077266793681609
36,always_small,correct,known,gcomp,0.285279949766511,,,,0.3077266793681609
36,always_small,correct,known,dr,0.11787556328259428,0.19126783921984652,-0.2570094015883049,0.49276052815349347,0.3077266793681609
36,failure_escalation,correct,known,ipw,0.31023736340234614,0.07072586675179644,0.17161466456882513,0.44886006223586716,0.3664395685723932
36,failure_escalation,correct,known,gcomp,0.36578015478606374,,,,0.3664395685723932
36,failure_escalation,correct,known,dr,0.3876116958958676,0.04501909391983302,0.29937427181299486,0.4758491199787403,0.3664395685723932
36,soft_escalation,correct,known,ipw,0.32693193632717704,0.03904614168460268,0.25040149862535577,0.4034623740289983,0.3617162173344457
36,soft_escalation,correct,known,gcomp,0.3574518400690959,,,,0.3617162173344457
36,soft_escalation,correct,known,dr,0.3700188686650615,0.02634504769267395,0.3183825751874206,0.42165516214270243,0.3617162173344457
37,always_small,correct,known,ipw,0.6122449768861576,0.334001772050411,-0.04239849633264792,1.2668884501049633,0.3077266793681609
37,always_small,correct,known,gcomp,0.3332834531506989,,,,0.3077266793681609
37,always_small,correct,known,dr,0.6141663590801562,0.1887952048991751,0.244127757477773,0.9842049606825394,0.3077266793681609
37,failure_escalation,correct,known,ipw,0.44115394812622344,0.07691804727675008,0.29039457546379327,0.5919133207886536,0.3664395685723932
37,failure_escalation,correct,known,gcomp,0.3840768535511877,,,,0.3664395685723932
37,failure_escalation,correct,known,dr,0.36632335814621214,0.05490563382242101,0.25870831585426696,0.4739384004381573,0.3664395685723932
37,soft_escalation,correct,known,ipw,0.400771231056173,0.042187364279637526,0.31808399706808343,0.4834584650442626,0.3617162173344457
37,soft_escalation,correct,known,gcomp,0.3782082052580858,,,,0.3617162173344457
37,soft_escalation,correct,known,dr,0.3674281716156297,0.03115212577654244,0.3063700050936065,0.42848633813765286,0.3617162173344457
38,always_small,correct,known,ipw,0.013790212469848526,0.013790212469848528,-0.013238603971054587,0.04081902891075164,0.3077266793681609
38,always_small,correct,known,gcomp,0.2997338718756815,,,,0.3077266793681609
38,always_small,correct,known,dr,-0.14720998411235775,0.21246621197220947,-0.5636437595778883,0.2692237913531728,0.3077266793681609
38,failure_escalation,correct,known,ipw,0.4024208202841367,0.08823035824647564,0.22948931812104448,0.575352322447229,0.3664395685723932
38,failure_escalation,correct,known,gcomp,0.34502543783075573,,,,0.3664395685723932
38,failure_escalation,correct,known,dr,0.3224257642109416,0.06503533587391476,0.19495650589806868,0.4498950225238145,0.3664395685723932
38,soft_escalation,correct,known,ipw,0.37055953584820145,0.04835511134001305,0.2757835176217759,0.465335554074627,0.3617162173344457
38,soft_escalation,correct,known,gcomp,0.34091236912359835,,,,0.3617162173344457
38,soft_escalation,correct,known,dr,0.3240143157891739,0.03662632760706705,0.2522267136793225,0.3958019178990253,0.3617162173344457
39,always_small,correct,known,ipw,0.35458809519520873,0.15424816151767817,0.052261698620559516,0.6569144917698579,0.3077266793681609
39,always_small,correct,known,gcomp,0.33848010477059026,,,,0.3077266793681609
39,always_small,correct,known,dr,0.3799735695478442,0.11605986807220002,0.15249622812633218,0.6074509109693562,0.3077266793681609
39,failure_escalation,correct,known,ipw,0.37227324717456484,0.07915993675038588,0.2171197711438085,0.5274267232053211,0.3664395685723932
39,failure_escalation,correct,known,gcomp,0.3840555822465649,,,,0.3664395685723932
39,failure_escalation,correct,known,dr,0.36866287288718347,0.0509868509460624,0.26872864503290117,0.46859710074146577,0.3664395685723932
39,soft_escalation,correct,known,ipw,0.36654130928636347,0.04392323749288329,0.2804517638003122,0.4526308547724147,0.3617162173344457
39,soft_escalation,correct,known,gcomp,0.3795359270238179,,,,0.3617162173344457
39,soft_escalation,correct,known,dr,0.38631149329444475,0.029455445360545937,0.3285788203877747,0.4440441662011148,0.3617162173344457
40,always_small,correct,known,ipw,0.28550308857001055,0.1639437748585152,-0.035826710152679186,0.6068328872927002,0.3077266793681609
40,always_small,correct,known,gcomp,0.2865060620027021,,,,0.3077266793681609
40,always_small,correct,known,dr,0.33384994546606866,0.13986302835344927,0.05971840989330812,0.6079814810388292,0.3077266793681609
40,failure_escalation,correct,known,ipw,0.444042267396673,0.07793541904248916,0.2912888460733943,0.5967956887199517,0.3664395685723932
40,failure_escalation,correct,known,gcomp,0.34979254679668276,,,,0.3664395685723932
40,failure_escalation,correct,known,dr,0.3788483687017701,0.053316708907578426,0.2743476192429164,0.48334911816062376,0.3664395685723932
40,soft_escalation,correct,known,ipw,0.37946987753850175,0.04246979997326138,0.29622906959090944,0.46271068548609406,0.3617162173344457
40,soft_escalation,correct,known,gcomp,0.34480565928365,,,,0.3617162173344457
40,soft_escalation,correct,known,dr,0.3539735362805317,0.030400404531713787,0.2943887433983727,0.4135583291626907,0.3617162173344457
41,always_small,correct,known,ipw,0.055160849879394104,0.027552812293088293,0.001157337784941051,0.10916436197384716,0.3077266793681609
41,always_small,correct,known,gcomp,0.2803839536744185,,,,0.3077266793681609
41,always_small,correct,known,dr,0.27790278040632355,0.03727211822467116,0.20484942868596806,0.35095613212667903,0.3077266793681609
41,failure_escalation,correct,known,ipw,0.49878725537082375,0.09271362259451808,0.3170685550855683,0.6805059556560792,0.3664395685723932
41,failure_escalation,correct,known,gcomp,0.3396801667299999,,,,0.3664395685723932
41,failure_escalation,correct,known,dr,0.45226048169154576,0.057147797181861186,0.3402507992150978,0.5642701641679937,0.3664395685723932
41,soft_escalation,correct,known,ipw,0.4117205602701503,0.05058816970315036,0.3125677476519756,0.510873372888325,0.3617162173344457
41,soft_escalation,correct,known,gcomp,0.33801271630731017,,,,0.3617162173344457
41,soft_escalation,correct,known,dr,0.3938034004318925,0.032897781756264975,0.32932374818961313,0.45828305267417185,0.3617162173344457
42,always_small,correct,known,ipw,0.09453822368343488,0.07472626335132125,-0.05192525248515477,0.24100169985202452,0.3077266793681609
42,always_small,correct,known,gcomp,0.30756683935326484,,,,0.3077266793681609
42,always_small,correct,known,dr,0.20334561210976212,0.0866581456832007,0.033495646570688764,0.3731955776488355,0.3077266793681609
42,failure_escalation,correct,known,ipw,0.3383812399063829,0.07318681386014068,0.19493508474050716,0.4818273950722587,0.3664395685723932
42,failure_escalation,correct,known,gcomp,0.37487827524400247,,,,0.3664395685723932
42,failure_escalation,correct,known,dr,0.32349012153216833,0.04815052813747081,0.22911508638272554,0.4178651566816111,0.3664395685723932
42,soft_escalation,correct,known,ipw,0.34973171728287133,0.04066649345450808,0.2700253901120355,0.42943804445370715,0.3617162173344457
42,soft_escalation,correct,known,gcomp,0.3710584250323888,,,,0.3617162173344457
42,soft_escalation,correct,known,dr,0.3398461068441479,0.02830563175203532,0.2843670686101587,0.3953251450781371,0.3617162173344457
43,always_small,correct,known,ipw,0.32988190587887667,0.14146530318065895,0.05260991164478512,0.6071539001129682,0.3077266793681609
43,always_small,correct,known,gcomp,0.3156213500785075,,,,0.3077266793681609
43,always_small,correct,known,dr,0.14429794972200535,0.23734798895995637,-0.32090410863950913,0.6095000080835198,0.3077266793681609
43,failure_escalation,correct,known,ipw,0.412195728704727,0.09044215825882891,0.23492909851742233,0.5894623588920316,0.3664395685723932
43,failure_escalation,correct,known,gcomp,0.3819712330997016,,,,0.3664395685723932
43,failure_escalation,correct,known,dr,0.42863474419812214,0.061745738246496706,0.3076130972349886,0.5496563911612556,0.3664395685723932
43,soft_escalation,correct,known,ipw,0.4188959185240874,0.04928800595139829,0.32229142685934675,0.5155004101888281,0.3617162173344457
43,soft_escalation,correct,known,gcomp,0.3756010852750254,,,,0.3617162173344457
43,soft_escalation,correct,known,dr,0.4069453252900746,0.03502474645358443,0.3382968222410491,0.4755938283391001,0.3617162173344457
44,always_small,correct,known,ipw,0.11850420985537373,0.06225238904633514,-0.0035104726754431465,0.24051889238619062,0.3077266793681609
44,always_small,correct,known,gcomp,0.29892623664632045,,,,0.3077266793681609
44,always_small,correct,known,dr,0.2542526088804457,0.053619799635097706,0.1491578015956542,0.35934741616523724,0.3077266793681609
44,failure_escalation,correct,known,ipw,0.37167623349266743,0.07386401093477858,0.2269027720605014,0.5164496949248334,0.3664395685723932
44,failure_escalation,correct,known,gcomp,0.3687350612353495,,,,0.3664395685723932
44,failure_escalation,correct,known,dr,0.3087834892955378,0.053066110616832786,0.20477391248654553,0.41279306610453004,0.3664395685723932
44,soft_escalation,correct,known,ipw,0.36199581133064856,0.04115658723260132,0.28132890035475,0.44266272230654713,0.3617162173344457
44,soft_escalation,correct,known,gcomp,0.36388973725784696,,,,0.3617162173344457
44,soft_escalation,correct,known,dr,0.32630578059682297,0.030842146287815838,0.2658551738727039,0.38675638732094203,0.3617162173344457
45,always_small,correct,known,ipw,0.06500172684339285,0.03356892461577141,-0.0007933654035191112,0.13079681909030483,0.3077266793681609
45,always_small,correct,known,gcomp,0.3310840392546017,,,,0.3077266793681609
45,always_small,correct,known,dr,0.2579238057825993,0.04748331762106802,0.164856503245306,0.35099110831989266,0.3077266793681609
45,failure_escalation,correct,known,ipw,0.38794194530987486,0.06988627729623836,0.25096484180924766,0.524919048810502,0.3664395685723932
45,failure_escalation,correct,known,gcomp,0.36582674450736763,,,,0.3664395685723932
45,failure_escalation,correct,known,dr,0.35161690805216633,0.0475973672913681,0.25832606816108483,0.44490774794324783,0.3664395685723932
45,soft_escalation,correct,known,ipw,0.377482629339564,0.03876938099857433,0.3014946425823583,0.4534706160967697,0.3617162173344457
45,soft_escalation,correct,known,gcomp,0.3628678825124377,,,,0.3617162173344457
45,soft_escalation,correct,known,dr,0.35105301742872264,0.027745734862981854,0.2966713770972782,0.40543465776016707,0.3617162173344457
46,always_small,correct,known,ipw,0.027580424939697052,0.019495799312359077,-0.010631341712526738,0.06579219159192085,0.3077266793681609
46,always_small,correct,known,gcomp,0.3147477595821581,,,,0.3077266793681609
46,always_small,correct,known,dr,0.14961058884900585,0.06527691699013388,0.021667831548343452,0.27755334614966826,0.3077266793681609
46,failure_escalation,correct,known,ipw,0.298243292787457,0.06725581625380592,0.1664218929299974,0.43006469264491654,0.3664395685723932
46,failure_escalation,correct,known,gcomp,0.3706761071182574,,,,0.3664395685723932
46,failure_escalation,correct,known,dr,0.28500106262732366,0.0519765777686101,0.18312697020084787,0.38687515505379944,0.3664395685723932
46,soft_escalation,correct,known,ipw,0.31540217915549523,0.03719442340287761,0.2425011092858551,0.38830324902513536,0.3617162173344457
46,soft_escalation,correct,known,gcomp,0.36537085479744225,,,,0.3617162173344457
46,soft_escalation,correct,known,dr,0.32107137750313486,0.02950875221361773,0.2632342231644441,0.3789085318418256,0.3617162173344457
47,always_small,correct,known,ipw,0.34197259299986293,0.16255178200558812,0.023371100268910205,0.6605740857308157,0.3077266793681609
47,always_small,correct,known,gcomp,0.34483924327842,,,,0.3077266793681609
47,always_small,correct,known,dr,0.40767533497756836,0.10309720018339742,0.20560482261810942,0.6097458473370273,0.3077266793681609
47,failure_escalation,correct,known,ipw,0.4483662582617615,0.07650831533720834,0.2984099602008332,0.5983225563226898,0.3664395685723932
47,failure_escalation,correct,known,gcomp,0.3971180596773061,,,,0.3664395685723932
47,failure_escalation,correct,known,dr,0.4005080545910447,0.051192036277998995,0.3001716634861667,0.5008444456959228,0.3664395685723932
47,soft_escalation,correct,known,ipw,0.40961335043555974,0.04170924607538656,0.3278632281278021,0.4913634727433174,0.3617162173344457
47,soft_escalation,correct,known,gcomp,0.3902745934004073,,,,0.3617162173344457
47,soft_escalation,correct,known,dr,0.3881823066988589,0.029304987360964818,0.33074453147136784,0.44562008192634994,0.3617162173344457
48,always_small,correct,known,ipw,0.26421780351088264,0.14536098335135897,-0.02068972385778095,0.5491253308795463,0.3077266793681609
48,always_small,correct,known,gcomp,0.3154366432881136,,,,0.3077266793681609
48,always_small,correct,known,dr,0.3622859498484289,0.06329071645251608,0.23823614560149736,0.4863357540953604,0.3077266793681609
48,failure_escalation,correct,known,ipw,0.39467459208432804,0.07933169386032986,0.23918447211808153,0.5501647120505746,0.3664395685723932
48,failure_escalation,correct,known,gcomp,0.3913023028149689,,,,0.3664395685723932
48,failure_escalation,correct,known,dr,0.36807796002404847,0.05443182016988402,0.2613915924910758,0.47476432755702114,0.3664395685723932
48,soft_escalation,correct,known,ipw,0.4020219294577775,0.04393783749123969,0.3159037679749477,0.4881400909406073,0.3617162173344457
48,soft_escalation,correct,known,gcomp,0.38295039614957616,,,,0.3617162173344457
48,soft_escalation,correct,known,dr,0.3760564030040791,0.03159202616390808,0.3141360317228193,0.43797677428533893,0.3617162173344457
49,always_small,correct,known,ipw,0.20342788196425962,0.18132745559911864,-0.1519739310100129,0.5588296949385322,0.3077266793681609
49,always_small,correct,known,gcomp,0.28812579881992595,,,,0.3077266793681609
49,always_small,correct,known,dr,0.3708020172157313,0.14093085820756932,0.09457753512889544,0.6470264993025672,0.3077266793681609
49,failure_escalation,correct,known,ipw,0.3712435423503039,0.07428821105201557,0.22563864868835337,0.5168484360122544,0.3664395685723932
49,failure_escalation,correct,known,gcomp,0.33691888346068605,,,,0.3664395685723932
49,failure_escalation,correct,known,dr,0.2588831583629172,0.05762976436770918,0.1459288202022072,0.3718374965236272,0.3664395685723932
49,soft_escalation,correct,known,ipw,0.333978327037878,0.040443758955564915,0.25470855948497073,0.41324809459078526,0.3617162173344457
49,soft_escalation,correct,known,gcomp,0.3347078566657376,,,,0.3617162173344457
49,soft_escalation,correct,known,dr,0.2879257412919209,0.03234284794706709,0.22453375931566938,0.3513177232681724,0.3617162173344457
50,always_small,correct,known,ipw,0.698282786085031,0.3811555054272975,-0.04878200455247206,1.445347576722534,0.3077266793681609
50,always_small,correct,known,gcomp,0.3176327290902701,,,,0.3077266793681609
50,always_small,correct,known,dr,0.6723112971890116,0.2665387280482184,0.1498953902145036,1.1947272041635197,0.3077266793681609
50,failure_escalation,correct,known,ipw,0.4944798140874387,0.08698824421445352,0.3239828554271098,0.6649767727477676,0.3664395685723932
50,failure_escalation,correct,known,gcomp,0.35148377255216307,,,,0.3664395685723932
50,failure_escalation,correct,known,dr,0.4001699263859,0.0571023693753247,0.2882492824102636,0.5120905703615364,0.3664395685723932
50,soft_escalation,correct,known,ipw,0.4156484694989337,0.048009834502851845,0.3215491938733441,0.5097477451245234,0.3617162173344457
50,soft_escalation,correct,known,gcomp,0.3489562215532102,,,,0.3617162173344457
50,soft_escalation,correct,known,dr,0.3644535770349841,0.03318116329592879,0.2994184969749637,0.4294886570950045,0.3617162173344457
51,always_small,correct,known,ipw,0.18066449305761512,0.07685785662856465,0.03002309406562842,0.3313058920496018,0.3077266793681609
51,always_small,correct,known,gcomp,0.36393719124634755,,,,0.3077266793681609
51,always_small,correct,known,dr,0.17453495799883573,0.1603150341957382,-0.13968250902481116,0.4887524250224826,0.3077266793681609
51,failure_escalation,correct,known,ipw,0.36210321711799,0.07047744676007235,0.2239674214682482,0.5002390127677317,0.3664395685723932
51,failure_escalation,correct,known,gcomp,0.3675049071212094,,,,0.3664395685723932
51,failure_escalation,correct,known,dr,0.3784664804101317,0.0482985996105611,0.283801225173432,0.4731317356468314,0.3664395685723932
51,soft_escalation,correct,known,ipw,0.34939515044381514,0.03894620830030385,0.2730605821752196,0.42572971871241067,0.3617162173344457
51,soft_escalation,correct,known,gcomp,0.36658151242917325,,,,0.3617162173344457
51,soft_escalation,correct,known,dr,0.37356042082339247,0.028044994461505532,0.31859223167884165,0.4285286099679433,0.3617162173344457
52,always_small,correct,known,ipw,0.47131114645563743,0.26412072195507785,-0.04636546857631518,0.98898776148759,0.3077266793681609
52,always_small,correct,known,gcomp,0.31214106953460397,,,,0.3077266793681609
52,always_small,correct,known,dr,0.5277161836336025,0.14526481540395672,0.24299714544184736,0.8124352218253577,0.3077266793681609
52,failure_escalation,correct,known,ipw,0.41024456033438683,0.07457239250102662,0.26408267103237465,0.556406449636399,0.3664395685723932
52,failure_escalation,correct,known,gcomp,0.36500240206897683,,,,0.3664395685723932
52,failure_escalation,correct,known,dr,0.37479528482680363,0.05105519473559725,0.274727103145033,0.47486346650857425,0.3664395685723932
52,soft_escalation,correct,known,ipw,0.37242577054040765,0.04098448299422969,0.2920961838717175,0.4527553572090978,0.3617162173344457
52,soft_escalation,correct,known,gcomp,0.3604627733266151,,,,0.3617162173344457
52,soft_escalation,correct,known,dr,0.35938331562564796,0.02944673834929085,0.3016677084610379,0.417098922790258,0.3617162173344457
53,always_small,correct,known,ipw,0.19850805666683796,0.12150267452658417,-0.039637185405267006,0.43665329873894293,0.3077266793681609
53,always_small,correct,known,gcomp,0.37422063212694684,,,,0.3077266793681609
53,always_small,correct,known,dr,0.28453992073468504,0.14839126877358333,-0.006306966061538299,0.5753868075309083,0.3077266793681609
53,failure_escalation,correct,known,ipw,0.3290535756198829,0.06834394589874251,0.19509944165834758,0.46300770958141824,0.3664395685723932
53,failure_escalation,correct,known,gcomp,0.37280583250016835,,,,0.3664395685723932
53,failure_escalation,correct,known,dr,0.38025004759475484,0.04519549089692634,0.2916668854367792,0.46883320975273046,0.3664395685723932
53,soft_escalation,correct,known,ipw,0.35271540863343953,0.03822198855678811,0.2778003110621349,0.4276305062047442,0.3617162173344457
53,soft_escalation,correct,known,gcomp,0.371419227008089,,,,0.3617162173344457
53,soft_escalation,correct,known,dr,0.3780840484539781,0.02665126898278932,0.325847561247711,0.43032053566024514,0.3617162173344457
54,always_small,correct,known,ipw,0.06912358779802048,0.03658473794169696,-0.0025824985677055656,0.14082967416374653,0.3077266793681609
54,always_small,correct,known,gcomp,0.2988887359368474,,,,0.3077266793681609
54,always_small,correct,known,dr,0.05819307046800121,0.12673132977234827,-0.1902003358858014,0.30658647682180384,0.3077266793681609
54,failure_escalation,correct,known,ipw,0.531840954467115,0.09344603901762906,0.348686717992562,0.714995190941668,0.3664395685723932
54,failure_escalation,correct,known,gcomp,0.3961705641507859,,,,0.3664395685723932
54,failure_escalation,correct,known,dr,0.44443896005076416,0.05906480392210301,0.32867194436344227,0.5602059757380861,0.3664395685723932
54,soft_escalation,correct,known,ipw,0.47125023089329915,0.05072865241781319,0.3718220721543853,0.570678389632213,0.3617162173344457
54,soft_escalation,correct,known,gcomp,0.3870639079646133,,,,0.3617162173344457
54,soft_escalation,correct,known,dr,0.4080160467463626,0.03379620089319719,0.3417754929956961,0.4742566004970291,0.3617162173344457
55,always_small,correct,known,ipw,0.24124632956199585,0.19609089569350163,-0.14309182599726736,0.6255844851212591,0.3077266793681609
55,always_small,correct,known,gcomp,0.2633729462392064,,,,0.3077266793681609
55,always_small,correct,known,dr,0.2457149293566346,0.126680154634736,-0.002578173727447952,0.49400803244071717,0.3077266793681609
55,failure_escalation,correct,known,ipw,0.31772997461291635,0.06746117886747827,0.18550606403265896,0.44995388519317375,0.3664395685723932
55,failure_escalation,correct,known,gcomp,0.3153726079528536,,,,0.3664395685723932
55,failure_escalation,correct,known,dr,0.29203892445181173,0.04924861021887436,0.19551164842281799,0.3885662004808055,0.3664395685723932
55,soft_escalation,correct,known,ipw,0.3139896831300636,0.03738417455188389,0.24071670100837117,0.387262665251756,0.3617162173344457
55,soft_escalation,correct,known,gcomp,0.3137782303110477,,,,0.3617162173344457
55,soft_escalation,correct,known,dr,0.2969926975972803,0.02849056267340256,0.24115119475741129,0.3528342004371493,0.3617162173344457
56,always_small,correct,known,ipw,0.44773807065088816,0.3281687096175912,-0.19547260019959062,1.090948741501367,0.3077266793681609
56,always_small,correct,known,gcomp,0.323165017552967,,,,0.3077266793681609
56,always_small,correct,known,dr,0.4418605080673836,0.21969494528327807,0.011258415312158598,0.8724626008226086,0.3077266793681609
56,failure_escalation,correct,known,ipw,0.2501322707342716,0.0578385421753909,0.1367687280705054,0.3634958133980377,0.3664395685723932
56,failure_escalation,correct,known,gcomp,0.3669791099931811,,,,0.3664395685723932
56,failure_escalation,correct,known,dr,0.31001075569319414,0.04360650018362643,0.22454201533328633,0.39547949605310195,0.3664395685723932
56,soft_escalation,correct,known,ipw,0.28352456792681247,0.03263098425775788,0.21956783878160702,0.3474812970720179,0.3617162173344457
56,soft_escalation,correct,known,gcomp,0.36195493886470936,,,,0.3617162173344457
56,soft_escalation,correct,known,dr,0.3212113090699516,0.025893069852651815,0.270460892158754,0.3719617259811492,0.3617162173344457
57,always_small,correct,known,ipw,0.09076346834898719,0.04657882531776072,-0.0005310292738238132,0.18205796597179819,0.3077266793681609
57,always_small,correct,known,gcomp,0.3550488138947712,,,,0.3077266793681609
57,always_small,correct,known,dr,0.34074285869622356,0.04949537282414284,0.2437319279609036,0.4377537894315435,0.3077266793681609
57,failure_escalation,correct,known,ipw,0.4134477706722199,0.08225827468573635,0.25222155228817666,0.5746739890562631,0.3664395685723932
57,failure_escalation,correct,known,gcomp,0.36038010415298294,,,,0.3664395685723932
57,failure_escalation,correct,known,dr,0.2742814462068018,0.05959460313774286,0.15747602405682576,0.3910868683567778,0.3664395685723932
57,soft_escalation,correct,known,ipw,0.4113242440860714,0.045903931956259296,0.32135253745180314,0.5012959507203396,0.3617162173344457
57,soft_escalation,correct,known,gcomp,0.3597558781923706,,,,0.3617162173344457
57,soft_escalation,correct,known,dr,0.3287363077043913,0.03419935111901043,0.2617055795111308,0.3957670358976517,0.3617162173344457
58,always_small,correct,known,ipw,0.06008859747955304,0.037890252347080274,-0.014176297120724303,0.13435349207983038,0.3077266793681609
58,always_small,correct,known,gcomp,0.25644814860448073,,,,0.3077266793681609
58,always_small,correct,known,dr,0.2377205815013011,0.04528070945135656,0.14897039097664225,0.32647077202596,0.3077266793681609
58,failure_escalation,correct,known,ipw,0.3083793649465236,0.06723922394978483,0.17659048600494534,0.44016824388810194,0.3664395685723932
58,failure_escalation,correct,known,gcomp,0.347608133195728,,,,0.3664395685723932
58,failure_escalation,correct,known,dr,0.2821003659910034,0.050915086895557286,0.18230679567571112,0.3818939363062957,0.3664395685723932
58,soft_escalation,correct,known,ipw,0.3117330478362758,0.03719511442188245,0.23883062356938622,0.3846354721031654,0.3617162173344457
58,soft_escalation,correct,known,gcomp,0.34166698625538555,,,,0.3617162173344457
58,soft_escalation,correct,known,dr,0.3102311793384776,0.02886450910848332,0.25365674148585027,0.36680561719110494,0.3617162173344457
59,always_small,correct,known,ipw,0.06943923319780058,0.05075563876891115,-0.030041818789265262,0.16892028518486643,0.3077266793681609
59,always_small,correct,known,gcomp,0.2745257436118581,,,,0.3077266793681609
59,always_small,correct,known,dr,0.1828689357332268,0.06861857074579027,0.048376537071477876,0.3173613343949757,0.3077266793681609
59,failure_escalation,correct,known,ipw,0.38369961188035784,0.08264667291159063,0.2217121329736402,0.5456870907870754,0.3664395685723932
59,failure_escalation,correct,known,gcomp,0.35671552680647256,,,,0.3664395685723932
59,failure_escalation,correct,known,dr,0.3601870877544984,0.05462628726452589,0.2531195647160277,0.46725461079296915,0.3664395685723932
59,soft_escalation,correct,known,ipw,0.36067999324460825,0.04536346121860603,0.2717676092561404,0.4495923772330761,0.3617162173344457
59,soft_escalation,correct,known,gcomp,0.34947541711864427,,,,0.3617162173344457
59,soft_escalation,correct,known,dr,0.34403139170948005,0.031663362044663634,0.2819712021019393,0.4060915813170208,0.3617162173344457
60,always_small,correct,known,ipw,0.04629838500970451,0.03530372667230629,-0.022896919268015806,0.11549368928742483,0.3077266793681609
60,always_small,correct,known,gcomp,0.2612478877399711,,,,0.3077266793681609
60,always_small,correct,known,dr,0.07252901790619971,0.10433428806350684,-0.1319661866982737,0.2770242225106731,0.3077266793681609
60,failure_escalation,correct,known,ipw,0.20635745750207804,0.061046506716183606,0.08670630433835817,0.3260086106657979,0.3664395685723932
60,failure_escalation,correct,known,gcomp,0.3387833428983912,,,,0.3664395685723932
60,failure_escalation,correct,known,dr,0.2713876484700235,0.05166824017329672,0.17011789773036193,0.3726573992096851,0.3664395685723932
60,soft_escalation,correct,known,ipw,0.2763761831263141,0.035044879837039855,0.20768821864571602,0.34506414760691223,0.3617162173344457
60,soft_escalation,correct,known,gcomp,0.33273775402533273,,,,0.3617162173344457
60,soft_escalation,correct,known,dr,0.30175645428469866,0.0301409128017084,0.2426802651933502,0.36083264337604715,0.3617162173344457
61,always_small,correct,known,ipw,0.1802268166330255,0.1033402193806211,-0.022320013352991858,0.3827736466190429,0.3077266793681609
61,always_small,correct,known,gcomp,0.36594828493636616,,,,0.3077266793681609
61,always_small,correct,known,dr,0.43444629296543236,0.06365255623053732,0.3096872827535792,0.5592053031772855,0.3077266793681609
61,failure_escalation,correct,known,ipw,0.3261285805367575,0.07161733802005335,0.1857585980174529,0.4664985630560621,0.3664395685723932
61,failure_escalation,correct,known,gcomp,0.3625820428166324,,,,0.3664395685723932
61,failure_escalation,correct,known,dr,0.29957548698763137,0.05087184557286243,0.199866669664821,0.3992843043104417,0.3664395685723932
61,soft_escalation,correct,known,ipw,0.34351368930696025,0.039568626956227385,0.2659591804727546,0.4210681981411659,0.3617162173344457
61,soft_escalation,correct,known,gcomp,0.363033456309476,,,,0.3617162173344457
61,soft_escalation,correct,known,dr,0.33423201836801036,0.029383790007093586,0.27663978995410693,0.3918242467819138,0.3617162173344457
62,always_small,correct,known,ipw,0.16998893986049904,0.11786834856078525,-0.06103302331864005,0.40101090303963816,0.3077266793681609
62,always_small,correct,known,gcomp,0.336595842287908,,,,0.3077266793681609
62,always_small,correct,known,dr,0.3350459220326758,0.05794396044735527,0.22147575955585946,0.44861608450949214,0.3077266793681609
62,failure_escalation,correct,known,ipw,0.3462817984023433,0.06747053984122973,0.21403954031353303,0.4785240564911536,0.3664395685723932
62,failure_escalation,correct,known,gcomp,0.34892153388019126,,,,0.3664395685723932
62,failure_escalation,correct,known,dr,0.3251198125486928,0.04858518281706528,0.22989285422724487,0.4203467708701408,0.3664395685723932
62,soft_escalation,correct,known,ipw,0.3570481678307516,0.038141414056798356,0.28229099627942683,0.4318053393820764,0.3617162173344457
62,soft_escalation,correct,known,gcomp,0.348094587417548,,,,0.3617162173344457
62,soft_escalation,correct,known,dr,0.34520767618646275,0.028843304866489256,0.2886747986481438,0.4017405537247817,0.3617162173344457
63,always_small,correct,known,ipw,0.16110002437154333,0.09771667671068027,-0.03042466198138999,0.35262471072447665,0.3077266793681609
63,always_small,correct,known,gcomp,0.3038617597829621,,,,0.3077266793681609
63,always_small,correct,known,dr,0.1880677846808325,0.11682688339039247,-0.04091290676433676,0.4170484761260017,0.3077266793681609
63,failure_escalation,correct,known,ipw,0.4016285415631319,0.08428265408585402,0.23643453955485802,0.5668225435714057,0.3664395685723932
63,failure_escalation,correct,known,gcomp,0.3588755528177604,,,,0.3664395685723932
63,failure_escalation,correct,known,dr,0.375072937724498,0.06205959637009579,0.25343612883911026,0.49670974660988576,0.3664395685723932
63,soft_escalation,correct,known,ipw,0.3655075661593822,0.04578916986139199,0.27576079323105385,0.4552543390877105,0.3617162173344457
63,soft_escalation,correct,known,gcomp,0.3531802133072816,,,,0.3617162173344457
63,soft_escalation,correct,known,dr,0.34929305166850855,0.034894701313135726,0.2808994370947625,0.4176866662422546,0.3617162173344457
64,always_small,correct,known,ipw,0.07387880994940156,0.040308009127201797,-0.005124887939913961,0.1528825078387171,0.3077266793681609
64,always_small,correct,known,gcomp,0.29091002541056893,,,,0.3077266793681609
64,always_small,correct,known,dr,0.1896977995101693,0.06544729926633518,0.061421092948152345,0.31797450607218625,0.3077266793681609
64,failure_escalation,correct,known,ipw,0.28201077149500786,0.06567324938283874,0.15329120270464394,0.4107303402853718,0.3664395685723932
64,failure_escalation,correct,known,gcomp,0.3830009184384665,,,,0.3664395685723932
64,failure_escalation,correct,known,dr,0.3651023634904086,0.04233887264847562,0.28211817309939635,0.4480865538814208,0.3664395685723932
64,soft_escalation,correct,known,ipw,0.33255503886047494,0.03697797994599466,0.2600781981663254,0.4050318795546245,0.3617162173344457
64,soft_escalation,correct,known,gcomp,0.3755764160554441,,,,0.3617162173344457
64,soft_escalation,correct,known,dr,0.3573999501154333,0.02562408471831997,0.30717674406752615,0.40762315616334044,0.3617162173344457
65,always_small,correct,known,ipw,0.1600015878845908,0.06945477606395549,0.02387022679923803,0.2961329489699436,0.3077266793681609
65,always_small,correct,known,gcomp,0.2865078746538288,,,,0.3077266793681609
65,always_small,correct,known,dr,0.7277069611766066,0.4127309727230749,-0.08124574536062024,1.5366596677138333,0.3077266793681609
65,failure_escalation,correct,known,ipw,0.47836789204008195,0.08023446692271666,0.3211083368715573,0.6356274472086065,0.3664395685723932
65,failure_escalation,correct,known,gcomp,0.36795085552126694,,,,0.3664395685723932
65,failure_escalation,correct,known,dr,0.40256165794739324,0.057441347257675295,0.2899766173223497,0.5151466985724368,0.3664395685723932
65,soft_escalation,correct,known,ipw,0.4217849598452754,0.04400873552480606,0.33552783821665555,0.5080420814738953,0.3617162173344457
65,soft_escalation,correct,known,gcomp,0.3615689051673433,,,,0.3617162173344457
65,soft_escalation,correct,known,dr,0.3852889090415709,0.03267432164717527,0.3212472386131074,0.44933057947003446,0.3617162173344457
66,always_small,correct,known,ipw,0.07867591147706914,0.06632593798523403,-0.05132292697398956,0.20867474992812785,0.3077266793681609
66,always_small,correct,known,gcomp,0.26295989844185463,,,,0.3077266793681609
66,always_small,correct,known,dr,0.26898236141368465,0.051643331149854525,0.16776143235996976,0.3702032904673995,0.3077266793681609
66,failure_escalation,correct,known,ipw,0.34183533121216697,0.07332126163390855,0.19812565840970622,0.48554500401462775,0.3664395685723932
66,failure_escalation,correct,known,gcomp,0.37258969300194494,,,,0.3664395685723932
66,failure_escalation,correct,known,dr,0.4112560989450984,0.0481235182397912,0.31693400319510767,0.5055781946950891,0.3664395685723932
66,soft_escalation,correct,known,ipw,0.36664427494196244,0.0410718441299245,0.2861434604473104,0.44714508943661446,0.3617162173344457
66,soft_escalation,correct,known,gcomp,0.36596400078792324,,,,0.3617162173344457
66,soft_escalation,correct,known,dr,0.3923239572295303,0.028360720465633288,0.33673694511688906,0.4479109693421715,0.3617162173344457
67,always_small,correct,known,ipw,0.08075006593621058,0.03757768164211251,0.0070978099176700615,0.1544023219547511,0.3077266793681609
67,always_small,correct,known,gcomp,0.294747922171275,,,,0.3077266793681609
67,always_small,correct,known,dr,0.16065989294375047,0.06263586204438913,0.037893603336747766,0.28342618255075314,0.3077266793681609
67,failure_escalation,correct,known,ipw,0.380773220082674,0.08009603458153755,0.22378499230286042,0.5377614478624876,0.3664395685723932
67,failure_escalation,correct,known,gcomp,0.378324042974946,,,,0.3664395685723932
67,failure_escalation,correct,known,dr,0.3845380880683295,0.05427664521751725,0.2781558634419957,0.4909203126946633,0.3664395685723932
67,soft_escalation,correct,known,ipw,0.36872124879082174,0.04372340162613702,0.2830233816035932,0.4544191159780503,0.3617162173344457
67,soft_escalation,correct,known,gcomp,0.3721834370007295,,,,0.3617162173344457
67,soft_escalation,correct,known,dr,0.3755003540345512,0.03101849361505267,0.31470410654904796,0.4362966015200544,0.3617162173344457
68,always_small,correct,known,ipw,0.2708292571812024,0.15064235628282166,-0.02442976113312806,0.5660882754955328,0.3077266793681609
68,always_small,correct,known,gcomp,0.3206773605745864,,,,0.3077266793681609
68,always_small,correct,known,dr,0.24982678662930555,0.175054171211493,-0.09327938894522073,0.5929329622038318,0.3077266793681609
68,failure_escalation,correct,known,ipw,0.3771325436124716,0.07614148871696802,0.2278952257272143,0.5263698614977289,0.3664395685723932
68,failure_escalation,correct,known,gcomp,0.3501010167471936,,,,0.3664395685723932
68,failure_escalation,correct,known,dr,0.3598480254772136,0.05217572493870617,0.2575836045973495,0.4621124463570777,0.3664395685723932
68,soft_escalation,correct,known,ipw,0.3721912711513546,0.0421187542230236,0.2896385128742283,0.45474402942848086,0.3617162173344457
68,soft_escalation,correct,known,gcomp,0.3498292641905961,,,,0.3617162173344457
68,soft_escalation,correct,known,dr,0.3469458098186692,0.030377770895034413,0.28740537886440176,0.4064862407729366,0.3617162173344457
69,always_small,correct,known,ipw,0.31738750247322206,0.19960373950626567,-0.07383582695905866,0.7086108319055028,0.3077266793681609
69,always_small,correct,known,gcomp,0.3060334044822489,,,,0.3077266793681609
69,always_small,correct,known,dr,0.43139087741451587,0.16554429394987968,0.10692406127275172,0.75585769355628,0.3077266793681609
69,failure_escalation,correct,known,ipw,0.4698426320537379,0.08261351664665355,0.3079201394262969,0.6317651246811788,0.3664395685723932
69,failure_escalation,correct,known,gcomp,0.3725066103334909,,,,0.3664395685723932
69,failure_escalation,correct,known,dr,0.3305778701718076,0.058950504723008064,0.21503488091471182,0.44612085942890345,0.3664395685723932
69,soft_escalation,correct,known,ipw,0.420433164842577,0.04542867860090394,0.33139295478480524,0.5094733749003487,0.3617162173344457
69,soft_escalation,correct,known,gcomp,0.36694893700097675,,,,0.3617162173344457
69,soft_escalation,correct,known,dr,0.3553121475742156,0.03377322706047343,0.28911662253568765,0.4215076726127435,0.3617162173344457
70,always_small,correct,known,ipw,0.15737221724505276,0.09548887269101174,-0.029785973229330243,0.34453040771943577,0.3077266793681609
70,always_small,correct,known,gcomp,0.33750087036698706,,,,0.3077266793681609
70,always_small,correct,known,dr,0.2888305777625475,0.06594740934221585,0.15957365545180444,0.41808750007329054,0.3077266793681609
70,failure_escalation,correct,known,ipw,0.3052433731358674,0.06607379518868656,0.17573873456604178,0.43474801170569305,0.3664395685723932
70,failure_escalation,correct,known,gcomp,0.3736647799379066,,,,0.3664395685723932
70,failure_escalation,correct,known,dr,0.33266502163025286,0.04747199709586089,0.23961990732236552,0.4257101359381402,0.3664395685723932
70,soft_escalation,correct,known,ipw,0.35309789993155927,0.037961904370588856,0.2786925673652051,0.42750323249791344,0.3617162173344457
70,soft_escalation,correct,known,gcomp,0.3695330669628479,,,,0.3617162173344457
70,soft_escalation,correct,known,dr,0.3530876680258867,0.028340091122316106,0.29754108942614715,0.40863424662562625,0.3617162173344457
71,always_small,correct,known,ipw,0.07411260797705714,0.06186963289773773,-0.04715187250250881,0.1953770884566231,0.3077266793681609
71,always_small,correct,known,gcomp,0.28976602199287554,,,,0.3077266793681609
71,always_small,correct,known,dr,0.14108885936547744,0.08464275612845801,-0.024810942646300266,0.3069886613772551,0.3077266793681609
71,failure_escalation,correct,known,ipw,0.44655711001685017,0.08253697047023995,0.2847846478951799,0.6083295721385205,0.3664395685723932
71,failure_escalation,correct,known,gcomp,0.37867523067987013,,,,0.3664395685723932
71,failure_escalation,correct,known,dr,0.42709299543880874,0.058304046437184266,0.3128170644219276,0.5413689264556899,0.3664395685723932
71,soft_escalation,correct,known,ipw,0.41208160892692053,0.04501214509248542,0.3238578045456491,0.5003054133081919,0.3617162173344457
71,soft_escalation,correct,known,gcomp,0.3720668946403089,,,,0.3617162173344457
71,soft_escalation,correct,known,dr,0.3940472979996853,0.03291733682710915,0.3295293178185514,0.4585652781808192,0.3617162173344457
72,always_small,correct,known,ipw,0.11299314249269092,0.04928265899159634,0.0163991308691621,0.20958715411621975,0.3077266793681609
72,always_small,correct,known,gcomp,0.2908312109857467,,,,0.3077266793681609
72,always_small,correct,known,dr,0.2233391972201682,0.0952853020996145,0.03658000510492379,0.41009838933541265,0.3077266793681609
72,failure_escalation,correct,known,ipw,0.3605794900718291,0.07572703687547289,0.21215449779590226,0.509004482347756,0.3664395685723932
72,failure_escalation,correct,known,gcomp,0.35270996240703706,,,,0.3664395685723932
72,failure_escalation,correct,known,dr,0.36240273961746144,0.055262011228544926,0.2540891976095134,0.4707162816254095,0.3664395685723932
72,soft_escalation,correct,known,ipw,0.3523032653740034,0.04158460917123188,0.27079743139838897,0.43380909934961787,0.3617162173344457
72,soft_escalation,correct,known,gcomp,0.34799620131505327,,,,0.3617162173344457
72,soft_escalation,correct,known,dr,0.35779038533075896,0.031248249685675654,0.29654381594683465,0.4190369547146833,0.3617162173344457
73,always_small,correct,known,ipw,1.0098558294888165,0.841346658739591,-0.639183621640782,2.658895280618415,0.3077266793681609
73,always_small,correct,known,gcomp,0.31787925701306247,,,,0.3077266793681609
73,always_small,correct,known,dr,0.8033292122874526,0.6395478899103854,-0.4501846519369027,2.0568430765118078,0.3077266793681609
73,failure_escalation,correct,known,ipw,0.3568409897647511,0.06570130339933312,0.22806643510205818,0.48561554442744403,0.3664395685723932
73,failure_escalation,correct,known,gcomp,0.36486947683419296,,,,0.3664395685723932
73,failure_escalation,correct,known,dr,0.31535041173080397,0.05220436032995921,0.21302986548408392,0.417670957977524,0.3664395685723932
73,soft_escalation,correct,known,ipw,0.34987064709766846,0.03672574651042263,0.27788818393724013,0.4218531102580968,0.3617162173344457
73,soft_escalation,correct,known,gcomp,0.3598815370105272,,,,0.3617162173344457
73,soft_escalation,correct,known,dr,0.32315746173938464,0.03004350327774591,0.2642721953150027,0.3820427281637666,0.3617162173344457
74,always_small,correct,known,ipw,0.38525138365429484,0.22627760068917163,-0.05825271369648155,0.8287554810050712,0.3077266793681609
74,always_small,correct,known,gcomp,0.24616718672348706,,,,0.3077266793681609
74,always_small,correct,known,dr,0.0023459215113629927,0.4043512644586346,-0.7901825568275608,0.7948743998502869,0.3077266793681609
74,failure_escalation,correct,known,ipw,0.3832852036874424,0.07103500981046265,0.2440565844589356,0.5225138229159492,0.3664395685723932
74,failure_escalation,correct,known,gcomp,0.3457967678709822,,,,0.3664395685723932
74,failure_escalation,correct,known,dr,0.30754617145853314,0.05012821866420159,0.20929486287669802,0.40579748004036825,0.3664395685723932
74,soft_escalation,correct,known,ipw,0.3639150394407608,0.0392792752558392,0.286927659939316,0.4409024189422056,0.3617162173344457
74,soft_escalation,correct,known,gcomp,0.33953762604974447,,,,0.3617162173344457
74,soft_escalation,correct,known,dr,0.3185601186974446,0.029086808778524573,0.2615499734915364,0.3755702639033528,0.3617162173344457
75,always_small,correct,known,ipw,0.23058620577730107,0.1228552881468585,-0.01021015899054159,0.47138257054514376,0.3077266793681609
75,always_small,correct,known,gcomp,0.31542655021423227,,,,0.3077266793681609
75,always_small,correct,known,dr,0.16432075542186833,0.13298609895112234,-0.09633199852233146,0.42497350936606815,0.3077266793681609
75,failure_escalation,correct,known,ipw,0.2953202541471632,0.06647931674731593,0.16502079332242395,0.42561971497190243,0.3664395685723932
75,failure_escalation,correct,known,gcomp,0.35752138002261485,,,,0.3664395685723932
75,failure_escalation,correct,known,dr,0.3280300598722043,0.047362338535160774,0.23519987634328918,0.4208602434011194,0.3664395685723932
75,soft_escalation,correct,known,ipw,0.33200571554456665,0.037363568112130416,0.258773122044791,0.40523830904434227,0.3617162173344457
75,soft_escalation,correct,known,gcomp,0.35504765974684954,,,,0.3617162173344457
75,soft_escalation,correct,known,dr,0.34076229737727665,0.02790034575034542,0.2860776197065996,0.3954469750479537,0.3617162173344457
76,always_small,correct,known,ipw,0.04137063740954558,0.023869409137903783,-0.005413404500745837,0.088154679319837,0.3077266793681609
76,always_small,correct,known,gcomp,0.29494934089852987,,,,0.3077266793681609
76,always_small,correct,known,dr,0.3081516835169203,0.039151686719272605,0.231414377547146,0.3848889894866946,0.3077266793681609
76,failure_escalation,correct,known,ipw,0.30441705216116416,0.06769731551523268,0.1717303137513081,0.4371037905710202,0.3664395685723932
76,failure_escalation,correct,known,gcomp,0.360526568186984,,,,0.3664395685723932
76,failure_escalation,correct,known,dr,0.3429551734570647,0.04792169701752439,0.2490286473027169,0.43688169961141254,0.3664395685723932
76,soft_escalation,correct,known,ipw,0.3340767007857294,0.03779867269942035,0.2599913022948655,0.40816209927659325,0.3617162173344457
76,soft_escalation,correct,known,gcomp,0.3529431702367162,,,,0.3617162173344457
76,soft_escalation,correct,known,dr,0.3443197494310059,0.02824989460928003,0.28894995599681705,0.39968954286519476,0.3617162173344457
77,always_small,correct,known,ipw,0.1462128121311091,0.07580233356107018,-0.0023597616485884487,0.2947853859108066,0.3077266793681609
77,always_small,correct,known,gcomp,0.28866657337266066,,,,0.3077266793681609
77,always_small,correct,known,dr,0.29763689724424436,0.0555613143159266,0.1887367211850282,0.4065370733034605,0.3077266793681609
77,failure_escalation,correct,known,ipw,0.3943110665467357,0.07658051147331178,0.24421326405904462,0.5444088690344268,0.3664395685723932
77,failure_escalation,correct,known,gcomp,0.3583929726306971,,,,0.3664395685723932
77,failure_escalation,correct,known,dr,0.38225084768905726,0.05028618602115925,0.2836899230875851,0.4808117722905294,0.3664395685723932
77,soft_escalation,correct,known,ipw,0.3784848298011048,0.04203446371222017,0.2960972809251533,0.4608723786770563,0.3617162173344457
77,soft_escalation,correct,known,gcomp,0.35359601541326824,,,,0.3617162173344457
77,soft_escalation,correct,known,dr,0.3670279237049983,0.029150647831054057,0.30989265395613236,0.4241631934538643,0.3617162173344457
78,always_small,correct,known,ipw,0.4787328386985193,0.41089137058290787,-0.3266142476439801,1.2840799250410186,0.3077266793681609
78,always_small,correct,known,gcomp,0.29419372763945,,,,0.3077266793681609
78,always_small,correct,known,dr,0.578389950916625,0.2831744364887111,0.02336805539875131,1.1334118464344987,0.3077266793681609
78,failure_escalation,correct,known,ipw,0.49958808023853013,0.08766228075052362,0.32777000996750383,0.6714061505095564,0.3664395685723932
78,failure_escalation,correct,known,gcomp,0.38666111103342987,,,,0.3664395685723932
78,failure_escalation,correct,known,dr,0.4371388898487923,0.057680662166974664,0.32408479200152196,0.5501929876960626,0.3664395685723932
78,soft_escalation,correct,known,ipw,0.45986268403745906,0.04801766059627249,0.36574806926876496,0.5539772988061531,0.3617162173344457
78,soft_escalation,correct,known,gcomp,0.3785402950790155,,,,0.3617162173344457
78,soft_escalation,correct,known,dr,0.4181840730085872,0.032905096605769575,0.3536900836612788,0.48267806235589555,0.3617162173344457
79,always_small,correct,known,ipw,0.1383902955470432,0.05931322987644537,0.02213636498921029,0.25464422610487614,0.3077266793681609
79,always_small,correct,known,gcomp,0.32058677366630955,,,,0.3077266793681609
79,always_small,correct,known,dr,0.2352893847112738,0.13605159824320578,-0.031371747845409526,0.5019505172679571,0.3077266793681609
79,failure_escalation,correct,known,ipw,0.3547885082952878,0.070982600221871,0.21566261186042063,0.49391440473015497,0.3664395685723932
79,failure_escalation,correct,known,gcomp,0.3743660887887951,,,,0.3664395685723932
79,failure_escalation,correct,known,dr,0.3167348350429397,0.05356199918171239,0.21175331664678343,0.42171635343909597,0.3664395685723932
79,soft_escalation,correct,known,ipw,0.3400010399746348,0.03919151936208228,0.2631856620249535,0.4168164179243161,0.3617162173344457
79,soft_escalation,correct,known,gcomp,0.3702985045759001,,,,0.3617162173344457
79,soft_escalation,correct,known,dr,0.3351597044095589,0.0306652566907799,0.2750558012956303,0.3952636075234875,0.3617162173344457
80,always_small,correct,known,ipw,0.0,0.0,0.0,0.0,0.3077266793681609
80,always_small,correct,known,gcomp,0.27435684254117143,,,,0.3077266793681609
80,always_small,correct,known,dr,0.15114903529168877,0.04921144865648192,0.0546945959249842,0.24760347465839333,0.3077266793681609
80,failure_escalation,correct,known,ipw,0.26421507754922124,0.062811318119702,0.14110489403460533,0.38732526106383713,0.3664395685723932
80,failure_escalation,correct,known,gcomp,0.3617014951346779,,,,0.3664395685723932
80,failure_escalation,correct,known,dr,0.34093279145497674,0.052001666886807976,0.2390095243568331,0.4428560585531204,0.3664395685723932
80,soft_escalation,correct,known,ipw,0.29516196783476917,0.034928492976392514,0.22670212160103984,0.3636218140684985,0.3617162173344457
80,soft_escalation,correct,known,gcomp,0.3570271719046309,,,,0.3617162173344457
80,soft_escalation,correct,known,dr,0.33406242192300656,0.029713059079225394,0.2758248261277248,0.3923000177182883,0.3617162173344457
81,always_small,correct,known,ipw,0.16993753882365215,0.08287801265256078,0.00749663402463302,0.33237844362267127,0.3077266793681609
81,always_small,correct,known,gcomp,0.22307092801229367,,,,0.3077266793681609
81,always_small,correct,known,dr,0.2213976267539737,0.058270161396594966,0.10718811041664757,0.33560714309129985,0.3077266793681609
81,failure_escalation,correct,known,ipw,0.3472673623677876,0.07114583389583803,0.20782152793194505,0.4867131968036301,0.3664395685723932
81,failure_escalation,correct,known,gcomp,0.3711091771921819,,,,0.3664395685723932
81,failure_escalation,correct,known,dr,0.38104283519214294,0.04635458903924864,0.29018784067521564,0.47189782970907024,0.3664395685723932
81,soft_escalation,correct,known,ipw,0.3534371109271048,0.03945132469139352,0.2761125145319735,0.43076170732223606,0.3617162173344457
81,soft_escalation,correct,known,gcomp,0.36127526087663825,,,,0.3617162173344457
81,soft_escalation,correct,known,dr,0.34732244877809193,0.02754449509063355,0.29333523840045017,0.4013096591557337,0.3617162173344457
82,always_small,correct,known,ipw,0.0976824248320267,0.050704621287802766,-0.0016986328920667176,0.1970634825561201,0.3077266793681609
82,always_small,correct,known,gcomp,0.27798296370021147,,,,0.3077266793681609
82,always_small,correct,known,dr,0.19296386893499065,0.10351164388958094,-0.009918953088587978,0.3958466909585693,0.3077266793681609
82,failure_escalation,correct,known,ipw,0.24706363554070565,0.059685387899597236,0.13008027525749508,0.3640469958239162,0.3664395685723932
82,failure_escalation,correct,known,gcomp,0.34382463525058166,,,,0.3664395685723932
82,failure_escalation,correct,known,dr,0.3153773995784463,0.0472465080357118,0.22277424382845118,0.4079805553284414,0.3664395685723932
82,soft_escalation,correct,known,ipw,0.2955183820821125,0.03377627645393142,0.22931688023240693,0.3617198839318181,0.3617162173344457
82,soft_escalation,correct,known,gcomp,0.3388081449676314,,,,0.3617162173344457
82,soft_escalation,correct,known,dr,0.32984244506694155,0.027421737009582895,0.27609584052815905,0.38358904960572404,0.3617162173344457
83,always_small,correct,known,ipw,1.2554759802126485,0.8879276376566295,-0.48486218959434524,2.9958141500196422,0.3077266793681609
83,always_small,correct,known,gcomp,0.30380213763686215,,,,0.3077266793681609
83,always_small,correct,known,dr,1.1285049424966436,0.6151475632806189,-0.07718428153336943,2.3341941665266566,0.3077266793681609
83,failure_escalation,correct,known,ipw,0.3358310892270431,0.0661641911981973,0.20614927447857637,0.4655129039755098,0.3664395685723932
83,failure_escalation,correct,known,gcomp,0.35272664126341624,,,,0.3664395685723932
83,failure_escalation,correct,known,dr,0.36110613584970563,0.04617142754340596,0.27061013786462995,0.4516021338347813,0.3664395685723932
83,soft_escalation,correct,known,ipw,0.32729359385343504,0.036519517338149864,0.2557153398706613,0.39887184783620877,0.3617162173344457
83,soft_escalation,correct,known,gcomp,0.349125979383001,,,,0.3617162173344457
83,soft_escalation,correct,known,dr,0.34209618370101386,0.026800361457815915,0.28956747524369464,0.3946248921583331,0.3617162173344457
84,always_small,correct,known,ipw,1.2904438423583249,1.153083794729026,-0.9696003953105661,3.5504880800272156,0.3077266793681609
84,always_small,correct,known,gcomp,0.27084696181171414,,,,0.3077266793681609
84,always_small,correct,known,dr,1.065812555510155,0.9534747778093856,-0.8029980089962407,2.9346231200165507,0.3077266793681609
84,failure_escalation,correct,known,ipw,0.377761874018384,0.07691644234225928,0.22700564702755582,0.5285181010092121,0.3664395685723932
84,failure_escalation,correct,known,gcomp,0.37799765512391437,,,,0.3664395685723932
84,failure_escalation,correct,known,dr,0.39285663216735783,0.05163578276547827,0.2916504979470204,0.49406276638769525,0.3664395685723932
84,soft_escalation,correct,known,ipw,0.3653930328858538,0.042457761061783054,0.282175821204759,0.4486102445669486,0.3617162173344457
84,soft_escalation,correct,known,gcomp,0.373056406167133,,,,0.3617162173344457
84,soft_escalation,correct,known,dr,0.3828477760532827,0.02989655861487701,0.32425052116812375,0.4414450309384416,0.3617162173344457
85,always_small,correct,known,ipw,0.18901541072521075,0.08782329185692493,0.016881758685637877,0.36114906276478365,0.3077266793681609
85,always_small,correct,known,gcomp,0.3512407788637327,,,,0.3077266793681609
85,always_small,correct,known,dr,0.3978647271007765,0.04046878095077568,0.31854591643725616,0.4771835377642969,0.3077266793681609
85,failure_escalation,correct,known,ipw,0.3485282787755474,0.06913804068845529,0.213017719026175,0.48403883852491975,0.3664395685723932
85,failure_escalation,correct,known,gcomp,0.37656984933979354,,,,0.3664395685723932
85,failure_escalation,correct,known,dr,0.39625527488131485,0.04941759151662157,0.29939679550873655,0.49311375425389314,0.3664395685723932
85,soft_escalation,correct,known,ipw,0.3494275387271878,0.03822787230159664,0.2745009090160584,0.4243541684383172,0.3617162173344457
85,soft_escalation,correct,known,gcomp,0.37530805624392666,,,,0.3617162173344457
85,soft_escalation,correct,known,dr,0.37530401004180974,0.02832750825095214,0.31978209386994355,0.43082592621367594,0.3617162173344457
86,always_small,correct,known,ipw,0.5962708708190004,0.4620876881276654,-0.3094209979112237,1.5019627395492245,0.3077266793681609
86,always_small,correct,known,gcomp,0.2746042471405392,,,,0.3077266793681609
86,always_small,correct,known,dr,0.37685314997854985,0.2289849507390946,-0.07195735347007559,0.8256636534271753,0.3077266793681609
86,failure_escalation,correct,known,ipw,0.42445929948131766,0.07362274621980153,0.28015871689050664,0.5687598820721287,0.3664395685723932
86,failure_escalation,correct,known,gcomp,0.3625925944565062,,,,0.3664395685723932
86,failure_escalation,correct,known,dr,0.3766661685326217,0.05091906332493525,0.27686480441574857,0.4764675326494948,0.3664395685723932
86,soft_escalation,correct,known,ipw,0.37329926137559355,0.04023704362505551,0.2944346558704848,0.4521638668807023,0.3617162173344457
86,soft_escalation,correct,known,gcomp,0.357102312082014,,,,0.3617162173344457
86,soft_escalation,correct,known,dr,0.3519433176422159,0.029301643538408355,0.29451209630693553,0.4093745389774963,0.3617162173344457
87,always_small,correct,known,ipw,0.09304173441822876,0.06007606845528759,-0.02470735975413492,0.21079082859059245,0.3077266793681609
87,always_small,correct,known,gcomp,0.31586568935623704,,,,0.3077266793681609
87,always_small,correct,known,dr,0.34513263864266186,0.05480076320105991,0.23772314276858444,0.4525421345167393,0.3077266793681609
87,failure_escalation,correct,known,ipw,0.35075241080775305,0.06837174475142993,0.21674379109495037,0.48476103052055575,0.3664395685723932
87,failure_escalation,correct,known,gcomp,0.3772675222587485,,,,0.3664395685723932
87,failure_escalation,correct,known,dr,0.35144636028748916,0.05093655118665283,0.25161071996164963,0.4512820006133287,0.3664395685723932
87,soft_escalation,correct,known,ipw,0.3623605257442978,0.03817181365990401,0.2875437709708859,0.43717728051770965,0.3617162173344457
87,soft_escalation,correct,known,gcomp,0.373526740645103,,,,0.3617162173344457
87,soft_escalation,correct,known,dr,0.3600425220818124,0.029367194206769774,0.30248282143654365,0.4176022227270812,0.3617162173344457
88,always_small,correct,known,ipw,0.16899869538324286,0.09586654773603441,-0.01889973817938459,0.35689712894587033,0.3077266793681609
88,always_small,correct,known,gcomp,0.3410029314754256,,,,0.3077266793681609
88,always_small,correct,known,dr,0.3193286026836493,0.06918853810072594,0.18371906800622648,0.45493813736107214,0.3077266793681609
88,failure_escalation,correct,known,ipw,0.3108387014310126,0.06878519690762504,0.17601971549206755,0.4456576873699577,0.3664395685723932
88,failure_escalation,correct,known,gcomp,0.3810342562429213,,,,0.3664395685723932
88,failure_escalation,correct,known,dr,0.3043109270584467,0.05667413031274878,0.1932296316454591,0.4153922224714343,0.3664395685723932
88,soft_escalation,correct,known,ipw,0.33103886541047706,0.03814792202775013,0.2562689382360868,0.4058087925848673,0.3617162173344457
88,soft_escalation,correct,known,gcomp,0.37883065525342247,,,,0.3617162173344457
88,soft_escalation,correct,known,dr,0.32608092536942224,0.032065223235423136,0.2632330878279929,0.3889287629108516,0.3617162173344457
89,always_small,correct,known,ipw,0.11377392714687407,0.05933099162320793,-0.0025148164346134733,0.23006267072836162,0.3077266793681609
89,always_small,correct,known,gcomp,0.3449304504136964,,,,0.3077266793681609
89,always_small,correct,known,dr,0.1613021766744432,0.21438275053590242,-0.25888801437592557,0.5814923677248119,0.3077266793681609
89,failure_escalation,correct,known,ipw,0.3595853225353241,0.07407242512704092,0.21440336928632392,0.5047672757843242,0.3664395685723932
89,failure_escalation,correct,known,gcomp,0.3473292770578506,,,,0.3664395685723932
89,failure_escalation,correct,known,dr,0.3353203640690308,0.05288966381595299,0.23165662298976297,0.43898410514829866,0.3664395685723932
89,soft_escalation,correct,known,ipw,0.35012677493257904,0.04074484131409132,0.2702668859569601,0.429986663908198,0.3617162173344457
89,soft_escalation,correct,known,gcomp,0.3474596398570643,,,,0.3617162173344457
89,soft_escalation,correct,known,dr,0.33928497188083756,0.03037140092005004,0.2797570260775395,0.3988129176841356,0.3617162173344457
90,always_small,correct,known,ipw,0.3023498332159463,0.11444050183885282,0.07804644961179474,0.5266532168200978,0.3077266793681609
90,always_small,correct,known,gcomp,0.28560693784541513,,,,0.3077266793681609
90,always_small,correct,known,dr,0.40665700421998796,0.0721150906803933,0.2653114264864171,0.5480025819535588,0.3077266793681609
90,failure_escalation,correct,known,ipw,0.39944468824014356,0.09152034245003407,0.2200648170380768,0.5788245594422103,0.3664395685723932
90,failure_escalation,correct,known,gcomp,0.37284814853421355,,,,0.3664395685723932
90,failure_escalation,correct,known,dr,0.35517292751585894,0.06906564628695068,0.2198042607934356,0.49054159423828225,0.3664395685723932
90,soft_escalation,correct,known,ipw,0.3767947003282381,0.04991487692459989,0.2789615415560223,0.47462785910045385,0.3617162173344457
90,soft_escalation,correct,known,gcomp,0.3636628096251028,,,,0.3617162173344457
90,soft_escalation,correct,known,dr,0.35730836911437736,0.03855828881584563,0.2817341230353199,0.4328826151934348,0.3617162173344457
91,always_small,correct,known,ipw,1.8513945883509886,1.7133457239378846,-1.5067630305672652,5.209552207269242,0.3077266793681609
91,always_small,correct,known,gcomp,0.33632116108575294,,,,0.3077266793681609
91,always_small,correct,known,dr,1.3240272846439503,1.1230901922700367,-0.8772294922053216,3.525284061493222,0.3077266793681609
91,failure_escalation,correct,known,ipw,0.43962385919828534,0.0825295360805108,0.27786596848048417,0.6013817499160865,0.3664395685723932
91,failure_escalation,correct,known,gcomp,0.3855349633396688,,,,0.3664395685723932
91,failure_escalation,correct,known,dr,0.40125330076400634,0.05516558703836779,0.29312875016880546,0.5093778513592072,0.3664395685723932
91,soft_escalation,correct,known,ipw,0.44692713757946034,0.045581807113457044,0.3575867956370845,0.5362674795218362,0.3617162173344457
91,soft_escalation,correct,known,gcomp,0.3800464076811742,,,,0.3617162173344457
91,soft_escalation,correct,known,dr,0.41198659424071143,0.03193168706494262,0.3494004875934239,0.47457270088799897,0.3617162173344457
92,always_small,correct,known,ipw,0.24922842839867262,0.11319018016680739,0.027375675271730154,0.47108118152561507,0.3077266793681609
92,always_small,correct,known,gcomp,0.3348222049912835,,,,0.3077266793681609
92,always_small,correct,known,dr,0.2733455646970327,0.11945059285422324,0.03922240270275515,0.5074687266913103,0.3077266793681609
92,failure_escalation,correct,known,ipw,0.6411244099956148,0.10336787690111798,0.43852337126942353,0.8437254487218061,0.3664395685723932
92,failure_escalation,correct,known,gcomp,0.3712474951230004,,,,0.3664395685723932
92,failure_escalation,correct,known,dr,0.49365780192557,0.06761778235157924,0.3611269485164747,0.6261886553346654,0.3664395685723932
92,soft_escalation,correct,known,ipw,0.49466870824335046,0.0553002379928044,0.38628024177745385,0.6030571747092471,0.3617162173344457
92,soft_escalation,correct,known,gcomp,0.3686819535288371,,,,0.3617162173344457
92,soft_escalation,correct,known,dr,0.4295172302473831,0.03776123628772779,0.35550520712343664,0.5035292533713296,0.3617162173344457
93,always_small,correct,known,ipw,0.08469734671943614,0.07222663644228661,-0.05686686070744561,0.22626155414631788,0.3077266793681609
93,always_small,correct,known,gcomp,0.3065231865264606,,,,0.3077266793681609
93,always_small,correct,known,dr,-0.11882500261324651,0.28804467024254027,-0.6833925562886254,0.4457425510621324,0.3077266793681609
93,failure_escalation,correct,known,ipw,0.32179937045614,0.07229347541918366,0.18010415863454002,0.46349458227774,0.3664395685723932
93,failure_escalation,correct,known,gcomp,0.35909495836657956,,,,0.3664395685723932
93,failure_escalation,correct,known,dr,0.37035738615873093,0.05051588361784016,0.2713462542677642,0.46936851804969765,0.3664395685723932
93,soft_escalation,correct,known,ipw,0.34696878639640755,0.040527306549321226,0.26753526555973794,0.42640230723307715,0.3617162173344457
93,soft_escalation,correct,known,gcomp,0.353962230031805,,,,0.3617162173344457
93,soft_escalation,correct,known,dr,0.3554131725192884,0.029689895144478107,0.2972209780361113,0.4136053670024655,0.3617162173344457
94,always_small,correct,known,ipw,0.12263639201656364,0.05506517093916613,0.014708656975798026,0.23056412705732926,0.3077266793681609
94,always_small,correct,known,gcomp,0.3260070428093754,,,,0.3077266793681609
94,always_small,correct,known,dr,0.21055984923570978,0.07984964608668585,0.054054542905805525,0.36706515556561403,0.3077266793681609
94,failure_escalation,correct,known,ipw,0.4840460460942838,0.0828052819501284,0.32174769347203214,0.6463443987165355,0.3664395685723932
94,failure_escalation,correct,known,gcomp,0.39346490554227415,,,,0.3664395685723932
94,failure_escalation,correct,known,dr,0.45120540557769984,0.05336231065584935,0.34661527669223513,0.5557955344631645,0.3664395685723932
94,soft_escalation,correct,known,ipw,0.40857621836423763,0.044818345838939865,0.3207322605199155,0.49642017620855977,0.3617162173344457
94,soft_escalation,correct,known,gcomp,0.38735899861484435,,,,0.3617162173344457
94,soft_escalation,correct,known,dr,0.40175889874531306,0.030428904753562722,0.34211824542833014,0.461399552062296,0.3617162173344457
95,always_small,correct,known,ipw,0.18591238010404648,0.08902877004220079,0.011415990821332933,0.36040876938676003,0.3077266793681609
95,always_small,correct,known,gcomp,0.3038458381790317,,,,0.3077266793681609
95,always_small,correct,known,dr,0.22010409030798853,0.07752961130966009,0.06814605214105476,0.37206212847492226,0.3077266793681609
95,failure_escalation,correct,known,ipw,0.3324439291119703,0.0668916147182645,0.20133636426417187,0.4635514939597687,0.3664395685723932
95,failure_escalation,correct,known,gcomp,0.3510475625612841,,,,0.3664395685723932
95,failure_escalation,correct,known,dr,0.33642385112478596,0.04653015655726129,0.24522474427255384,0.4276229579770181,0.3664395685723932
95,soft_escalation,correct,known,ipw,0.34121780786267836,0.03751710685758399,0.26768427842181375,0.41475133730354297,0.3617162173344457
95,soft_escalation,correct,known,gcomp,0.34599643279469555,,,,0.3617162173344457
95,soft_escalation,correct,known,dr,0.3396221735931616,0.027438303396273952,0.28584309893646465,0.39340124824985856,0.3617162173344457
96,always_small,correct,known,ipw,4.6495507110875725,4.439273912655771,-4.051426157717739,13.350527579892884,0.3077266793681609
96,always_small,correct,known,gcomp,0.32029538857429984,,,,0.3077266793681609
96,always_small,correct,known,dr,3.8596520487948056,3.727982401779376,-3.447193458692771,11.166497556282382,0.3077266793681609
96,failure_escalation,correct,known,ipw,0.3068107911716294,0.0693924925321044,0.1708015058087048,0.442820076534554,0.3664395685723932
96,failure_escalation,correct,known,gcomp,0.34814127659075933,,,,0.3664395685723932
96,failure_escalation,correct,known,dr,0.29138169472797515,0.05331800318588455,0.18687840848364146,0.39588498097230884,0.3664395685723932
96,soft_escalation,correct,known,ipw,0.3288794972817672,0.038569732662073815,0.2532828212641025,0.40447617329943186,0.3617162173344457
96,soft_escalation,correct,known,gcomp,0.34565217917815333,,,,0.3617162173344457
96,soft_escalation,correct,known,dr,0.32578087514929616,0.03044287394393058,0.26611284221919224,0.3854489080794001,0.3617162173344457
97,always_small,correct,known,ipw,0.11575715576119143,0.054678661592108206,0.008586979040659345,0.22292733248172353,0.3077266793681609
97,always_small,correct,known,gcomp,0.2922300845558491,,,,0.3077266793681609
97,always_small,correct,known,dr,0.3577140260410653,0.04813616287175441,0.2633671468124266,0.45206090526970394,0.3077266793681609
97,failure_escalation,correct,known,ipw,0.32120506328154896,0.0669419592206214,0.189998823209131,0.45241130335396695,0.3664395685723932
97,failure_escalation,correct,known,gcomp,0.3588183426146041,,,,0.3664395685723932
97,failure_escalation,correct,known,dr,0.3488987004313071,0.047149870800380696,0.25648495366256097,0.44131244720005325,0.3664395685723932
97,soft_escalation,correct,known,ipw,0.34588743862838534,0.03761188762086114,0.2721681388914975,0.4196067383652732,0.3617162173344457
97,soft_escalation,correct,known,gcomp,0.35327888516029127,,,,0.3617162173344457
97,soft_escalation,correct,known,dr,0.35001085886724953,0.027858635624471273,0.29540793304328583,0.40461378469121323,0.3617162173344457
98,always_small,correct,known,ipw,0.11001028500311272,0.08468609526530688,-0.055974461716888746,0.2759950317231142,0.3077266793681609
98,always_small,correct,known,gcomp,0.31613618374484576,,,,0.3077266793681609
98,always_small,correct,known,dr,0.1429883276472051,0.13354160707630053,-0.11875322222234391,0.4047298775167541,0.3077266793681609
98,failure_escalation,correct,known,ipw,0.42910761068424724,0.07811746542271954,0.2759973784557169,0.5822178429127776,0.3664395685723932
98,failure_escalation,correct,known,gcomp,0.35386987697126504,,,,0.3664395685723932
98,failure_escalation,correct,known,dr,0.40502647592200525,0.04579686175990222,0.31526462687259693,0.49478832497141356,0.3664395685723932
98,soft_escalation,correct,known,ipw,0.38283063569455134,0.04273733140464508,0.29906546614144697,0.4665958052476557,0.3617162173344457
98,soft_escalation,correct,known,gcomp,0.34966212221708776,,,,0.3617162173344457
98,soft_escalation,correct,known,dr,0.3760338456642024,0.02689312360822701,0.3233233233920775,0.4287443679363273,0.3617162173344457
99,always_small,correct,known,ipw,0.07896446476201924,0.041303449676705364,-0.0019902966043232745,0.15991922612836174,0.3077266793681609
99,always_small,correct,known,gcomp,0.23455645673967293,,,,0.3077266793681609
99,always_small,correct,known,dr,0.1354677851496954,0.051882896103461904,0.03377730878691007,0.23715826151248073,0.3077266793681609
99,failure_escalation,correct,known,ipw,0.3055147047380089,0.06584853275542725,0.1764515805373715,0.43457782893864627,0.3664395685723932
99,failure_escalation,correct,known,gcomp,0.3404311968129135,,,,0.3664395685723932
99,failure_escalation,correct,known,dr,0.3514033806308927,0.0463687244666413,0.26052068067627576,0.44228608058550967,0.3664395685723932
99,soft_escalation,correct,known,ipw,0.3178265288342475,0.03681145846145918,0.2456760702497875,0.3899769874187075,0.3617162173344457
99,soft_escalation,correct,known,gcomp,0.33403965194923446,,,,0.3617162173344457
99,soft_escalation,correct,known,dr,0.34007928652691705,0.026816813625746505,0.2875183318204539,0.3926402412333802,0.3617162173344457
100,always_small,correct,known,ipw,0.1315190395602342,0.06108388587752049,0.011794623240294039,0.2512434558801744,0.3077266793681609
100,always_small,correct,known,gcomp,0.31404531112831946,,,,0.3077266793681609
100,always_small,correct,known,dr,0.27992930171227737,0.04062499130090536,0.20030431876250288,0.35955428466205186,0.3077266793681609
100,failure_escalation,correct,known,ipw,0.3801307047923482,0.07179256731005554,0.23941727286463932,0.520844136720057,0.3664395685723932
100,failure_escalation,correct,known,gcomp,0.3806345455142853,,,,0.3664395685723932
100,failure_escalation,correct,known,dr,0.33302410399281873,0.051511135042910765,0.23206227930871365,0.4339859286769238,0.3664395685723932
100,soft_escalation,correct,known,ipw,0.3564705321793482,0.039230040349239624,0.27957965309483856,0.43336141126385785,0.3617162173344457
100,soft_escalation,correct,known,gcomp,0.3722406527701005,,,,0.3617162173344457
100,soft_escalation,correct,known,dr,0.3508857280655011,0.02913734769439606,0.29377652658448483,0.4079949295465174,0.3617162173344457
101,always_small,correct,known,ipw,0.29520741811971063,0.20010732390467006,-0.09700293673344268,0.6874177729728639,0.3077266793681609
101,always_small,correct,known,gcomp,0.21856457369751423,,,,0.3077266793681609
101,always_small,correct,known,dr,0.27268904726222426,0.1424798966530044,-0.006571550177664365,0.5519496447021128,0.3077266793681609
101,failure_escalation,correct,known,ipw,0.3100066974440443,0.06910868329283452,0.17455367819008863,0.445459716698,0.3664395685723932
101,failure_escalation,correct,known,gcomp,0.3514723817732232,,,,0.3664395685723932
101,failure_escalation,correct,known,dr,0.3519247545553887,0.05089730388750179,0.2521660389358852,0.4516834701748922,0.3664395685723932
101,soft_escalation,correct,known,ipw,0.3213218496409236,0.03834271096466266,0.2461701361501848,0.3964735631316624,0.3617162173344457
101,soft_escalation,correct,known,gcomp,0.34409452721217154,,,,0.3617162173344457
101,soft_escalation,correct,known,dr,0.3459146694868946,0.029110032948796678,0.2888590049072531,0.4029703340665361,0.3617162173344457
102,always_small,correct,known,ipw,0.12017719495910607,0.053539938813839325,0.015238914883981006,0.22511547503423113,0.3077266793681609
102,always_small,correct,known,gcomp,0.2663931911686098,,,,0.3077266793681609
102,always_small,correct,known,dr,0.23873824438452743,0.04375759455073749,0.15297335906508197,0.3245031297039729,0.3077266793681609
102,failure_escalation,correct,known,ipw,0.44506495017118064,0.07479425219684963,0.2984682158653554,0.591661684477006,0.3664395685723932
102,failure_escalation,correct,known,gcomp,0.35276515779521467,,,,0.3664395685723932
102,failure_escalation,correct,known,dr,0.35817129813152315,0.05740384634641133,0.24565975929255696,0.47068283697048935,0.3664395685723932
102,soft_escalation,correct,known,ipw,0.39201144624021317,0.04098552994611488,0.311679807545828,0.4723430849345983,0.3617162173344457
102,soft_escalation,correct,known,gcomp,0.35048051894530446,,,,0.3617162173344457
102,soft_escalation,correct,known,dr,0.352991544790904,0.03196447031155526,0.2903411829802557,0.4156419066015523,0.3617162173344457
103,always_small,correct,known,ipw,0.07188760106652098,0.043584175901906705,-0.013537383701216155,0.1573125858342581,0.3077266793681609
103,always_small,correct,known,gcomp,0.3227034717604187,,,,0.3077266793681609
103,always_small,correct,known,dr,-0.1809773055138637,0.38945821838707334,-0.9443154135525275,0.5823608025248,0.3077266793681609
103,failure_escalation,correct,known,ipw,0.35344984847208955,0.06891178912274137,0.21838274179151645,0.48851695515266264,0.3664395685723932
103,failure_escalation,correct,known,gcomp,0.356331792855127,,,,0.3664395685723932
103,failure_escalation,correct,known,dr,0.36695033998693194,0.05226410464650596,0.26451269487978024,0.46938798509408364,0.3664395685723932
103,soft_escalation,correct,known,ipw,0.3539251488711922,0.03803197902807988,0.2793824699761556,0.42846782776622877,0.3617162173344457
103,soft_escalation,correct,known,gcomp,0.3530260793427339,,,,0.3617162173344457
103,soft_escalation,correct,known,dr,0.3561141994270524,0.030053766932443108,0.29720881623946394,0.4150195826146409,0.3617162173344457
104,always_small,correct,known,ipw,0.36967742475942883,0.24309215036605392,-0.10678318995803682,0.8461380394768945,0.3077266793681609
104,always_small,correct,known,gcomp,0.35461317231353967,,,,0.3077266793681609
104,always_small,correct,known,dr,0.3792493165665084,0.4214241160077175,-0.4467419508086179,1.2052405839416347,0.3077266793681609
104,failure_escalation,correct,known,ipw,0.4828631302605284,0.08801047652494103,0.310362596271644,0.6553636642494128,0.3664395685723932
104,failure_escalation,correct,known,gcomp,0.3769601155503967,,,,0.3664395685723932
104,failure_escalation,correct,known,dr,0.4030803193487873,0.060031845987681944,0.2854179012129307,0.520742737484644,0.3664395685723932
104,soft_escalation,correct,known,ipw,0.42372664814740074,0.04793413863128137,0.3297757364300893,0.5176775598647122,0.3617162173344457
104,soft_escalation,correct,known,gcomp,0.37418996446391883,,,,0.3617162173344457
104,soft_escalation,correct,known,dr,0.39110682441310896,0.033821273388964686,0.3248171285707382,0.4573965202554797,0.3617162173344457
105,always_small,correct,known,ipw,0.14147917703911844,0.060597052998336655,0.0227089531623786,0.2602494009158583,0.3077266793681609
105,always_small,correct,known,gcomp,0.3578718938081317,,,,0.3077266793681609
105,always_small,correct,known,dr,0.22659943105286728,0.09059956372037789,0.04902428616092663,0.40417457594480793,0.3077266793681609
105,failure_escalation,correct,known,ipw,0.6173476900130551,0.09513986034955513,0.43087356372792707,0.8038218162981832,0.3664395685723932
105,failure_escalation,correct,known,gcomp,0.393861863563158,,,,0.3664395685723932
105,failure_escalation,correct,known,dr,0.5301761298190614,0.05789672409893683,0.4166985505851452,0.6436537090529776,0.3664395685723932
105,soft_escalation,correct,known,ipw,0.5005709282822252,0.05120824796815087,0.40020276226464946,0.6009390942998009,0.3617162173344457
105,soft_escalation,correct,known,gcomp,0.3901694682630407,,,,0.3617162173344457
105,soft_escalation,correct,known,dr,0.4470107322127481,0.0330906878966496,0.3821529839353149,0.5118684804901813,0.3617162173344457
106,always_small,correct,known,ipw,0.051178432113632925,0.03617654346479913,-0.019727593077373366,0.12208445730463921,0.3077266793681609
106,always_small,correct,known,gcomp,0.25926544604907703,,,,0.3077266793681609
106,always_small,correct,known,dr,-0.26658500917228717,0.3236289219583538,-0.9008976962106605,0.36772767786608623,0.3077266793681609
106,failure_escalation,correct,known,ipw,0.2581112544836241,0.06735854373506381,0.12608850876289904,0.3901340002043492,0.3664395685723932
106,failure_escalation,correct,known,gcomp,0.34374816093409133,,,,0.3664395685723932
106,failure_escalation,correct,known,dr,0.316516837363183,0.05075154395368799,0.2170438112139545,0.41598986351241146,0.3664395685723932
106,soft_escalation,correct,known,ipw,0.29599945076342865,0.03763944229156805,0.22222614387195527,0.36977275765490203,0.3617162173344457
106,soft_escalation,correct,known,gcomp,0.338758699866316,,,,0.3617162173344457
106,soft_escalation,correct,known,dr,0.31674790696808813,0.029298021021964184,0.25932378576503834,0.3741720281711379,0.3617162173344457
107,always_small,correct,known,ipw,0.2351301678585843,0.1829286853343047,-0.12341005539665292,0.5936703911138215,0.3077266793681609
107,always_small,correct,known,gcomp,0.28311597225596175,,,,0.3077266793681609
107,always_small,correct,known,dr,0.24948832466623866,0.17772193913248172,-0.0988466760334255,0.5978233253659029,0.3077266793681609
107,failure_escalation,correct,known,ipw,0.2627450380846758,0.062409439309088606,0.14042253703886215,0.38506753913048947,0.3664395685723932
107,failure_escalation,correct,known,gcomp,0.3445615919314112,,,,0.3664395685723932
107,failure_escalation,correct,known,dr,0.3192478310964365,0.0443972070242483,0.23222930532890984,0.4062663568639632,0.3664395685723932
107,soft_escalation,correct,known,ipw,0.3113340476573153,0.03597786049247474,0.24081744109206482,0.3818506542225658,0.3617162173344457
107,soft_escalation,correct,known,gcomp,0.3418203370349465,,,,0.3617162173344457
107,soft_escalation,correct,known,dr,0.3321935216386831,0.027048226219802355,0.2791789982478705,0.3852080450294957,0.3617162173344457
108,always_small,correct,known,ipw,0.25913620011317445,0.14135383862141024,-0.01791732358478959,0.5361897238111385,0.3077266793681609
108,always_small,correct,known,gcomp,0.2937590554932201,,,,0.3077266793681609
108,always_small,correct,known,dr,0.30936031157120997,0.12775449341893633,0.058961504470094794,0.5597591186723252,0.3077266793681609
108,failure_escalation,correct,known,ipw,0.3033495571593584,0.06671690717045417,0.17258441910526823,0.4341146952134486,0.3664395685723932
108,failure_escalation,correct,known,gcomp,0.3575777852754406,,,,0.3664395685723932
108,failure_escalation,correct,known,dr,0.34669099687005506,0.048133625616877,0.2523490906609761,0.441032903079134,0.3664395685723932
108,soft_escalation,correct,known,ipw,0.3302049725715281,0.037445844197194975,0.2568111179450259,0.40359882719803025,0.3617162173344457
108,soft_escalation,correct,known,gcomp,0.3533983401379816,,,,0.3617162173344457
108,soft_escalation,correct,known,dr,0.34361621668185316,0.028218654082979813,0.2883076546792127,0.3989247786844936,0.3617162173344457
109,always_small,correct,known,ipw,0.2551538892069682,0.09308623376976898,0.07270487101822101,0.4376029073957154,0.3077266793681609
109,always_small,correct,known,gcomp,0.296886615432873,,,,0.3077266793681609
109,always_small,correct,known,dr,0.34578913451496285,0.07056502101588372,0.20748169332383076,0.48409657570609493,0.3077266793681609
109,failure_escalation,correct,known,ipw,0.2395827267108106,0.06304923278670256,0.11600623044887358,0.3631592229727476,0.3664395685723932
109,failure_escalation,correct,known,gcomp,0.3572086644905412,,,,0.3664395685723932
109,failure_escalation,correct,known,dr,0.2852973846023404,0.04933630924831057,0.18859821847565167,0.3819965507290291,0.3664395685723932
109,soft_escalation,correct,known,ipw,0.29219623221960317,0.03551373488161433,0.2225893118516391,0.36180315258756723,0.3617162173344457
109,soft_escalation,correct,known,gcomp,0.3511605039791512,,,,0.3617162173344457
109,soft_escalation,correct,known,dr,0.3007734744127109,0.028868546956622207,0.24419112237773138,0.35735582644769043,0.3617162173344457
110,always_small,correct,known,ipw,0.35050169013066224,0.17881557275629606,2.3167528321987874e-05,0.7009802127330025,0.3077266793681609
110,always_small,correct,known,gcomp,0.3256358095290876,,,,0.3077266793681609
110,always_small,correct,known,dr,0.25059217851175547,0.17972385719145134,-0.10166658158348918,0.6028509386070001,0.3077266793681609
110,failure_escalation,correct,known,ipw,0.3773491258827848,0.07085898209279039,0.23846552098091564,0.5162327307846539,0.3664395685723932
110,failure_escalation,correct,known,gcomp,0.38848487802183534,,,,0.3664395685723932
110,failure_escalation,correct,known,dr,0.4288518169273407,0.04365597944464802,0.3432860972158306,0.5144175366388508,0.3664395685723932
110,soft_escalation,correct,known,ipw,0.37188706073009903,0.03891334698242743,0.29561690064454127,0.4481572208156568,0.3617162173344457
110,soft_escalation,correct,known,gcomp,0.3827067882278137,,,,0.3617162173344457
110,soft_escalation,correct,known,dr,0.39439318757850933,0.025934910725016348,0.3435607625574773,0.44522561259954135,0.3617162173344457
111,always_small,correct,known,ipw,0.08291380026786901,0.03908121275493428,0.00631462326819783,0.1595129772675402,0.3077266793681609
111,always_small,correct,known,gcomp,0.3218903545069764,,,,0.3077266793681609
111,always_small,correct,known,dr,0.24082188008890568,0.07597069041982636,0.09191932686604601,0.3897244333117653,0.3077266793681609
111,failure_escalation,correct,known,ipw,0.3989587093353132,0.07442281118756526,0.2530899994076853,0.5448274192629411,0.3664395685723932
111,failure_escalation,correct,known,gcomp,0.37290791015671415,,,,0.3664395685723932
111,failure_escalation,correct,known,dr,0.4210668305411268,0.047296904090531416,0.3283648985236852,0.5137687625585684,0.3664395685723932
111,soft_escalation,correct,known,ipw,0.3946450294842819,0.04099387921639574,0.3142970262201462,0.47499303274841753,0.3617162173344457
111,soft_escalation,correct,known,gcomp,0.36890976013558746,,,,0.3617162173344457
111,soft_escalation,correct,known,dr,0.39724819228503977,0.027800087188208464,0.3427600213961512,0.45173636317392835,0.3617162173344457
112,always_small,correct,known,ipw,0.12988742585061347,0.07301643176243937,-0.013224780403767677,0.2729996321049946,0.3077266793681609
112,always_small,correct,known,gcomp,0.28255771423220444,,,,0.3077266793681609
112,always_small,correct,known,dr,0.30770243792944296,0.12605647554866814,0.060631745854053426,0.5547731300048325,0.3077266793681609
112,failure_escalation,correct,known,ipw,0.40777217214322475,0.07758922966813231,0.25569728199368547,0.559847062292764,0.3664395685723932
112,failure_escalation,correct,known,gcomp,0.3573686066676802,,,,0.3664395685723932
112,failure_escalation,correct,known,dr,0.3676385208940828,0.052774343119923725,0.26420080837903226,0.4710762334091333,0.3664395685723932
112,soft_escalation,correct,known,ipw,0.37402292400407366,0.0425772460851131,0.290571521677252,0.45747432633089535,0.3617162173344457
112,soft_escalation,correct,known,gcomp,0.3539516682120837,,,,0.3617162173344457
112,soft_escalation,correct,known,dr,0.3528125720561501,0.03046502163161148,0.2931011296581916,0.4125240144541086,0.3617162173344457
113,always_small,correct,known,ipw,0.11845842502626736,0.06221451783560673,-0.0034820299315218295,0.24039887998405654,0.3077266793681609
113,always_small,correct,known,gcomp,0.33105402397113615,,,,0.3077266793681609
113,always_small,correct,known,dr,0.309212024294004,0.045910464961050695,0.21922751297034465,0.3991965356176634,0.3077266793681609
113,failure_escalation,correct,known,ipw,0.39746042136270165,0.08260490634618146,0.23555480492418598,0.5593660378012173,0.3664395685723932
113,failure_escalation,correct,known,gcomp,0.36510128018853005,,,,0.3664395685723932
113,failure_escalation,correct,known,dr,0.37774610305288026,0.055514810657878874,0.26893707416343765,0.48655513194232286,0.3664395685723932
113,soft_escalation,correct,known,ipw,0.3861615111135305,0.045381363442901834,0.2972140387654429,0.47510898346161806,0.3617162173344457
113,soft_escalation,correct,known,gcomp,0.3624493561516371,,,,0.3617162173344457
113,soft_escalation,correct,known,dr,0.3769283040806446,0.031835208684286964,0.31453129505944216,0.439325313101847,0.3617162173344457
114,always_small,correct,known,ipw,0.1271368740373973,0.07347920856115572,-0.016882374742467926,0.27115612281726253,0.3077266793681609
114,always_small,correct,known,gcomp,0.32667784712611336,,,,0.3077266793681609
114,always_small,correct,known,dr,0.2230844507604855,0.08845393780255026,0.049714732667486994,0.396454168853484,0.3077266793681609
114,failure_escalation,correct,known,ipw,0.3552650755468979,0.06840654085453166,0.22118825547201587,0.48934189562177993,0.3664395685723932
114,failure_escalation,correct,known,gcomp,0.34185330765500627,,,,0.3664395685723932
114,failure_escalation,correct,known,dr,0.3686755578744919,0.048513490820374976,0.273589115866557,0.46376199988242683,0.3664395685723932
114,soft_escalation,correct,known,ipw,0.34928555633330477,0.037762355449418215,0.2752713396524451,0.42329977301416444,0.3617162173344457
114,soft_escalation,correct,known,gcomp,0.3413831960849712,,,,0.3617162173344457
114,soft_escalation,correct,known,dr,0.35364377447496387,0.028114984555081293,0.29853840474700455,0.4087491442029232,0.3617162173344457
115,always_small,correct,known,ipw,0.31876862469923356,0.2138508114732921,-0.10037896578841893,0.7379162151868861,0.3077266793681609
115,always_small,correct,known,gcomp,0.3177922704063988,,,,0.3077266793681609
115,always_small,correct,known,dr,0.37428377226942544,0.13918948247159155,0.10147238662510599,0.647095157913745,0.3077266793681609
115,failure_escalation,correct,known,ipw,0.40340909978270234,0.07708572602540492,0.2523210767729087,0.554497122792496,0.3664395685723932
115,failure_escalation,correct,known,gcomp,0.38585499715777405,,,,0.3664395685723932
115,failure_escalation,correct,known,dr,0.39288246560418566,0.052767032034642766,0.28945908281628585,0.49630584839208547,0.3664395685723932
115,soft_escalation,correct,known,ipw,0.37479153840904933,0.04194511613317535,0.2925791107880257,0.457003966030073,0.3617162173344457
115,soft_escalation,correct,known,gcomp,0.37811274243191934,,,,0.3617162173344457
115,soft_escalation,correct,known,dr,0.3765239604494165,0.030087966382314507,0.3175515463400801,0.4354963745587529,0.3617162173344457
116,always_small,correct,known,ipw,0.11080987060734615,0.05605399786866019,0.000944034784772188,0.22067570642992013,0.3077266793681609
116,always_small,correct,known,gcomp,0.276793429824174,,,,0.3077266793681609
116,always_small,correct,known,dr,0.22711970241709786,0.06551833372680808,0.09870376831255401,0.3555356365216417,0.3077266793681609
116,failure_escalation,correct,known,ipw,0.36571609804903915,0.07474308987724461,0.21921964188963972,0.5122125542084386,0.3664395685723932
116,failure_escalation,correct,known,gcomp,0.3738018777716969,,,,0.3664395685723932
116,failure_escalation,correct,known,dr,0.33146028875245903,0.05325230466659704,0.22708577160592883,0.43583480589898926,0.3664395685723932
116,soft_escalation,correct,known,ipw,0.35708968032778776,0.04121475451167322,0.27630876148490824,0.4378705991706673,0.3617162173344457
116,soft_escalation,correct,known,gcomp,0.3619634665149768,,,,0.3617162173344457
116,soft_escalation,correct,known,dr,0.3353164673222358,0.030636807392166666,0.27526832483358915,0.39536460981088245,0.3617162173344457
117,always_small,correct,known,ipw,0.027580424939697052,0.019495799312359074,-0.010631341712526731,0.06579219159192083,0.3077266793681609
117,always_small,correct,known,gcomp,0.2958531118106904,,,,0.3077266793681609
117,always_small,correct,known,dr,0.12343034235166987,0.07287004210707876,-0.019394940178204492,0.26625562488154425,0.3077266793681609
117,failure_escalation,correct,known,ipw,0.3486519177555824,0.06716067071662436,0.21701700315099867,0.4802868323601661,0.3664395685723932
117,failure_escalation,correct,known,gcomp,0.3500642363645111,,,,0.3664395685723932
117,failure_escalation,correct,known,dr,0.3887933655854505,0.04231026015013646,0.30586525569118306,0.471721475479718,0.3664395685723932
117,soft_escalation,correct,known,ipw,0.33780914424605885,0.0369965250861962,0.2652959550771143,0.4103223334150034,0.3617162173344457
117,soft_escalation,correct,known,gcomp,0.34751151052419754,,,,0.3617162173344457
117,soft_escalation,correct,known,dr,0.3738782968103827,0.024961038480915004,0.3249546613877893,0.42280193223297613,0.3617162173344457
118,always_small,correct,known,ipw,0.11280107949022676,0.053545331097876736,0.007852230538388363,0.21774992844206514,0.3077266793681609
118,always_small,correct,known,gcomp,0.30794823885548417,,,,0.3077266793681609
118,always_small,correct,known,dr,0.2503695014063317,0.12391316124319773,0.007499705369664128,0.4932392974429992,0.3077266793681609
118,failure_escalation,correct,known,ipw,0.5257622188485885,0.09404322237029641,0.34143750300280756,0.7100869346943695,0.3664395685723932
118,failure_escalation,correct,known,gcomp,0.38905550059051075,,,,0.3664395685723932
118,failure_escalation,correct,known,dr,0.4342445066440697,0.059197110045655234,0.3182181709545855,0.550270842333554,0.3664395685723932
118,soft_escalation,correct,known,ipw,0.46419826986367607,0.05122588305296818,0.36379553907985845,0.5646010006474937,0.3617162173344457
118,soft_escalation,correct,known,gcomp,0.38206772927668053,,,,0.3617162173344457
118,soft_escalation,correct,known,dr,0.3985385335237409,0.03399844070189058,0.3319015897480354,0.4651754772994464,0.3617162173344457
119,always_small,correct,known,ipw,0.14179931648539082,0.07081895817443393,0.0029941584635003182,0.2806044745072813,0.3077266793681609
119,always_small,correct,known,gcomp,0.31663218572427815,,,,0.3077266793681609
119,always_small,correct,known,dr,0.19672513841720363,0.09897516649975087,0.0027338120776919383,0.3907164647567153,0.3077266793681609
119,failure_escalation,correct,known,ipw,0.32694443616907043,0.07094765887320088,0.1878870247775967,0.4660018475605442,0.3664395685723932
119,failure_escalation,correct,known,gcomp,0.362051325264837,,,,0.3664395685723932
119,failure_escalation,correct,known,dr,0.2869846586212065,0.05109356051390141,0.18684128001395972,0.38712803722845324,0.3664395685723932
119,soft_escalation,correct,known,ipw,0.3496253974145358,0.03958210871829595,0.27204446432667573,0.42720633050239587,0.3617162173344457
119,soft_escalation,correct,known,gcomp,0.3561730883847419,,,,0.3617162173344457
119,soft_escalation,correct,known,dr,0.3270740711160476,0.029648183321778734,0.26896363180536126,0.3851845104267339,0.3617162173344457
120,always_small,correct,known,ipw,0.03937942852666499,0.02906040462295461,-0.017578964534326044,0.09633782158765603,0.3077266793681609
120,always_small,correct,known,gcomp,0.26829350910622357,,,,0.3077266793681609
120,always_small,correct,known,dr,0.24095068164433514,0.04837314987806852,0.14613930788332086,0.3357620554053494,0.3077266793681609
120,failure_escalation,correct,known,ipw,0.313766634772795,0.0644016412069474,0.18753941800717808,0.43999385153841186,0.3664395685723932
120,failure_escalation,correct,known,gcomp,0.36177133063366707,,,,0.3664395685723932
120,failure_escalation,correct,known,dr,0.3393079192312336,0.04883459024363341,0.24359212235371214,0.43502371610875507,0.3664395685723932
120,soft_escalation,correct,known,ipw,0.3262509724134264,0.035883447117168246,0.2559194160637766,0.39658252876307615,0.3617162173344457
120,soft_escalation,correct,known,gcomp,0.35400454520214136,,,,0.3617162173344457
120,soft_escalation,correct,known,dr,0.34397220670307,0.02812984687097814,0.28883770683595283,0.39910670657018715,0.3617162173344457
121,always_small,correct,known,ipw,0.9763067199074023,0.7340794868446571,-0.4624890743081256,2.41510251412293,0.3077266793681609
121,always_small,correct,known,gcomp,0.3379046702447577,,,,0.3077266793681609
121,always_small,correct,known,dr,1.0207447267039491,0.649335343142488,-0.25195254585532734,2.2934419992632256,0.3077266793681609
121,failure_escalation,correct,known,ipw,0.43401295428588416,0.08326079135074159,0.27082180323843064,0.5972041053333377,0.3664395685723932
121,failure_escalation,correct,known,gcomp,0.34587565940291,,,,0.3664395685723932
121,failure_escalation,correct,known,dr,0.4091749927075707,0.05798200697903611,0.2955302590286599,0.5228197263864814,0.3664395685723932
121,soft_escalation,correct,known,ipw,0.3831008821681237,0.045880801938370956,0.2931745103689166,0.4730272539673308,0.3617162173344457
121,soft_escalation,correct,known,gcomp,0.345561013662245,,,,0.3617162173344457
121,soft_escalation,correct,known,dr,0.3732990288132687,0.033200560938599556,0.3082259293736136,0.4383721282529238,0.3617162173344457
122,always_small,correct,known,ipw,0.3326445852478682,0.1490300235068591,0.04054573917442439,0.624743431321312,0.3077266793681609
122,always_small,correct,known,gcomp,0.37135750620269353,,,,0.3077266793681609
122,always_small,correct,known,dr,0.4877900853798898,0.06495038181678923,0.36048733701898295,0.6150928337407967,0.3077266793681609
122,failure_escalation,correct,known,ipw,0.315479894894783,0.07727820986046666,0.16401460356826836,0.46694518622129766,0.3664395685723932
122,failure_escalation,correct,known,gcomp,0.3545655767218648,,,,0.3664395685723932
122,failure_escalation,correct,known,dr,0.35262966864651824,0.05496697102620451,0.2448944054351574,0.4603649318578791,0.3664395685723932
122,soft_escalation,correct,known,ipw,0.33340599540902915,0.04244719044741249,0.2502095021321007,0.4166024886859576,0.3617162173344457
122,soft_escalation,correct,known,gcomp,0.3549729606283306,,,,0.3617162173344457
122,soft_escalation,correct,known,dr,0.346226585085668,0.03139863779341607,0.2846852550105725,0.4077679151607635,0.3617162173344457
123,always_small,correct,known,ipw,0.29195042568761587,0.15511886215938525,-0.012082544144779217,0.5959833955200109,0.3077266793681609
123,always_small,correct,known,gcomp,0.28371625959017727,,,,0.3077266793681609
123,always_small,correct,known,dr,0.38779004359878505,0.08489222025126301,0.22140129190630956,0.5541787952912606,0.3077266793681609
123,failure_escalation,correct,known,ipw,0.29581562162420666,0.06468517779732805,0.16903267314144368,0.42259857010696966,0.3664395685723932
123,failure_escalation,correct,known,gcomp,0.3238015442001179,,,,0.3664395685723932
123,failure_escalation,correct,known,dr,0.31566896182622856,0.044434483841697486,0.22857737349650148,0.40276055015595563,0.3664395685723932
123,soft_escalation,correct,known,ipw,0.3178819502754982,0.03633879651645221,0.24665790910325186,0.38910599144774455,0.3617162173344457
123,soft_escalation,correct,known,gcomp,0.32352933998980204,,,,0.3617162173344457
123,soft_escalation,correct,known,dr,0.32381582195105085,0.02648815643205121,0.2718990353442305,0.3757326085578712,0.3617162173344457
124,always_small,correct,known,ipw,0.21026643863018013,0.10591513369730847,0.0026727765834555217,0.4178601006769047,0.3077266793681609
124,always_small,correct,known,gcomp,0.32104194297968297,,,,0.3077266793681609
124,always_small,correct,known,dr,0.3181771064403082,0.08267851203670294,0.15612722284837047,0.480226990032246,0.3077266793681609
124,failure_escalation,correct,known,ipw,0.35292596768950096,0.07025131050654777,0.21523339909666733,0.4906185362823346,0.3664395685723932
124,failure_escalation,correct,known,gcomp,0.3954886572768922,,,,0.3664395685723932
124,failure_escalation,correct,known,dr,0.3538193535864936,0.04869947886184788,0.2583683750172717,0.44927033215571544,0.3664395685723932
124,soft_escalation,correct,known,ipw,0.37511864089687835,0.03896098642361619,0.2987551075065906,0.4514821742871661,0.3617162173344457
124,soft_escalation,correct,known,gcomp,0.38683677334698086,,,,0.3617162173344457
124,soft_escalation,correct,known,dr,0.369172659825674,0.02853677674943692,0.31324057739677763,0.42510474225457034,0.3617162173344457
125,always_small,correct,known,ipw,0.31343816696737237,0.2000537980155548,-0.07866727714311506,0.7055436110778598,0.3077266793681609
125,always_small,correct,known,gcomp,0.30831012283840836,,,,0.3077266793681609
125,always_small,correct,known,dr,0.381136445434813,0.17290603430535753,0.04224061819631225,0.7200322726733137,0.3077266793681609
125,failure_escalation,correct,known,ipw,0.33354063490874714,0.07128591620547539,0.19382023914601537,0.4732610306714789,0.3664395685723932
125,failure_escalation,correct,known,gcomp,0.3597924374241838,,,,0.3664395685723932
125,failure_escalation,correct,known,dr,0.34565405972925767,0.053787905210416175,0.24022976551684197,0.4510783539416734,0.3664395685723932
125,soft_escalation,correct,known,ipw,0.32786786656242795,0.0392259068917163,0.250985089054664,0.4047506440701919,0.3617162173344457
125,soft_escalation,correct,known,gcomp,0.35623801209750455,,,,0.3617162173344457
125,soft_escalation,correct,known,dr,0.3376443711914529,0.03079640611716863,0.2772834152018024,0.39800532718110343,0.3617162173344457
126,always_small,correct,known,ipw,0.2875281884120466,0.12649557067872083,0.03959686988175376,0.5354595069423393,0.3077266793681609
126,always_small,correct,known,gcomp,0.3042455607653994,,,,0.3077266793681609
126,always_small,correct,known,dr,-0.1574000386567376,0.42499103835004104,-0.990382473822818,0.6755823965093428,0.3077266793681609
126,failure_escalation,correct,known,ipw,0.34096689108092826,0.07306581138132968,0.19775790077352207,0.48417588138833445,0.3664395685723932
126,failure_escalation,correct,known,gcomp,0.350898962904507,,,,0.3664395685723932
126,failure_escalation,correct,known,dr,0.3525011491388373,0.05617192290832572,0.2424041802385189,0.4625981180391557,0.3664395685723932
126,soft_escalation,correct,known,ipw,0.3528179823715787,0.04048256682361527,0.27347215139729275,0.4321638133458646,0.3617162173344457
126,soft_escalation,correct,known,gcomp,0.3489034105173587,,,,0.3617162173344457
126,soft_escalation,correct,known,dr,0.34727797552094825,0.03220656865576342,0.28415310095565194,0.41040285008624455,0.3617162173344457
127,always_small,correct,known,ipw,0.3266590471149897,0.20118644183956372,-0.06766637889055516,0.7209844731205346,0.3077266793681609
127,always_small,correct,known,gcomp,0.32170076075469856,,,,0.3077266793681609
127,always_small,correct,known,dr,0.7251317458434857,0.361694092435454,0.016211324669995975,1.4340521670169755,0.3077266793681609
127,failure_escalation,correct,known,ipw,0.4221204338415055,0.0824813852090648,0.2604569188317385,0.5837839488512725,0.3664395685723932
127,failure_escalation,correct,known,gcomp,0.39622519938073175,,,,0.3664395685723932
127,failure_escalation,correct,known,dr,0.4321756114183787,0.05340532051066326,0.3275011832174787,0.5368500396192787,0.3664395685723932
127,soft_escalation,correct,known,ipw,0.40555878453337313,0.044847646459196776,0.3176573974733474,0.49346017159339883,0.3617162173344457
127,soft_escalation,correct,known,gcomp,0.39049178207005814,,,,0.3617162173344457
127,soft_escalation,correct,known,dr,0.41496576529766827,0.030554833413938044,0.3550782918063497,0.47485323878898683,0.3617162173344457
128,always_small,correct,known,ipw,0.3426007406944903,0.1947870059921565,-0.039181791050136416,0.724383272439117,0.3077266793681609
128,always_small,correct,known,gcomp,0.3011305078220909,,,,0.3077266793681609
128,always_small,correct,known,dr,0.3030168018830775,0.15749930259025294,-0.005681831193818265,0.6117154349599733,0.3077266793681609
128,failure_escalation,correct,known,ipw,0.2167324783826967,0.05707218567325295,0.10487099446312093,0.3285939623022725,0.3664395685723932
128,failure_escalation,correct,known,gcomp,0.36828341780456125,,,,0.3664395685723932
128,failure_escalation,correct,known,dr,0.3360954842849458,0.038451738372081636,0.26073007707566576,0.4114608914942258,0.3664395685723932
128,soft_escalation,correct,known,ipw,0.2853831750598048,0.032755976143055476,0.2211814618194161,0.3495848883001935,0.3617162173344457
128,soft_escalation,correct,known,gcomp,0.36306637895542604,,,,0.3617162173344457
128,soft_escalation,correct,known,dr,0.35369775979290685,0.023642053020856996,0.30735933587202713,0.4000361837137866,0.3617162173344457
129,always_small,correct,known,ipw,0.3220038586399301,0.13412445068852227,0.05911993529042642,0.5848877819894338,0.3077266793681609
129,always_small,correct,known,gcomp,0.3620581594920967,,,,0.3077266793681609
129,always_small,correct,known,dr,-0.8475434569089778,1.3292656344201463,-3.4529041003724643,1.757817186554509,0.3077266793681609
129,failure_escalation,correct,known,ipw,0.39444540077334456,0.07680609828875253,0.24390544812738962,0.5449853534192994,0.3664395685723932
129,failure_escalation,correct,known,gcomp,0.3599993382379735,,,,0.3664395685723932
129,failure_escalation,correct,known,dr,0.40067178354783356,0.05039568537623051,0.3018962402104218,0.49944732688524535,0.3664395685723932
129,soft_escalation,correct,known,ipw,0.3718203502350049,0.04190549819626355,0.28968557377032833,0.4539551266996815,0.3617162173344457
129,soft_escalation,correct,known,gcomp,0.3596852677765632,,,,0.3617162173344457
129,soft_escalation,correct,known,dr,0.3784744412614727,0.029065445567570587,0.32150616794903436,0.4354427145739111,0.3617162173344457
130,always_small,correct,known,ipw,0.09920293002284239,0.047333241738402344,0.006429776215573793,0.191976083830111,0.3077266793681609
130,always_small,correct,known,gcomp,0.29389325986185727,,,,0.3077266793681609
130,always_small,correct,known,dr,-0.22399337721176085,0.24486320892466037,-0.7039252667040952,0.2559385122805735,0.3077266793681609
130,failure_escalation,correct,known,ipw,0.4117071512876462,0.07614057773086316,0.26247161893515436,0.560942683640138,0.3664395685723932
130,failure_escalation,correct,known,gcomp,0.3885327236008487,,,,0.3664395685723932
130,failure_escalation,correct,known,dr,0.42992459324007437,0.047680918232584905,0.336469993504208,0.5233791929759408,0.3664395685723932
130,soft_escalation,correct,known,ipw,0.40515566929542685,0.042475230532535886,0.32190421745165654,0.48840712113919715,0.3617162173344457
130,soft_escalation,correct,known,gcomp,0.3791803420469646,,,,0.3617162173344457
130,soft_escalation,correct,known,dr,0.41170779663363266,0.02825493576831411,0.356328122527737,0.46708747073952833,0.3617162173344457
131,always_small,correct,known,ipw,0.18602825190324362,0.09112340528498565,0.007426377544671764,0.36463012626181546,0.3077266793681609
131,always_small,correct,known,gcomp,0.28282139400274,,,,0.3077266793681609
131,always_small,correct,known,dr,0.3211847817886312,0.07399415243810575,0.17615624300994392,0.46621332056731846,0.3077266793681609
131,failure_escalation,correct,known,ipw,0.376882482108237,0.06919334411622673,0.2412635276404326,0.5125014365760414,0.3664395685723932
131,failure_escalation,correct,known,gcomp,0.36059643186310786,,,,0.3664395685723932
131,failure_escalation,correct,known,dr,0.34588096280696135,0.04663878676703483,0.25446894074357307,0.4372929848703496,0.3664395685723932
131,soft_escalation,correct,known,ipw,0.3521685233363637,0.03822097017713317,0.2772554217891827,0.42708162488354473,0.3617162173344457
131,soft_escalation,correct,known,gcomp,0.3551146906366375,,,,0.3617162173344457
131,soft_escalation,correct,known,dr,0.3423343989504446,0.027204919120123173,0.28901275747500316,0.39565604042588604,0.3617162173344457
132,always_small,correct,known,ipw,0.8035060035533134,0.42884114881540975,-0.03702264812488976,1.6440346552315166,0.3077266793681609
132,always_small,correct,known,gcomp,0.30645643240085374,,,,0.3077266793681609
132,always_small,correct,known,dr,0.7325538326199948,0.26099340688386446,0.22100675512762047,1.2441009101123692,0.3077266793681609
132,failure_escalation,correct,known,ipw,0.40709458899309736,0.07584450655513249,0.25843935614503766,0.5557498218411571,0.3664395685723932
132,failure_escalation,correct,known,gcomp,0.34594568917846813,,,,0.3664395685723932
132,failure_escalation,correct,known,dr,0.4069184054153084,0.04739504573535643,0.3140241157740098,0.49981269505660697,0.3664395685723932
132,soft_escalation,correct,known,ipw,0.3737779266411956,0.04189378705939234,0.2916661040047866,0.45588974927760456,0.3617162173344457
132,soft_escalation,correct,known,gcomp,0.3437568556011899,,,,0.3617162173344457
132,soft_escalation,correct,known,dr,0.36887145159219864,0.028240429995555486,0.3135202088009099,0.42422269438348736,0.3617162173344457
133,always_small,correct,known,ipw,0.1604112535314262,0.08025366384383233,0.00311407239751485,0.3177084346653376,0.3077266793681609
133,always_small,correct,known,gcomp,0.326818819911242,,,,0.3077266793681609
133,always_small,correct,known,dr,0.3934506657300694,0.05610217242159521,0.2834904077837428,0.5034109236763961,0.3077266793681609
133,failure_escalation,correct,known,ipw,0.4509438812595004,0.10252113401924794,0.2500024585817745,0.6518853039372263,0.3664395685723932
133,failure_escalation,correct,known,gcomp,0.3406388037218682,,,,0.3664395685723932
133,failure_escalation,correct,known,dr,0.46941001380916425,0.07331330939710948,0.32571592739082966,0.6131041002274988,0.3664395685723932
133,soft_escalation,correct,known,ipw,0.3798830832001708,0.055268728630978405,0.2715563750834531,0.48820979131688846,0.3617162173344457
133,soft_escalation,correct,known,gcomp,0.34127787705118157,,,,0.3617162173344457
133,soft_escalation,correct,known,dr,0.4031413478616429,0.04085359657373419,0.3230682985771239,0.48321439714616193,0.3617162173344457
134,always_small,correct,known,ipw,0.11080987060734616,0.056053997868660194,0.000944034784772188,0.22067570642992013,0.3077266793681609
134,always_small,correct,known,gcomp,0.3152856274718748,,,,0.3077266793681609
134,always_small,correct,known,dr,0.1852584973501117,0.07684347551622475,0.03464528533831121,0.33587170936191224,0.3077266793681609
134,failure_escalation,correct,known,ipw,0.3330452500529486,0.06488232322303965,0.2058758965357909,0.46021460357010635,0.3664395685723932
134,failure_escalation,correct,known,gcomp,0.389157413688327,,,,0.3664395685723932
134,failure_escalation,correct,known,dr,0.3448163795444713,0.053166885966455975,0.24060928305021761,0.449023476038725,0.3664395685723932
134,soft_escalation,correct,known,ipw,0.36044771840983414,0.03634094259532254,0.28921947092300193,0.43167596589666635,0.3617162173344457
134,soft_escalation,correct,known,gcomp,0.3821410854139021,,,,0.3617162173344457
134,soft_escalation,correct,known,dr,0.36437535538165444,0.03026119846037264,0.30506340639932406,0.42368730436398483,0.3617162173344457
135,always_small,correct,known,ipw,4.637615361803548,4.4452730699714085,-4.075119855340412,13.35035057894751,0.3077266793681609
135,always_small,correct,known,gcomp,0.3400103414338197,,,,0.3077266793681609
135,always_small,correct,known,dr,3.394532137803424,3.071750041232098,-2.6260979430114877,9.415162218618336,0.3077266793681609
135,failure_escalation,correct,known,ipw,0.4123098490449713,0.07913094037930361,0.25721320590153623,0.5674064921884063,0.3664395685723932
135,failure_escalation,correct,known,gcomp,0.3667203355000464,,,,0.3664395685723932
135,failure_escalation,correct,known,dr,0.40140733115321187,0.05360838802259248,0.2963348906289306,0.5064797716774931,0.3664395685723932
135,soft_escalation,correct,known,ipw,0.37894331935902126,0.043504804467489576,0.2936739026027417,0.46421273611530084,0.3617162173344457
135,soft_escalation,correct,known,gcomp,0.36418900676159477,,,,0.3617162173344457
135,soft_escalation,correct,known,dr,0.38242596875817464,0.03093949495315358,0.3217845586499936,0.44306737886635567,0.3617162173344457
136,always_small,correct,known,ipw,0.16212743939643387,0.09697348844721569,-0.027940597960108893,0.35219547675297663,0.3077266793681609
136,always_small,correct,known,gcomp,0.3079845459563762,,,,0.3077266793681609
136,always_small,correct,known,dr,0.24886447542397877,0.0819318476053978,0.08827805411739909,0.40945089673055846,0.3077266793681609
136,failure_escalation,correct,known,ipw,0.42550572977206896,0.07857223152678305,0.27150415597957417,0.5795073035645637,0.3664395685723932
136,failure_escalation,correct,known,gcomp,0.3463303432272889,,,,0.3664395685723932
136,failure_escalation,correct,known,dr,0.40597557102496845,0.04994945136164155,0.308074646356151,0.5038764956937859,0.3664395685723932
136,soft_escalation,correct,known,ipw,0.375127339557447,0.042996615811811884,0.2908539725662957,0.45940070654859827,0.3617162173344457
136,soft_escalation,correct,known,gcomp,0.3445426332260407,,,,0.3617162173344457
136,soft_escalation,correct,known,dr,0.36850012034338586,0.028827143330920457,0.31199891941478175,0.42500132127199,0.3617162173344457
137,always_small,correct,known,ipw,0.19987511802267283,0.0922115592386202,0.01914046191497723,0.38060977413036845,0.3077266793681609
137,always_small,correct,known,gcomp,0.31900512054994773,,,,0.3077266793681609
137,always_small,correct,known,dr,0.11296484019596956,0.16027739615241005,-0.20117885626275414,0.4271085366546933,0.3077266793681609
137,failure_escalation,correct,known,ipw,0.34717470898856784,0.06395296227945843,0.22182690292082932,0.4725225150563064,0.3664395685723932
137,failure_escalation,correct,known,gcomp,0.37634664344918006,,,,0.3664395685723932
137,failure_escalation,correct,known,dr,0.3614190162913897,0.04872306523981411,0.26592180842135404,0.4569162241614254,0.3664395685723932
137,soft_escalation,correct,known,ipw,0.3477544834246989,0.03558757661458966,0.27800283326010317,0.4175061335892946,0.3617162173344457
137,soft_escalation,correct,known,gcomp,0.3690430008911512,,,,0.3617162173344457
137,soft_escalation,correct,known,dr,0.3626492953251383,0.02787645990804533,0.30801143390536945,0.41728715674490713,0.3617162173344457
138,always_small,correct,known,ipw,0.29731359078995273,0.11256058493953669,0.07669484430846082,0.5179323372714446,0.3077266793681609
138,always_small,correct,known,gcomp,0.32730227398420875,,,,0.3077266793681609
138,always_small,correct,known,dr,0.34610331055371973,0.08396037339786419,0.18154097869390592,0.5106656424135335,0.3077266793681609
138,failure_escalation,correct,known,ipw,0.304514567257411,0.06846886486606571,0.1703155921199222,0.4387135423948998,0.3664395685723932
138,failure_escalation,correct,known,gcomp,0.39112758823957045,,,,0.3664395685723932
138,failure_escalation,correct,known,dr,0.3326138163892881,0.049008235165096725,0.23655767546569853,0.4286699573128777,0.3664395685723932
138,soft_escalation,correct,known,ipw,0.3456673522230365,0.03835532398104764,0.27049091722018315,0.4208437872258899,0.3617162173344457
138,soft_escalation,correct,known,gcomp,0.38436660731907674,,,,0.3617162173344457
138,soft_escalation,correct,known,dr,0.35711296680391363,0.02871956047610625,0.3008226282707454,0.41340330533708186,0.3617162173344457
139,always_small,correct,known,ipw,0.29562584691714167,0.20115605849464235,-0.09864002773235736,0.6898917215666407,0.3077266793681609
139,always_small,correct,known,gcomp,0.3160568258548975,,,,0.3077266793681609
139,always_small,correct,known,dr,0.471406165732745,0.1374608058202948,0.20198298632496725,0.7408293451405228,0.3077266793681609
139,failure_escalation,correct,known,ipw,0.2379059338506507,0.05494063106312038,0.13022229696693477,0.34558957073436664,0.3664395685723932
139,failure_escalation,correct,known,gcomp,0.38323826959941887,,,,0.3664395685723932
139,failure_escalation,correct,known,dr,0.39365468139686616,0.03984495728753826,0.31555856511329117,0.47175079768044115,0.3664395685723932
139,soft_escalation,correct,known,ipw,0.2976802102685387,0.03157948447532922,0.23578442069689343,0.35957599984018396,0.3617162173344457
139,soft_escalation,correct,known,gcomp,0.37630458005469486,,,,0.3617162173344457
139,soft_escalation,correct,known,dr,0.383081587036899,0.023882782661958233,0.3362713330194608,0.42989184105433714,0.3617162173344457
140,always_small,correct,known,ipw,0.4847661892128567,0.26553532259444124,-0.03568304307224818,1.0052154214979616,0.3077266793681609
140,always_small,correct,known,gcomp,0.2965329391295107,,,,0.3077266793681609
140,always_small,correct,known,dr,0.4760941596280099,0.14170831973467019,0.19834585294805634,0.7538424663079635,0.3077266793681609
140,failure_escalation,correct,known,ipw,0.42261148175573376,0.07493094200294657,0.2757468354299585,0.569476128081509,0.3664395685723932
140,failure_escalation,correct,known,gcomp,0.3479966741348678,,,,0.3664395685723932
140,failure_escalation,correct,known,dr,0.41895315309554365,0.050124475408806914,0.3207091812942821,0.5171971248968052,0.3664395685723932
140,soft_escalation,correct,known,ipw,0.4071547055576863,0.04133687811656712,0.32613442444921475,0.48817498666615783,0.3617162173344457
140,soft_escalation,correct,known,gcomp,0.34518747864271837,,,,0.3617162173344457
140,soft_escalation,correct,known,dr,0.389074515064161,0.029131113262531257,0.33197753306959976,0.4461714970587223,0.3617162173344457
141,always_small,correct,known,ipw,0.27485079856703065,0.1387531983486421,0.0028945298036921474,0.5468070673303691,0.3077266793681609
141,always_small,correct,known,gcomp,0.29204682771522916,,,,0.3077266793681609
141,always_small,correct,known,dr,0.292207091463161,0.10495455659700628,0.08649616053302867,0.4979180223932933,0.3077266793681609
141,failure_escalation,correct,known,ipw,0.4838464624186078,0.07761531246477216,0.3317204499876544,0.6359724748495612,0.3664395685723932
141,failure_escalation,correct,known,gcomp,0.37284321566996503,,,,0.3664395685723932
141,failure_escalation,correct,known,dr,0.35917517353806566,0.0579298763059291,0.24563261597844463,0.47271773109768667,0.3664395685723932
141,soft_escalation,correct,known,ipw,0.4033105654487427,0.042193855209842215,0.320610609237452,0.48601052166003345,0.3617162173344457
141,soft_escalation,correct,known,gcomp,0.3665082946189057,,,,0.3617162173344457
141,soft_escalation,correct,known,dr,0.3454258160442391,0.032403483286026664,0.28191498880362686,0.40893664328485135,0.3617162173344457
142,always_small,correct,known,ipw,0.3204021848987115,0.17376385602961458,-0.020174972919333123,0.6609793427167561,0.3077266793681609
142,always_small,correct,known,gcomp,0.3170687835781215,,,,0.3077266793681609
142,always_small,correct,known,dr,0.30591694042829376,0.1385373049593696,0.034383822707929335,0.5774500581486581,0.3077266793681609
142,failure_escalation,correct,known,ipw,0.2737985190720865,0.06728803035655408,0.14191397957324053,0.4056830585709325,0.3664395685723932
142,failure_escalation,correct,known,gcomp,0.41317536294284246,,,,0.3664395685723932
142,failure_escalation,correct,known,dr,0.36092440447089463,0.04879472990636674,0.2652867338544158,0.45656207508737345,0.3664395685723932
142,soft_escalation,correct,known,ipw,0.32435207183143727,0.03750600392178422,0.25084030414474023,0.3978638395181343,0.3617162173344457
142,soft_escalation,correct,known,gcomp,0.4033284056328576,,,,0.3617162173344457
142,soft_escalation,correct,known,dr,0.36372085180025937,0.02850090383464728,0.3078590802843507,0.419582623316168,0.3617162173344457
143,always_small,correct,known,ipw,0.35034303016150786,0.2193068825735017,-0.07949845968255548,0.7801845200055713,0.3077266793681609
143,always_small,correct,known,gcomp,0.3076415440115634,,,,0.3077266793681609
143,always_small,correct,known,dr,0.1538760667523271,0.19672109724643824,-0.23169728385069185,0.539449417355346,0.3077266793681609
143,failure_escalation,correct,known,ipw,0.36522748810560846,0.07522595494421092,0.21778461641495506,0.5126703597962619,0.3664395685723932
143,failure_escalation,correct,known,gcomp,0.36322873455953886,,,,0.3664395685723932
143,failure_escalation,correct,known,dr,0.35845779564557056,0.05390422404910305,0.2528055165093286,0.46411007478181254,0.3664395685723932
143,soft_escalation,correct,known,ipw,0.34209981014635166,0.04128290981097798,0.26118530691683484,0.4230143133758685,0.3617162173344457
143,soft_escalation,correct,known,gcomp,0.3578198561859751,,,,0.3617162173344457
143,soft_escalation,correct,known,dr,0.34841497438300545,0.030666721950569666,0.2883081993598889,0.408521749406122,0.3617162173344457
144,always_small,correct,known,ipw,0.1433685925636066,0.07345145691136479,-0.0005962629826683774,0.2873334481098816,0.3077266793681609
144,always_small,correct,known,gcomp,0.33535760450782753,,,,0.3077266793681609
144,always_small,correct,known,dr,0.7607078005452755,0.42173333965574317,-0.06588954517998102,1.587305146270532,0.3077266793681609
144,failure_escalation,correct,known,ipw,0.36777687787154145,0.07181020693112773,0.2270288722865311,0.5085248834565518,0.3664395685723932
144,failure_escalation,correct,known,gcomp,0.38275767905077285,,,,0.3664395685723932
144,failure_escalation,correct,known,dr,0.37216175905233184,0.04681225892036696,0.2804097315684126,0.4639137865362511,0.3664395685723932
144,soft_escalation,correct,known,ipw,0.38658174489666663,0.03985167161920962,0.3084724685230158,0.4646910212703175,0.3617162173344457
144,soft_escalation,correct,known,gcomp,0.3770345568202479,,,,0.3617162173344457
144,soft_escalation,correct,known,dr,0.37529628877747573,0.027844134070064825,0.32072178600014867,0.4298707915548028,0.3617162173344457
145,always_small,correct,known,ipw,0.7424643433851719,0.4759850486907164,-0.19046635204863227,1.675395038818976,0.3077266793681609
145,always_small,correct,known,gcomp,0.35306868105520367,,,,0.3077266793681609
145,always_small,correct,known,dr,0.8322677963362742,0.3465342587402702,0.15306064920534457,1.511474943467204,0.3077266793681609
145,failure_escalation,correct,known,ipw,0.41490067155995425,0.07578418473722433,0.26636366947499457,0.5634376736449139,0.3664395685723932
145,failure_escalation,correct,known,gcomp,0.38067722728703157,,,,0.3664395685723932
145,failure_escalation,correct,known,dr,0.4567793723229282,0.04936969945575787,0.3600147613896428,0.5535439832562137,0.3664395685723932
145,soft_escalation,correct,known,ipw,0.40852411676756506,0.04174449510711562,0.32670490635761845,0.49034332717751167,0.3617162173344457
145,soft_escalation,correct,known,gcomp,0.3776013076363623,,,,0.3617162173344457
145,soft_escalation,correct,known,dr,0.4148509565182941,0.02863119363353127,0.3587338169965728,0.47096809604001544,0.3617162173344457
146,always_small,correct,known,ipw,0.9334579013003163,0.5236123495304333,-0.09282230377933309,1.9597381063799655,0.3077266793681609
146,always_small,correct,known,gcomp,0.3319285506307275,,,,0.3077266793681609
146,always_small,correct,known,dr,-0.04073423928824597,0.7645169724795499,-1.5391875053481636,1.4577190267716718,0.3077266793681609
146,failure_escalation,correct,known,ipw,0.47093627984871606,0.07983409979335314,0.3144614442537439,0.6274111154436882,0.3664395685723932
146,failure_escalation,correct,known,gcomp,0.3674071707590789,,,,0.3664395685723932
146,failure_escalation,correct,known,dr,0.3753435147045242,0.05411526610016183,0.269277593148207,0.48140943626084143,0.3664395685723932
146,soft_escalation,correct,known,ipw,0.404836946908747,0.04357947269105306,0.319421180434283,0.49025271338321097,0.3617162173344457
146,soft_escalation,correct,known,gcomp,0.3628511087916751,,,,0.3617162173344457
146,soft_escalation,correct,known,dr,0.368160626615388,0.03079054038207216,0.3078111674665266,0.4285100857642494,0.3617162173344457
147,always_small,correct,known,ipw,0.05764022961083265,0.04595853737105472,-0.03243850363643461,0.1477189628580999,0.3077266793681609
147,always_small,correct,known,gcomp,0.29217220514597486,,,,0.3077266793681609
147,always_small,correct,known,dr,0.07537172237442194,0.14799563884013314,-0.21469972975223903,0.3654431745010829,0.3077266793681609
147,failure_escalation,correct,known,ipw,0.37655388075702473,0.08020970552876994,0.21934285792063565,0.5337649035934138,0.3664395685723932
147,failure_escalation,correct,known,gcomp,0.37217881391309204,,,,0.3664395685723932
147,failure_escalation,correct,known,dr,0.3773460356024743,0.054935244880870725,0.2696729556359677,0.4850191155689809,0.3664395685723932
147,soft_escalation,correct,known,ipw,0.3682634347165002,0.04397626431770458,0.2820699566537992,0.4544569127792012,0.3617162173344457
147,soft_escalation,correct,known,gcomp,0.36473095351453527,,,,0.3617162173344457
147,soft_escalation,correct,known,dr,0.366465359130926,0.03146604995858152,0.3047919012121062,0.42813881704974577,0.3617162173344457
148,always_small,correct,known,ipw,0.4042994294252112,0.24175297210097768,-0.06953639589270505,0.8781352547431274,0.3077266793681609
148,always_small,correct,known,gcomp,0.328688132876058,,,,0.3077266793681609
148,always_small,correct,known,dr,0.20463438939146894,0.19520039211108087,-0.17795837914624957,0.5872271579291874,0.3077266793681609
148,failure_escalation,correct,known,ipw,0.3415178648347572,0.06478232101614292,0.21454451564311708,0.4684912140263974,0.3664395685723932
148,failure_escalation,correct,known,gcomp,0.36787244831026644,,,,0.3664395685723932
148,failure_escalation,correct,known,dr,0.3450609448088947,0.045707391352928194,0.25547445775715544,0.434647431860634,0.3664395685723932
148,soft_escalation,correct,known,ipw,0.34251892242261955,0.03601193780472363,0.2719355243253612,0.4131023205198779,0.3617162173344457
148,soft_escalation,correct,known,gcomp,0.3630949842967438,,,,0.3617162173344457
148,soft_escalation,correct,known,dr,0.35508134865624946,0.0267637276401369,0.30262444248158116,0.40753825483091777,0.3617162173344457
149,always_small,correct,known,ipw,0.08811542353443663,0.06357943576857948,-0.036500270571979146,0.2127311176408524,0.3077266793681609
149,always_small,correct,known,gcomp,0.2784032096131544,,,,0.3077266793681609
149,always_small,correct,known,dr,0.012362888295069804,0.10245759688499058,-0.1884540015995117,0.21317977818965134,0.3077266793681609
149,failure_escalation,correct,known,ipw,0.43506468431765705,0.09091970443129986,0.25686206363230935,0.6132673050030047,0.3664395685723932
149,failure_escalation,correct,known,gcomp,0.37418642013842474,,,,0.3664395685723932
149,failure_escalation,correct,known,dr,0.3949374936693969,0.06309682873824522,0.27126770934243627,0.5186072779963575,0.3664395685723932
149,soft_escalation,correct,known,ipw,0.402847322488978,0.049623362064855674,0.30558553284186085,0.5001091121360951,0.3617162173344457
149,soft_escalation,correct,known,gcomp,0.36709426302241266,,,,0.3617162173344457
149,soft_escalation,correct,known,dr,0.37603139146017805,0.03577003604949576,0.3059221208031664,0.4461406621171897,0.3617162173344457
150,always_small,correct,known,ipw,0.025589216056816463,0.025589216056816463,-0.0245656474145438,0.07574407952817673,0.3077266793681609
150,always_small,correct,known,gcomp,0.354642160189499,,,,0.3077266793681609
150,always_small,correct,known,dr,0.3266403621869322,0.019160517819949107,0.28908574725983194,0.3641949771140325,0.3077266793681609
150,failure_escalation,correct,known,ipw,0.345369016779282,0.07255359381622561,0.2031639728994798,0.4875740606590842,0.3664395685723932
150,failure_escalation,correct,known,gcomp,0.36493562716527866,,,,0.3664395685723932
150,failure_escalation,correct,known,dr,0.3973699795139105,0.04760942554003015,0.3040555054554514,0.4906844535723696,0.3664395685723932
150,soft_escalation,correct,known,ipw,0.3579210996606134,0.040632376838424474,0.27828164105730147,0.43756055826392537,0.3617162173344457
150,soft_escalation,correct,known,gcomp,0.3639248137957217,,,,0.3617162173344457
150,soft_escalation,correct,known,dr,0.38035971285188513,0.02810830408480891,0.3252674368456597,0.4354519888581106,0.3617162173344457
151,always_small,correct,known,ipw,0.44022715538750967,0.2955453348169788,-0.13904170085376877,1.0194960116287881,0.3077266793681609
151,always_small,correct,known,gcomp,0.3081406166098614,,,,0.3077266793681609
151,always_small,correct,known,dr,0.38084006878162624,0.2209866240868104,-0.05229371442852215,0.8139738519917746,0.3077266793681609
151,failure_escalation,correct,known,ipw,0.3073013615756614,0.07146010798854811,0.1672395499181071,0.4473631732332157,0.3664395685723932
151,failure_escalation,correct,known,gcomp,0.37632361867547964,,,,0.3664395685723932
151,failure_escalation,correct,known,dr,0.3176116812330261,0.058179107217229645,0.203580631087256,0.43164273137879616,0.3664395685723932
151,soft_escalation,correct,known,ipw,0.33443530536821825,0.0394867501446263,0.2570412750847507,0.4118293356516858,0.3617162173344457
151,soft_escalation,correct,known,gcomp,0.37041676387756395,,,,0.3617162173344457
151,soft_escalation,correct,known,dr,0.3319821593072406,0.032619204081837085,0.2680485193068399,0.3959157993076413,0.3617162173344457
152,always_small,correct,known,ipw,0.18262352959210434,0.14322824936116663,-0.09810383915578222,0.4633508983399909,0.3077266793681609
152,always_small,correct,known,gcomp,0.2975082351943723,,,,0.3077266793681609
152,always_small,correct,known,dr,0.3094568229012171,0.1199084372299278,0.07443628593055862,0.5444773598718756,0.3077266793681609
152,failure_escalation,correct,known,ipw,0.4111426633246234,0.08324748083243287,0.24797760089305498,0.5743077257561918,0.3664395685723932
152,failure_escalation,correct,known,gcomp,0.33324469030786547,,,,0.3664395685723932
152,failure_escalation,correct,known,dr,0.4542552990138389,0.049050386224840294,0.3581165420131519,0.5503940560145258,0.3664395685723932
152,soft_escalation,correct,known,ipw,0.36377267749746767,0.04521367184870727,0.2751538806740014,0.4523914743209339,0.3617162173344457
152,soft_escalation,correct,known,gcomp,0.3297574145702097,,,,0.3617162173344457
152,soft_escalation,correct,known,dr,0.37417970305926407,0.02872448383010142,0.3178797147522653,0.43047969136626285,0.3617162173344457
153,always_small,correct,known,ipw,0.35946406822128546,0.19024093275708875,-0.01340815998260847,0.7323362964251794,0.3077266793681609
153,always_small,correct,known,gcomp,0.29037999389953695,,,,0.3077266793681609
153,always_small,correct,known,dr,0.3995738644780383,0.16770585270667882,0.0708703931729478,0.7282773357831287,0.3077266793681609
153,failure_escalation,correct,known,ipw,0.32006609896226135,0.0675019726804023,0.18776223250867285,0.45236996541584984,0.3664395685723932
153,failure_escalation,correct,known,gcomp,0.3723336926180967,,,,0.3664395685723932
153,failure_escalation,correct,known,dr,0.3411259157335033,0.05061319130534789,0.24192406077502146,0.44032777069198514,0.3664395685723932
153,soft_escalation,correct,known,ipw,0.3284224179014983,0.03744809150314337,0.2550241585553373,0.4018206772476593,0.3617162173344457
153,soft_escalation,correct,known,gcomp,0.3666996692102898,,,,0.3617162173344457
153,soft_escalation,correct,known,dr,0.34132771594928796,0.02896641954416882,0.28455353364271707,0.39810189825585884,0.3617162173344457
154,always_small,correct,known,ipw,0.20036113477001385,0.1470933319621863,-0.08794179587587128,0.488664065415899,0.3077266793681609
154,always_small,correct,known,gcomp,0.3384215702900443,,,,0.3077266793681609
154,always_small,correct,known,dr,0.2975461900818783,0.09147887553321765,0.11824759403677174,0.4768447861269849,0.3077266793681609
154,failure_escalation,correct,known,ipw,0.39765509083496714,0.07864977051142046,0.24350154063258306,0.5518086410373513,0.3664395685723932
154,failure_escalation,correct,known,gcomp,0.3824090662701448,,,,0.3664395685723932
154,failure_escalation,correct,known,dr,0.36255871318246286,0.05467244457008958,0.2554007218250873,0.46971670453983844,0.3664395685723932
154,soft_escalation,correct,known,ipw,0.3665853519836687,0.042750671834719034,0.2827940351876194,0.450376668779718,0.3617162173344457
154,soft_escalation,correct,known,gcomp,0.376342597874275,,,,0.3617162173344457
154,soft_escalation,correct,known,dr,0.3640830448817768,0.030893179426606698,0.3035324132056277,0.4246336765579259,0.3617162173344457
155,always_small,correct,known,ipw,0.13647715390281662,0.06649193784160473,0.006152955733271348,0.2668013520723619,0.3077266793681609
155,always_small,correct,known,gcomp,0.2977121780290542,,,,0.3077266793681609
155,always_small,correct,known,dr,0.2729350995801129,0.05345658385434756,0.1681601952255917,0.37771000393463416,0.3077266793681609
155,failure_escalation,correct,known,ipw,0.3265620528221073,0.06888492301659375,0.19154760370958357,0.46157650193463107,0.3664395685723932
155,failure_escalation,correct,known,gcomp,0.3814821973622531,,,,0.3664395685723932
155,failure_escalation,correct,known,dr,0.4136813402956362,0.04353345264389857,0.328355773113595,0.4990069074776774,0.3664395685723932
155,soft_escalation,correct,known,ipw,0.32681352222788623,0.038284679151918834,0.25177555109012534,0.4018514933656471,0.3617162173344457
155,soft_escalation,correct,known,gcomp,0.37423247033498036,,,,0.3617162173344457
155,soft_escalation,correct,known,dr,0.3798971430135285,0.02596581392669646,0.32900414771720343,0.4307901383098536,0.3617162173344457
156,always_small,correct,known,ipw,0.7167823725622362,0.37746848298985985,-0.023055854097889128,1.4566205992223615,0.3077266793681609
156,always_small,correct,known,gcomp,0.3353094553480852,,,,0.3077266793681609
156,always_small,correct,known,dr,0.49938968963553665,0.26519559982245094,-0.020393686016467183,1.0191730652875406,0.3077266793681609
156,failure_escalation,correct,known,ipw,0.3608125700184706,0.08758872952090418,0.18913866015749842,0.5324864798794429,0.3664395685723932
156,failure_escalation,correct,known,gcomp,0.39811606534663313,,,,0.3664395685723932
156,failure_escalation,correct,known,dr,0.3941950112069902,0.05825351960213991,0.28001811278679595,0.5083719096271844,0.3664395685723932
156,soft_escalation,correct,known,ipw,0.3766472779413901,0.0478261530137908,0.2829080180343601,0.47038653784842005,0.3617162173344457
156,soft_escalation,correct,known,gcomp,0.3914371667265213,,,,0.3617162173344457
156,soft_escalation,correct,known,dr,0.38785196736548005,0.03338279170331621,0.3224216956269803,0.4532822391039798,0.3617162173344457
157,always_small,correct,known,ipw,0.06945877075148689,0.04180542487349759,-0.012479862000568387,0.15139740350354217,0.3077266793681609
157,always_small,correct,known,gcomp,0.3782381700303946,,,,0.3077266793681609
157,always_small,correct,known,dr,0.15549665414521632,0.09605603733940038,-0.03277317904000843,0.3437664873304411,0.3077266793681609
157,failure_escalation,correct,known,ipw,0.4547209145139286,0.08016503784760266,0.29759744033262736,0.6118443886952298,0.3664395685723932
157,failure_escalation,correct,known,gcomp,0.36839230892444175,,,,0.3664395685723932
157,failure_escalation,correct,known,dr,0.35532436375142945,0.05378640058990338,0.24990301859521882,0.4607457089076401,0.3664395685723932
157,soft_escalation,correct,known,ipw,0.41591253630819863,0.04385538753544291,0.32995597673873056,0.5018690958776667,0.3617162173344457
157,soft_escalation,correct,known,gcomp,0.36879124489303755,,,,0.3617162173344457
157,soft_escalation,correct,known,dr,0.36534299983354473,0.030948855369975208,0.30468324330839336,0.4260027563586961,0.3617162173344457
158,always_small,correct,known,ipw,0.5234864159405297,0.41539509090793797,-0.2906879622390287,1.337660794120088,0.3077266793681609
158,always_small,correct,known,gcomp,0.2970853723810614,,,,0.3077266793681609
158,always_small,correct,known,dr,0.629354305816376,0.29735203558918516,0.046544316061573054,1.2121642955711789,0.3077266793681609
158,failure_escalation,correct,known,ipw,0.41465924920783725,0.0784162454912674,0.26096340804495316,0.5683550903707213,0.3664395685723932
158,failure_escalation,correct,known,gcomp,0.3923850216758298,,,,0.3664395685723932
158,failure_escalation,correct,known,dr,0.37115435767741534,0.05320251507229464,0.26687742813571785,0.4754312872191128,0.3664395685723932
158,soft_escalation,correct,known,ipw,0.3933774052268633,0.0428738403735963,0.3093446780946146,0.47741013235911206,0.3617162173344457
158,soft_escalation,correct,known,gcomp,0.38484776905195955,,,,0.3617162173344457
158,soft_escalation,correct,known,dr,0.38115518046376307,0.03027275899915796,0.32182057282541343,0.4404897881021127,0.3617162173344457
159,always_small,correct,known,ipw,0.24145532759314256,0.14373777494611628,-0.04027071130124535,0.5231813664875304,0.3077266793681609
159,always_small,correct,known,gcomp,0.32079388791649566,,,,0.3077266793681609
159,always_small,correct,known,dr,-0.12078329504673226,0.32985936227820056,-0.7673076451120053,0.5257410550185408,0.3077266793681609
159,failure_escalation,correct,known,ipw,0.21398227536379785,0.05698532168745681,0.1022910448563825,0.3256735058712132,0.3664395685723932
159,failure_escalation,correct,known,gcomp,0.3911949774952824,,,,0.3664395685723932
159,failure_escalation,correct,known,dr,0.31957722607869826,0.04770764020793716,0.22607025127114144,0.4130842008862551,0.3664395685723932
159,soft_escalation,correct,known,ipw,0.2861488355373114,0.03319074923253852,0.22109496704153592,0.3512027040330869,0.3617162173344457
159,soft_escalation,correct,known,gcomp,0.38479800238693224,,,,0.3617162173344457
159,soft_escalation,correct,known,dr,0.3533046227361915,0.027883721794092733,0.29865252801976977,0.40795671745261325,0.3617162173344457
160,always_small,correct,known,ipw,0.42721288028787907,0.20991407339336188,0.015781296436889802,0.8386444641388684,0.3077266793681609
160,always_small,correct,known,gcomp,0.29837539417222364,,,,0.3077266793681609
160,always_small,correct,known,dr,0.4301767624788958,0.15563108831993788,0.12513982937181756,0.735213695585974,0.3077266793681609
160,failure_escalation,correct,known,ipw,0.2382142492879787,0.06102808479938459,0.11859920308118492,0.3578292954947725,0.3664395685723932
160,failure_escalation,correct,known,gcomp,0.33422944341907274,,,,0.3664395685723932
160,failure_escalation,correct,known,dr,0.25181755766547015,0.04503910715281473,0.1635409076459533,0.340094207684987,0.3664395685723932
160,soft_escalation,correct,known,ipw,0.2881721695496237,0.03453869304837702,0.22047633117480475,0.3558680079244427,0.3617162173344457
160,soft_escalation,correct,known,gcomp,0.3334490582864591,,,,0.3617162173344457
160,soft_escalation,correct,known,dr,0.28642185551899374,0.027177283463918993,0.2331543799297125,0.339689331108275,0.3617162173344457
161,always_small,correct,known,ipw,0.09454027840605911,0.04000957859870513,0.016121504352597057,0.17295905245952115,0.3077266793681609
161,always_small,correct,known,gcomp,0.32136381335569936,,,,0.3077266793681609
161,always_small,correct,known,dr,-0.19412603846185386,0.5150716115248752,-1.2036663970506094,0.8154143201269016,0.3077266793681609
161,failure_escalation,correct,known,ipw,0.34648821733699386,0.06718516761844823,0.21480528880483535,0.4781711458691524,0.3664395685723932
161,failure_escalation,correct,known,gcomp,0.3752673212606131,,,,0.3664395685723932
161,failure_escalation,correct,known,dr,0.41096736372013465,0.044103956963029295,0.3245236080725972,0.49741111936767207,0.3664395685723932
161,soft_escalation,correct,known,ipw,0.3502087389458693,0.03762198184375481,0.27646965453210987,0.4239478233596287,0.3617162173344457
161,soft_escalation,correct,known,gcomp,0.37062529833080665,,,,0.3617162173344457
161,soft_escalation,correct,known,dr,0.3888628170934556,0.026450315207271737,0.337020199287203,0.4407054348997082,0.3617162173344457
162,always_small,correct,known,ipw,0.06912358779802048,0.03658473794169697,-0.0025824985677055795,0.14082967416374653,0.3077266793681609
162,always_small,correct,known,gcomp,0.3075800321223439,,,,0.3077266793681609
162,always_small,correct,known,dr,0.06760891933268594,0.11452129694589544,-0.1568528226812691,0.292070661346641,0.3077266793681609
162,failure_escalation,correct,known,ipw,0.2777664874814809,0.06200933735657849,0.15622818626258708,0.3993047887003748,0.3664395685723932
162,failure_escalation,correct,known,gcomp,0.36517868193336167,,,,0.3664395685723932
162,failure_escalation,correct,known,dr,0.3180526858123785,0.05127813349246281,0.21754754416715139,0.4185578274576056,0.3664395685723932
162,soft_escalation,correct,known,ipw,0.3218994417305771,0.0350541415691803,0.25319332425498375,0.39060555920617046,0.3617162173344457
162,soft_escalation,correct,known,gcomp,0.36005244988977986,,,,0.3617162173344457
162,soft_escalation,correct,known,dr,0.34934404450647255,0.029279776251937156,0.2919556830526757,0.4067324059602694,0.3617162173344457
163,always_small,correct,known,ipw,0.08324898322133542,0.04400665315476571,-0.003004056962005369,0.1695020234046762,0.3077266793681609
163,always_small,correct,known,gcomp,0.3344096961889821,,,,0.3077266793681609
163,always_small,correct,known,dr,0.30223192761845863,0.040614838305936644,0.2226268445388228,0.38183701069809445,0.3077266793681609
163,failure_escalation,correct,known,ipw,0.30819984507911863,0.06760513966306883,0.17569377133950373,0.44070591881873356,0.3664395685723932
163,failure_escalation,correct,known,gcomp,0.3714316727353702,,,,0.3664395685723932
163,failure_escalation,correct,known,dr,0.3499307436881927,0.044287126648660816,0.26312797545681754,0.4367335119195679,0.3664395685723932
163,soft_escalation,correct,known,ipw,0.33873409785971265,0.03757468669405249,0.26508771193936975,0.41238048378005554,0.3617162173344457
163,soft_escalation,correct,known,gcomp,0.36631220112192153,,,,0.3617162173344457
163,soft_escalation,correct,known,dr,0.3594319142322989,0.02616366133081452,0.3081511380239025,0.41071269044069536,0.3617162173344457
164,always_small,correct,known,ipw,0.1866029827237213,0.0971394076046072,-0.003790256181308793,0.3769962216287514,0.3077266793681609
164,always_small,correct,known,gcomp,0.2986785421879887,,,,0.3077266793681609
164,always_small,correct,known,dr,0.11888727627988105,0.1158045426166969,-0.10808962724884486,0.34586417980860695,0.3077266793681609
164,failure_escalation,correct,known,ipw,0.37441557229390326,0.07463740243764773,0.22812626351611373,0.5207048810716928,0.3664395685723932
164,failure_escalation,correct,known,gcomp,0.3365837280529612,,,,0.3664395685723932
164,failure_escalation,correct,known,dr,0.32996740758215365,0.05352794015980761,0.22505264486893073,0.43488217029537657,0.3664395685723932
164,soft_escalation,correct,known,ipw,0.33806366163844676,0.04067905547251208,0.25833271291232307,0.41779461036457044,0.3617162173344457
164,soft_escalation,correct,known,gcomp,0.33227728753361657,,,,0.3617162173344457
164,soft_escalation,correct,known,dr,0.32732628941786,0.030549780787015483,0.26744871907530965,0.3872038597604104,0.3617162173344457
165,always_small,correct,known,ipw,0.28029207754830465,0.16698879121519083,-0.0470059532334694,0.6075901083300788,0.3077266793681609
165,always_small,correct,known,gcomp,0.32464973755935533,,,,0.3077266793681609
165,always_small,correct,known,dr,0.32385169113375906,0.17922638365028454,-0.027432020820798653,0.6751354030883168,0.3077266793681609
165,failure_escalation,correct,known,ipw,0.31149170598450765,0.06825173754982763,0.1777183003868455,0.4452651115821698,0.3664395685723932
165,failure_escalation,correct,known,gcomp,0.3622999526912955,,,,0.3664395685723932
165,failure_escalation,correct,known,dr,0.35882041476813714,0.04368834921578971,0.2731912503051893,0.44444957923108497,0.3664395685723932
165,soft_escalation,correct,known,ipw,0.3349044907691427,0.03831126661873841,0.25981440819641544,0.40999457334186995,0.3617162173344457
165,soft_escalation,correct,known,gcomp,0.35947303422845145,,,,0.3617162173344457
165,soft_escalation,correct,known,dr,0.35519901300840806,0.02629618030323493,0.3036584996140676,0.4067395264027485,0.3617162173344457
166,always_small,correct,known,ipw,0.36898032147207543,0.18812532319766223,0.000254688004657444,0.7377059549394934,0.3077266793681609
166,always_small,correct,known,gcomp,0.28073089951167535,,,,0.3077266793681609
166,always_small,correct,known,dr,0.021585782377837794,0.24963028241072754,-0.4676895711471882,0.5108611359028637,0.3077266793681609
166,failure_escalation,correct,known,ipw,0.45309573271912207,0.08540897058014739,0.28569415038203316,0.620497315056211,0.3664395685723932
166,failure_escalation,correct,known,gcomp,0.36578214050283775,,,,0.3664395685723932
166,failure_escalation,correct,known,dr,0.45288234671576433,0.05566250718980822,0.34378383262374024,0.5619808608077884,0.3664395685723932
166,soft_escalation,correct,known,ipw,0.3988501880409252,0.04667559767795946,0.30736601659212465,0.49033435948972576,0.3617162173344457
166,soft_escalation,correct,known,gcomp,0.3583542693391523,,,,0.3617162173344457
166,soft_escalation,correct,known,dr,0.40514385139818393,0.03199673572704678,0.34243024937317224,0.4678574534231956,0.3617162173344457
167,always_small,correct,known,ipw,0.20904731320385248,0.0980766950581562,0.01681699088986635,0.40127763551783857,0.3077266793681609
167,always_small,correct,known,gcomp,0.2751264023686811,,,,0.3077266793681609
167,always_small,correct,known,dr,-0.09588338287761176,0.2874847473022299,-0.6593534875899824,0.4675867218347588,0.3077266793681609
167,failure_escalation,correct,known,ipw,0.5091876180477884,0.08295925879168249,0.34658747081609076,0.6717877652794861,0.3664395685723932
167,failure_escalation,correct,known,gcomp,0.38684966417013267,,,,0.3664395685723932
167,failure_escalation,correct,known,dr,0.4355158161986884,0.0542411059111435,0.3292032486128471,0.5418283837845297,0.3664395685723932
167,soft_escalation,correct,known,ipw,0.4519371055525443,0.045508794087965466,0.362739869140132,0.5411343419649566,0.3617162173344457
167,soft_escalation,correct,known,gcomp,0.37781286184039814,,,,0.3617162173344457
167,soft_escalation,correct,known,dr,0.41082930137714113,0.031179336782045042,0.34971780128433283,0.47194080146994943,0.3617162173344457
168,always_small,correct,known,ipw,0.41417731109442835,0.16504230789740892,0.09069438761550686,0.7376602345733498,0.3077266793681609
168,always_small,correct,known,gcomp,0.2630895023606293,,,,0.3077266793681609
168,always_small,correct,known,dr,0.3838064656026484,0.11269597504500858,0.1629223545144316,0.6046905766908652,0.3077266793681609
168,failure_escalation,correct,known,ipw,0.3895653974623243,0.07472084194772882,0.24311254724477582,0.5360182476798728,0.3664395685723932
168,failure_escalation,correct,known,gcomp,0.3839098641592041,,,,0.3664395685723932
168,failure_escalation,correct,known,dr,0.421739267078198,0.044366057012919895,0.334781795332875,0.508696738823521,0.3664395685723932
168,soft_escalation,correct,known,ipw,0.3913081112808711,0.04125485181282989,0.31044860172772454,0.4721676208340177,0.3617162173344457
168,soft_escalation,correct,known,gcomp,0.37303807690390095,,,,0.3617162173344457
168,soft_escalation,correct,known,dr,0.40502896060096266,0.026410500054244557,0.3532643804946433,0.456793540707282,0.3617162173344457
169,always_small,correct,known,ipw,0.08291380026786901,0.03908121275493428,0.00631462326819783,0.1595129772675402,0.3077266793681609
169,always_small,correct,known,gcomp,0.2928494063384975,,,,0.3077266793681609
169,always_small,correct,known,dr,-0.05726822846970843,0.2370633377831303,-0.5219123705246438,0.40737591358522696,0.3077266793681609
169,failure_escalation,correct,known,ipw,0.4498990480320415,0.0789368891139442,0.2951827453687109,0.6046153506953721,0.3664395685723932
169,failure_escalation,correct,known,gcomp,0.36668982977420306,,,,0.3664395685723932
169,failure_escalation,correct,known,dr,0.4245072434316285,0.05020297264489568,0.32610941704763297,0.522905069815624,0.3664395685723932
169,soft_escalation,correct,known,ipw,0.38948994361901484,0.04295286464734848,0.3053023289102118,0.4736775583278179,0.3617162173344457
169,soft_escalation,correct,known,gcomp,0.3607169878623017,,,,0.3617162173344457
169,soft_escalation,correct,known,dr,0.38665654181795345,0.028820240759951116,0.33016886992844924,0.44314421370745766,0.3617162173344457
170,always_small,correct,known,ipw,0.11018281045189057,0.08695893180926074,-0.0602566958942605,0.2806223167980416,0.3077266793681609
170,always_small,correct,known,gcomp,0.3275267101756666,,,,0.3077266793681609
170,always_small,correct,known,dr,0.1854619293223719,0.13445246154175391,-0.07806489529946578,0.44898875394420956,0.3077266793681609
170,failure_escalation,correct,known,ipw,0.401057364833738,0.07707342814179727,0.24999344567581536,0.5521212839916606,0.3664395685723932
170,failure_escalation,correct,known,gcomp,0.3970244688144879,,,,0.3664395685723932
170,failure_escalation,correct,known,dr,0.3915631954016643,0.05351665743075135,0.2866705468373916,0.49645584396593695,0.3664395685723932
170,soft_escalation,correct,known,ipw,0.3737162010546848,0.04209354128466259,0.2912128601367461,0.4562195419726235,0.3617162173344457
170,soft_escalation,correct,known,gcomp,0.3899506457016823,,,,0.3617162173344457
170,soft_escalation,correct,known,dr,0.378072714801021,0.030483294781994172,0.31832545702831244,0.43781997257372957,0.3617162173344457
171,always_small,correct,known,ipw,0.26106811157509224,0.18701922015798503,-0.10548955993455839,0.6276257830847429,0.3077266793681609
171,always_small,correct,known,gcomp,0.29298350137172385,,,,0.3077266793681609
171,always_small,correct,known,dr,0.37909788077624984,0.12442813394946137,0.13521873823530556,0.6229770233171941,0.3077266793681609
171,failure_escalation,correct,known,ipw,0.2755844161311149,0.061969852155110076,0.15412350590709917,0.3970453263551306,0.3664395685723932
171,failure_escalation,correct,known,gcomp,0.37278129443217584,,,,0.3664395685723932
171,failure_escalation,correct,known,dr,0.39571736805150537,0.04392822251761986,0.30961805191697045,0.4818166841860403,0.3664395685723932
171,soft_escalation,correct,known,ipw,0.2929587861234251,0.034209311771791,0.22590853505071473,0.3600090371961354,0.3617162173344457
171,soft_escalation,correct,known,gcomp,0.3667013356614848,,,,0.3617162173344457
171,soft_escalation,correct,known,dr,0.3542834297701088,0.025748855744627475,0.30381567251063896,0.40475118702957863,0.3617162173344457
172,always_small,correct,known,ipw,0.23541198549458242,0.13475267842047672,-0.028703264209551937,0.4995272351987168,0.3077266793681609
172,always_small,correct,known,gcomp,0.3211126844984292,,,,0.3077266793681609
172,always_small,correct,known,dr,0.3831221523066636,0.0876439488652954,0.2113400125306846,0.5549042920826426,0.3077266793681609
172,failure_escalation,correct,known,ipw,0.39111983082799806,0.07843471087415517,0.23738779751465394,0.5448518641413422,0.3664395685723932
172,failure_escalation,correct,known,gcomp,0.3774047889132307,,,,0.3664395685723932
172,failure_escalation,correct,known,dr,0.42273564059786045,0.04960795008686051,0.3255040584276139,0.519967222768107,0.3664395685723932
172,soft_escalation,correct,known,ipw,0.3814210864399072,0.04312214698049265,0.2969016783581416,0.4659404945216728,0.3617162173344457
172,soft_escalation,correct,known,gcomp,0.3736315257453084,,,,0.3617162173344457
172,soft_escalation,correct,known,dr,0.4009370472673054,0.02867488857667464,0.3447342656570231,0.4571398288775877,0.3617162173344457
173,always_small,correct,known,ipw,0.6491501013927828,0.38661717157429665,-0.10861955489283859,1.4069197576784043,0.3077266793681609
173,always_small,correct,known,gcomp,0.32720087557946737,,,,0.3077266793681609
173,always_small,correct,known,dr,0.5313964182678633,0.23770058832705204,0.06550326514684135,0.9972895713888853,0.3077266793681609
173,failure_escalation,correct,known,ipw,0.43482705077101613,0.07973461023762839,0.2785472147052645,0.5911068868367677,0.3664395685723932
173,failure_escalation,correct,known,gcomp,0.38453516245551844,,,,0.3664395685723932
173,failure_escalation,correct,known,dr,0.39103924930688494,0.05364201300321043,0.2859009038205925,0.49617759479317736,0.3664395685723932
173,soft_escalation,correct,known,ipw,0.4147695981112445,0.04355390202379385,0.32940395014460855,0.5001352460778804,0.3617162173344457
173,soft_escalation,correct,known,gcomp,0.38099693407158053,,,,0.3617162173344457
173,soft_escalation,correct,known,dr,0.38619358411275256,0.030735860668454823,0.3259512972025811,0.44643587102292404,0.3617162173344457
174,always_small,correct,known,ipw,0.17028179254519196,0.14400873348760693,-0.11197532509051764,0.45253891018090153,0.3077266793681609
174,always_small,correct,known,gcomp,0.33203700135002306,,,,0.3077266793681609
174,always_small,correct,known,dr,0.33089360567594267,0.0809831321542606,0.1721666666535919,0.4896205446982934,0.3077266793681609
174,failure_escalation,correct,known,ipw,0.3842007693649411,0.08347938410345825,0.22058117652216291,0.5478203622077192,0.3664395685723932
174,failure_escalation,correct,known,gcomp,0.3548608030448622,,,,0.3664395685723932
174,failure_escalation,correct,known,dr,0.372872739759754,0.05837231424905858,0.25846300383159915,0.48728247568790883,0.3664395685723932
174,soft_escalation,correct,known,ipw,0.36631595363539116,0.04530615081445639,0.27751589803905663,0.4551160092317257,0.3617162173344457
174,soft_escalation,correct,known,gcomp,0.35371043013312115,,,,0.3617162173344457
174,soft_escalation,correct,known,dr,0.35956006376190763,0.03314394073967553,0.29459793991214356,0.4245221876116717,0.3617162173344457
175,always_small,correct,known,ipw,0.2340319103531572,0.19493879619038465,-0.1480481301799967,0.6161119508863111,0.3077266793681609
175,always_small,correct,known,gcomp,0.25790483417304694,,,,0.3077266793681609
175,always_small,correct,known,dr,0.178832742790456,0.12615754314572453,-0.06843604177516407,0.4261015273560761,0.3077266793681609
175,failure_escalation,correct,known,ipw,0.28415119030495356,0.06110617616372426,0.16438308502405402,0.4039192955858531,0.3664395685723932
175,failure_escalation,correct,known,gcomp,0.36411043310892993,,,,0.3664395685723932
175,failure_escalation,correct,known,dr,0.3922175074489949,0.042517622888529685,0.3088829665874767,0.4755520483105131,0.3664395685723932
175,soft_escalation,correct,known,ipw,0.33798084275939233,0.03526096943142482,0.2688693426737997,0.40709234284498497,0.3617162173344457
175,soft_escalation,correct,known,gcomp,0.3564709622549556,,,,0.3617162173344457
175,soft_escalation,correct,known,dr,0.3815252333495734,0.025865979481426955,0.3308279135659766,0.4322225531331702,0.3617162173344457
176,always_small,correct,known,ipw,0.1339977741713781,0.05539322072236807,0.025427061555536687,0.24256848678721948,0.3077266793681609
176,always_small,correct,known,gcomp,0.32340893882829125,,,,0.3077266793681609
176,always_small,correct,known,dr,0.18157770121053549,0.134604221612328,-0.08224657314962738,0.4454019755706984,0.3077266793681609
176,failure_escalation,correct,known,ipw,0.6373735775302518,0.0900185717117611,0.4609371769752001,0.8138099780853035,0.3664395685723932
176,failure_escalation,correct,known,gcomp,0.39313156819586054,,,,0.3664395685723932
176,failure_escalation,correct,known,dr,0.547303327758264,0.0536104111240423,0.442226921955141,0.6523797335613869,0.3664395685723932
176,soft_escalation,correct,known,ipw,0.5096066746920187,0.048677194935298776,0.4141993726188331,0.6050139767652043,0.3617162173344457
176,soft_escalation,correct,known,gcomp,0.3874263059418951,,,,0.3617162173344457
176,soft_escalation,correct,known,dr,0.4629893348061455,0.030909376479895487,0.40240695690555034,0.5235717127067406,0.3617162173344457
177,always_small,correct,known,ipw,0.3931576733248512,0.2947184618017258,-0.1844905118065313,0.9708058584562337,0.3077266793681609
177,always_small,correct,known,gcomp,0.32331372684308735,,,,0.3077266793681609
177,always_small,correct,known,dr,0.46035659368790177,0.20154191108853986,0.06533444795436366,0.8553787394214398,0.3077266793681609
177,failure_escalation,correct,known,ipw,0.419549180281267,0.08057810353941137,0.2616160973440207,0.5774822632185133,0.3664395685723932
177,failure_escalation,correct,known,gcomp,0.37974336020625266,,,,0.3664395685723932
177,failure_escalation,correct,known,dr,0.4697501952927419,0.051284527379081596,0.369232521629742,0.5702678689557419,0.3664395685723932
177,soft_escalation,correct,known,ipw,0.38734131586887544,0.04387533241974864,0.3013456643261681,0.47333696741158277,0.3617162173344457
177,soft_escalation,correct,known,gcomp,0.37525535197115795,,,,0.3617162173344457
177,soft_escalation,correct,known,dr,0.4238716888820532,0.02961355356404184,0.36582912389653116,0.4819142538675752,0.3617162173344457
178,always_small,correct,known,ipw,0.26507436926670447,0.1748334671660465,-0.07759922637874667,0.6077479649121555,0.3077266793681609
178,always_small,correct,known,gcomp,0.3498651812835929,,,,0.3077266793681609
178,always_small,correct,known,dr,0.4393581256892555,0.08756620128305587,0.267728371174466,0.6109878802040449,0.3077266793681609
178,failure_escalation,correct,known,ipw,0.41343382161792785,0.07480718446924614,0.2668117400582054,0.5600559031776503,0.3664395685723932
178,failure_escalation,correct,known,gcomp,0.36323089804537456,,,,0.3664395685723932
178,failure_escalation,correct,known,dr,0.33764078253254504,0.05467609728770534,0.23047563184864256,0.4448059332164475,0.3664395685723932
178,soft_escalation,correct,known,ipw,0.36943269801430295,0.040939280816914767,0.28919170761315,0.4496736884154559,0.3617162173344457
178,soft_escalation,correct,known,gcomp,0.36102179726320044,,,,0.3617162173344457
178,soft_escalation,correct,known,dr,0.3464668922199659,0.03093181391300502,0.28584053695047607,0.40709324748945575,0.3617162173344457
179,always_small,correct,known,ipw,0.11863095047504521,0.06527453848925133,-0.009307144963887376,0.2465690459139778,0.3077266793681609
179,always_small,correct,known,gcomp,0.2880881004803598,,,,0.3077266793681609
179,always_small,correct,known,dr,0.2935469939747875,0.04147619283400353,0.2122536560201406,0.37484033192943444,0.3077266793681609
179,failure_escalation,correct,known,ipw,0.4453398180028926,0.08183604587341659,0.28494116809099607,0.605738467914789,0.3664395685723932
179,failure_escalation,correct,known,gcomp,0.36452123203264986,,,,0.3664395685723932
179,failure_escalation,correct,known,dr,0.41673095495507295,0.05395456001375091,0.3109800173281212,0.5224818925820247,0.3664395685723932
179,soft_escalation,correct,known,ipw,0.4035866676610638,0.0446111670765857,0.3161487801909558,0.4910245551311718,0.3617162173344457
179,soft_escalation,correct,known,gcomp,0.3600846584209004,,,,0.3617162173344457
179,soft_escalation,correct,known,dr,0.38611986428548867,0.030870070860545516,0.32561452539881947,0.44662520317215787,0.3617162173344457
180,always_small,correct,known,ipw,0.7691466976191964,0.632051683948236,-0.46967460291934604,2.007967998157739,0.3077266793681609
180,always_small,correct,known,gcomp,0.29910781090238503,,,,0.3077266793681609
180,always_small,correct,known,dr,0.2479580877922186,0.5631056656673012,-0.8557290169156918,1.351645192500129,0.3077266793681609
180,failure_escalation,correct,known,ipw,0.39047325644686015,0.07704096021512244,0.23947297442522017,0.5414735384685001,0.3664395685723932
180,failure_escalation,correct,known,gcomp,0.35184964787178735,,,,0.3664395685723932
180,failure_escalation,correct,known,dr,0.31040998930884445,0.058401722101690756,0.19594261398953056,0.42487736462815834,0.3664395685723932
180,soft_escalation,correct,known,ipw,0.35609502385023073,0.042058899771493664,0.27365958029810317,0.4385304674023583,0.3617162173344457
180,soft_escalation,correct,known,gcomp,0.34908963881540495,,,,0.3617162173344457
180,soft_escalation,correct,known,dr,0.3213749215794045,0.032864136585573606,0.25696121387168025,0.38578862928712876,0.3617162173344457
181,always_small,correct,known,ipw,0.122293228794534,0.048656879666757864,0.026925744647688585,0.2176607129413794,0.3077266793681609
181,always_small,correct,known,gcomp,0.2830592515819472,,,,0.3077266793681609
181,always_small,correct,known,dr,0.26368754943817974,0.03263110437159773,0.19973058486984818,0.3276445140065113,0.3077266793681609
181,failure_escalation,correct,known,ipw,0.39168590136322323,0.07567900095165699,0.24335505949797553,0.5400167432284709,0.3664395685723932
181,failure_escalation,correct,known,gcomp,0.35855465627900807,,,,0.3664395685723932
181,failure_escalation,correct,known,dr,0.38589926425351617,0.048311552226296704,0.29120862188997465,0.4805899066170577,0.3664395685723932
181,soft_escalation,correct,known,ipw,0.3433585966394915,0.04113090695384633,0.26274201900995264,0.4239751742690303,0.3617162173344457
181,soft_escalation,correct,known,gcomp,0.34969768392672834,,,,0.3617162173344457
181,soft_escalation,correct,known,dr,0.35098104486176224,0.02793682614568493,0.29622486561621975,0.40573722410730473,0.3617162173344457
182,always_small,correct,known,ipw,0.0625477945370106,0.04001895029861853,-0.01588934804828171,0.14098493712230292,0.3077266793681609
182,always_small,correct,known,gcomp,0.30214049560114625,,,,0.3077266793681609
182,always_small,correct,known,dr,0.12672631887549712,0.12901092860287028,-0.12613510118612864,0.3795877389371229,0.3077266793681609
182,failure_escalation,correct,known,ipw,0.4303887434064457,0.07740835769923693,0.2786683623159413,0.5821091244969501,0.3664395685723932
182,failure_escalation,correct,known,gcomp,0.36434328375864805,,,,0.3664395685723932
182,failure_escalation,correct,known,dr,0.3589001461235031,0.04955905363425135,0.26176440100037046,0.4560358912466358,0.3664395685723932
182,soft_escalation,correct,known,ipw,0.39135809711392705,0.04236999443378897,0.30831290802370065,0.47440328620415345,0.3617162173344457
182,soft_escalation,correct,known,gcomp,0.3594728363126519,,,,0.3617162173344457
182,soft_escalation,correct,known,dr,0.36073090944216074,0.028921598715230416,0.30404457596030915,0.41741724292401233,0.3617162173344457
183,always_small,correct,known,ipw,0.3106200015181222,0.17265380196343846,-0.027781450330217172,0.6490214533664616,0.3077266793681609
183,always_small,correct,known,gcomp,0.31670680580064753,,,,0.3077266793681609
183,always_small,correct,known,dr,0.40779358510464137,0.13345117938746745,0.14622927350520515,0.6693578967040776,0.3077266793681609
183,failure_escalation,correct,known,ipw,0.37181999454947673,0.07961879568496147,0.21576715500695226,0.5278728340920011,0.3664395685723932
183,failure_escalation,correct,known,gcomp,0.369751447274669,,,,0.3664395685723932
183,failure_escalation,correct,known,dr,0.43222523848627287,0.05389627373626957,0.32658854196318454,0.5378619350093612,0.3664395685723932
183,soft_escalation,correct,known,ipw,0.37282846326143304,0.04361580196703204,0.28734149140605025,0.45831543511681583,0.3617162173344457
183,soft_escalation,correct,known,gcomp,0.3651690213902248,,,,0.3617162173344457
183,soft_escalation,correct,known,dr,0.40129274222660916,0.03065097575558476,0.34121682974566303,0.4613686547075553,0.3617162173344457
184,always_small,correct,known,ipw,0.08371968691340033,0.044634124490499846,-0.0037631970879793697,0.17120257091478003,0.3077266793681609
184,always_small,correct,known,gcomp,0.3133577692360014,,,,0.3077266793681609
184,always_small,correct,known,dr,0.3589019898688649,0.03163944994557577,0.29688866797553637,0.42091531176219343,0.3077266793681609
184,failure_escalation,correct,known,ipw,0.3499394423109907,0.07102454443699155,0.21073133521448728,0.48914754940749416,0.3664395685723932
184,failure_escalation,correct,known,gcomp,0.3867579796429136,,,,0.3664395685723932
184,failure_escalation,correct,known,dr,0.33622509190183275,0.04643854476058078,0.24520554417109441,0.4272446396325711,0.3664395685723932
184,soft_escalation,correct,known,ipw,0.36692177508988516,0.039161874173937995,0.2901645017089667,0.44367904847080364,0.3617162173344457
184,soft_escalation,correct,known,gcomp,0.38046916182469326,,,,0.3617162173344457
184,soft_escalation,correct,known,dr,0.357743664912027,0.027359599361943012,0.30411885016261875,0.4113684796614353,0.3617162173344457
185,always_small,correct,known,ipw,0.12707946280863322,0.06843231551093026,-0.007047875592790104,0.26120680121005657,0.3077266793681609
185,always_small,correct,known,gcomp,0.3181449881567644,,,,0.3077266793681609
185,always_small,correct,known,dr,0.2178430903904622,0.08598028443161276,0.0493217329045012,0.3863644478764232,0.3077266793681609
185,failure_escalation,correct,known,ipw,0.4093060495090634,0.07683269055847455,0.2587139760144533,0.5598981230036735,0.3664395685723932
185,failure_escalation,correct,known,gcomp,0.37371715503348907,,,,0.3664395685723932
185,failure_escalation,correct,known,dr,0.382599521771171,0.04955516440352401,0.28547139954026396,0.47972764400207807,0.3664395685723932
185,soft_escalation,correct,known,ipw,0.3876770147900885,0.04229305885347301,0.30478261943728135,0.4705714101428956,0.3617162173344457
185,soft_escalation,correct,known,gcomp,0.37041755812123633,,,,0.3617162173344457
185,soft_escalation,correct,known,dr,0.37810207242103555,0.028765167646710728,0.3217223438334825,0.4344818010085886,0.3617162173344457
186,always_small,correct,known,ipw,0.08790282044690567,0.06337710801996416,-0.03631631127222407,0.2121219521660354,0.3077266793681609
186,always_small,correct,known,gcomp,0.33854691604340403,,,,0.3077266793681609
186,always_small,correct,known,dr,0.18820380494098934,0.09116812998353475,0.00951427017326123,0.36689333970871746,0.3077266793681609
186,failure_escalation,correct,known,ipw,0.3982876000353954,0.07769501124082345,0.2460053780033814,0.5505698220674093,0.3664395685723932
186,failure_escalation,correct,known,gcomp,0.3939988802370094,,,,0.3664395685723932
186,failure_escalation,correct,known,dr,0.3957485592261699,0.05287840312174069,0.29210688910755817,0.49939022934478167,0.3664395685723932
186,soft_escalation,correct,known,ipw,0.38844256717042,0.04309550020816883,0.3039753867624091,0.47290974757843085,0.3617162173344457
186,soft_escalation,correct,known,gcomp,0.38837850771717053,,,,0.3617162173344457
186,soft_escalation,correct,known,dr,0.3788565662981942,0.03086397654711573,0.31836317226584737,0.439349960330541,0.3617162173344457
187,always_small,correct,known,ipw,1.5214200006130183,1.1793720434365502,-0.7901492045226199,3.8329892057486568,0.3077266793681609
187,always_small,correct,known,gcomp,0.277724663170578,,,,0.3077266793681609
187,always_small,correct,known,dr,1.413358461874841,1.0263531801298422,-0.5982937711796497,3.4250106949293313,0.3077266793681609
187,failure_escalation,correct,known,ipw,0.3112340931667992,0.07125262109413881,0.1715789558222871,0.45088923051131125,0.3664395685723932
187,failure_escalation,correct,known,gcomp,0.35796394012462185,,,,0.3664395685723932
187,failure_escalation,correct,known,dr,0.3546381793518347,0.0541436566314267,0.2485166123542384,0.46075974634943107,0.3664395685723932
187,soft_escalation,correct,known,ipw,0.32006321551404765,0.039286310102112726,0.24306204771390671,0.3970643833141886,0.3617162173344457
187,soft_escalation,correct,known,gcomp,0.35302986104850775,,,,0.3617162173344457
187,soft_escalation,correct,known,dr,0.3486019191521713,0.0307637635789099,0.28830494253750794,0.4088988957668347,0.3617162173344457
188,always_small,correct,known,ipw,0.1294860609439822,0.06787657608545443,-0.003552028183508471,0.2625241500714729,0.3077266793681609
188,always_small,correct,known,gcomp,0.29542909199758166,,,,0.3077266793681609
188,always_small,correct,known,dr,0.002221273043087545,0.22159579621349276,-0.43210648753535824,0.43654903362153336,0.3077266793681609
188,failure_escalation,correct,known,ipw,0.4686851721781144,0.08290082745336297,0.30619955036952295,0.6311707939867058,0.3664395685723932
188,failure_escalation,correct,known,gcomp,0.380617210066184,,,,0.3664395685723932
188,failure_escalation,correct,known,dr,0.43773551089658175,0.051996203599938534,0.3358229518407022,0.5396480699524613,0.3664395685723932
188,soft_escalation,correct,known,ipw,0.39390486785585,0.04476803633552812,0.3061595166382149,0.4816502190734851,0.3617162173344457
188,soft_escalation,correct,known,gcomp,0.37518869999254884,,,,0.3617162173344457
188,soft_escalation,correct,known,dr,0.38422989150608416,0.030132724327568212,0.3251697518240505,0.44329003118811783,0.3617162173344457
189,always_small,correct,known,ipw,0.362602944588949,0.1454886555630802,0.07744517968531184,0.6477607094925861,0.3077266793681609
189,always_small,correct,known,gcomp,0.3249800136680288,,,,0.3077266793681609
189,always_small,correct,known,dr,0.48036838459621034,0.08245589633394608,0.318754827781676,0.6419819414107446,0.3077266793681609
189,failure_escalation,correct,known,ipw,0.3373132807910187,0.07234349554504875,0.19552002952272315,0.4791065320593142,0.3664395685723932
189,failure_escalation,correct,known,gcomp,0.3650243209250207,,,,0.3664395685723932
189,failure_escalation,correct,known,dr,0.367796539324209,0.04583413192815092,0.2779616407450332,0.45763143790338484,0.3664395685723932
189,soft_escalation,correct,known,ipw,0.35656014786935913,0.04012158969069439,0.2779218320755981,0.43519846366312015,0.3617162173344457
189,soft_escalation,correct,known,gcomp,0.3642865564929356,,,,0.3617162173344457
189,soft_escalation,correct,known,dr,0.3662968428373433,0.0268601951474309,0.31365086034837875,0.4189428253263079,0.3617162173344457
190,always_small,correct,known,ipw,0.24859894499131457,0.11601490317130579,0.02120973477555524,0.47598815520707394,0.3077266793681609
190,always_small,correct,known,gcomp,0.2529423903113777,,,,0.3077266793681609
190,always_small,correct,known,dr,0.2531741548634932,0.06711202180864106,0.12163459211855673,0.38471371760842965,0.3077266793681609
190,failure_escalation,correct,known,ipw,0.42473918730601207,0.08421319376441233,0.2596813275277639,0.5897970470842602,0.3664395685723932
190,failure_escalation,correct,known,gcomp,0.35079160182954355,,,,0.3664395685723932
190,failure_escalation,correct,known,dr,0.3588811558190437,0.05918647281294802,0.24287566910566555,0.4748866425324218,0.3664395685723932
190,soft_escalation,correct,known,ipw,0.37898933146240626,0.04598162156167141,0.2888653532015303,0.46911330972328225,0.3617162173344457
190,soft_escalation,correct,known,gcomp,0.34533164938582656,,,,0.3617162173344457
190,soft_escalation,correct,known,dr,0.3325648423703387,0.03365219822798007,0.26660653384349775,0.3985231508971796,0.3617162173344457
191,always_small,correct,known,ipw,0.3808238472831653,0.17904385462714464,0.02989789221396183,0.7317498023523688,0.3077266793681609
191,always_small,correct,known,gcomp,0.2954247166173468,,,,0.3077266793681609
191,always_small,correct,known,dr,0.18214612511670342,0.3072170487147407,-0.4199992903641883,0.7842915405975952,0.3077266793681609
191,failure_escalation,correct,known,ipw,0.37274285980561855,0.07297373915200385,0.229714331067691,0.5157713885435461,0.3664395685723932
191,failure_escalation,correct,known,gcomp,0.3348153361927937,,,,0.3664395685723932
191,failure_escalation,correct,known,dr,0.35247213211397554,0.05135047725940215,0.2518251966855473,0.4531190675424038,0.3664395685723932
191,soft_escalation,correct,known,ipw,0.3634687550752339,0.04033883887081217,0.28440463088844203,0.4425328792620258,0.3617162173344457
191,soft_escalation,correct,known,gcomp,0.3316146834774478,,,,0.3617162173344457
191,soft_escalation,correct,known,dr,0.3490321633153148,0.02961502947337053,0.29098670554750855,0.407077621083121,0.3617162173344457
192,always_small,correct,known,ipw,0.13001807192310483,0.05686287561506502,0.01856683571757739,0.24146930812863227,0.3077266793681609
192,always_small,correct,known,gcomp,0.29826928143989845,,,,0.3077266793681609
192,always_small,correct,known,dr,0.18910159037542815,0.05724604952344306,0.07689933330947975,0.30130384744137656,0.3077266793681609
192,failure_escalation,correct,known,ipw,0.33787602306039244,0.07272548092726397,0.19533408044295505,0.4804179656778298,0.3664395685723932
192,failure_escalation,correct,known,gcomp,0.3585393164724517,,,,0.3664395685723932
192,failure_escalation,correct,known,dr,0.34715971691095776,0.04841583670807918,0.25226467696312255,0.442054756858793,0.3664395685723932
192,soft_escalation,correct,known,ipw,0.33450618896360207,0.04012187997321966,0.25586730421609155,0.4131450737111126,0.3617162173344457
192,soft_escalation,correct,known,gcomp,0.3546330812434931,,,,0.3617162173344457
192,soft_escalation,correct,known,dr,0.33519153830702914,0.028378760710625887,0.2795691673142024,0.3908139092998559,0.3617162173344457
193,always_small,correct,known,ipw,0.013790212469848526,0.013790212469848528,-0.013238603971054587,0.04081902891075164,0.3077266793681609
193,always_small,correct,known,gcomp,0.3139719608587623,,,,0.3077266793681609
193,always_small,correct,known,dr,0.26931067006825427,0.04448150319556771,0.18212692380494155,0.356494416331567,0.3077266793681609
193,failure_escalation,correct,known,ipw,0.2602569319973483,0.06300087670576951,0.13677521365404005,0.3837386503406565,0.3664395685723932
193,failure_escalation,correct,known,gcomp,0.40293078197521776,,,,0.3664395685723932
193,failure_escalation,correct,known,dr,0.3687418865518282,0.040271518516264294,0.28980971025995017,0.44767406284370626,0.3664395685723932
193,soft_escalation,correct,known,ipw,0.31559594360891624,0.03570366215842027,0.24561676577841252,0.38557512143941997,0.3617162173344457
193,soft_escalation,correct,known,gcomp,0.3903645784631278,,,,0.3617162173344457
193,soft_escalation,correct,known,dr,0.3726530952627803,0.02451085535781154,0.32461181876146966,0.4206943717640909,0.3617162173344457
194,always_small,correct,known,ipw,0.4479679102320324,0.23649849623996783,-0.015569142398304536,0.9115049628623694,0.3077266793681609
194,always_small,correct,known,gcomp,0.31522300010493864,,,,0.3077266793681609
194,always_small,correct,known,dr,0.42404704656552045,0.0969297656411123,0.23406470590894032,0.6140293872221005,0.3077266793681609
194,failure_escalation,correct,known,ipw,0.3261285186043043,0.0695546056247914,0.18980149157971316,0.46245554562889546,0.3664395685723932
194,failure_escalation,correct,known,gcomp,0.37960518073426336,,,,0.3664395685723932
194,failure_escalation,correct,known,dr,0.31332944825798037,0.04656478616779049,0.222062467369111,0.40459642914684973,0.3664395685723932
194,soft_escalation,correct,known,ipw,0.33364711731202135,0.03831320880830524,0.25855322804774306,0.40874100657629964,0.3617162173344457
194,soft_escalation,correct,known,gcomp,0.37332491080507757,,,,0.3617162173344457
194,soft_escalation,correct,known,dr,0.34171527816381075,0.02699929372760802,0.288796662457699,0.3946338938699225,0.3617162173344457
195,always_small,correct,known,ipw,0.7492401154999393,0.6673880433205305,-0.5588404494083004,2.057320680408179,0.3077266793681609
195,always_small,correct,known,gcomp,0.3046252951282317,,,,0.3077266793681609
195,always_small,correct,known,dr,0.6670710822700289,0.44551132472973287,-0.20613111420024754,1.5402732787403053,0.3077266793681609
195,failure_escalation,correct,known,ipw,0.39455194013080686,0.07327110973430019,0.25094056505157847,0.5381633152100352,0.3664395685723932
195,failure_escalation,correct,known,gcomp,0.3633383386184082,,,,0.3664395685723932
195,failure_escalation,correct,known,dr,0.3714419352767493,0.05191299476912309,0.26969246552926807,0.4731914050242305,0.3664395685723932
195,soft_escalation,correct,known,ipw,0.39232329890464623,0.04105814238155811,0.3118493398367923,0.47279725797250016,0.3617162173344457
195,soft_escalation,correct,known,gcomp,0.3566755167466128,,,,0.3617162173344457
195,soft_escalation,correct,known,dr,0.3700747965788769,0.030248820709435655,0.310787107988383,0.42936248516937076,0.3617162173344457
196,always_small,correct,known,ipw,0.15918495846206765,0.08565158042260185,-0.00869213916623196,0.32706205609036726,0.3077266793681609
196,always_small,correct,known,gcomp,0.26871014928958603,,,,0.3077266793681609
196,always_small,correct,known,dr,0.18332968348147355,0.12250697140650789,-0.05678398047528191,0.423443347438229,0.3077266793681609
196,failure_escalation,correct,known,ipw,0.40057431246673314,0.08981126798496619,0.2245442272161994,0.5766043977172669,0.3664395685723932
196,failure_escalation,correct,known,gcomp,0.3864465377346438,,,,0.3664395685723932
196,failure_escalation,correct,known,dr,0.35321376184431064,0.060704684888142214,0.23423257946355192,0.47219494422506936,0.3664395685723932
196,soft_escalation,correct,known,ipw,0.3704766891633718,0.04882108791355427,0.2747873568528054,0.46616602147393815,0.3617162173344457
196,soft_escalation,correct,known,gcomp,0.3750983691350606,,,,0.3617162173344457
196,soft_escalation,correct,known,dr,0.3527581613488976,0.03442723091981317,0.2852807887460638,0.4202355339517314,0.3617162173344457
197,always_small,correct,known,ipw,0.19374115370627729,0.08838516414471168,0.020506231982642398,0.3669760754299122,0.3077266793681609
197,always_small,correct,known,gcomp,0.26905397013806265,,,,0.3077266793681609
197,always_small,correct,known,dr,0.1890140128496677,0.08012652019254224,0.03196603327228492,0.3460619924270505,0.3077266793681609
197,failure_escalation,correct,known,ipw,0.48117759997890636,0.09186045601415467,0.30113110619116323,0.6612240937666495,0.3664395685723932
197,failure_escalation,correct,known,gcomp,0.3527469030712937,,,,0.3664395685723932
197,failure_escalation,correct,known,dr,0.39401818224503543,0.06101202289929817,0.27443461736241104,0.5136017471276598,0.3664395685723932
197,soft_escalation,correct,known,ipw,0.40276923997993286,0.049772007598526784,0.30521610508682034,0.5003223748730453,0.3617162173344457
197,soft_escalation,correct,known,gcomp,0.34615796879086397,,,,0.3617162173344457
197,soft_escalation,correct,known,dr,0.3729666647068698,0.034499123001351197,0.30534838362422145,0.4405849457895181,0.3617162173344457
198,always_small,correct,known,ipw,0.899373056629179,0.67689773946609,-0.4273465127243573,2.2260926259827154,0.3077266793681609
198,always_small,correct,known,gcomp,0.30253805446877535,,,,0.3077266793681609
198,always_small,correct,known,dr,0.7629732458265952,0.450586527059439,-0.12017634720990522,1.6461228388630955,0.3077266793681609
198,failure_escalation,correct,known,ipw,0.2751944382069646,0.0681707824084767,0.14157970468635028,0.4088091717275789,0.3664395685723932
198,failure_escalation,correct,known,gcomp,0.3625800091678828,,,,0.3664395685723932
198,failure_escalation,correct,known,dr,0.34072090154511997,0.04622860747923753,0.25011283088581443,0.4313289722044255,0.3664395685723932
198,soft_escalation,correct,known,ipw,0.3180808336837475,0.037958789367656336,0.24368160652314108,0.39248006084435394,0.3617162173344457
198,soft_escalation,correct,known,gcomp,0.35549359510245027,,,,0.3617162173344457
198,soft_escalation,correct,known,dr,0.345640534697455,0.02727236126985311,0.2921867066085429,0.39909436278636706,0.3617162173344457
199,always_small,correct,known,ipw,0.0625477945370106,0.04001895029861853,-0.01588934804828171,0.14098493712230292,0.3077266793681609
199,always_small,correct,known,gcomp,0.27734493024664003,,,,0.3077266793681609
199,always_small,correct,known,dr,0.10752039784780633,0.12624095059858112,-0.13991186532541267,0.3549526610210253,0.3077266793681609
199,failure_escalation,correct,known,ipw,0.39153307212287164,0.0804303143316704,0.23388965603279765,0.5491764882129456,0.3664395685723932
199,failure_escalation,correct,known,gcomp,0.34663421396538624,,,,0.3664395685723932
199,failure_escalation,correct,known,dr,0.340660232544841,0.05747131596017287,0.2280164532629022,0.4533040118267798,0.3664395685723932
199,soft_escalation,correct,known,ipw,0.38402566662474047,0.04457489845227968,0.29665886565827226,0.4713924675912087,0.3617162173344457
199,soft_escalation,correct,known,gcomp,0.34081629075534364,,,,0.3617162173344457
199,soft_escalation,correct,known,dr,0.3461257773793483,0.03304901925696658,0.2813496996356938,0.4109018551230028,0.3617162173344457
