cell_eta,study,fixed_estimate,fixed_variance_estimate,fixed_variance_failure,fixed_wald_cover,fixed_wald_length,fixed_hoeffding_cover,half_estimate,half_variance_estimate,half_variance_failure,half_wald_cover,half_wald_length,half_hoeffding_cover
0,0,0.00625,0.0033463541666666676,0,1,0.22675874166795165,1,0.125,0.006145833333333333,0,1,0.3073041859060778,1
0,1,0.06875,0.0033463541666666667,0,1,0.22675874166795162,1,0.0,0.0055208333333333325,0,1,0.2912597047716383,1
0,2,0.0875,0.0027343749999999994,0,1,0.20497793991388924,1,0.0375,0.005572916666666667,0,1,0.2926303462470013,1
0,3,-0.03125,0.0030078124999999996,0,1,0.2149826770613767,1,-0.0875,0.004843750000000001,0,1,0.27281544063881114,1
0,4,0.025,0.0034114583333333336,0,1,0.2289539403986209,1,0.075,0.006354166666666668,0,1,0.31246932386925447,1
0,5,-0.00625,0.0029557291666666655,0,1,0.2131132269839163,1,0.0375,0.006093750000000001,0,1,0.3059992790096397,1
0,6,-0.025,0.0028385416666666667,0,1,0.2088457892639875,1,-0.0375,0.006510416666666668,0,1,0.31628782797041505,1
0,7,-0.03125,0.0025390625,0,1,0.1975216852593019,1,-0.025,0.005624999999999999,0,1,0.2939945976810081,1
0,8,-0.00625,0.0034244791666666664,0,1,0.22939045927043203,1,-0.0375,0.00578125,0,1,0.298049887147356,1
0,9,0.0,0.003567708333333334,0,1,0.23413846029003668,1,0.0625,0.00671875,0,1,0.321308583461685,1
0,10,0.03125,0.0028776041666666668,0,1,0.21027789145326556,1,0.025,0.0053125,0,1,0.28571139273705937,1
0,11,0.06875,0.0032682291666666662,0,1,0.22409612009440483,1,0.0625,0.007760416666666666,0,1,0.34531910492429096,1
0,12,-0.0125,0.0027604166666666667,0,1,0.20595171233041729,1,0.0125,0.00546875,0,1,0.28988258261351957,1
0,13,0.06875,0.0029817708333333332,0,1,0.2140499929361999,1,0.125,0.005624999999999999,0,1,0.2939945976810081,1
0,14,0.1125,0.0032291666666666666,0,0,0.22275287450588027,1,0.1125,0.006510416666666668,0,1,0.31628782797041505,1
0,15,0.0875,0.0030208333333333337,0,1,0.21544750501391444,1,0.025,0.007708333333333333,0,1,0.34415836515292714,1
0,16,0.0375,0.003619791666666667,0,1,0.2358413078914867,1,0.025,0.006666666666666667,0,1,0.32006077842368735,1
0,17,-0.06875,0.002669270833333333,0,1,0.20252302572823555,1,-0.1,0.006770833333333333,0,1,0.3225515613466048,1
0,18,0.0375,0.0029427083333333328,0,1,0.21264329647382202,1,0.075,0.005208333333333334,0,1,0.282896433519043,1
0,19,0.00625,0.0030598958333333333,0,1,0.21683601028762298,1,0.125,0.006666666666666666,0,1,0.3200607784236873,1
0,20,-0.05625,0.0032682291666666667,0,1,0.22409612009440483,1,0.0375,0.006302083333333334,0,1,0.31118607687094724,1
0,21,0.05625,0.0029296875,0,1,0.2121723251392822,1,0.0875,0.005260416666666668,0,1,0.2843073970525076,1
0,22,0.075,0.0025,0,1,0.1959963984540054,1,0.075,0.005729166666666667,0,1,0.2967042825905513,1
0,23,-0.0375,0.0033333333333333344,0,1,0.22631714681523438,1,-0.075,0.0059375,0,1,0.3020507357903395,1
0,24,-0.025,0.0027864583333333335,0,1,0.206920902212222,1,-0.0375,0.00546875,0,1,0.28988258261351957,1
0,25,0.03125,0.0032942708333333344,0,1,0.22498716186008236,1,0.025,0.0059375,0,1,0.3020507357903395,1
0,26,0.01875,0.0032682291666666667,0,1,0.22409612009440483,1,0.0,0.006666666666666665,0,1,0.3200607784236873,1
0,27,-0.00625,0.0030859374999999993,0,1,0.21775676181910655,1,-0.0375,0.006822916666666667,0,1,0.32378976767049095,1
0,28,-0.09375,0.0032421874999999994,0,1,0.22320152123333956,1,-0.1,0.0073958333333333315,0,1,0.3371100069396752,1
0,29,0.11875,0.002747395833333333,0,0,0.2054654030039765,1,0.15,0.004375,0,0,0.2592788640868114,1
0,30,0.10625,0.003111979166666667,0,1,0.21867363645037802,1,0.15,0.0056250000000000015,0,0,0.29399459768100816,1
0,31,-0.025,0.0032812500000000007,0,1,0.2245420829635514,1,0.0125,0.005468750000000001,0,1,0.2898825826135196,1
0,32,-0.01875,0.0031640625000000006,0,1,0.2204959482607561,1,0.05,0.0059375,0,1,0.3020507357903395,1
0,33,-0.03125,0.0031640625,0,1,0.22049594826075608,1,-0.0375,0.00578125,0,1,0.298049887147356,1
0,34,0.00625,0.0027994791666666663,0,1,0.20740379879010032,1,-0.0875,0.004635416666666667,0,1,0.26688396161447564,1
0,35,0.0875,0.0031250000000000006,0,1,0.2191306351441454,1,-0.0375,0.005885416666666666,0,1,0.300723033821002,1
0,36,-0.03125,0.0027994791666666663,0,1,0.20740379879010032,1,0.0375,0.005052083333333334,0,1,0.2786206746364319,1
0,37,0.0,0.0036197916666666674,0,1,0.23584130789148672,1,0.05,0.007395833333333334,0,1,0.33711000693967524,1
0,38,0.1,0.0030989583333333333,0,1,0.21821568068813843,1,0.1125,0.006822916666666667,0,1,0.32378976767049095,1
0,39,0.00625,0.002278645833333333,0,1,0.18711840246962613,1,0.025,0.005520833333333333,0,1,0.2912597047716384,1
0,40,-0.01875,0.003190104166666666,0,1,0.2214014795792905,1,-0.0375,0.008072916666666666,0,1,0.35220321939411786,1
0,41,-0.14375,0.0031640625,0,0,0.22049594826075608,1,-0.1125,0.006510416666666666,0,1,0.316287827970415,1
0,42,-0.0375,0.0029947916666666664,0,1,0.21451684189413125,1,-0.05,0.0053125,0,1,0.28571139273705937,1
0,43,0.08125,0.0028515625,0,1,0.20932424530747118,1,0.05,0.006145833333333333,0,1,0.3073041859060778,1
0,44,-0.03125,0.003684895833333334,0,1,0.23795273145982052,1,-0.0375,0.007864583333333333,0,1,0.3476289574642327,1
0,45,0.025,0.0035416666666666665,0,1,0.23328237530190765,1,0.0625,0.007760416666666666,0,1,0.34531910492429096,1
0,46,0.04375,0.0031640625,0,1,0.22049594826075608,1,0.0125,0.006406249999999999,0,1,0.313747322347597,1
0,47,-0.0375,0.002786458333333333,0,1,0.20692090221222198,1,0.0125,0.00484375,0,1,0.27281544063881114,1
0,48,0.0125,0.0031510416666666657,0,1,0.220041785166285,1,0.0875,0.0061979166666666675,0,1,0.3086035751516421,1
0,49,-0.0125,0.003619791666666667,0,1,0.2358413078914867,1,0.0,0.0067708333333333336,0,1,0.3225515613466048,1
0,50,-0.13125,0.0028776041666666668,0,0,0.21027789145326556,1,-0.075,0.0056250000000000015,0,1,0.29399459768100816,1
0,51,-0.09375,0.0027734375,0,1,0.20643687604707509,1,-0.1,0.0060416666666666665,0,1,0.3046887835701232,1
0,52,-0.04375,0.0030859374999999993,0,1,0.21775676181910655,1,-0.05,0.006145833333333333,0,1,0.3073041859060778,1
0,53,0.00625,0.0027734375,0,1,0.20643687604707509,1,0.075,0.0035416666666666665,0,1,0.23328237530190765,1
0,54,0.0125,0.0027864583333333326,0,1,0.20692090221222195,1,-0.0125,0.00515625,0,1,0.2814783973537158,1
0,55,0.06875,0.0030338541666666665,0,1,0.21591133225693634,1,0.0625,0.005885416666666667,0,1,0.3007230338210021,1
0,56,0.05625,0.0033723958333333344,0,1,0.2276393614543008,1,0.025,0.0069791666666666665,0,1,0.3274762974797479,1
0,57,0.01875,0.0025130208333333333,0,1,0.19650614287392068,1,0.0375,0.005052083333333333,0,1,0.27862067463643186,1
0,58,-0.01875,0.0026432291666666657,0,1,0.20153268714933212,1,-0.0875,0.00640625,0,1,0.31374732234759706,1
0,59,0.03125,0.0023567708333333335,0,1,0.19029911304115926,1,0.0625,0.00421875,0,1,0.25460679016713866,1
0,60,0.0375,0.0029947916666666664,0,1,0.21451684189413125,1,0.0625,0.007447916666666666,0,1,0.33829493153141654,1
0,61,-0.06875,0.003216145833333334,0,1,0.22230332233322106,1,-0.05,0.006666666666666667,0,1,0.32006077842368735,1
0,62,0.04375,0.0023567708333333335,0,1,0.19029911304115926,1,0.05,0.005104166666666667,0,1,0.2800531811207264,1
0,63,-0.01875,0.002721354166666666,0,1,0.20448931480910562,1,-0.0375,0.006406250000000001,0,1,0.31374732234759706,1
0,64,0.0,0.0032031249999999994,0,1,0.22185285921110748,1,-0.0375,0.00609375,0,1,0.3059992790096397,1
0,65,-0.10625,0.0030859374999999993,0,1,0.21775676181910655,1,-0.1375,0.00578125,0,1,0.298049887147356,1
0,66,-0.01875,0.0031901041666666657,0,1,0.22140147957929046,1,-0.0375,0.0067187500000000025,0,1,0.32130858346168506,1
0,67,-0.05,0.002864583333333333,0,1,0.20980161022686847,1,-0.0125,0.00578125,0,1,0.298049887147356,1
0,68,0.0375,0.002890625,0,1,0.21075309633378064,1,0.0875,0.006718749999999999,0,1,0.321308583461685,1
0,69,-0.05,0.0033072916666666667,0,1,0.22543136201979388,1,-0.075,0.0065625,0,1,0.317550459050559,1
0,70,0.04375,0.0028776041666666668,0,1,0.21027789145326556,1,-0.0125,0.00578125,0,1,0.298049887147356,1
0,71,0.04375,0.0032682291666666675,0,1,0.22409612009440485,1,0.0625,0.00703125,0,1,0.3286959527162181,1
0,72,0.01875,0.0034765625,0,1,0.2311282906207669,1,0.1125,0.006197916666666667,0,1,0.30860357515164205,1
0,73,-0.05625,0.0033463541666666667,0,1,0.22675874166795162,1,-0.075,0.0069791666666666665,0,1,0.3274762974797479,1
0,74,0.03125,0.0030078125,0,1,0.21498267706137672,1,0.0375,0.0066145833333333326,0,1,0.31880808955263157,1
0,75,-0.0375,0.0032291666666666666,0,1,0.22275287450588027,1,-0.0125,0.00703125,0,1,0.3286959527162181,1
0,76,0.0125,0.002578125,0,1,0.199035283526334,1,-0.025,0.0053125,0,1,0.28571139273705937,1
0,77,-0.06875,0.002721354166666667,0,1,0.20448931480910565,1,0.0875,0.004635416666666666,0,1,0.2668839616144756,1
0,78,0.10625,0.003450520833333334,0,1,0.2302610144266474,1,0.0125,0.007343749999999999,0,1,0.33592090268080954,1
0,79,0.0,0.0034895833333333337,0,1,0.23156071062579284,1,-0.1,0.007395833333333332,0,1,0.3371100069396752,1
0,80,-0.04375,0.0033723958333333336,0,1,0.22763936145430078,1,0.0,0.005625,0,1,0.2939945976810081,1
0,81,0.11875,0.0024609375,0,0,0.19445914806510853,1,0.1375,0.004843750000000001,0,0,0.27281544063881114,1
0,82,0.03125,0.0031640625,0,1,0.22049594826075608,1,0.15,0.0046875,0,0,0.26837912155757354,1
0,83,0.025,0.0025260416666666665,0,1,0.19701456841419168,1,0.0125,0.005052083333333333,0,1,0.27862067463643186,1
0,84,0.0375,0.0035937500000000006,0,1,0.2349914265403699,1,0.0875,0.006822916666666666,0,1,0.32378976767049095,1
0,85,-0.1,0.0027604166666666662,0,1,0.20595171233041729,1,-0.125,0.005416666666666666,0,1,0.28849888696788073,1
0,86,0.0375,0.003515625,0,1,0.2324231371142106,1,0.1,0.007812499999999997,0,1,0.34647595608741943,1
0,87,0.1,0.002786458333333333,0,1,0.20692090221222198,1,0.1,0.006250000000000001,0,1,0.3098975161522808,1
0,88,-0.1,0.0034375000000000005,0,1,0.22982614904432486,1,-0.1625,0.00546875,0,0,0.28988258261351957,1
0,89,-0.00625,0.002747395833333333,0,1,0.2054654030039765,1,0.0,0.005729166666666667,0,1,0.2967042825905513,1
0,90,0.0,0.003098958333333334,0,1,0.21821568068813846,1,0.0625,0.006302083333333332,0,1,0.31118607687094724,1
0,91,0.03125,0.0031640624999999993,0,1,0.22049594826075605,1,0.075,0.005,0,1,0.27718076486993554,1
0,92,0.0125,0.0033072916666666676,0,1,0.2254313620197939,1,0.0125,0.00671875,0,1,0.321308583461685,1
0,93,0.04375,0.0029296875,0,1,0.2121723251392822,1,0.0625,0.00453125,0,1,0.26386822681990535,1
0,94,0.01875,0.0031640625000000006,0,1,0.2204959482607561,1,0.0375,0.006510416666666666,0,1,0.316287827970415,1
0,95,-0.075,0.0031770833333333325,0,1,0.22094917782072532,1,-0.15,0.006145833333333334,0,1,0.30730418590607783,1
0,96,-0.00625,0.0030859375,0,1,0.21775676181910658,1,0.0,0.006145833333333333,0,1,0.3073041859060778,1
0,97,0.04375,0.0036848958333333343,0,1,0.23795273145982052,1,0.1,0.008229166666666666,0,1,0.35559530299838743,1
0,98,-0.05,0.0030989583333333333,0,1,0.21821568068813843,1,-0.0625,0.0056770833333333335,0,1,0.2953525476216445,1
0,99,-0.0625,0.003177083333333334,0,1,0.22094917782072537,1,-0.05,0.008020833333333333,0,1,0.35106524155860713,1
0,100,0.05,0.003125,0,1,0.21913063514414538,1,0.075,0.0059375,0,1,0.3020507357903395,1
0,101,-0.1,0.0026302083333333334,0,1,0.2010356883973244,1,0.0,0.004479166666666667,0,1,0.2623473598191967,1
0,102,-0.025,0.00375,0,1,0.24004558381776547,1,0.0375,0.00703125,0,1,0.3286959527162181,1
0,103,-0.0125,0.0033854166666666663,0,1,0.22807839631049295,1,0.025,0.0067708333333333336,0,1,0.3225515613466048,1
0,104,-0.05,0.0033854166666666668,0,1,0.22807839631049295,1,-0.025,0.004791666666666667,0,1,0.27134472674067345,1
0,105,-0.125,0.0029166666666666664,0,0,0.21170030603370604,1,-0.0875,0.005885416666666667,0,1,0.3007230338210021,1
0,106,0.00625,0.0027994791666666663,0,1,0.20740379879010032,1,-0.0125,0.004739583333333333,0,1,0.2698659978748578,1
0,107,0.04375,0.003138020833333334,0,1,0.21958668274492663,1,0.0125,0.006822916666666666,0,1,0.32378976767049095,1
0,108,-0.05,0.0030208333333333337,0,1,0.21544750501391444,1,-0.075,0.004895833333333333,0,1,0.27427826850103637,1
0,109,0.0625,0.0027604166666666667,0,1,0.20595171233041729,1,0.1,0.008229166666666668,0,1,0.35559530299838743,1
0,110,0.05,0.003151041666666667,0,1,0.22004178516628506,1,0.1,0.007083333333333334,0,1,0.32991109901456817,1
0,111,-0.0125,0.0029687499999999996,0,1,0.21358212353973524,1,-0.075,0.007708333333333333,0,1,0.34415836515292714,1
0,112,-0.025,0.0028906250000000004,0,1,0.21075309633378067,1,-0.0875,0.006302083333333334,0,1,0.31118607687094724,1
0,113,-0.1375,0.003046875,0,0,0.21637416522591058,1,-0.15,0.0067708333333333336,0,1,0.3225515613466048,1
0,114,0.15625,0.003294270833333333,0,0,0.2249871618600823,1,0.1375,0.007239583333333332,0,1,0.33352997618794933,1
0,115,-0.08125,0.002981770833333334,0,1,0.21404999293619992,1,-0.125,0.005625,0,1,0.2939945976810081,1
0,116,0.0,0.0028385416666666663,0,1,0.2088457892639875,1,0.1,0.006562499999999999,0,1,0.317550459050559,1
0,117,0.04375,0.0032682291666666662,0,1,0.22409612009440483,1,0.0875,0.0066145833333333326,0,1,0.31880808955263157,1
0,118,0.0875,0.003385416666666667,0,1,0.22807839631049298,1,0.075,0.007083333333333331,0,1,0.3299110990145681,1
0,119,-0.0625,0.0037760416666666667,0,1,0.2408776333969197,1,-0.1375,0.007239583333333332,0,1,0.33352997618794933,1
0,120,0.06875,0.002825520833333333,0,1,0.2083662345800139,1,0.1125,0.006406250000000001,0,1,0.31374732234759706,1
0,121,-0.05,0.0032031250000000007,0,1,0.2218528592111075,1,-0.075,0.006562499999999999,0,1,0.317550459050559,1
0,122,-0.03125,0.003216145833333334,0,1,0.22230332233322106,1,-0.075,0.005729166666666665,0,1,0.29670428259055126,1
0,123,0.01875,0.0033984375000000004,0,1,0.2285165876775924,1,0.025,0.0069791666666666665,0,1,0.3274762974797479,1
0,124,0.05625,0.0030338541666666665,0,1,0.21591133225693634,1,0.0375,0.006302083333333334,0,1,0.31118607687094724,1
0,125,0.075,0.002682291666666666,0,1,0.20301638340381312,1,0.025,0.006458333333333333,0,1,0.3150201361838079,1
0,126,0.01875,0.002955729166666667,0,1,0.21311322698391635,1,0.0,0.005729166666666666,0,1,0.29670428259055126,1
0,127,0.0375,0.0033593749999999995,0,1,0.22719947821920125,1,0.0125,0.008489583333333333,0,1,0.36117798814352553,1
0,128,0.0,0.0033854166666666668,0,1,0.22807839631049295,1,0.05,0.007812499999999997,0,1,0.34647595608741943,1
0,129,-0.03125,0.0024088541666666668,0,1,0.19239037487678498,1,-0.1125,0.00546875,0,1,0.28988258261351957,1
0,130,-0.0125,0.00328125,0,1,0.22454208296355138,1,-0.0125,0.005989583333333334,0,1,0.3033726271641254,1
0,131,0.0375,0.0028906249999999995,0,1,0.21075309633378064,1,-0.0125,0.007864583333333335,0,1,0.3476289574642328,1
0,132,-0.05,0.0033333333333333344,0,1,0.22631714681523438,1,0.0125,0.007135416666666665,0,1,0.3311217860153242,1
0,133,-0.03125,0.0035286458333333337,0,1,0.23285315253664834,1,-0.075,0.0060416666666666665,0,1,0.3046887835701232,1
0,134,-0.04375,0.0030859375,0,1,0.21775676181910658,1,-0.0375,0.00640625,0,1,0.31374732234759706,1
0,135,0.00625,0.0032421875000000007,0,1,0.2232015212333396,1,-0.025,0.006458333333333332,0,1,0.3150201361838079,1
0,136,0.0125,0.002890625,0,1,0.21075309633378064,1,0.075,0.006354166666666668,0,1,0.31246932386925447,1
0,137,0.0125,0.003255208333333334,0,1,0.22364926796464465,1,0.05,0.0071875,0,1,0.33232806245479196,1
0,138,-0.025,0.003072916666666667,0,1,0.2172968737411991,1,0.0375,0.00546875,0,1,0.28988258261351957,1
0,139,0.025,0.002942708333333333,0,1,0.21264329647382202,1,0.05,0.005729166666666666,0,1,0.29670428259055126,1
0,140,-0.08125,0.003138020833333334,0,1,0.21958668274492663,1,-0.2125,0.0056770833333333335,0,0,0.2953525476216445,1
0,141,-0.00625,0.003554687500000001,0,1,0.23371080977726427,1,-0.025,0.006770833333333333,0,1,0.3225515613466048,1
0,142,-0.03125,0.003216145833333333,0,1,0.22230332233322103,1,-0.0875,0.006614583333333333,0,1,0.31880808955263157,1
0,143,0.0625,0.002942708333333333,0,1,0.21264329647382202,1,0.0875,0.007031249999999999,0,1,0.3286959527162181,1
0,144,0.0625,0.0033072916666666663,0,1,0.22543136201979386,1,-0.0375,0.0060937499999999985,0,1,0.30599927900963964,1
0,145,-0.0125,0.0035677083333333333,0,1,0.23413846029003665,1,0.0125,0.007552083333333333,0,1,0.3406524160222582,1
0,146,-0.00625,0.0033463541666666667,0,1,0.22675874166795162,1,0.0375,0.007447916666666668,0,1,0.33829493153141654,1
0,147,0.06875,0.002903645833333333,0,1,0.21122723213288647,1,0.125,0.0055208333333333325,0,1,0.2912597047716383,1
0,148,0.03125,0.0029296875,0,1,0.2121723251392822,1,0.0375,0.005260416666666668,0,1,0.2843073970525076,1
0,149,-0.0875,0.0031250000000000006,0,1,0.2191306351441454,1,-0.125,0.006562499999999999,0,1,0.317550459050559,1
0,150,0.03125,0.0030598958333333337,0,1,0.21683601028762298,1,-0.0125,0.005052083333333333,0,1,0.27862067463643186,1
0,151,-0.0625,0.002708333333333333,0,1,0.20399951933975977,1,-0.0125,0.005885416666666667,0,1,0.3007230338210021,1
0,152,-0.0125,0.002682291666666667,0,1,0.20301638340381314,1,-0.05,0.005,0,1,0.27718076486993554,1
0,153,-0.00625,0.0026953125,0,1,0.20350854505550506,1,-0.1125,0.004010416666666667,0,1,0.24824061294498448,1
0,154,-0.00625,0.003216145833333333,0,1,0.22230332233322103,1,-0.0625,0.0056770833333333335,0,1,0.2953525476216445,1
0,155,0.03125,0.002434895833333333,0,1,0.19342752726982482,1,0.025,0.004791666666666667,0,1,0.27134472674067345,1
0,156,0.06875,0.0032421875,0,1,0.22320152123333958,1,0.1,0.006666666666666667,0,1,0.32006077842368735,1
0,157,-0.1125,0.0031249999999999993,0,0,0.21913063514414535,1,-0.1625,0.00734375,0,1,0.3359209026808096,1
0,158,-0.01875,0.0030078125000000005,0,1,0.21498267706137672,1,-0.075,0.006145833333333334,0,1,0.30730418590607783,1
0,159,0.08125,0.002565104166666667,0,1,0.1985320329522762,1,0.15,0.006145833333333333,0,1,0.3073041859060778,1
0,160,-0.0375,0.0026302083333333334,0,1,0.2010356883973244,1,-0.0875,0.005885416666666666,0,1,0.300723033821002,1
0,161,-0.00625,0.003893229166666668,0,1,0.24458683139756573,1,-0.0125,0.007864583333333335,0,1,0.3476289574642328,1
0,162,-0.08125,0.0029296874999999996,0,1,0.2121723251392822,1,-0.0125,0.00515625,0,1,0.2814783973537158,1
0,163,-0.08125,0.003424479166666667,0,1,0.22939045927043203,1,-0.125,0.008541666666666664,0,1,0.3622842020298188,1
0,164,0.075,0.003385416666666667,0,1,0.22807839631049298,1,-0.0125,0.00671875,0,1,0.321308583461685,1
0,165,0.05,0.0035677083333333338,0,1,0.23413846029003668,1,0.0,0.007291666666666666,0,1,0.33472757421059884,1
0,166,0.025,0.0030468750000000005,0,1,0.2163741652259106,1,0.0625,0.005572916666666666,0,1,0.2926303462470013,1
0,167,-0.075,0.0035416666666666674,0,1,0.23328237530190768,1,-0.0625,0.00609375,0,1,0.3059992790096397,1
0,168,0.0125,0.003229166666666666,0,1,0.22275287450588027,1,0.0375,0.007552083333333333,0,1,0.3406524160222582,1
0,169,0.04375,0.0031640625000000006,0,1,0.2204959482607561,1,0.0875,0.007447916666666668,0,1,0.33829493153141654,1
0,170,0.0625,0.003046875,0,1,0.21637416522591058,1,0.025,0.005625,0,1,0.2939945976810081,1
0,171,-0.06875,0.0035026041666666673,0,1,0.23199232462684333,1,0.025,0.006979166666666667,0,1,0.32747629747974794,1
0,172,0.06875,0.0037369791666666662,0,1,0.23962847562459555,1,-0.0125,0.008802083333333334,0,1,0.3677653635747558,1
0,173,0.0,0.00328125,0,1,0.22454208296355138,1,0.05,0.007395833333333332,0,1,0.3371100069396752,1
0,174,-0.00625,0.0032682291666666662,0,1,0.22409612009440483,1,0.05,0.0053125,0,1,0.28571139273705937,1
0,175,-0.0375,0.0034114583333333336,0,1,0.2289539403986209,1,-0.0375,0.00609375,0,1,0.3059992790096397,1
0,176,-0.0625,0.003984375000000001,0,1,0.24743332426092615,1,0.0,0.0067708333333333336,0,1,0.3225515613466048,1
0,177,0.075,0.003072916666666667,0,1,0.2172968737411991,1,0.0625,0.006614583333333333,0,1,0.31880808955263157,1
0,178,0.00625,0.002096354166666667,0,1,0.17947766663114997,1,0.0,0.004687500000000001,0,1,0.2683791215575736,1
0,179,-0.0375,0.0030729166666666665,0,1,0.2172968737411991,1,-0.0625,0.0061979166666666675,0,1,0.3086035751516421,1
0,180,0.00625,0.0035286458333333337,0,1,0.23285315253664834,1,0.075,0.0059375,0,1,0.3020507357903395,1
0,181,-0.08125,0.0030598958333333333,0,1,0.21683601028762298,1,-0.075,0.005625,0,1,0.2939945976810081,1
0,182,-0.03125,0.0027473958333333326,0,1,0.20546540300397648,1,0.0625,0.005052083333333333,0,1,0.27862067463643186,1
0,183,-0.025,0.003203125,0,1,0.22185285921110748,1,-0.0125,0.005572916666666666,0,1,0.2926303462470013,1
0,184,-0.05,0.0030208333333333333,0,1,0.2154475050139144,1,-0.1,0.0053125,0,1,0.28571139273705937,1
0,185,-0.03125,0.003033854166666667,0,1,0.21591133225693637,1,-0.0125,0.00765625,0,1,0.34299369729450946,1
0,186,0.0375,0.0033072916666666667,0,1,0.22543136201979388,1,0.075,0.006562499999999999,0,1,0.317550459050559,1
0,187,0.025,0.0032552083333333343,0,1,0.22364926796464468,1,0.0,0.006666666666666667,0,1,0.32006077842368735,1
0,188,0.05,0.002916666666666667,0,1,0.21170030603370604,1,0.025,0.0055208333333333325,0,1,0.2912597047716383,1
0,189,0.05,0.0029947916666666664,0,1,0.21451684189413125,1,0.0625,0.006927083333333333,0,1,0.3262520827367488,1
0,190,0.11875,0.0030859374999999993,0,0,0.21775676181910655,1,0.25,0.006666666666666666,0,0,0.3200607784236873,1
0,191,0.075,0.0033854166666666668,0,1,0.22807839631049295,1,0.0875,0.007343749999999999,0,1,0.33592090268080954,1
0,192,-0.09375,0.003372395833333333,0,1,0.22763936145430075,1,0.0125,0.005364583333333332,0,1,0.28710852279360866,1
0,193,0.06875,0.003789062500000001,0,1,0.24129258225470868,1,-0.025,0.008749999999999999,0,1,0.366675686028259,1
0,194,0.05,0.003307291666666666,0,1,0.22543136201979383,1,0.0625,0.00703125,0,1,0.3286959527162181,1
0,195,0.025,0.0036979166666666675,0,1,0.23837277191288847,1,0.1,0.0060416666666666665,0,1,0.3046887835701232,1
0,196,-0.03125,0.0027994791666666667,0,1,0.20740379879010035,1,-0.0625,0.006614583333333335,0,1,0.3188080895526316,1
0,197,0.00625,0.004023437500000001,0,1,0.2486432743822887,1,0.0125,0.008072916666666666,0,1,0.35220321939411786,1
0,198,-0.0625,0.002890625,0,1,0.21075309633378064,1,-0.05,0.007083333333333334,0,1,0.32991109901456817,1
0,199,0.0125,0.0030208333333333337,0,1,0.21544750501391444,1,0.0125,0.005260416666666668,0,1,0.2843073970525076,1
0,200,0.0625,0.002604166666666666,0,1,0.20003798651480456,1,0.075,0.0051041666666666674,0,1,0.28005318112072647,1
0,201,-0.09375,0.0034765625,0,1,0.2311282906207669,1,-0.1,0.007083333333333335,0,1,0.3299110990145682,1
0,202,-0.03125,0.0025130208333333337,0,1,0.1965061428739207,1,-0.05,0.005625,0,1,0.2939945976810081,1
0,203,-0.03125,0.0028776041666666668,0,1,0.21027789145326556,1,-0.0375,0.00671875,0,1,0.321308583461685,1
0,204,-0.01875,0.003190104166666666,0,1,0.2214014795792905,1,-0.1,0.005208333333333332,0,1,0.2828964335190429,1
0,205,0.05,0.00296875,0,1,0.21358212353973524,1,0.1375,0.005989583333333333,0,1,0.3033726271641254,1
0,206,0.05,0.0034895833333333324,0,1,0.2315607106257928,1,0.125,0.008541666666666664,0,1,0.3622842020298188,1
0,207,0.025,0.003385416666666667,0,1,0.22807839631049298,1,0.0375,0.008177083333333333,0,1,0.3544682152091172,1
0,208,0.0125,0.0034895833333333337,0,1,0.23156071062579284,1,-0.1,0.006041666666666667,0,1,0.3046887835701232,1
0,209,0.06875,0.0027473958333333343,0,1,0.20546540300397656,1,0.125,0.006979166666666667,0,1,0.32747629747974794,1
0,210,0.075,0.0028385416666666663,0,1,0.2088457892639875,1,0.075,0.005624999999999999,0,1,0.2939945976810081,1
0,211,-0.04375,0.002747395833333334,0,1,0.20546540300397653,1,-0.05,0.005833333333333333,0,1,0.2993894439514018,1
0,212,0.0375,0.003359375,0,1,0.22719947821920125,1,-0.0125,0.006302083333333334,0,1,0.31118607687094724,1
0,213,0.1375,0.002786458333333333,0,0,0.20692090221222198,1,0.1125,0.0056770833333333335,0,1,0.2953525476216445,1
0,214,-0.09375,0.0034505208333333337,0,1,0.23026101442664737,1,-0.1375,0.007864583333333335,0,1,0.3476289574642328,1
0,215,-0.075,0.003541666666666667,0,1,0.23328237530190768,1,-0.05,0.006249999999999999,0,1,0.3098975161522807,1
0,216,-0.0875,0.0033072916666666667,0,1,0.22543136201979388,1,-0.2125,0.0060937499999999985,0,0,0.30599927900963964,1
0,217,0.05,0.0030729166666666665,0,1,0.2172968737411991,1,0.125,0.006666666666666666,0,1,0.3200607784236873,1
0,218,-0.03125,0.003216145833333334,0,1,0.22230332233322106,1,-0.1125,0.006510416666666668,0,1,0.31628782797041505,1
0,219,-0.05625,0.0032421874999999994,0,1,0.22320152123333956,1,-0.0375,0.007447916666666668,0,1,0.33829493153141654,1
0,220,0.0625,0.0029687499999999996,0,1,0.21358212353973524,1,0.175,0.0077083333333333335,0,0,0.34415836515292714,1
0,221,0.00625,0.0030078125000000005,0,1,0.21498267706137672,1,-0.0375,0.004635416666666666,0,1,0.2668839616144756,1
0,222,0.03125,0.002981770833333333,0,1,0.21404999293619986,1,0.0375,0.007552083333333333,0,1,0.3406524160222582,1
0,223,-0.03125,0.0030078125,0,1,0.21498267706137672,1,-0.075,0.0056250000000000015,0,1,0.29399459768100816,1
0,224,0.01875,0.0030078125000000005,0,1,0.21498267706137672,1,0.1125,0.006822916666666666,0,1,0.32378976767049095,1
0,225,-0.08125,0.0035026041666666673,0,1,0.23199232462684333,1,-0.1625,0.007343750000000001,0,1,0.3359209026808096,1
0,226,0.075,0.003489583333333334,0,1,0.23156071062579286,1,0.0,0.007083333333333334,0,1,0.32991109901456817,1
0,227,0.03125,0.0034765625000000005,0,1,0.2311282906207669,1,0.075,0.0084375,0,1,0.36006837572664824,1
0,228,-0.03125,0.003216145833333334,0,1,0.22230332233322106,1,-0.0375,0.006197916666666667,0,1,0.30860357515164205,1
0,229,0.0125,0.0030989583333333338,0,1,0.21821568068813846,1,0.075,0.004999999999999999,0,1,0.27718076486993554,1
0,230,0.05,0.0028125,0,1,0.20788557365245167,1,0.0375,0.007135416666666667,0,1,0.3311217860153242,1
0,231,-0.04375,0.0032421875000000007,0,1,0.2232015212333396,1,-0.175,0.007708333333333333,0,0,0.34415836515292714,1
0,232,-0.0375,0.0034635416666666673,0,1,0.23069506007938964,1,-0.0125,0.0066145833333333326,0,1,0.31880808955263157,1
0,233,-0.0375,0.003515625000000001,0,1,0.23242313711421062,1,-0.1125,0.007239583333333334,0,1,0.33352997618794933,1
0,234,0.03125,0.0032421875,0,1,0.22320152123333958,1,0.1,0.006770833333333333,0,1,0.3225515613466048,1
0,235,0.0,0.0030729166666666665,0,1,0.2172968737411991,1,-0.0375,0.00609375,0,1,0.3059992790096397,1
0,236,-0.00625,0.0029296875,0,1,0.2121723251392822,1,-0.0375,0.00703125,0,1,0.3286959527162181,1
0,237,-0.0375,0.003046875,0,1,0.21637416522591058,1,0.0875,0.005885416666666666,0,1,0.300723033821002,1
0,238,0.06875,0.0036848958333333343,0,1,0.23795273145982052,1,0.0625,0.00703125,0,1,0.3286959527162181,1
0,239,-0.025,0.003281250000000001,0,1,0.22454208296355144,1,0.0,0.007083333333333334,0,1,0.32991109901456817,1
0,240,-0.04375,0.0033463541666666667,0,1,0.22675874166795162,1,-0.0375,0.005572916666666667,0,1,0.2926303462470013,1
0,241,0.025,0.0030468749999999992,0,1,0.21637416522591055,1,-0.0125,0.006302083333333332,0,1,0.31118607687094724,1
0,242,0.025,0.00359375,0,1,0.2349914265403699,1,-0.025,0.005208333333333334,0,1,0.282896433519043,1
0,243,0.05625,0.003216145833333334,0,1,0.22230332233322106,1,-0.0375,0.007864583333333333,0,1,0.3476289574642327,1
0,244,-0.06875,0.0035286458333333355,0,1,0.2328531525366484,1,-0.1625,0.007135416666666665,0,1,0.3311217860153242,1
0,245,-0.05625,0.0030078124999999996,0,1,0.2149826770613767,1,-0.0875,0.0060937499999999985,0,1,0.30599927900963964,1
0,246,-0.00625,0.0033463541666666663,0,1,0.22675874166795162,1,-0.05,0.006666666666666667,0,1,0.32006077842368735,1
0,247,-0.0625,0.0027864583333333335,0,1,0.206920902212222,1,-0.075,0.006249999999999999,0,1,0.3098975161522807,1
0,248,-0.0375,0.0028125,0,1,0.20788557365245167,1,-0.025,0.005729166666666666,0,1,0.29670428259055126,1
0,249,0.06875,0.002565104166666667,0,1,0.1985320329522762,1,0.0375,0.006927083333333333,0,1,0.3262520827367488,1
0,250,-0.00625,0.0027994791666666663,0,1,0.20740379879010032,1,-0.0375,0.006302083333333334,0,1,0.31118607687094724,1
0,251,-0.0375,0.0033072916666666663,0,1,0.22543136201979386,1,-0.0125,0.007343750000000001,0,1,0.3359209026808096,1
0,252,0.09375,0.0031640625,0,1,0.22049594826075608,1,0.075,0.005729166666666666,0,1,0.29670428259055126,1
0,253,0.0625,0.0032812499999999994,0,1,0.22454208296355135,1,0.0625,0.005885416666666666,0,1,0.300723033821002,1
0,254,0.01875,0.0030598958333333333,0,1,0.21683601028762298,1,0.0,0.005833333333333334,0,1,0.2993894439514018,1
0,255,0.00625,0.0034505208333333337,0,1,0.23026101442664737,1,0.0875,0.00578125,0,1,0.298049887147356,1
0,256,0.04375,0.003268229166666666,0,1,0.2240961200944048,1,-0.0125,0.005260416666666667,0,1,0.2843073970525076,1
0,257,0.1125,0.0036718749999999994,0,1,0.23753194822790671,1,0.1,0.0077083333333333335,0,1,0.34415836515292714,1
0,258,0.125,0.0029427083333333336,0,0,0.21264329647382205,1,0.0875,0.006614583333333333,0,1,0.31880808955263157,1
0,259,0.00625,0.0026953125,0,1,0.20350854505550506,1,0.0625,0.005052083333333333,0,1,0.27862067463643186,1
0,260,-0.0625,0.0028385416666666663,0,1,0.2088457892639875,1,0.0875,0.005989583333333334,0,1,0.3033726271641254,1
0,261,0.0875,0.003802083333333335,0,1,0.24170681875236752,1,0.0875,0.00734375,0,1,0.3359209026808096,1
0,262,0.025,0.003229166666666666,0,1,0.22275287450588027,1,0.0625,0.005781250000000001,0,1,0.29804988714735603,1
0,263,-0.075,0.002994791666666667,0,1,0.21451684189413125,1,-0.0875,0.007656249999999999,0,1,0.34299369729450946,1
0,264,-0.03125,0.0032161458333333343,0,1,0.22230332233322106,1,0.025,0.00625,0,1,0.3098975161522808,1
0,265,0.03125,0.0030598958333333337,0,1,0.21683601028762298,1,-0.075,0.005416666666666666,0,1,0.28849888696788073,1
0,266,0.0375,0.0030989583333333333,0,1,0.21821568068813843,1,0.1375,0.005885416666666666,0,1,0.300723033821002,1
0,267,0.06875,0.0029036458333333336,0,1,0.2112272321328865,1,0.125,0.006562499999999999,0,1,0.317550459050559,1
0,268,-0.1,0.003046875,0,1,0.21637416522591058,1,-0.075,0.005416666666666666,0,1,0.28849888696788073,1
0,269,0.075,0.003177083333333334,0,1,0.22094917782072537,1,0.05,0.005833333333333334,0,1,0.2993894439514018,1
0,270,0.03125,0.0033723958333333336,0,1,0.22763936145430078,1,0.0375,0.00703125,0,1,0.3286959527162181,1
0,271,0.09375,0.0033463541666666667,0,1,0.22675874166795162,1,0.1,0.006562499999999999,0,1,0.317550459050559,1
0,272,0.0375,0.0027604166666666662,0,1,0.20595171233041729,1,-0.0125,0.0049479166666666664,0,1,0.2757333358390033,1
0,273,-0.00625,0.003216145833333334,0,1,0.22230332233322106,1,-0.0375,0.007447916666666668,0,1,0.33829493153141654,1
0,274,0.11875,0.0032421875,0,0,0.22320152123333958,1,0.1,0.0059375,0,1,0.3020507357903395,1
0,275,0.05,0.003177083333333333,0,1,0.22094917782072535,1,0.05,0.006979166666666665,0,1,0.3274762974797479,1
0,276,-0.05625,0.002955729166666665,0,1,0.2131132269839163,1,0.1125,0.007343749999999999,0,1,0.33592090268080954,1
0,277,0.05,0.0036718749999999994,0,1,0.23753194822790671,1,0.0,0.007395833333333334,0,1,0.33711000693967524,1
0,278,0.15625,0.0034765625000000005,0,0,0.2311282906207669,1,0.1875,0.007031250000000001,0,0,0.3286959527162181,1
0,279,-0.0125,0.003177083333333333,0,1,0.22094917782072535,1,0.0,0.0053125,0,1,0.28571139273705937,1
0,280,-0.04375,0.0033463541666666663,0,1,0.22675874166795162,1,-0.025,0.006979166666666665,0,1,0.3274762974797479,1
0,281,-0.03125,0.0030598958333333333,0,1,0.21683601028762298,1,-0.0875,0.00515625,0,1,0.2814783973537158,1
0,282,0.05625,0.0031640625,0,1,0.22049594826075608,1,0.1,0.005208333333333334,0,1,0.282896433519043,1
0,283,-0.05625,0.003919270833333334,0,1,0.24540348419203462,1,-0.0625,0.007239583333333334,0,1,0.33352997618794933,1
0,284,-0.08125,0.0033463541666666676,0,1,0.22675874166795165,1,-0.125,0.006666666666666666,0,1,0.3200607784236873,1
0,285,-0.10625,0.0033463541666666667,0,1,0.22675874166795162,1,-0.125,0.0065625,0,1,0.317550459050559,1
0,286,-0.0375,0.0028385416666666667,0,1,0.2088457892639875,1,-0.0375,0.005572916666666666,0,1,0.2926303462470013,1
0,287,0.04375,0.0035026041666666673,0,1,0.23199232462684333,1,0.05,0.005729166666666666,0,1,0.29670428259055126,1
0,288,0.00625,0.0029036458333333336,0,1,0.2112272321328865,1,0.0,0.005833333333333334,0,1,0.2993894439514018,1
0,289,0.04375,0.002981770833333333,0,1,0.21404999293619986,1,-0.025,0.006875,0,1,0.32502325696646456,1
0,290,0.05625,0.002747395833333333,0,1,0.2054654030039765,1,0.0,0.005937499999999999,0,1,0.3020507357903395,1
0,291,0.025,0.0033072916666666667,0,1,0.22543136201979388,1,-0.0125,0.0056770833333333335,0,1,0.2953525476216445,1
0,292,-0.09375,0.002903645833333333,0,1,0.21122723213288647,1,-0.0375,0.005260416666666668,0,1,0.2843073970525076,1
0,293,-0.1,0.0031250000000000006,0,1,0.2191306351441454,1,-0.0875,0.005364583333333334,0,1,0.28710852279360866,1
0,294,-0.01875,0.0041015625,0,1,0.2510456806579492,1,-0.0375,0.00609375,0,1,0.3059992790096397,1
0,295,-0.0875,0.0025520833333333333,0,1,0.19802750346333006,1,-0.075,0.0067708333333333336,0,1,0.3225515613466048,1
0,296,0.05625,0.0030598958333333324,0,1,0.21683601028762295,1,0.025,0.0046875,0,1,0.26837912155757354,1
0,297,-0.10625,0.0034505208333333332,0,1,0.23026101442664737,1,-0.125,0.006354166666666668,0,1,0.31246932386925447,1
0,298,-0.0125,0.0032812499999999994,0,1,0.22454208296355135,1,0.075,0.006354166666666666,0,1,0.3124693238692544,1
0,299,-0.1,0.0033333333333333327,0,1,0.22631714681523432,1,-0.0625,0.0075520833333333325,0,1,0.3406524160222582,1
0,300,-0.075,0.0025520833333333333,0,1,0.19802750346333006,1,-0.0375,0.0047395833333333335,0,1,0.2698659978748579,1
0,301,-0.0375,0.0027864583333333335,0,1,0.206920902212222,1,-0.025,0.005416666666666666,0,1,0.28849888696788073,1
0,302,0.03125,0.0029036458333333336,0,1,0.2112272321328865,1,0.125,0.004583333333333333,0,1,0.26538037803511205,1
0,303,-0.01875,0.003632812500000001,0,1,0.236265102137856,1,-0.125,0.007291666666666666,0,1,0.33472757421059884,1
0,304,0.0,0.0029427083333333328,0,1,0.21264329647382202,1,-0.05,0.0055208333333333325,0,1,0.2912597047716383,1
0,305,-0.025,0.002890625,0,1,0.21075309633378064,1,-0.075,0.006145833333333334,0,1,0.30730418590607783,1
0,306,0.01875,0.0029296875,0,1,0.2121723251392822,1,0.0875,0.0066145833333333326,0,1,0.31880808955263157,1
0,307,0.00625,0.0035546875000000006,0,1,0.23371080977726427,1,-0.0875,0.0061979166666666675,0,1,0.3086035751516421,1
0,308,-0.10625,0.0027734375,0,0,0.20643687604707509,1,-0.0875,0.00515625,0,1,0.2814783973537158,1
0,309,0.05625,0.0026953125,0,1,0.20350854505550506,1,0.1125,0.005989583333333334,0,1,0.3033726271641254,1
0,310,0.1,0.002916666666666667,0,1,0.21170030603370604,1,0.1375,0.006302083333333334,0,1,0.31118607687094724,1
0,311,0.10625,0.003111979166666667,0,1,0.21867363645037802,1,0.1625,0.007239583333333334,0,1,0.33352997618794933,1
0,312,-0.10625,0.002981770833333333,0,1,0.21404999293619986,1,-0.0375,0.007135416666666665,0,1,0.3311217860153242,1
0,313,0.025,0.0028385416666666663,0,1,0.2088457892639875,1,0.0375,0.004843749999999999,0,1,0.2728154406388111,1
0,314,0.025,0.003151041666666667,0,1,0.22004178516628506,1,0.0,0.006145833333333334,0,1,0.30730418590607783,1
0,315,0.1,0.0032291666666666666,0,1,0.22275287450588027,1,0.1125,0.00671875,0,1,0.321308583461685,1
0,316,0.0875,0.0030208333333333337,0,1,0.21544750501391444,1,0.0625,0.00640625,0,1,0.31374732234759706,1
0,317,0.1375,0.0032291666666666658,0,0,0.22275287450588024,1,0.1375,0.006510416666666666,0,1,0.316287827970415,1
0,318,0.0625,0.003151041666666666,0,1,0.22004178516628503,1,0.0625,0.006822916666666666,0,1,0.32378976767049095,1
0,319,0.075,0.0034114583333333336,0,1,0.2289539403986209,1,0.1,0.006875000000000001,0,1,0.32502325696646456,1
0,320,0.0125,0.002786458333333333,0,1,0.20692090221222198,1,0.0125,0.005572916666666665,0,1,0.29263034624700124,1
0,321,0.01875,0.003111979166666667,0,1,0.21867363645037802,1,-0.0125,0.005364583333333334,0,1,0.28710852279360866,1
0,322,0.0,0.002786458333333333,0,1,0.20692090221222198,1,-0.0125,0.0066145833333333326,0,1,0.31880808955263157,1
0,323,0.0125,0.002994791666666667,0,1,0.21451684189413125,1,-0.025,0.005312499999999999,0,1,0.2857113927370593,1
0,324,0.00625,0.003138020833333333,0,1,0.2195866827449266,1,0.0125,0.00484375,0,1,0.27281544063881114,1
0,325,0.10625,0.0029296875000000004,0,0,0.21217232513928222,1,0.1,0.005416666666666666,0,1,0.28849888696788073,1
0,326,0.0,0.003203125,0,1,0.22185285921110748,1,-0.0125,0.00671875,0,1,0.321308583461685,1
0,327,0.0125,0.0034635416666666673,0,1,0.23069506007938964,1,0.0625,0.006302083333333334,0,1,0.31118607687094724,1
0,328,-0.13125,0.003111979166666666,0,0,0.21867363645037796,1,-0.075,0.006041666666666667,0,1,0.3046887835701232,1
0,329,0.03125,0.0034244791666666673,0,1,0.22939045927043206,1,0.0125,0.006927083333333333,0,1,0.3262520827367488,1
0,330,-0.0875,0.0030989583333333333,0,1,0.21821568068813843,1,-0.0875,0.006197916666666667,0,1,0.30860357515164205,1
0,331,-0.025,0.0030989583333333333,0,1,0.21821568068813843,1,0.0375,0.0066145833333333326,0,1,0.31880808955263157,1
0,332,-0.03125,0.0031119791666666674,0,1,0.21867363645037802,1,-0.175,0.0065625,0,0,0.317550459050559,1
0,333,0.0875,0.00296875,0,1,0.21358212353973524,1,0.075,0.004270833333333333,0,1,0.25617361597204213,1
0,334,0.025,0.0033854166666666668,0,1,0.22807839631049295,1,-0.05,0.006145833333333334,0,1,0.30730418590607783,1
0,335,0.0875,0.002786458333333333,0,1,0.20692090221222198,1,0.0875,0.005364583333333332,0,1,0.28710852279360866,1
0,336,-0.0125,0.003229166666666666,0,1,0.22275287450588027,1,0.0,0.0064583333333333316,0,1,0.31502013618380786,1
0,337,0.05,0.0028645833333333336,0,1,0.2098016102268685,1,-0.025,0.0065625,0,1,0.317550459050559,1
0,338,0.05,0.003046875,0,1,0.21637416522591058,1,0.05,0.0060416666666666665,0,1,0.3046887835701232,1
0,339,-0.075,0.0033593750000000004,0,1,0.22719947821920128,1,-0.1375,0.006510416666666666,0,1,0.316287827970415,1
0,340,-0.075,0.003046875,0,1,0.21637416522591058,1,-0.1625,0.006927083333333334,0,1,0.3262520827367488,1
0,341,0.00625,0.002903645833333333,0,1,0.21122723213288647,1,0.0625,0.005989583333333333,0,1,0.3033726271641254,1
0,342,-0.0625,0.002994791666666667,0,1,0.21451684189413125,1,-0.1,0.004687500000000001,0,1,0.2683791215575736,1
0,343,-0.05625,0.003789062500000001,0,1,0.24129258225470868,1,-0.1125,0.006927083333333333,0,1,0.3262520827367488,1
0,344,0.08125,0.0033984375000000004,0,1,0.2285165876775924,1,0.075,0.005625,0,1,0.2939945976810081,1
0,345,0.00625,0.0031901041666666675,0,1,0.22140147957929052,1,-0.025,0.005729166666666666,0,1,0.29670428259055126,1
0,346,0.0,0.0030208333333333337,0,1,0.21544750501391444,1,0.0,0.005,0,1,0.27718076486993554,1
0,347,-0.06875,0.0034765624999999996,0,1,0.2311282906207669,1,-0.025,0.007187499999999999,0,1,0.3323280624547919,1
0,348,0.025,0.003619791666666667,0,1,0.2358413078914867,1,0.0875,0.00546875,0,1,0.28988258261351957,1
0,349,-0.1125,0.002994791666666667,0,0,0.21451684189413125,1,-0.0125,0.005572916666666667,0,1,0.2926303462470013,1
0,350,0.00625,0.003684895833333333,0,1,0.2379527314598205,1,-0.0375,0.008802083333333335,0,1,0.36776536357475587,1
0,351,-0.1,0.0033072916666666667,0,1,0.22543136201979388,1,-0.0875,0.006510416666666668,0,1,0.31628782797041505,1
0,352,0.05625,0.0038671875000000004,0,1,0.2437674427248484,1,0.0875,0.007864583333333333,0,1,0.3476289574642327,1
0,353,0.08125,0.0030598958333333333,0,1,0.21683601028762298,1,0.0375,0.006302083333333332,0,1,0.31118607687094724,1
0,354,-0.01875,0.0032682291666666662,0,1,0.22409612009440483,1,0.0125,0.005677083333333333,0,1,0.2953525476216444,1
0,355,0.0,0.002994791666666667,0,1,0.21451684189413125,1,-0.0625,0.006197916666666667,0,1,0.30860357515164205,1
0,356,0.05,0.0032031250000000007,0,1,0.2218528592111075,1,-0.05,0.007291666666666666,0,1,0.33472757421059884,1
0,357,0.08125,0.0032942708333333335,0,1,0.22498716186008233,1,0.0875,0.006302083333333334,0,1,0.31118607687094724,1
0,358,0.075,0.0031249999999999993,0,1,0.21913063514414535,1,0.125,0.007083333333333334,0,1,0.32991109901456817,1
0,359,-0.0625,0.0032031250000000007,0,1,0.2218528592111075,1,-0.125,0.006041666666666667,0,1,0.3046887835701232,1
0,360,-0.05625,0.0032682291666666667,0,1,0.22409612009440483,1,-0.075,0.005833333333333334,0,1,0.2993894439514018,1
0,361,0.0125,0.0034375000000000005,0,1,0.22982614904432486,1,-0.1,0.005,0,1,0.27718076486993554,1
0,362,-0.06875,0.0036848958333333343,0,1,0.23795273145982052,1,-0.0625,0.006510416666666666,0,1,0.316287827970415,1
0,363,0.0375,0.003151041666666667,0,1,0.22004178516628506,1,0.0125,0.006406249999999999,0,1,0.313747322347597,1
0,364,0.0875,0.0028125,0,1,0.20788557365245167,1,0.1125,0.006510416666666666,0,1,0.316287827970415,1
0,365,0.13125,0.0032682291666666662,0,0,0.22409612009440483,1,0.2125,0.006614583333333333,0,0,0.31880808955263157,1
0,366,-0.01875,0.0035286458333333337,0,1,0.23285315253664834,1,-0.05,0.005729166666666666,0,1,0.29670428259055126,1
0,367,-0.03125,0.0037109375000000007,0,1,0.23879207350680304,1,0.0375,0.008177083333333333,0,1,0.3544682152091172,1
0,368,-0.025,0.0030989583333333338,0,1,0.21821568068813846,1,0.0,0.0053125,0,1,0.28571139273705937,1
0,369,-0.125,0.003255208333333334,0,0,0.22364926796464465,1,-0.225,0.0060416666666666665,0,0,0.3046887835701232,1
0,370,0.00625,0.0033463541666666676,0,1,0.22675874166795165,1,0.025,0.0073958333333333315,0,1,0.3371100069396752,1
0,371,0.025,0.0035937499999999993,0,1,0.23499142654036986,1,0.075,0.005833333333333333,0,1,0.2993894439514018,1
0,372,0.09375,0.003580729166666667,0,1,0.23456533112809652,1,0.15,0.007812499999999997,0,1,0.34647595608741943,1
0,373,0.10625,0.003190104166666667,0,1,0.22140147957929052,1,0.05,0.006874999999999997,0,1,0.3250232569664645,1
0,374,0.0125,0.0029166666666666664,0,1,0.21170030603370604,1,0.0,0.0069791666666666665,0,1,0.3274762974797479,1
0,375,-0.03125,0.0030598958333333333,0,1,0.21683601028762298,1,-0.0625,0.005989583333333333,0,1,0.3033726271641254,1
0,376,-0.05625,0.003138020833333334,0,1,0.21958668274492663,1,0.05,0.006458333333333332,0,1,0.3150201361838079,1
0,377,-0.09375,0.002669270833333334,0,1,0.20252302572823558,1,-0.1125,0.006093750000000001,0,1,0.3059992790096397,1
0,378,-0.01875,0.0025911458333333333,0,1,0.19953726486211204,1,0.0,0.006458333333333333,0,1,0.3150201361838079,1
0,379,0.025,0.00296875,0,1,0.21358212353973524,1,0.075,0.005625,0,1,0.2939945976810081,1
0,380,0.06875,0.0033463541666666667,0,1,0.22675874166795162,1,0.0625,0.006718749999999999,0,1,0.321308583461685,1
0,381,0.125,0.003359375,0,0,0.22719947821920125,1,0.1125,0.00453125,0,1,0.26386822681990535,1
0,382,0.075,0.003203125,0,1,0.22185285921110748,1,0.2125,0.006614583333333335,0,0,0.3188080895526316,1
0,383,0.075,0.003463541666666667,0,1,0.23069506007938964,1,0.1,0.0067708333333333336,0,1,0.3225515613466048,1
0,384,-0.00625,0.003763020833333333,0,1,0.24046196849118648,1,-0.0875,0.006614583333333333,0,1,0.31880808955263157,1
0,385,0.04375,0.0031119791666666657,0,1,0.21867363645037796,1,0.0,0.006145833333333334,0,1,0.30730418590607783,1
0,386,-0.08125,0.0030338541666666656,0,1,0.21591133225693632,1,0.025,0.005729166666666666,0,1,0.29670428259055126,1
0,387,0.06875,0.0032682291666666662,0,1,0.22409612009440483,1,0.1,0.006145833333333333,0,1,0.3073041859060778,1
0,388,0.0375,0.0023958333333333336,0,1,0.19186969631754092,1,0.0,0.004895833333333333,0,1,0.27427826850103637,1
0,389,0.05625,0.0024869791666666664,0,1,0.19548532483717737,1,0.1,0.005,0,1,0.27718076486993554,1
0,390,-0.1,0.0025,0,0,0.1959963984540054,1,-0.175,0.004791666666666666,0,0,0.27134472674067345,1
0,391,0.01875,0.0032161458333333343,0,1,0.22230332233322106,1,0.0,0.006145833333333333,0,1,0.3073041859060778,1
0,392,-0.05625,0.0031640624999999993,0,1,0.22049594826075605,1,-0.0875,0.006302083333333334,0,1,0.31118607687094724,1
0,393,0.0,0.002682291666666666,0,1,0.20301638340381312,1,0.0375,0.005260416666666667,0,1,0.2843073970525076,1
0,394,-0.0375,0.003723958333333333,0,1,0.23921064012690343,1,-0.0875,0.007447916666666666,0,1,0.33829493153141654,1
0,395,0.075,0.00390625,0,1,0.24499549806750676,1,0.125,0.007499999999999999,0,1,0.33947572022285144,1
0,396,-0.08125,0.0031380208333333342,0,1,0.21958668274492663,1,-0.0625,0.006093750000000001,0,1,0.3059992790096397,1
0,397,-0.04375,0.003216145833333334,0,1,0.22230332233322106,1,-0.025,0.005833333333333334,0,1,0.2993894439514018,1
0,398,0.0125,0.0029427083333333336,0,1,0.21264329647382205,1,0.1,0.005312500000000001,0,1,0.28571139273705937,1
0,399,-0.06875,0.0032682291666666667,0,1,0.22409612009440483,1,-0.1375,0.0047395833333333335,0,0,0.2698659978748579,1
0,400,0.025,0.0030729166666666665,0,1,0.2172968737411991,1,0.1,0.0059375,0,1,0.3020507357903395,1
0,401,0.05625,0.0030598958333333337,0,1,0.21683601028762298,1,0.1125,0.0068229166666666655,0,1,0.3237897676704909,1
0,402,0.00625,0.0026171875,0,1,0.2005374579203138,1,0.0125,0.006197916666666667,0,1,0.30860357515164205,1
0,403,-0.08125,0.0033203125,0,1,0.22587468862699922,1,-0.0625,0.006302083333333334,0,1,0.31118607687094724,1
0,404,-0.1125,0.002734375,0,0,0.20497793991388927,1,-0.0375,0.006197916666666667,0,1,0.30860357515164205,1
0,405,0.0875,0.0033072916666666676,0,1,0.2254313620197939,1,0.1125,0.0056770833333333335,0,1,0.2953525476216445,1
0,406,0.11875,0.0032421875,0,0,0.22320152123333958,1,0.1875,0.005885416666666666,0,0,0.300723033821002,1
0,407,0.00625,0.0026171875,0,1,0.2005374579203138,1,0.05,0.004791666666666667,0,1,0.27134472674067345,1
0,408,-0.0125,0.0029166666666666664,0,1,0.21170030603370604,1,0.1,0.006145833333333334,0,1,0.30730418590607783,1
0,409,0.05,0.0034895833333333337,0,1,0.23156071062579284,1,0.1,0.008020833333333333,0,1,0.35106524155860713,1
0,410,0.11875,0.0031640625,0,0,0.22049594826075608,1,0.125,0.0060416666666666665,0,1,0.3046887835701232,1
0,411,-0.0125,0.002734375,0,1,0.20497793991388927,1,-0.05,0.0069791666666666665,0,1,0.3274762974797479,1
0,412,-0.06875,0.0029557291666666664,0,1,0.21311322698391633,1,-0.0125,0.005989583333333333,0,1,0.3033726271641254,1
0,413,0.04375,0.0036588541666666657,0,1,0.23711041826267454,1,0.0,0.006458333333333333,0,1,0.3150201361838079,1
0,414,-0.04375,0.0029296874999999987,0,1,0.21217232513928216,1,-0.0375,0.00578125,0,1,0.298049887147356,1
0,415,-0.0625,0.003229166666666666,0,1,0.22275287450588027,1,-0.2125,0.0071354166666666675,0,0,0.33112178601532427,1
0,416,-0.0625,0.0030989583333333333,0,1,0.21821568068813843,1,-0.0625,0.006302083333333332,0,1,0.31118607687094724,1
0,417,-0.05625,0.003294270833333333,0,1,0.2249871618600823,1,-0.05,0.005729166666666666,0,1,0.29670428259055126,1
0,418,0.025,0.003463541666666667,0,1,0.23069506007938964,1,0.0,0.008541666666666666,0,1,0.3622842020298188,1
0,419,-0.13125,0.0033463541666666667,0,0,0.22675874166795162,1,-0.15,0.007604166666666666,0,1,0.3418250611976536,1
0,420,0.0125,0.003307291666666668,0,1,0.2254313620197939,1,0.0125,0.006927083333333333,0,1,0.3262520827367488,1
0,421,0.0375,0.0030468749999999992,0,1,0.21637416522591055,1,0.0125,0.005885416666666667,0,1,0.3007230338210021,1
0,422,-0.00625,0.003580729166666668,0,1,0.23456533112809655,1,0.0125,0.007343750000000001,0,1,0.3359209026808096,1
0,423,0.01875,0.0029036458333333336,0,1,0.2112272321328865,1,0.0875,0.00640625,0,1,0.31374732234759706,1
0,424,0.0375,0.0038541666666666668,0,1,0.24335671380171078,1,0.1375,0.007447916666666665,0,1,0.3382949315314165,1
0,425,0.05,0.003177083333333333,0,1,0.22094917782072535,1,0.075,0.007395833333333332,0,1,0.3371100069396752,1
0,426,0.04375,0.003138020833333334,0,1,0.21958668274492663,1,0.0625,0.005572916666666666,0,1,0.2926303462470013,1
0,427,0.09375,0.0038411458333333336,0,1,0.24294529049175512,1,0.0875,0.007447916666666665,0,1,0.3382949315314165,1
0,428,-0.01875,0.003033854166666667,0,1,0.21591133225693637,1,0.0125,0.006302083333333334,0,1,0.31118607687094724,1
0,429,-0.05,0.0030989583333333325,0,1,0.2182156806881384,1,-0.05,0.0067708333333333336,0,1,0.3225515613466048,1
0,430,0.03125,0.0028776041666666663,0,1,0.21027789145326556,1,0.0125,0.005052083333333334,0,1,0.2786206746364319,1
0,431,0.0625,0.0033072916666666663,0,1,0.22543136201979386,1,0.175,0.007083333333333334,0,0,0.32991109901456817,1
0,432,-0.03125,0.002643229166666667,0,1,0.20153268714933217,1,-0.0625,0.005260416666666667,0,1,0.2843073970525076,1
0,433,-0.00625,0.002825520833333333,0,1,0.2083662345800139,1,0.05,0.004479166666666667,0,1,0.2623473598191967,1
0,434,-0.0375,0.0034895833333333337,0,1,0.23156071062579284,1,-0.1125,0.006302083333333332,0,1,0.31118607687094724,1
0,435,0.01875,0.0028515625,0,1,0.20932424530747118,1,0.025,0.0065625,0,1,0.317550459050559,1
0,436,0.025,0.0034114583333333336,0,1,0.2289539403986209,1,0.05,0.006875000000000001,0,1,0.32502325696646456,1
0,437,-0.03125,0.0025130208333333333,0,1,0.19650614287392068,1,0.0625,0.005989583333333334,0,1,0.3033726271641254,1
0,438,-0.00625,0.003111979166666667,0,1,0.21867363645037802,1,0.025,0.006458333333333333,0,1,0.3150201361838079,1
0,439,0.03125,0.0029817708333333332,0,1,0.2140499929361999,1,0.075,0.0065625,0,1,0.317550459050559,1
0,440,0.05,0.002682291666666667,0,1,0.20301638340381314,1,0.0,0.006354166666666666,0,1,0.3124693238692544,1
0,441,-0.10625,0.0032942708333333335,0,1,0.22498716186008233,1,-0.1125,0.00703125,0,1,0.3286959527162181,1
0,442,-0.0125,0.0032031249999999994,0,1,0.22185285921110748,1,0.1,0.006458333333333332,0,1,0.3150201361838079,1
0,443,-0.04375,0.0028515624999999995,0,1,0.20932424530747115,1,0.0125,0.005572916666666667,0,1,0.2926303462470013,1
0,444,-0.03125,0.0029817708333333332,0,1,0.2140499929361999,1,-0.05,0.0060416666666666665,0,1,0.3046887835701232,1
0,445,0.0,0.0034114583333333336,0,1,0.2289539403986209,1,-0.05,0.006458333333333332,0,1,0.3150201361838079,1
0,446,-0.0125,0.0031250000000000006,0,1,0.2191306351441454,1,0.0125,0.00609375,0,1,0.3059992790096397,1
0,447,-0.0125,0.00328125,0,1,0.22454208296355138,1,0.025,0.005833333333333334,0,1,0.2993894439514018,1
0,448,0.11875,0.0034505208333333332,0,0,0.23026101442664737,1,0.1,0.006145833333333334,0,1,0.30730418590607783,1
0,449,0.0125,0.002942708333333333,0,1,0.21264329647382202,1,0.0,0.0046875,0,1,0.26837912155757354,1
0,450,-0.09375,0.0028515625000000004,0,1,0.2093242453074712,1,-0.0375,0.005677083333333333,0,1,0.2953525476216444,1
0,451,-0.11875,0.002643229166666667,0,0,0.20153268714933217,1,-0.075,0.005833333333333334,0,1,0.2993894439514018,1
0,452,0.0875,0.0029947916666666664,0,1,0.21451684189413125,1,0.175,0.005625,0,0,0.2939945976810081,1
0,453,0.0,0.0027343749999999994,0,1,0.20497793991388924,1,0.0125,0.005260416666666665,0,1,0.28430739705250757,1
0,454,0.0125,0.0032291666666666666,0,1,0.22275287450588027,1,-0.05,0.006458333333333333,0,1,0.3150201361838079,1
0,455,-0.09375,0.0029557291666666664,0,1,0.21311322698391633,1,-0.1,0.0065625,0,1,0.317550459050559,1
0,456,0.0,0.0033854166666666668,0,1,0.22807839631049295,1,0.0375,0.007552083333333333,0,1,0.3406524160222582,1
0,457,-0.09375,0.0032421875,0,1,0.22320152123333958,1,-0.05,0.0073958333333333315,0,1,0.3371100069396752,1
0,458,0.0625,0.003177083333333332,0,1,0.22094917782072532,1,0.1125,0.005052083333333334,0,1,0.2786206746364319,1
0,459,-0.0875,0.0039583333333333345,0,1,0.24662339303951616,1,-0.1625,0.008489583333333332,0,1,0.36117798814352553,1
0,460,0.0,0.00328125,0,1,0.22454208296355138,1,0.025,0.0055208333333333325,0,1,0.2912597047716383,1
0,461,0.05625,0.003450520833333333,0,1,0.23026101442664734,1,0.025,0.0078125,0,1,0.3464759560874195,1
0,462,0.0125,0.002786458333333333,0,1,0.20692090221222198,1,-0.075,0.0048958333333333345,0,1,0.2742782685010364,1
0,463,-0.05,0.0032552083333333343,0,1,0.22364926796464468,1,-0.0625,0.006510416666666666,0,1,0.316287827970415,1
0,464,-0.0125,0.0032291666666666666,0,1,0.22275287450588027,1,-0.025,0.005624999999999999,0,1,0.2939945976810081,1
0,465,0.0375,0.003463541666666667,0,1,0.23069506007938964,1,0.0625,0.008385416666666668,0,1,0.35895533326229995,1
0,466,0.03125,0.0028776041666666668,0,1,0.21027789145326556,1,-0.0375,0.005885416666666666,0,1,0.300723033821002,1
0,467,-0.025,0.0038020833333333327,0,1,0.24170681875236744,1,-0.025,0.006250000000000001,0,1,0.3098975161522808,1
0,468,0.03125,0.002825520833333333,0,1,0.2083662345800139,1,0.0375,0.004322916666666666,0,1,0.25773091673520515,1
0,469,0.10625,0.003138020833333334,0,1,0.21958668274492663,1,-0.025,0.005833333333333334,0,1,0.2993894439514018,1
0,470,-0.09375,0.0030338541666666665,0,1,0.21591133225693634,1,-0.125,0.006666666666666666,0,1,0.3200607784236873,1
0,471,-0.09375,0.002669270833333333,0,1,0.20252302572823555,1,-0.15,0.0056250000000000015,0,0,0.29399459768100816,1
0,472,-0.00625,0.0030598958333333333,0,1,0.21683601028762298,1,-0.05,0.006875,0,1,0.32502325696646456,1
0,473,0.03125,0.0028255208333333327,0,1,0.2083662345800139,1,0.15,0.0059375,0,1,0.3020507357903395,1
0,474,0.08125,0.0029817708333333337,0,1,0.2140499929361999,1,0.1,0.0053125,0,1,0.28571139273705937,1
0,475,0.0625,0.0034635416666666664,0,1,0.2306950600793896,1,0.1875,0.006927083333333333,0,0,0.3262520827367488,1
0,476,0.06875,0.0033463541666666676,0,1,0.22675874166795165,1,0.075,0.007916666666666666,0,1,0.3487781472349541,1
0,477,0.09375,0.003033854166666667,0,1,0.21591133225693637,1,0.05,0.005312499999999999,0,1,0.2857113927370593,1
0,478,-0.1125,0.002994791666666667,0,0,0.21451684189413125,1,-0.1,0.0065625,0,1,0.317550459050559,1
0,479,0.06875,0.0025390625,0,1,0.1975216852593019,1,0.0875,0.0047395833333333335,0,1,0.2698659978748579,1
0,480,0.04375,0.003111979166666666,0,1,0.21867363645037796,1,0.1125,0.00515625,0,1,0.2814783973537158,1
0,481,0.03125,0.003216145833333334,0,1,0.22230332233322106,1,0.0375,0.006510416666666668,0,1,0.31628782797041505,1
0,482,0.00625,0.0034505208333333337,0,1,0.23026101442664737,1,-0.1,0.006666666666666665,0,1,0.3200607784236873,1
0,483,0.04375,0.003190104166666666,0,1,0.2214014795792905,1,0.025,0.005833333333333334,0,1,0.2993894439514018,1
0,484,-0.0375,0.00359375,0,1,0.2349914265403699,1,0.025,0.008854166666666666,0,1,0.3688518219641192,1
0,485,-0.04375,0.002981770833333332,0,1,0.21404999293619983,1,-0.0375,0.006927083333333333,0,1,0.3262520827367488,1
0,486,0.05,0.0033333333333333335,0,1,0.22631714681523435,1,0.0375,0.00703125,0,1,0.3286959527162181,1
0,487,-0.09375,0.0030338541666666665,0,1,0.21591133225693634,1,-0.1,0.007187500000000001,0,1,0.332328062454792,1
0,488,0.05625,0.0037630208333333335,0,1,0.24046196849118648,1,0.1125,0.009322916666666665,0,1,0.3784896324274309,1
0,489,-0.0125,0.00265625,0,1,0.20202846326662757,1,0.0625,0.005052083333333333,0,1,0.27862067463643186,1
0,490,0.00625,0.0032682291666666662,0,1,0.22409612009440483,1,0.0625,0.00671875,0,1,0.321308583461685,1
0,491,-0.075,0.00296875,0,1,0.21358212353973524,1,-0.1125,0.0049479166666666664,0,1,0.2757333358390033,1
0,492,0.06875,0.0029817708333333332,0,1,0.2140499929361999,1,0.1625,0.006510416666666666,0,0,0.316287827970415,1
0,493,0.025,0.002786458333333333,0,1,0.20692090221222198,1,0.125,0.0071875,0,1,0.33232806245479196,1
0,494,0.00625,0.0034765625000000005,0,1,0.2311282906207669,1,0.0,0.006354166666666665,0,1,0.3124693238692544,1
0,495,-0.00625,0.0030598958333333333,0,1,0.21683601028762298,1,0.0625,0.00640625,0,1,0.31374732234759706,1
0,496,0.0,0.0033854166666666668,0,1,0.22807839631049295,1,0.0375,0.00546875,0,1,0.28988258261351957,1
0,497,-0.05625,0.0024869791666666664,0,1,0.19548532483717737,1,-0.0375,0.005572916666666666,0,1,0.2926303462470013,1
0,498,0.0625,0.0034635416666666664,0,1,0.2306950600793896,1,0.05,0.0059375,0,1,0.3020507357903395,1
0,499,0.00625,0.002747395833333333,0,1,0.2054654030039765,1,-0.1,0.005312500000000001,0,1,0.28571139273705937,1
0,500,-0.025,0.003177083333333334,0,1,0.22094917782072537,1,-0.1625,0.00515625,0,0,0.2814783973537158,1
0,501,0.06875,0.0030078125,0,1,0.21498267706137672,1,0.05,0.005,0,1,0.27718076486993554,1
0,502,0.0125,0.003046875,0,1,0.21637416522591058,1,-0.05,0.0071875,0,1,0.33232806245479196,1
0,503,0.0375,0.003046875,0,1,0.21637416522591058,1,-0.0875,0.0060937499999999985,0,1,0.30599927900963964,1
0,504,-0.0375,0.003619791666666667,0,1,0.2358413078914867,1,-0.0375,0.007447916666666666,0,1,0.33829493153141654,1
0,505,0.11875,0.0024609375,0,0,0.19445914806510853,1,0.1375,0.0040104166666666665,0,0,0.24824061294498448,1
0,506,0.1,0.003255208333333334,0,1,0.22364926796464465,1,0.1875,0.005989583333333333,0,0,0.3033726271641254,1
0,507,-0.0125,0.002786458333333333,0,1,0.20692090221222198,1,-0.05,0.006458333333333335,0,1,0.315020136183808,1
0,508,0.08125,0.0028255208333333335,0,1,0.20836623458001394,1,-0.0125,0.00484375,0,1,0.27281544063881114,1
0,509,0.0,0.0032291666666666666,0,1,0.22275287450588027,1,0.0625,0.00703125,0,1,0.3286959527162181,1
0,510,0.05,0.0032552083333333326,0,1,0.22364926796464463,1,0.15,0.0063541666666666686,0,1,0.31246932386925447,1
0,511,0.00625,0.0030598958333333337,0,1,0.21683601028762298,1,0.0875,0.006927083333333334,0,1,0.3262520827367488,1
0,512,0.01875,0.0029817708333333332,0,1,0.2140499929361999,1,0.025,0.0065625,0,1,0.317550459050559,1
0,513,0.01875,0.0033984375,0,1,0.22851658767759236,1,0.0875,0.006510416666666668,0,1,0.31628782797041505,1
0,514,0.05,0.003125,0,1,0.21913063514414538,1,-0.0375,0.006822916666666666,0,1,0.32378976767049095,1
0,515,0.0625,0.003828125,0,1,0.24253316926119362,1,-0.0375,0.007760416666666666,0,1,0.34531910492429096,1
0,516,-0.03125,0.0035026041666666673,0,1,0.23199232462684333,1,0.0625,0.0066145833333333326,0,1,0.31880808955263157,1
0,517,0.00625,0.0033723958333333336,0,1,0.22763936145430078,1,-0.0625,0.005260416666666667,0,1,0.2843073970525076,1
0,518,0.00625,0.0030598958333333337,0,1,0.21683601028762298,1,0.0125,0.00671875,0,1,0.321308583461685,1
0,519,0.1125,0.003645833333333333,0,1,0.2366881375744378,1,0.0875,0.006302083333333334,0,1,0.31118607687094724,1
0,520,-0.05625,0.0030859375,0,1,0.21775676181910658,1,-0.0125,0.007239583333333332,0,1,0.33352997618794933,1
0,521,0.0375,0.0027604166666666667,0,1,0.20595171233041729,1,0.075,0.006145833333333334,0,1,0.30730418590607783,1
0,522,0.025,0.003697916666666667,0,1,0.23837277191288844,1,0.05,0.007499999999999999,0,1,0.33947572022285144,1
0,523,-0.00625,0.0035026041666666665,0,1,0.2319923246268433,1,-0.0375,0.009114583333333332,0,1,0.37423680493925227,1
0,524,0.04375,0.003216145833333333,0,1,0.22230332233322103,1,-0.025,0.008749999999999999,0,1,0.366675686028259,1
0,525,0.03125,0.0029036458333333327,0,1,0.21122723213288647,1,-0.025,0.0065625000000000015,0,1,0.31755045905055906,1
0,526,0.01875,0.003294270833333333,0,1,0.2249871618600823,1,-0.0375,0.0056770833333333335,0,1,0.2953525476216445,1
0,527,-0.04375,0.002669270833333333,0,1,0.20252302572823555,1,-0.0375,0.0061979166666666675,0,1,0.3086035751516421,1
0,528,-0.1,0.003177083333333333,0,1,0.22094917782072535,1,-0.1,0.008541666666666668,0,1,0.36228420202981887,1
0,529,-0.00625,0.002721354166666667,0,1,0.20448931480910565,1,-0.0875,0.00515625,0,1,0.2814783973537158,1
0,530,0.01875,0.0033203124999999995,0,1,0.2258746886269992,1,-0.025,0.00625,0,1,0.3098975161522808,1
0,531,-0.00625,0.0029557291666666664,0,1,0.21311322698391633,1,0.05,0.006249999999999999,0,1,0.3098975161522807,1
0,532,0.04375,0.003111979166666667,0,1,0.21867363645037802,1,0.0875,0.006302083333333332,0,1,0.31118607687094724,1
0,533,0.05625,0.0034765625000000005,0,1,0.2311282906207669,1,-0.025,0.008333333333333333,0,1,0.35783882874343137,1
0,534,-0.09375,0.0030078125,0,1,0.21498267706137672,1,-0.1125,0.0061979166666666675,0,1,0.3086035751516421,1
0,535,0.01875,0.0030859375,0,1,0.21775676181910658,1,0.075,0.006458333333333332,0,1,0.3150201361838079,1
0,536,0.00625,0.0035026041666666673,0,1,0.23199232462684333,1,-0.0125,0.00546875,0,1,0.28988258261351957,1
0,537,0.09375,0.003710937500000001,0,1,0.23879207350680307,1,0.0875,0.0071354166666666675,0,1,0.33112178601532427,1
0,538,0.00625,0.002955729166666667,0,1,0.21311322698391635,1,0.0125,0.005156250000000001,0,1,0.2814783973537159,1
0,539,-0.0375,0.0028385416666666667,0,1,0.2088457892639875,1,0.0375,0.007031250000000001,0,1,0.3286959527162181,1
0,540,-0.1,0.003619791666666667,0,1,0.2358413078914867,1,-0.1375,0.006510416666666668,0,1,0.31628782797041505,1
0,541,0.125,0.003515625000000001,0,0,0.23242313711421062,1,0.175,0.007083333333333333,0,0,0.32991109901456817,1
0,542,0.01875,0.0035026041666666665,0,1,0.2319923246268433,1,0.0125,0.007239583333333334,0,1,0.33352997618794933,1
0,543,0.0625,0.0030208333333333337,0,1,0.21544750501391444,1,0.025,0.005833333333333334,0,1,0.2993894439514018,1
0,544,0.0,0.0034375,0,1,0.22982614904432486,1,0.05,0.007083333333333333,0,1,0.32991109901456817,1
0,545,-0.01875,0.003684895833333333,0,1,0.2379527314598205,1,-0.0125,0.0066145833333333326,0,1,0.31880808955263157,1
0,546,-0.03125,0.0029296875,0,1,0.2121723251392822,1,-0.0375,0.0049479166666666664,0,1,0.2757333358390033,1
0,547,-0.1,0.0029947916666666656,0,1,0.21451684189413123,1,-0.15,0.00666666666666667,0,1,0.3200607784236874,1
0,548,-0.04375,0.003216145833333334,0,1,0.22230332233322106,1,0.0375,0.006406249999999999,0,1,0.313747322347597,1
0,549,0.05,0.0031510416666666674,0,1,0.22004178516628506,1,0.0625,0.006927083333333334,0,1,0.3262520827367488,1
0,550,0.04375,0.0031640625000000006,0,1,0.2204959482607561,1,0.125,0.006562499999999999,0,1,0.317550459050559,1
0,551,0.05625,0.0029817708333333332,0,1,0.2140499929361999,1,0.025,0.0065625,0,1,0.317550459050559,1
0,552,-0.16875,0.0028255208333333335,0,0,0.20836623458001394,1,-0.225,0.006874999999999999,0,0,0.32502325696646456,1
0,553,-0.04375,0.0030598958333333333,0,1,0.21683601028762298,1,-0.1375,0.006302083333333334,0,1,0.31118607687094724,1
0,554,0.03125,0.003033854166666667,0,1,0.21591133225693637,1,-0.05,0.005625,0,1,0.2939945976810081,1
0,555,-0.03125,0.002747395833333333,0,1,0.2054654030039765,1,-0.1,0.0053125,0,1,0.28571139273705937,1
0,556,0.05625,0.003190104166666666,0,1,0.2214014795792905,1,0.1125,0.005781250000000001,0,1,0.29804988714735603,1
0,557,-0.03125,0.0031380208333333325,0,1,0.2195866827449266,1,-0.05,0.005833333333333333,0,1,0.2993894439514018,1
0,558,-0.03125,0.0024869791666666664,0,1,0.19548532483717737,1,-0.05,0.005937500000000001,0,1,0.3020507357903395,1
0,559,-0.00625,0.0032942708333333335,0,1,0.22498716186008233,1,0.0,0.006041666666666667,0,1,0.3046887835701232,1
0,560,0.1,0.0034635416666666673,0,1,0.23069506007938964,1,0.05,0.004791666666666666,0,1,0.27134472674067345,1
0,561,-0.05625,0.0031640625,0,1,0.22049594826075608,1,0.025,0.005729166666666666,0,1,0.29670428259055126,1
0,562,-0.08125,0.002643229166666666,0,1,0.20153268714933215,1,-0.125,0.005520833333333333,0,1,0.2912597047716384,1
0,563,0.01875,0.0030859374999999993,0,1,0.21775676181910655,1,-0.05,0.005833333333333333,0,1,0.2993894439514018,1
0,564,-0.03125,0.0027994791666666667,0,1,0.20740379879010035,1,-0.0625,0.0056770833333333335,0,1,0.2953525476216445,1
0,565,0.05625,0.0029557291666666664,0,1,0.21311322698391633,1,-0.0125,0.007447916666666666,0,1,0.33829493153141654,1
0,566,0.075,0.0025520833333333333,0,1,0.19802750346333006,1,0.0625,0.00640625,0,1,0.31374732234759706,1
0,567,0.03125,0.002356770833333333,0,1,0.19029911304115923,1,0.075,0.005104166666666667,0,1,0.2800531811207264,1
0,568,0.1375,0.00359375,0,0,0.2349914265403699,1,0.2,0.005416666666666666,0,0,0.28849888696788073,1
0,569,0.06875,0.0030859375000000006,0,1,0.21775676181910658,1,0.0,0.007604166666666666,0,1,0.3418250611976536,1
0,570,0.00625,0.003372395833333333,0,1,0.22763936145430075,1,-0.025,0.007395833333333334,0,1,0.33711000693967524,1
0,571,-0.05,0.0031770833333333325,0,1,0.22094917782072532,1,-0.1125,0.004114583333333334,0,1,0.2514438501082448,1
0,572,0.0125,0.003229166666666666,0,1,0.22275287450588027,1,-0.0375,0.00640625,0,1,0.31374732234759706,1
0,573,0.08125,0.0023307291666666667,0,1,0.18924481621371544,1,0.1,0.005208333333333334,0,1,0.282896433519043,1
0,574,0.01875,0.0024869791666666664,0,1,0.19548532483717737,1,0.0375,0.006197916666666667,0,1,0.30860357515164205,1
0,575,-0.03125,0.003033854166666667,0,1,0.21591133225693637,1,-0.0875,0.005885416666666667,0,1,0.3007230338210021,1
0,576,0.05625,0.0030078125,0,1,0.21498267706137672,1,0.0625,0.005572916666666667,0,1,0.2926303462470013,1
0,577,-0.05,0.0033333333333333322,0,1,0.22631714681523432,1,-0.025,0.007083333333333334,0,1,0.32991109901456817,1
0,578,0.04375,0.0030078124999999996,0,1,0.2149826770613767,1,0.0375,0.006406250000000001,0,1,0.31374732234759706,1
0,579,-0.01875,0.0034765625000000005,0,1,0.2311282906207669,1,0.05,0.0056250000000000015,0,1,0.29399459768100816,1
0,580,-0.04375,0.0027994791666666663,0,1,0.20740379879010032,1,-0.0625,0.005260416666666668,0,1,0.2843073970525076,1
0,581,-0.01875,0.0031119791666666657,0,1,0.21867363645037796,1,0.0,0.0059375,0,1,0.3020507357903395,1
0,582,-0.03125,0.003164062499999999,0,1,0.22049594826075603,1,0.0375,0.006406250000000001,0,1,0.31374732234759706,1
0,583,-0.03125,0.0036067708333333342,0,1,0.23541675073733082,1,0.05,0.008333333333333333,0,1,0.35783882874343137,1
0,584,-0.04375,0.0030078125,0,1,0.21498267706137672,1,0.0,0.006145833333333333,0,1,0.3073041859060778,1
0,585,0.11875,0.003111979166666666,0,0,0.21867363645037796,1,0.1875,0.0056770833333333335,0,0,0.2953525476216445,1
0,586,0.00625,0.0031380208333333342,0,1,0.21958668274492663,1,0.05,0.00625,0,1,0.3098975161522808,1
0,587,-0.05,0.002864583333333333,0,1,0.20980161022686847,1,0.0375,0.004843749999999999,0,1,0.2728154406388111,1
0,588,0.0125,0.0032552083333333326,0,1,0.22364926796464463,1,0.0625,0.00578125,0,1,0.298049887147356,1
0,589,-0.00625,0.0031901041666666657,0,1,0.22140147957929046,1,0.0125,0.004635416666666667,0,1,0.26688396161447564,1
0,590,-0.01875,0.003190104166666667,0,1,0.22140147957929052,1,-0.05,0.006562499999999999,0,1,0.317550459050559,1
0,591,-0.04375,0.0026953124999999994,0,1,0.20350854505550503,1,-0.1,0.004479166666666667,0,1,0.2623473598191967,1
0,592,-0.03125,0.0031640625,0,1,0.22049594826075608,1,-0.05,0.0067708333333333336,0,1,0.3225515613466048,1
0,593,-0.0375,0.0033072916666666667,0,1,0.22543136201979388,1,-0.075,0.008229166666666666,0,1,0.35559530299838743,1
0,594,-0.04375,0.0030859375,0,1,0.21775676181910658,1,0.0,0.006666666666666669,0,1,0.3200607784236874,1
0,595,0.075,0.0033072916666666676,0,1,0.2254313620197939,1,0.1375,0.005781249999999999,0,1,0.298049887147356,1
0,596,-0.125,0.002890625,0,0,0.21075309633378064,1,-0.1125,0.00609375,0,1,0.3059992790096397,1
0,597,0.125,0.0030208333333333337,0,0,0.21544750501391444,1,0.0375,0.007135416666666667,0,1,0.3311217860153242,1
0,598,0.025,0.003177083333333333,0,1,0.22094917782072535,1,0.05,0.0059375,0,1,0.3020507357903395,1
0,599,0.0,0.003229166666666666,0,1,0.22275287450588027,1,0.025,0.0059375,0,1,0.3020507357903395,1
0,600,0.025,0.002890625,0,1,0.21075309633378064,1,0.0125,0.00671875,0,1,0.321308583461685,1
0,601,-0.0125,0.003098958333333334,0,1,0.21821568068813846,1,-0.0125,0.005989583333333335,0,1,0.30337262716412544,1
0,602,0.075,0.003020833333333332,0,1,0.21544750501391435,1,0.0,0.006875000000000001,0,1,0.32502325696646456,1
0,603,0.05625,0.003320312500000001,0,1,0.22587468862699925,1,0.0625,0.005885416666666666,0,1,0.300723033821002,1
0,604,0.01875,0.0033984375000000013,0,1,0.22851658767759242,1,0.0,0.0073958333333333315,0,1,0.3371100069396752,1
0,605,0.01875,0.0035286458333333333,0,1,0.23285315253664832,1,-0.0125,0.007760416666666667,0,1,0.34531910492429096,1
0,606,0.15,0.00296875,0,0,0.21358212353973524,1,0.1125,0.005989583333333333,0,1,0.3033726271641254,1
0,607,0.01875,0.0031901041666666657,0,1,0.22140147957929046,1,0.0,0.0067708333333333336,0,1,0.3225515613466048,1
0,608,0.0125,0.0023958333333333336,0,1,0.19186969631754092,1,-0.0375,0.005364583333333334,0,1,0.28710852279360866,1
0,609,0.01875,0.0029296875,0,1,0.2121723251392822,1,0.1125,0.006093749999999998,0,1,0.30599927900963964,1
0,610,-0.05625,0.0029557291666666664,0,1,0.21311322698391633,1,-0.0375,0.006927083333333334,0,1,0.3262520827367488,1
0,611,-0.01875,0.003294270833333333,0,1,0.2249871618600823,1,-0.0125,0.007135416666666667,0,1,0.3311217860153242,1
0,612,-0.05,0.003072916666666667,0,1,0.2172968737411991,1,-0.075,0.005833333333333334,0,1,0.2993894439514018,1
0,613,-0.075,0.0029947916666666664,0,1,0.21451684189413125,1,-0.1,0.0060416666666666665,0,1,0.3046887835701232,1
0,614,-0.00625,0.0029296875000000004,0,1,0.21217232513928222,1,0.0375,0.005260416666666668,0,1,0.2843073970525076,1
0,615,0.06875,0.0035546874999999993,0,1,0.23371080977726422,1,0.2375,0.004635416666666666,0,0,0.2668839616144756,1
0,616,0.0,0.003333333333333333,0,1,0.22631714681523435,1,0.025,0.005208333333333332,0,1,0.2828964335190429,1
0,617,0.09375,0.0036588541666666675,0,1,0.2371104182626746,1,0.05,0.006875,0,1,0.32502325696646456,1
0,618,0.0125,0.002994791666666667,0,1,0.21451684189413125,1,-0.05,0.004583333333333333,0,1,0.26538037803511205,1
0,619,0.025,0.003072916666666667,0,1,0.2172968737411991,1,0.0125,0.006822916666666666,0,1,0.32378976767049095,1
0,620,-0.01875,0.0029557291666666664,0,1,0.21311322698391633,1,-0.0125,0.0049479166666666664,0,1,0.2757333358390033,1
0,621,-0.05,0.0024218750000000004,0,1,0.19290964808809938,1,-0.0625,0.00546875,0,1,0.28988258261351957,1
0,622,-0.025,0.003151041666666666,0,1,0.22004178516628503,1,-0.075,0.006249999999999999,0,1,0.3098975161522807,1
0,623,-0.075,0.003046875,0,1,0.21637416522591058,1,-0.1,0.006354166666666666,0,1,0.3124693238692544,1
0,624,0.125,0.003177083333333333,0,0,0.22094917782072535,1,0.1,0.007083333333333333,0,1,0.32991109901456817,1
0,625,0.04375,0.003111979166666667,0,1,0.21867363645037802,1,0.0,0.006666666666666667,0,1,0.32006077842368735,1
0,626,-0.04375,0.0037890625000000008,0,1,0.24129258225470868,1,-0.0125,0.007656250000000001,0,1,0.3429936972945095,1
0,627,-0.03125,0.0035026041666666673,0,1,0.23199232462684333,1,-0.1,0.007604166666666666,0,1,0.3418250611976536,1
0,628,0.05625,0.002825520833333333,0,1,0.2083662345800139,1,0.0125,0.00453125,0,1,0.26386822681990535,1
0,629,0.025,0.003177083333333333,0,1,0.22094917782072535,1,0.0125,0.005989583333333334,0,1,0.3033726271641254,1
0,630,0.15625,0.0033723958333333336,0,0,0.22763936145430078,1,0.0625,0.006927083333333333,0,1,0.3262520827367488,1
0,631,-0.00625,0.0037630208333333335,0,1,0.24046196849118648,1,-0.0875,0.007135416666666667,0,1,0.3311217860153242,1
0,632,-0.025,0.0032291666666666666,0,1,0.22275287450588027,1,0.025,0.006354166666666665,0,1,0.3124693238692544,1
0,633,-0.06875,0.0036328124999999993,0,1,0.23626510213785595,1,-0.15,0.007708333333333333,0,1,0.34415836515292714,1
0,634,0.04375,0.0033723958333333344,0,1,0.2276393614543008,1,0.0625,0.00640625,0,1,0.31374732234759706,1
0,635,-0.03125,0.003190104166666666,0,1,0.2214014795792905,1,-0.0125,0.00671875,0,1,0.321308583461685,1
0,636,-0.03125,0.0030338541666666665,0,1,0.21591133225693634,1,-0.125,0.005,0,1,0.27718076486993554,1
0,637,-0.01875,0.0033984375000000004,0,1,0.2285165876775924,1,-0.0125,0.0075520833333333325,0,1,0.3406524160222582,1
0,638,0.0375,0.003177083333333334,0,1,0.22094917782072537,1,0.025,0.0065625,0,1,0.317550459050559,1
0,639,0.04375,0.0028515625,0,1,0.20932424530747118,1,-0.0375,0.006093750000000001,0,1,0.3059992790096397,1
0,640,0.0125,0.0027604166666666667,0,1,0.20595171233041729,1,-0.025,0.005520833333333333,0,1,0.2912597047716384,1
0,641,-0.0125,0.0034375000000000018,0,1,0.2298261490443249,1,-0.0125,0.006510416666666668,0,1,0.31628782797041505,1
0,642,0.0,0.0025260416666666665,0,1,0.19701456841419168,1,0.0,0.005312499999999999,0,1,0.2857113927370593,1
0,643,-0.05625,0.003138020833333334,0,1,0.21958668274492663,1,-0.15,0.005416666666666666,0,0,0.28849888696788073,1
0,644,-0.04375,0.0033984375,0,1,0.22851658767759236,1,-0.0375,0.00828125,0,1,0.3567188296620924,1
0,645,-0.025,0.003177083333333333,0,1,0.22094917782072535,1,-0.025,0.0065625,0,1,0.317550459050559,1
0,646,0.05,0.002916666666666667,0,1,0.21170030603370604,1,0.1,0.00625,0,1,0.3098975161522808,1
0,647,-0.1,0.00328125,0,1,0.22454208296355138,1,-0.0875,0.005885416666666666,0,1,0.300723033821002,1
0,648,0.075,0.0032552083333333326,0,1,0.22364926796464463,1,-0.025,0.005416666666666666,0,1,0.28849888696788073,1
0,649,-0.03125,0.0028515625,0,1,0.20932424530747118,1,-0.0375,0.0040104166666666665,0,1,0.24824061294498448,1
0,650,-0.04375,0.003294270833333333,0,1,0.2249871618600823,1,-0.1,0.0065625,0,1,0.317550459050559,1
0,651,-0.025,0.0033072916666666663,0,1,0.22543136201979386,1,0.125,0.0059375,0,1,0.3020507357903395,1
0,652,-0.09375,0.0034505208333333332,0,1,0.23026101442664737,1,-0.15,0.006458333333333333,0,1,0.3150201361838079,1
0,653,-0.1,0.0022395833333333334,0,0,0.18550759715454118,1,-0.0625,0.005572916666666667,0,1,0.2926303462470013,1
0,654,-0.075,0.002994791666666667,0,1,0.21451684189413125,1,-0.1125,0.006302083333333334,0,1,0.31118607687094724,1
0,655,-0.09375,0.0033203125,0,1,0.22587468862699922,1,-0.0625,0.005885416666666667,0,1,0.3007230338210021,1
0,656,0.00625,0.0031640625,0,1,0.22049594826075608,1,0.1125,0.005364583333333332,0,1,0.28710852279360866,1
0,657,0.0125,0.003072916666666667,0,1,0.2172968737411991,1,0.1,0.0046875,0,1,0.26837912155757354,1
0,658,-0.06875,0.0031901041666666675,0,1,0.22140147957929052,1,-0.1375,0.007656249999999999,0,1,0.34299369729450946,1
0,659,-0.025,0.0029166666666666664,0,1,0.21170030603370604,1,-0.125,0.0065625,0,1,0.317550459050559,1
0,660,-0.06875,0.0029817708333333332,0,1,0.2140499929361999,1,-0.0875,0.0047395833333333335,0,1,0.2698659978748579,1
0,661,-0.0875,0.003645833333333333,0,1,0.2366881375744378,1,-0.025,0.007604166666666665,0,1,0.3418250611976536,1
0,662,-0.0125,0.0030989583333333333,0,1,0.21821568068813843,1,0.0125,0.005989583333333334,0,1,0.3033726271641254,1
0,663,-0.0625,0.003151041666666666,0,1,0.22004178516628503,1,-0.0375,0.005572916666666667,0,1,0.2926303462470013,1
0,664,0.00625,0.0027734375,0,1,0.20643687604707509,1,0.0,0.005729166666666667,0,1,0.2967042825905513,1
0,665,-0.0125,0.003046875,0,1,0.21637416522591058,1,-0.0375,0.005885416666666666,0,1,0.300723033821002,1
0,666,0.0125,0.0030208333333333324,0,1,0.21544750501391438,1,0.075,0.006770833333333333,0,1,0.3225515613466048,1
0,667,-0.0875,0.003541666666666667,0,1,0.23328237530190768,1,-0.1625,0.007552083333333333,0,1,0.3406524160222582,1
0,668,-0.13125,0.003033854166666667,0,0,0.21591133225693637,1,-0.225,0.005520833333333333,0,0,0.2912597047716384,1
0,669,-0.0125,0.0028645833333333336,0,1,0.2098016102268685,1,-0.0125,0.006718749999999999,0,1,0.321308583461685,1
0,670,-0.025,0.003385416666666668,0,1,0.22807839631049298,1,0.025,0.0071875,0,1,0.33232806245479196,1
0,671,0.0125,0.002942708333333333,0,1,0.21264329647382202,1,0.15,0.006666666666666667,0,1,0.32006077842368735,1
0,672,0.09375,0.002903645833333333,0,1,0.21122723213288647,1,0.1,0.007499999999999999,0,1,0.33947572022285144,1
0,673,-0.06875,0.0030859375000000006,0,1,0.21775676181910658,1,-0.125,0.005208333333333334,0,1,0.282896433519043,1
0,674,0.0,0.003229166666666666,0,1,0.22275287450588027,1,-0.025,0.006666666666666667,0,1,0.32006077842368735,1
0,675,0.0,0.0029166666666666664,0,1,0.21170030603370604,1,-0.05,0.0069791666666666665,0,1,0.3274762974797479,1
0,676,-0.0625,0.0024479166666666664,0,1,0.19394402358918747,1,-0.0125,0.004947916666666667,0,1,0.2757333358390033,1
0,677,0.0,0.0035156250000000005,0,1,0.23242313711421062,1,0.0375,0.008072916666666667,0,1,0.3522032193941179,1
0,678,0.16875,0.002721354166666666,0,0,0.20448931480910562,1,0.2,0.005520833333333333,0,0,0.2912597047716384,1
0,679,0.03125,0.0033463541666666667,0,1,0.22675874166795162,1,0.0,0.005625,0,1,0.2939945976810081,1
0,680,0.0125,0.0030208333333333337,0,1,0.21544750501391444,1,-0.0375,0.005677083333333333,0,1,0.2953525476216444,1
0,681,0.0,0.003359375,0,1,0.22719947821920125,1,0.0,0.006874999999999997,0,1,0.3250232569664645,1
0,682,-0.03125,0.0027994791666666663,0,1,0.20740379879010032,1,-0.0875,0.006822916666666666,0,1,0.32378976767049095,1
0,683,0.0125,0.003515625,0,1,0.2324231371142106,1,-0.0625,0.006927083333333334,0,1,0.3262520827367488,1
0,684,0.075,0.0026302083333333325,0,1,0.20103568839732436,1,0.1125,0.005260416666666667,0,1,0.2843073970525076,1
0,685,0.075,0.0033072916666666663,0,1,0.22543136201979386,1,0.1375,0.007656249999999999,0,1,0.34299369729450946,1
0,686,0.03125,0.0029296874999999996,0,1,0.2121723251392822,1,0.075,0.006458333333333332,0,1,0.3150201361838079,1
0,687,-0.04375,0.003450520833333333,0,1,0.23026101442664734,1,0.025,0.007916666666666666,0,1,0.3487781472349541,1
0,688,-0.00625,0.0033463541666666663,0,1,0.22675874166795162,1,-0.0125,0.00546875,0,1,0.28988258261351957,1
0,689,0.05,0.002734375,0,1,0.20497793991388927,1,-0.1,0.005833333333333333,0,1,0.2993894439514018,1
0,690,0.0125,0.003125,0,1,0.21913063514414538,1,-0.075,0.0053125,0,1,0.28571139273705937,1
0,691,-0.1,0.0030989583333333325,0,1,0.2182156806881384,1,-0.1875,0.007447916666666668,0,0,0.33829493153141654,1
0,692,-0.05625,0.0031380208333333342,0,1,0.21958668274492663,1,-0.05,0.006979166666666665,0,1,0.3274762974797479,1
0,693,0.025,0.003125,0,1,0.21913063514414538,1,0.0,0.0069791666666666665,0,1,0.3274762974797479,1
0,694,-0.0125,0.0027604166666666667,0,1,0.20595171233041729,1,0.0,0.004583333333333333,0,1,0.26538037803511205,1
0,695,-0.06875,0.0037109375,0,1,0.238792073506803,1,-0.1,0.006562499999999999,0,1,0.317550459050559,1
0,696,-0.0125,0.0028645833333333327,0,1,0.20980161022686847,1,0.025,0.0069791666666666665,0,1,0.3274762974797479,1
0,697,0.0625,0.0028124999999999995,0,1,0.20788557365245164,1,0.05,0.005729166666666666,0,1,0.29670428259055126,1
0,698,-0.0625,0.002604166666666666,0,1,0.20003798651480456,1,0.05,0.0051041666666666674,0,1,0.28005318112072647,1
0,699,-0.0375,0.0028645833333333336,0,1,0.2098016102268685,1,0.0,0.005208333333333334,0,1,0.282896433519043,1
0,700,-0.0375,0.0033333333333333335,0,1,0.22631714681523435,1,-0.0125,0.00640625,0,1,0.31374732234759706,1
0,701,0.00625,0.0030078124999999996,0,1,0.2149826770613767,1,-0.0125,0.006510416666666666,0,1,0.316287827970415,1
0,702,-0.025,0.0034375,0,1,0.22982614904432486,1,0.0,0.0078125,0,1,0.3464759560874195,1
0,703,-0.0625,0.003645833333333334,0,1,0.23668813757443782,1,-0.0875,0.006718749999999999,0,1,0.321308583461685,1
0,704,0.01875,0.003684895833333334,0,1,0.23795273145982052,1,-0.0625,0.00640625,0,1,0.31374732234759706,1
0,705,0.025,0.002864583333333333,0,1,0.20980161022686847,1,0.025,0.005416666666666668,0,1,0.2884988869678808,1
0,706,0.01875,0.0028776041666666663,0,1,0.21027789145326556,1,0.0375,0.006927083333333333,0,1,0.3262520827367488,1
0,707,-0.0625,0.002682291666666667,0,1,0.20301638340381314,1,-0.0375,0.006718749999999999,0,1,0.321308583461685,1
0,708,0.04375,0.0030859375,0,1,0.21775676181910658,1,-0.05,0.006875,0,1,0.32502325696646456,1
0,709,-0.0125,0.0029947916666666664,0,1,0.21451684189413125,1,0.0375,0.005572916666666667,0,1,0.2926303462470013,1
0,710,0.0375,0.0034375,0,1,0.22982614904432486,1,0.0125,0.006927083333333334,0,1,0.3262520827367488,1
0,711,0.05625,0.003320312500000001,0,1,0.22587468862699925,1,0.05,0.006770833333333333,0,1,0.3225515613466048,1
0,712,-0.04375,0.0034765625000000005,0,1,0.2311282906207669,1,-0.1375,0.008072916666666664,0,1,0.3522032193941178,1
0,713,-0.05,0.00265625,0,1,0.20202846326662757,1,-0.05,0.005625,0,1,0.2939945976810081,1
0,714,-0.04375,0.0025911458333333333,0,1,0.19953726486211204,1,-0.0375,0.005364583333333332,0,1,0.28710852279360866,1
0,715,0.0375,0.0033072916666666667,0,1,0.22543136201979388,1,0.025,0.007395833333333334,0,1,0.33711000693967524,1
0,716,0.05,0.003072916666666667,0,1,0.2172968737411991,1,0.1375,0.006927083333333334,0,1,0.3262520827367488,1
0,717,-0.05625,0.0030859375,0,1,0.21775676181910658,1,-0.025,0.006770833333333333,0,1,0.3225515613466048,1
0,718,-0.0375,0.0032291666666666666,0,1,0.22275287450588027,1,0.0375,0.006302083333333332,0,1,0.31118607687094724,1
0,719,0.025,0.0033072916666666667,0,1,0.22543136201979388,1,0.1375,0.0056770833333333335,0,1,0.2953525476216445,1
0,720,0.0,0.002994791666666667,0,1,0.21451684189413125,1,0.1,0.005833333333333334,0,1,0.2993894439514018,1
0,721,0.00625,0.0038411458333333344,0,1,0.24294529049175514,1,0.05,0.008124999999999999,0,1,0.3533375322160937,1
0,722,0.0875,0.003463541666666667,0,1,0.23069506007938964,1,0.1375,0.007760416666666666,0,1,0.34531910492429096,1
0,723,-0.04375,0.0025651041666666665,0,1,0.1985320329522762,1,-0.0875,0.007135416666666667,0,1,0.3311217860153242,1
0,724,0.0625,0.003515625,0,1,0.2324231371142106,1,0.0625,0.007031249999999999,0,1,0.3286959527162181,1
0,725,0.125,0.002708333333333333,0,0,0.20399951933975977,1,0.075,0.004791666666666667,0,1,0.27134472674067345,1
0,726,0.0375,0.0030989583333333338,0,1,0.21821568068813846,1,0.0375,0.0058854166666666655,0,1,0.300723033821002,1
0,727,-0.05625,0.002643229166666667,0,1,0.20153268714933217,1,-0.1125,0.005572916666666667,0,1,0.2926303462470013,1
0,728,-0.09375,0.0034244791666666664,0,1,0.22939045927043203,1,-0.125,0.006874999999999999,0,1,0.32502325696646456,1
0,729,0.13125,0.003111979166666667,0,0,0.21867363645037802,1,0.075,0.006666666666666665,0,1,0.3200607784236873,1
0,730,0.0,0.0032031250000000007,0,1,0.2218528592111075,1,0.0375,0.00703125,0,1,0.3286959527162181,1
0,731,-0.11875,0.0034505208333333337,0,0,0.23026101442664737,1,-0.1375,0.00703125,0,1,0.3286959527162181,1
0,732,0.0,0.0030468749999999992,0,1,0.21637416522591055,1,0.0875,0.006927083333333333,0,1,0.3262520827367488,1
0,733,0.09375,0.0033984374999999995,0,1,0.22851658767759236,1,0.05,0.006145833333333334,0,1,0.30730418590607783,1
0,734,0.0,0.003229166666666666,0,1,0.22275287450588027,1,0.0375,0.005052083333333333,0,1,0.27862067463643186,1
0,735,-0.075,0.003177083333333333,0,1,0.22094917782072535,1,-0.075,0.005729166666666666,0,1,0.29670428259055126,1
0,736,0.025,0.002994791666666667,0,1,0.21451684189413125,1,-0.025,0.004791666666666667,0,1,0.27134472674067345,1
0,737,0.00625,0.003033854166666667,0,1,0.21591133225693637,1,-0.1,0.006770833333333333,0,1,0.3225515613466048,1
0,738,-0.025,0.003776041666666666,0,1,0.24087763339691967,1,-0.05,0.007083333333333333,0,1,0.32991109901456817,1
0,739,-0.08125,0.002825520833333333,0,1,0.2083662345800139,1,-0.125,0.0060416666666666665,0,1,0.3046887835701232,1
0,740,-0.0625,0.003151041666666667,0,1,0.22004178516628506,1,-0.0625,0.0060937499999999985,0,1,0.30599927900963964,1
0,741,0.0125,0.0039322916666666655,0,1,0.24581079315976884,1,0.05,0.0067708333333333336,0,1,0.3225515613466048,1
0,742,0.025,0.0025,0,1,0.1959963984540054,1,0.0625,0.004843749999999999,0,1,0.2728154406388111,1
0,743,0.10625,0.003684895833333334,0,1,0.23795273145982052,1,0.1125,0.006927083333333334,0,1,0.3262520827367488,1
0,744,0.10625,0.002747395833333333,0,0,0.2054654030039765,1,0.075,0.0056250000000000015,0,1,0.29399459768100816,1
0,745,0.05625,0.0033463541666666676,0,1,0.22675874166795165,1,0.05,0.008749999999999997,0,1,0.36667568602825895,1
0,746,-0.01875,0.0029296875,0,1,0.2121723251392822,1,-0.0375,0.00671875,0,1,0.321308583461685,1
0,747,-0.0625,0.0029687499999999996,0,1,0.21358212353973524,1,-0.125,0.006145833333333334,0,1,0.30730418590607783,1
0,748,0.01875,0.002773437499999999,0,1,0.20643687604707506,1,0.05,0.005625,0,1,0.2939945976810081,1
0,749,-0.03125,0.0030598958333333324,0,1,0.21683601028762295,1,0.025,0.00625,0,1,0.3098975161522808,1
0,750,0.01875,0.003190104166666667,0,1,0.22140147957929052,1,0.125,0.006145833333333333,0,1,0.3073041859060778,1
0,751,0.00625,0.0027734374999999994,0,1,0.20643687604707509,1,-0.025,0.005312500000000001,0,1,0.28571139273705937,1
0,752,0.01875,0.0026953124999999994,0,1,0.20350854505550503,1,0.0125,0.006197916666666665,0,1,0.30860357515164205,1
0,753,-0.025,0.003671875000000001,0,1,0.23753194822790677,1,-0.0125,0.009322916666666667,0,1,0.3784896324274309,1
0,754,-0.0125,0.003125,0,1,0.21913063514414538,1,0.05,0.006666666666666666,0,1,0.3200607784236873,1
0,755,-0.00625,0.003216145833333333,0,1,0.22230332233322103,1,-0.05,0.006354166666666668,0,1,0.31246932386925447,1
0,756,0.05625,0.002643229166666666,0,1,0.20153268714933215,1,-0.0375,0.005468750000000001,0,1,0.2898825826135196,1
0,757,-0.05,0.00296875,0,1,0.21358212353973524,1,-0.15,0.005729166666666667,0,0,0.2967042825905513,1
0,758,0.0125,0.0032031249999999994,0,1,0.22185285921110748,1,-0.0375,0.005364583333333332,0,1,0.28710852279360866,1
0,759,0.0,0.0032552083333333343,0,1,0.22364926796464468,1,0.0,0.0069791666666666665,0,1,0.3274762974797479,1
0,760,0.075,0.0036458333333333325,0,1,0.23668813757443777,1,0.1125,0.007239583333333334,0,1,0.33352997618794933,1
0,761,-0.0125,0.0033072916666666663,0,1,0.22543136201979386,1,-0.025,0.006458333333333335,0,1,0.315020136183808,1
0,762,0.04375,0.0030598958333333333,0,1,0.21683601028762298,1,0.1125,0.007239583333333332,0,1,0.33352997618794933,1
0,763,0.0375,0.003072916666666667,0,1,0.2172968737411991,1,0.1,0.00625,0,1,0.3098975161522808,1
0,764,0.175,0.003411458333333335,0,0,0.22895394039862094,1,0.1,0.007604166666666667,0,1,0.3418250611976536,1
0,765,0.05625,0.0023046875000000007,0,1,0.18818461282281818,1,0.0875,0.00421875,0,1,0.25460679016713866,1
0,766,0.0625,0.00328125,0,1,0.22454208296355138,1,0.0625,0.006927083333333333,0,1,0.3262520827367488,1
0,767,-0.03125,0.003138020833333334,0,1,0.21958668274492663,1,-0.05,0.006145833333333334,0,1,0.30730418590607783,1
0,768,-0.05625,0.0029036458333333327,0,1,0.21122723213288647,1,-0.05,0.007916666666666666,0,1,0.3487781472349541,1
0,769,-0.025,0.002604166666666666,0,1,0.20003798651480456,1,0.0125,0.006197916666666667,0,1,0.30860357515164205,1
0,770,-0.05625,0.0029817708333333332,0,1,0.2140499929361999,1,-0.025,0.004479166666666667,0,1,0.2623473598191967,1
0,771,-0.0875,0.0038281250000000004,0,1,0.24253316926119362,1,-0.075,0.0065625,0,1,0.317550459050559,1
0,772,0.04375,0.0035286458333333333,0,1,0.23285315253664832,1,0.0125,0.006927083333333334,0,1,0.3262520827367488,1
0,773,-0.00625,0.003138020833333333,0,1,0.2195866827449266,1,0.025,0.005729166666666667,0,1,0.2967042825905513,1
0,774,-0.05,0.0024479166666666664,0,1,0.19394402358918747,1,-0.125,0.005416666666666666,0,1,0.28849888696788073,1
0,775,0.03125,0.0031901041666666657,0,1,0.22140147957929046,1,0.0625,0.008177083333333333,0,1,0.3544682152091172,1
0,776,0.15625,0.0027994791666666667,0,0,0.20740379879010035,1,0.1625,0.0066145833333333326,0,0,0.31880808955263157,1
0,777,-0.06875,0.0033203125000000003,0,1,0.22587468862699922,1,-0.0375,0.007135416666666665,0,1,0.3311217860153242,1
0,778,-0.0125,0.0030989583333333333,0,1,0.21821568068813843,1,0.0375,0.006302083333333334,0,1,0.31118607687094724,1
0,779,-0.0875,0.0031250000000000006,0,1,0.2191306351441454,1,-0.05,0.008125,0,1,0.35333753221609376,1
0,780,-0.0375,0.0028906249999999995,0,1,0.21075309633378064,1,-0.0875,0.0058854166666666655,0,1,0.300723033821002,1
0,781,0.0125,0.003203125,0,1,0.22185285921110748,1,0.0375,0.007552083333333332,0,1,0.34065241602225815,1
0,782,-0.13125,0.0032421875000000007,0,0,0.2232015212333396,1,-0.2125,0.0075520833333333325,0,0,0.3406524160222582,1
0,783,0.0125,0.003463541666666667,0,1,0.23069506007938964,1,-0.05,0.0071875,0,1,0.33232806245479196,1
0,784,0.00625,0.0033723958333333336,0,1,0.22763936145430078,1,0.1125,0.00546875,0,1,0.28988258261351957,1
0,785,0.01875,0.0031640624999999993,0,1,0.22049594826075605,1,-0.025,0.007916666666666666,0,1,0.3487781472349541,1
0,786,0.04375,0.0033203125,0,1,0.22587468862699922,1,0.075,0.0067708333333333336,0,1,0.3225515613466048,1
0,787,0.0125,0.003489583333333334,0,1,0.23156071062579286,1,0.1,0.0071875,0,1,0.33232806245479196,1
0,788,-0.025,0.003229166666666666,0,1,0.22275287450588027,1,-0.05,0.006874999999999999,0,1,0.32502325696646456,1
0,789,-0.09375,0.0032161458333333343,0,1,0.22230332233322106,1,-0.1625,0.005885416666666667,0,0,0.3007230338210021,1
0,790,-0.025,0.0037760416666666676,0,1,0.24087763339691973,1,0.0625,0.007760416666666667,0,1,0.34531910492429096,1
0,791,0.025,0.0033333333333333335,0,1,0.22631714681523435,1,0.1375,0.006302083333333334,0,1,0.31118607687094724,1
0,792,-0.03125,0.0026171874999999993,0,1,0.20053745792031374,1,0.0,0.003958333333333333,0,1,0.24662339303951614,1
0,793,0.0,0.002682291666666666,0,1,0.20301638340381312,1,-0.0125,0.005677083333333332,0,1,0.2953525476216444,1
0,794,-0.06875,0.0035546875000000006,0,1,0.23371080977726427,1,-0.125,0.006770833333333333,0,1,0.3225515613466048,1
0,795,-0.0625,0.0036197916666666674,0,1,0.23584130789148672,1,-0.05,0.007708333333333332,0,1,0.34415836515292714,1
0,796,-0.075,0.0023958333333333327,0,1,0.1918696963175409,1,0.0,0.005729166666666667,0,1,0.2967042825905513,1
0,797,0.00625,0.0032682291666666662,0,1,0.22409612009440483,1,0.0375,0.005364583333333332,0,1,0.28710852279360866,1
0,798,-0.01875,0.0025390625,0,1,0.1975216852593019,1,-0.05,0.006458333333333332,0,1,0.3150201361838079,1
0,799,-0.05625,0.0032421875,0,1,0.22320152123333958,1,-0.0125,0.0071354166666666675,0,1,0.33112178601532427,1
0,800,-0.0625,0.003333333333333333,0,1,0.22631714681523435,1,-0.1,0.0060416666666666665,0,1,0.3046887835701232,1
0,801,-0.1,0.0031510416666666674,0,1,0.22004178516628506,1,-0.025,0.005416666666666668,0,1,0.2884988869678808,1
0,802,-0.04375,0.0030859374999999993,0,1,0.21775676181910655,1,-0.075,0.006666666666666667,0,1,0.32006077842368735,1
0,803,0.00625,0.0033203125000000003,0,1,0.22587468862699922,1,0.0375,0.00578125,0,1,0.298049887147356,1
0,804,-0.0125,0.0030989583333333333,0,1,0.21821568068813843,1,0.025,0.005416666666666666,0,1,0.28849888696788073,1
0,805,0.0125,0.0037239583333333343,0,1,0.23921064012690346,1,0.025,0.008229166666666668,0,1,0.35559530299838743,1
0,806,-0.025,0.0027604166666666675,0,1,0.20595171233041734,1,-0.0375,0.005260416666666667,0,1,0.2843073970525076,1
0,807,-0.04375,0.003216145833333334,0,1,0.22230332233322106,1,-0.025,0.006041666666666665,0,1,0.30468878357012313,1
0,808,0.08125,0.002955729166666667,0,1,0.21311322698391635,1,0.1,0.005833333333333334,0,1,0.2993894439514018,1
0,809,0.03125,0.0032421874999999994,0,1,0.22320152123333956,1,0.025,0.006145833333333333,0,1,0.3073041859060778,1
0,810,0.04375,0.0025390624999999997,0,1,0.19752168525930186,1,0.05,0.006458333333333332,0,1,0.3150201361838079,1
0,811,-0.04375,0.0030598958333333337,0,1,0.21683601028762298,1,-0.0375,0.006302083333333334,0,1,0.31118607687094724,1
0,812,-0.00625,0.0034505208333333337,0,1,0.23026101442664737,1,-0.0375,0.007968749999999998,0,1,0.34992356295286153,1
0,813,-0.025,0.002890625,0,1,0.21075309633378064,1,0.0375,0.005677083333333333,0,1,0.2953525476216444,1
0,814,-0.05625,0.003190104166666667,0,1,0.22140147957929052,1,-0.0125,0.00609375,0,1,0.3059992790096397,1
0,815,0.0,0.0034375,0,1,0.22982614904432486,1,0.0875,0.00671875,0,1,0.321308583461685,1
0,816,-0.0875,0.0032812500000000007,0,1,0.2245420829635514,1,-0.1875,0.007135416666666667,0,0,0.3311217860153242,1
0,817,-0.03125,0.0032682291666666667,0,1,0.22409612009440483,1,0.0375,0.007760416666666666,0,1,0.34531910492429096,1
0,818,0.06875,0.0030859374999999993,0,1,0.21775676181910655,1,0.175,0.005729166666666667,0,0,0.2967042825905513,1
0,819,-0.00625,0.002669270833333333,0,1,0.20252302572823555,1,-0.075,0.005833333333333334,0,1,0.2993894439514018,1
0,820,-0.00625,0.0037369791666666675,0,1,0.23962847562459558,1,0.0625,0.00578125,0,1,0.298049887147356,1
0,821,0.0375,0.002708333333333334,0,1,0.2039995193397598,1,0.0375,0.005677083333333333,0,1,0.2953525476216444,1
0,822,0.08125,0.002643229166666667,0,1,0.20153268714933217,1,0.025,0.005625,0,1,0.2939945976810081,1
0,823,-0.06875,0.0026953125,0,1,0.20350854505550506,1,-0.0875,0.004427083333333332,0,1,0.2608176245638418,1
0,824,0.075,0.003463541666666667,0,1,0.23069506007938964,1,0.1625,0.006093750000000001,0,0,0.3059992790096397,1
0,825,0.0,0.0035156250000000005,0,1,0.23242313711421062,1,0.0875,0.006510416666666666,0,1,0.316287827970415,1
0,826,0.075,0.0033593750000000004,0,1,0.22719947821920128,1,0.0375,0.007135416666666667,0,1,0.3311217860153242,1
0,827,0.04375,0.0030078124999999996,0,1,0.2149826770613767,1,0.0125,0.00671875,0,1,0.321308583461685,1
0,828,-0.025,0.003255208333333334,0,1,0.22364926796464465,1,0.0125,0.005260416666666667,0,1,0.2843073970525076,1
0,829,-0.10625,0.003216145833333334,0,1,0.22230332233322106,1,-0.125,0.005625,0,1,0.2939945976810081,1
0,830,0.05625,0.0038671875,0,1,0.2437674427248484,1,0.0875,0.0068229166666666655,0,1,0.3237897676704909,1
0,831,-0.06875,0.003294270833333333,0,1,0.2249871618600823,1,-0.1375,0.006302083333333332,0,1,0.31118607687094724,1
0,832,-0.04375,0.0026171874999999993,0,1,0.20053745792031374,1,0.0,0.004479166666666666,0,1,0.2623473598191967,1
0,833,0.05,0.002682291666666666,0,1,0.20301638340381312,1,0.0375,0.00546875,0,1,0.28988258261351957,1
0,834,0.0,0.0034114583333333336,0,1,0.2289539403986209,1,0.1125,0.00796875,0,1,0.34992356295286153,1
0,835,0.01875,0.002903645833333333,0,1,0.21122723213288647,1,-0.125,0.004999999999999999,0,1,0.27718076486993554,1
0,836,0.025,0.003072916666666667,0,1,0.2172968737411991,1,0.025,0.006874999999999999,0,1,0.32502325696646456,1
0,837,0.0,0.0025520833333333333,0,1,0.19802750346333006,1,0.075,0.005416666666666668,0,1,0.2884988869678808,1
0,838,-0.04375,0.0032161458333333343,0,1,0.22230332233322106,1,-0.1,0.006354166666666666,0,1,0.3124693238692544,1
0,839,-0.0125,0.0032812499999999994,0,1,0.22454208296355135,1,0.025,0.0069791666666666665,0,1,0.3274762974797479,1
0,840,-0.04375,0.0030859375,0,1,0.21775676181910658,1,-0.0875,0.007135416666666665,0,1,0.3311217860153242,1
0,841,-0.01875,0.0025130208333333333,0,1,0.19650614287392068,1,0.0125,0.00671875,0,1,0.321308583461685,1
0,842,0.09375,0.0026171875,0,1,0.2005374579203138,1,0.1,0.004166666666666667,0,1,0.25303026237633197,1
0,843,-0.0125,0.0038281250000000004,0,1,0.24253316926119362,1,-0.0125,0.008072916666666667,0,1,0.3522032193941179,1
0,844,0.13125,0.0031640624999999993,0,0,0.22049594826075605,1,0.075,0.007916666666666666,0,1,0.3487781472349541,1
0,845,0.06875,0.002825520833333333,0,1,0.2083662345800139,1,0.0875,0.006927083333333334,0,1,0.3262520827367488,1
0,846,-0.0125,0.0028385416666666663,0,1,0.2088457892639875,1,-0.025,0.006458333333333333,0,1,0.3150201361838079,1
0,847,0.0125,0.002942708333333333,0,1,0.21264329647382202,1,0.0625,0.0056770833333333335,0,1,0.2953525476216445,1
0,848,-0.0375,0.002942708333333333,0,1,0.21264329647382202,1,0.0,0.004687499999999999,0,1,0.26837912155757354,1
0,849,-0.03125,0.003294270833333333,0,1,0.2249871618600823,1,-0.025,0.007812499999999999,0,1,0.34647595608741943,1
0,850,-0.025,0.0030729166666666665,0,1,0.2172968737411991,1,0.0,0.007604166666666665,0,1,0.3418250611976536,1
0,851,0.09375,0.0031380208333333342,0,1,0.21958668274492663,1,0.0625,0.00640625,0,1,0.31374732234759706,1
0,852,0.03125,0.0029817708333333332,0,1,0.2140499929361999,1,0.1,0.006145833333333333,0,1,0.3073041859060778,1
0,853,0.00625,0.0033203125000000003,0,1,0.22587468862699922,1,-0.0125,0.007031250000000001,0,1,0.3286959527162181,1
0,854,-0.1375,0.002890625,0,0,0.21075309633378064,1,-0.1875,0.005989583333333334,0,0,0.3033726271641254,1
0,855,0.0125,0.003515625,0,1,0.2324231371142106,1,0.025,0.006875,0,1,0.32502325696646456,1
0,856,0.0125,0.0030729166666666665,0,1,0.2172968737411991,1,0.025,0.005833333333333334,0,1,0.2993894439514018,1
0,857,-0.025,0.0027864583333333326,0,1,0.20692090221222195,1,-0.05,0.00625,0,1,0.3098975161522808,1
0,858,-0.025,0.0029166666666666664,0,1,0.21170030603370604,1,0.0125,0.00515625,0,1,0.2814783973537158,1
0,859,-0.01875,0.0030338541666666673,0,1,0.21591133225693637,1,-0.025,0.005729166666666667,0,1,0.2967042825905513,1
0,860,-0.025,0.0027864583333333326,0,1,0.20692090221222195,1,-0.025,0.0055208333333333325,0,1,0.2912597047716383,1
0,861,0.0125,0.0031510416666666657,0,1,0.220041785166285,1,0.0125,0.005989583333333334,0,1,0.3033726271641254,1
0,862,-0.04375,0.0032682291666666667,0,1,0.22409612009440483,1,-0.075,0.0060416666666666665,0,1,0.3046887835701232,1
0,863,0.0875,0.003645833333333334,0,1,0.23668813757443782,1,0.1125,0.0047395833333333335,0,1,0.2698659978748579,1
0,864,-0.01875,0.002721354166666667,0,1,0.20448931480910565,1,-0.0125,0.005260416666666667,0,1,0.2843073970525076,1
0,865,0.05625,0.0022526041666666666,0,1,0.1860460818783777,1,0.0625,0.004635416666666667,0,1,0.26688396161447564,1
0,866,0.03125,0.0035286458333333337,0,1,0.23285315253664834,1,-0.0125,0.007968750000000002,0,1,0.3499235629528616,1
0,867,-0.00625,0.003190104166666667,0,1,0.22140147957929052,1,-0.0625,0.005781249999999999,0,1,0.298049887147356,1
0,868,-0.1125,0.003125,0,0,0.21913063514414538,1,-0.0375,0.00703125,0,1,0.3286959527162181,1
0,869,-0.025,0.003255208333333333,0,1,0.22364926796464463,1,-0.0625,0.006302083333333332,0,1,0.31118607687094724,1
0,870,0.0,0.003411458333333334,0,1,0.2289539403986209,1,0.075,0.005937499999999999,0,1,0.3020507357903395,1
0,871,0.05,0.0036979166666666658,0,1,0.23837277191288841,1,0.1,0.006666666666666667,0,1,0.32006077842368735,1
0,872,0.04375,0.0033203125,0,1,0.22587468862699922,1,0.075,0.0071875,0,1,0.33232806245479196,1
0,873,0.04375,0.0028515624999999995,0,1,0.20932424530747115,1,0.0125,0.00546875,0,1,0.28988258261351957,1
0,874,-0.0125,0.002916666666666667,0,1,0.21170030603370604,1,0.1,0.006770833333333333,0,1,0.3225515613466048,1
0,875,0.0,0.0032812499999999994,0,1,0.22454208296355135,1,0.0,0.005208333333333332,0,1,0.2828964335190429,1
0,876,0.1125,0.0033593749999999995,0,1,0.22719947821920125,1,0.0625,0.005572916666666667,0,1,0.2926303462470013,1
0,877,-0.0125,0.003802083333333335,0,1,0.24170681875236752,1,-0.0375,0.006510416666666668,0,1,0.31628782797041505,1
0,878,0.0125,0.0032291666666666666,0,1,0.22275287450588027,1,0.0,0.006458333333333333,0,1,0.3150201361838079,1
0,879,0.025,0.0030989583333333333,0,1,0.21821568068813843,1,0.1,0.005833333333333333,0,1,0.2993894439514018,1
0,880,-0.0875,0.0030468750000000005,0,1,0.2163741652259106,1,0.0,0.006354166666666668,0,1,0.31246932386925447,1
0,881,0.06875,0.0032682291666666662,0,1,0.22409612009440483,1,-0.0375,0.00671875,0,1,0.321308583461685,1
0,882,-0.04375,0.0035546875000000006,0,1,0.23371080977726427,1,-0.0375,0.008177083333333333,0,1,0.3544682152091172,1
0,883,-0.03125,0.0023046875,0,1,0.18818461282281815,1,-0.0875,0.006302083333333334,0,1,0.31118607687094724,1
0,884,0.01875,0.003111979166666667,0,1,0.21867363645037802,1,-0.0625,0.007343749999999999,0,1,0.33592090268080954,1
0,885,0.03125,0.0035546875000000006,0,1,0.23371080977726427,1,0.1625,0.005677083333333333,0,0,0.2953525476216444,1
0,886,0.01875,0.0029557291666666664,0,1,0.21311322698391633,1,0.0125,0.006927083333333333,0,1,0.3262520827367488,1
0,887,-0.05,0.0025781249999999993,0,1,0.19903528352633398,1,-0.0125,0.0038020833333333335,0,1,0.24170681875236746,1
0,888,0.05,0.003385416666666667,0,1,0.22807839631049298,1,0.075,0.0051041666666666674,0,1,0.28005318112072647,1
0,889,-0.00625,0.003502604166666667,0,1,0.2319923246268433,1,-0.0125,0.00734375,0,1,0.3359209026808096,1
0,890,-0.05625,0.0032421875000000007,0,1,0.2232015212333396,1,-0.0625,0.005364583333333332,0,1,0.28710852279360866,1
0,891,0.00625,0.0037109375000000007,0,1,0.23879207350680304,1,0.0,0.006979166666666667,0,1,0.32747629747974794,1
0,892,0.1,0.002786458333333333,0,1,0.20692090221222198,1,0.1375,0.005885416666666667,0,1,0.3007230338210021,1
0,893,0.075,0.0030729166666666665,0,1,0.2172968737411991,1,0.125,0.005208333333333334,0,1,0.282896433519043,1
0,894,0.025,0.0033854166666666663,0,1,0.22807839631049295,1,0.0375,0.006718749999999999,0,1,0.321308583461685,1
0,895,0.05,0.002630208333333334,0,1,0.2010356883973244,1,0.05,0.0059375,0,1,0.3020507357903395,1
0,896,0.0,0.0025781250000000006,0,1,0.19903528352633404,1,0.0125,0.004322916666666666,0,1,0.25773091673520515,1
0,897,-0.01875,0.0037630208333333335,0,1,0.24046196849118648,1,0.025,0.008020833333333333,0,1,0.35106524155860713,1
0,898,-0.0375,0.0033072916666666663,0,1,0.22543136201979386,1,-0.0625,0.005989583333333333,0,1,0.3033726271641254,1
0,899,0.0,0.0035937500000000006,0,1,0.2349914265403699,1,-0.0125,0.006927083333333334,0,1,0.3262520827367488,1
0,900,-0.0625,0.003151041666666667,0,1,0.22004178516628506,1,-0.25,0.006145833333333333,0,0,0.3073041859060778,1
0,901,0.03125,0.003111979166666666,0,1,0.21867363645037796,1,0.0125,0.005260416666666667,0,1,0.2843073970525076,1
0,902,-0.025,0.0027864583333333326,0,1,0.20692090221222195,1,-0.05,0.004791666666666667,0,1,0.27134472674067345,1
0,903,0.0125,0.0027604166666666662,0,1,0.20595171233041729,1,0.0125,0.005885416666666666,0,1,0.300723033821002,1
0,904,0.025,0.0035416666666666674,0,1,0.23328237530190768,1,0.0625,0.00671875,0,1,0.321308583461685,1
0,905,-0.08125,0.0033984375000000004,0,1,0.2285165876775924,1,-0.05,0.005416666666666666,0,1,0.28849888696788073,1
0,906,-0.0125,0.003046875,0,1,0.21637416522591058,1,-0.025,0.006145833333333333,0,1,0.3073041859060778,1
0,907,-0.075,0.0028906249999999995,0,1,0.21075309633378064,1,-0.0125,0.005885416666666666,0,1,0.300723033821002,1
0,908,-0.03125,0.002721354166666666,0,1,0.20448931480910562,1,-0.125,0.005520833333333333,0,1,0.2912597047716384,1
0,909,-0.05625,0.003424479166666667,0,1,0.22939045927043203,1,-0.0875,0.00640625,0,1,0.31374732234759706,1
0,910,-0.0625,0.003151041666666667,0,1,0.22004178516628506,1,-0.0375,0.005052083333333334,0,1,0.2786206746364319,1
0,911,0.0125,0.003411458333333333,0,1,0.22895394039862088,1,-0.1125,0.00515625,0,1,0.2814783973537158,1
0,912,-0.025,0.0030989583333333325,0,1,0.2182156806881384,1,0.025,0.00625,0,1,0.3098975161522808,1
0,913,-0.00625,0.003138020833333334,0,1,0.21958668274492663,1,-0.0125,0.00546875,0,1,0.28988258261351957,1
0,914,0.01875,0.0033984375000000004,0,1,0.2285165876775924,1,-0.05,0.004791666666666666,0,1,0.27134472674067345,1
0,915,-0.00625,0.0030598958333333324,0,1,0.21683601028762295,1,0.025,0.0051041666666666674,0,1,0.28005318112072647,1
0,916,0.025,0.00328125,0,1,0.22454208296355138,1,0.025,0.006666666666666666,0,1,0.3200607784236873,1
0,917,-0.03125,0.0028255208333333327,0,1,0.2083662345800139,1,0.0125,0.005677083333333333,0,1,0.2953525476216444,1
0,918,-0.0125,0.0030468750000000005,0,1,0.2163741652259106,1,-0.025,0.006249999999999999,0,1,0.3098975161522807,1
0,919,-0.00625,0.0031640625,0,1,0.22049594826075608,1,-0.0375,0.005364583333333334,0,1,0.28710852279360866,1
0,920,-0.0375,0.0032031250000000007,0,1,0.2218528592111075,1,-0.0375,0.00609375,0,1,0.3059992790096397,1
0,921,-0.08125,0.0028255208333333327,0,1,0.2083662345800139,1,-0.175,0.003958333333333333,0,0,0.24662339303951614,1
0,922,0.0875,0.003072916666666667,0,1,0.2172968737411991,1,0.0375,0.005260416666666667,0,1,0.2843073970525076,1
0,923,0.0625,0.0034375,0,1,0.22982614904432486,1,0.025,0.006250000000000001,0,1,0.3098975161522808,1
0,924,-0.01875,0.003554687500000001,0,1,0.23371080977726427,1,-0.025,0.0090625,0,1,0.3731660250480502,1
0,925,-0.1,0.0033854166666666668,0,1,0.22807839631049295,1,-0.0875,0.0061979166666666675,0,1,0.3086035751516421,1
0,926,-0.00625,0.0030338541666666673,0,1,0.21591133225693637,1,0.025,0.005833333333333334,0,1,0.2993894439514018,1
0,927,-0.1125,0.0024739583333333332,0,0,0.1949729115709469,1,-0.125,0.005104166666666665,0,1,0.28005318112072636,1
0,928,-0.1125,0.0024739583333333332,0,0,0.1949729115709469,1,-0.0875,0.005781249999999999,0,1,0.298049887147356,1
0,929,0.01875,0.003450520833333334,0,1,0.2302610144266474,1,0.125,0.007604166666666666,0,1,0.3418250611976536,1
0,930,-0.0375,0.0033333333333333327,0,1,0.22631714681523432,1,-0.075,0.006458333333333333,0,1,0.3150201361838079,1
0,931,0.01875,0.003294270833333333,0,1,0.2249871618600823,1,0.025,0.006458333333333332,0,1,0.3150201361838079,1
0,932,0.025,0.002578125,0,1,0.199035283526334,1,0.05,0.004375,0,1,0.2592788640868114,1
0,933,0.075,0.003151041666666666,0,1,0.22004178516628503,1,0.1125,0.006406249999999999,0,1,0.313747322347597,1
0,934,-0.0625,0.003515625,0,1,0.2324231371142106,1,-0.075,0.006666666666666666,0,1,0.3200607784236873,1
0,935,0.03125,0.0032942708333333335,0,1,0.22498716186008233,1,-0.0625,0.006927083333333333,0,1,0.3262520827367488,1
0,936,0.025,0.0030989583333333338,0,1,0.21821568068813846,1,-0.075,0.006666666666666666,0,1,0.3200607784236873,1
0,937,0.15625,0.0030598958333333333,0,0,0.21683601028762298,1,0.15,0.005833333333333333,0,0,0.2993894439514018,1
0,938,0.01875,0.003502604166666667,0,1,0.2319923246268433,1,-0.0375,0.006093750000000001,0,1,0.3059992790096397,1
0,939,0.09375,0.0035546875000000006,0,1,0.23371080977726427,1,0.0875,0.007552083333333332,0,1,0.34065241602225815,1
0,940,-0.06875,0.0029296875000000004,0,1,0.21217232513928222,1,-0.1875,0.005885416666666666,0,0,0.300723033821002,1
0,941,-0.03125,0.0031640625000000006,0,1,0.2204959482607561,1,-0.075,0.005729166666666667,0,1,0.2967042825905513,1
0,942,-0.04375,0.0032682291666666662,0,1,0.22409612009440483,1,-0.0375,0.006302083333333334,0,1,0.31118607687094724,1
0,943,-0.03125,0.0034765625000000005,0,1,0.2311282906207669,1,-0.075,0.007395833333333334,0,1,0.33711000693967524,1
0,944,-0.03125,0.003111979166666666,0,1,0.21867363645037796,1,-0.0875,0.006927083333333335,0,1,0.3262520827367489,1
0,945,0.05625,0.0037890625,0,1,0.24129258225470865,1,-0.05,0.005416666666666666,0,1,0.28849888696788073,1
0,946,-0.01875,0.002773437499999999,0,1,0.20643687604707506,1,0.0375,0.00484375,0,1,0.27281544063881114,1
0,947,-0.0375,0.0032291666666666658,0,1,0.22275287450588024,1,0.0125,0.00640625,0,1,0.31374732234759706,1
0,948,-0.075,0.003151041666666666,0,1,0.22004178516628503,1,-0.0375,0.00578125,0,1,0.298049887147356,1
0,949,-0.025,0.0035416666666666665,0,1,0.23328237530190765,1,0.0,0.0060416666666666665,0,1,0.3046887835701232,1
0,950,0.04375,0.0033203125000000003,0,1,0.22587468862699922,1,-0.0125,0.007031249999999999,0,1,0.3286959527162181,1
0,951,0.01875,0.0030598958333333333,0,1,0.21683601028762298,1,0.025,0.006354166666666668,0,1,0.31246932386925447,1
0,952,0.0,0.003125,0,1,0.21913063514414538,1,-0.05,0.006354166666666668,0,1,0.31246932386925447,1
0,953,0.00625,0.0032421875000000007,0,1,0.2232015212333396,1,0.025,0.0065625,0,1,0.317550459050559,1
0,954,-0.025,0.0032031249999999994,0,1,0.22185285921110748,1,0.025,0.006458333333333333,0,1,0.3150201361838079,1
0,955,-0.01875,0.0037369791666666667,0,1,0.23962847562459555,1,-0.025,0.0065625,0,1,0.317550459050559,1
0,956,0.0125,0.0030989583333333333,0,1,0.21821568068813843,1,0.0625,0.006718749999999999,0,1,0.321308583461685,1
0,957,-0.025,0.0029687500000000005,0,1,0.21358212353973527,1,-0.05,0.0065625000000000015,0,1,0.31755045905055906,1
0,958,-0.04375,0.0030338541666666673,0,1,0.21591133225693637,1,-0.05,0.005833333333333334,0,1,0.2993894439514018,1
0,959,0.05625,0.0030598958333333337,0,1,0.21683601028762298,1,0.0375,0.005572916666666667,0,1,0.2926303462470013,1
0,960,0.0125,0.0033333333333333335,0,1,0.22631714681523435,1,0.1,0.004583333333333333,0,1,0.26538037803511205,1
0,961,-0.05625,0.0027994791666666663,0,1,0.20740379879010032,1,-0.0625,0.005572916666666667,0,1,0.2926303462470013,1
0,962,-0.04375,0.0023307291666666667,0,1,0.18924481621371544,1,-0.05,0.0053125,0,1,0.28571139273705937,1
0,963,-0.05,0.0028645833333333327,0,1,0.20980161022686847,1,-0.15,0.006354166666666668,0,1,0.31246932386925447,1
0,964,0.0625,0.0033072916666666663,0,1,0.22543136201979386,1,0.0375,0.00515625,0,1,0.2814783973537158,1
0,965,-0.0875,0.003229166666666666,0,1,0.22275287450588027,1,-0.1125,0.0066145833333333326,0,1,0.31880808955263157,1
0,966,0.01875,0.0027994791666666667,0,1,0.20740379879010035,1,0.125,0.0060416666666666665,0,1,0.3046887835701232,1
0,967,-0.06875,0.0033723958333333344,0,1,0.2276393614543008,1,-0.125,0.006666666666666666,0,1,0.3200607784236873,1
0,968,0.025,0.003255208333333334,0,1,0.22364926796464465,1,0.05,0.005833333333333333,0,1,0.2993894439514018,1
0,969,-0.0375,0.002604166666666667,0,1,0.2000379865148046,1,0.025,0.005,0,1,0.27718076486993554,1
0,970,0.025,0.0027864583333333326,0,1,0.20692090221222195,1,0.075,0.005104166666666667,0,1,0.2800531811207264,1
0,971,0.03125,0.0036067708333333342,0,1,0.23541675073733082,1,0.1125,0.006510416666666668,0,1,0.31628782797041505,1
0,972,-0.025,0.003619791666666667,0,1,0.2358413078914867,1,-0.125,0.0060416666666666665,0,1,0.3046887835701232,1
0,973,0.01875,0.003138020833333333,0,1,0.2195866827449266,1,0.0875,0.006510416666666666,0,1,0.316287827970415,1
0,974,0.0,0.0034895833333333333,0,1,0.23156071062579284,1,0.075,0.007291666666666666,0,1,0.33472757421059884,1
0,975,-0.075,0.002604166666666666,0,1,0.20003798651480456,1,-0.0125,0.0060937499999999985,0,1,0.30599927900963964,1
0,976,-0.075,0.003177083333333333,0,1,0.22094917782072535,1,-0.0875,0.005885416666666667,0,1,0.3007230338210021,1
0,977,0.05625,0.0036328125000000006,0,1,0.23626510213785598,1,0.075,0.0065625,0,1,0.317550459050559,1
0,978,-0.05,0.0034895833333333337,0,1,0.23156071062579284,1,-0.1375,0.006927083333333333,0,1,0.3262520827367488,1
0,979,-0.075,0.0032812499999999994,0,1,0.22454208296355135,1,-0.1,0.0067708333333333336,0,1,0.3225515613466048,1
0,980,-0.05,0.0028645833333333336,0,1,0.2098016102268685,1,-0.1,0.004583333333333333,0,1,0.26538037803511205,1
0,981,0.04375,0.0031640625,0,1,0.22049594826075608,1,0.0,0.005208333333333334,0,1,0.282896433519043,1
0,982,-0.1125,0.00296875,0,0,0.21358212353973524,1,-0.0625,0.006510416666666668,0,1,0.31628782797041505,1
0,983,0.025,0.0034375,0,1,0.22982614904432486,1,0.0125,0.007343749999999999,0,1,0.33592090268080954,1
0,984,0.05625,0.0030338541666666665,0,1,0.21591133225693634,1,0.1,0.004895833333333334,0,1,0.2742782685010364,1
0,985,0.01875,0.0031901041666666675,0,1,0.22140147957929052,1,0.0,0.006145833333333333,0,1,0.3073041859060778,1
0,986,-0.1,0.0028906249999999995,0,1,0.21075309633378064,1,-0.1375,0.006302083333333334,0,1,0.31118607687094724,1
0,987,-0.0375,0.003125,0,1,0.21913063514414538,1,-0.0375,0.006927083333333334,0,1,0.3262520827367488,1
0,988,0.0125,0.0028125,0,1,0.20788557365245167,1,0.0125,0.004843750000000001,0,1,0.27281544063881114,1
0,989,-0.05,0.003567708333333334,0,1,0.23413846029003668,1,-0.0875,0.00703125,0,1,0.3286959527162181,1
0,990,-0.04375,0.0031640625000000006,0,1,0.2204959482607561,1,0.0125,0.007135416666666667,0,1,0.3311217860153242,1
0,991,-0.00625,0.0030078124999999996,0,1,0.2149826770613767,1,-0.05,0.004895833333333334,0,1,0.2742782685010364,1
0,992,0.03125,0.0031901041666666657,0,1,0.22140147957929046,1,-0.0125,0.0047395833333333335,0,1,0.2698659978748579,1
0,993,0.03125,0.0029296875,0,1,0.2121723251392822,1,0.0625,0.004635416666666666,0,1,0.2668839616144756,1
0,994,0.06875,0.0032942708333333335,0,1,0.22498716186008233,1,0.0875,0.0066145833333333326,0,1,0.31880808955263157,1
0,995,-0.0125,0.0032291666666666658,0,1,0.22275287450588024,1,-0.05,0.0075,0,1,0.3394757202228515,1
0,996,0.0375,0.0029947916666666664,0,1,0.21451684189413125,1,0.0375,0.006406249999999999,0,1,0.313747322347597,1
0,997,-0.0625,0.0024739583333333332,0,1,0.1949729115709469,1,-0.0125,0.004114583333333333,0,1,0.25144385010824477,1
0,998,-0.01875,0.0023828124999999995,0,1,0.19134760093803338,1,-0.05,0.006145833333333333,0,1,0.3073041859060778,1
0,999,0.0,0.002864583333333333,0,1,0.20980161022686847,1,0.025,0.005833333333333333,0,1,0.2993894439514018,1
0,1000,-0.08125,0.003294270833333333,0,1,0.2249871618600823,1,-0.1375,0.006302083333333334,0,1,0.31118607687094724,1
0,1001,0.0,0.0033854166666666663,0,1,0.22807839631049295,1,-0.05,0.006250000000000001,0,1,0.3098975161522808,1
0,1002,-0.05625,0.0032421875,0,1,0.22320152123333958,1,-0.1125,0.007135416666666667,0,1,0.3311217860153242,1
0,1003,0.0375,0.00296875,0,1,0.21358212353973524,1,0.0625,0.005364583333333332,0,1,0.28710852279360866,1
0,1004,0.0,0.0030208333333333333,0,1,0.2154475050139144,1,0.0125,0.00640625,0,1,0.31374732234759706,1
0,1005,-0.10625,0.002799479166666666,0,0,0.20740379879010032,1,-0.175,0.005208333333333334,0,0,0.282896433519043,1
0,1006,-0.01875,0.003528645833333332,0,1,0.23285315253664832,1,-0.0625,0.007031249999999999,0,1,0.3286959527162181,1
0,1007,-0.075,0.0026302083333333334,0,1,0.2010356883973244,1,-0.0875,0.00515625,0,1,0.2814783973537158,1
0,1008,0.01875,0.0024869791666666664,0,1,0.19548532483717737,1,0.0375,0.00546875,0,1,0.28988258261351957,1
0,1009,0.1,0.0032291666666666666,0,1,0.22275287450588027,1,-0.025,0.008020833333333333,0,1,0.35106524155860713,1
0,1010,-0.0375,0.0028125,0,1,0.20788557365245167,1,-0.025,0.006354166666666666,0,1,0.3124693238692544,1
0,1011,0.01875,0.0026953125,0,1,0.20350854505550506,1,0.0,0.004479166666666666,0,1,0.2623473598191967,1
0,1012,-0.025,0.003151041666666667,0,1,0.22004178516628506,1,0.025,0.004895833333333334,0,1,0.2742782685010364,1
0,1013,0.04375,0.003138020833333333,0,1,0.2195866827449266,1,0.0375,0.005781250000000001,0,1,0.29804988714735603,1
0,1014,0.05,0.0033072916666666676,0,1,0.2254313620197939,1,-0.0125,0.007968749999999998,0,1,0.34992356295286153,1
0,1015,-0.0625,0.0031249999999999993,0,1,0.21913063514414535,1,-0.0375,0.005989583333333333,0,1,0.3033726271641254,1
0,1016,0.0375,0.002682291666666667,0,1,0.20301638340381314,1,-0.0125,0.005781249999999999,0,1,0.298049887147356,1
0,1017,-0.04375,0.002721354166666667,0,1,0.20448931480910565,1,-0.025,0.0055208333333333325,0,1,0.2912597047716383,1
0,1018,0.125,0.0029947916666666664,0,0,0.21451684189413125,1,0.15,0.0065625,0,1,0.317550459050559,1
0,1019,-0.05,0.002786458333333333,0,1,0.20692090221222198,1,-0.0375,0.006406249999999999,0,1,0.313747322347597,1
0,1020,-0.0625,0.0036979166666666675,0,1,0.23837277191288847,1,-0.05,0.005729166666666666,0,1,0.29670428259055126,1
0,1021,0.0,0.003072916666666667,0,1,0.2172968737411991,1,0.025,0.007708333333333333,0,1,0.34415836515292714,1
0,1022,-0.03125,0.0033984375,0,1,0.22851658767759236,1,-0.0375,0.006822916666666666,0,1,0.32378976767049095,1
0,1023,0.09375,0.002721354166666667,0,1,0.20448931480910565,1,0.05,0.006354166666666668,0,1,0.31246932386925447,1
0,1024,0.075,0.003411458333333334,0,1,0.2289539403986209,1,0.0875,0.006510416666666666,0,1,0.316287827970415,1
0,1025,-0.0375,0.0027343749999999994,0,1,0.20497793991388924,1,-0.1125,0.00640625,0,1,0.31374732234759706,1
0,1026,-0.025,0.0033854166666666663,0,1,0.22807839631049295,1,0.0,0.009166666666666667,0,1,0.37530452980495443,1
0,1027,-0.04375,0.0033984375,0,1,0.22851658767759236,1,0.025,0.006145833333333334,0,1,0.30730418590607783,1
0,1028,-0.11875,0.0029296875,0,0,0.2121723251392822,1,-0.125,0.005833333333333334,0,1,0.2993894439514018,1
0,1029,0.04375,0.0030078124999999996,0,1,0.2149826770613767,1,0.0,0.004375,0,1,0.2592788640868114,1
0,1030,0.03125,0.003372395833333333,0,1,0.22763936145430075,1,0.05,0.005520833333333333,0,1,0.2912597047716384,1
0,1031,-0.05625,0.0031901041666666675,0,1,0.22140147957929052,1,-0.0375,0.00609375,0,1,0.3059992790096397,1
0,1032,-0.0375,0.0032031250000000007,0,1,0.2218528592111075,1,-0.0875,0.006093750000000001,0,1,0.3059992790096397,1
0,1033,0.03125,0.003684895833333334,0,1,0.23795273145982052,1,0.0375,0.007239583333333332,0,1,0.33352997618794933,1
0,1034,-0.15,0.0027604166666666662,0,0,0.20595171233041729,1,-0.175,0.006145833333333333,0,0,0.3073041859060778,1
0,1035,0.05,0.002708333333333334,0,1,0.2039995193397598,1,-0.025,0.005104166666666665,0,1,0.28005318112072636,1
0,1036,-0.03125,0.003502604166666667,0,1,0.2319923246268433,1,-0.025,0.006562499999999999,0,1,0.317550459050559,1
0,1037,-0.00625,0.0027734375,0,1,0.20643687604707509,1,-0.025,0.005208333333333332,0,1,0.2828964335190429,1
0,1038,-0.025,0.0028906249999999995,0,1,0.21075309633378064,1,-0.0625,0.00609375,0,1,0.3059992790096397,1
0,1039,0.00625,0.0026953125,0,1,0.20350854505550506,1,0.0,0.004895833333333333,0,1,0.27427826850103637,1
0,1040,0.01875,0.003138020833333333,0,1,0.2195866827449266,1,0.125,0.005,0,1,0.27718076486993554,1
0,1041,0.05,0.002682291666666666,0,1,0.20301638340381312,1,0.0875,0.004427083333333333,0,1,0.26081762456384183,1
0,1042,0.0875,0.003697916666666666,0,1,0.23837277191288841,1,-0.0375,0.006927083333333333,0,1,0.3262520827367488,1
0,1043,0.0125,0.0029427083333333336,0,1,0.21264329647382205,1,0.025,0.005416666666666666,0,1,0.28849888696788073,1
0,1044,0.09375,0.003736979166666668,0,1,0.2396284756245956,1,0.025,0.007916666666666666,0,1,0.3487781472349541,1
0,1045,-0.06875,0.003580729166666667,0,1,0.23456533112809652,1,-0.075,0.008854166666666665,0,1,0.36885182196411914,1
0,1046,0.01875,0.0026171875,0,1,0.2005374579203138,1,0.0,0.004895833333333333,0,1,0.27427826850103637,1
0,1047,-0.00625,0.0037369791666666667,0,1,0.23962847562459555,1,-0.0125,0.008177083333333333,0,1,0.3544682152091172,1
0,1048,0.04375,0.0037630208333333344,0,1,0.2404619684911865,1,0.0875,0.007343749999999999,0,1,0.33592090268080954,1
0,1049,-0.03125,0.0027994791666666667,0,1,0.20740379879010035,1,-0.0375,0.006822916666666667,0,1,0.32378976767049095,1
0,1050,0.03125,0.003138020833333333,0,1,0.2195866827449266,1,-0.075,0.0078125,0,1,0.3464759560874195,1
0,1051,-0.025,0.0031250000000000006,0,1,0.2191306351441454,1,0.0125,0.004635416666666666,0,1,0.2668839616144756,1
0,1052,0.10625,0.0029557291666666664,0,1,0.21311322698391633,1,0.05,0.006249999999999999,0,1,0.3098975161522807,1
0,1053,-0.05,0.0027083333333333326,0,1,0.20399951933975974,1,-0.125,0.0046875,0,1,0.26837912155757354,1
0,1054,0.00625,0.002825520833333333,0,1,0.2083662345800139,1,-0.025,0.0046875,0,1,0.26837912155757354,1
0,1055,-0.0625,0.0037239583333333343,0,1,0.23921064012690346,1,-0.1375,0.008281249999999999,0,1,0.35671882966209234,1
0,1056,0.0625,0.0033072916666666663,0,1,0.22543136201979386,1,0.0125,0.008072916666666666,0,1,0.35220321939411786,1
0,1057,0.08125,0.002721354166666666,0,1,0.20448931480910562,1,0.2,0.0046875,0,0,0.26837912155757354,1
0,1058,-0.04375,0.0033463541666666667,0,1,0.22675874166795162,1,0.025,0.005937499999999999,0,1,0.3020507357903395,1
0,1059,-0.01875,0.0030338541666666673,0,1,0.21591133225693637,1,0.0125,0.005468749999999999,0,1,0.28988258261351957,1
0,1060,-0.1625,0.0027604166666666667,0,0,0.20595171233041729,1,-0.225,0.005624999999999999,0,0,0.2939945976810081,1
0,1061,0.0125,0.00296875,0,1,0.21358212353973524,1,0.05,0.006875000000000001,0,1,0.32502325696646456,1
0,1062,0.04375,0.003111979166666667,0,1,0.21867363645037802,1,0.075,0.007291666666666666,0,1,0.33472757421059884,1
0,1063,-0.00625,0.0035546875000000006,0,1,0.23371080977726427,1,-0.1,0.008541666666666664,0,1,0.3622842020298188,1
0,1064,-0.05625,0.0034505208333333337,0,1,0.23026101442664737,1,0.0125,0.00609375,0,1,0.3059992790096397,1
0,1065,-0.04375,0.0035026041666666673,0,1,0.23199232462684333,1,0.025,0.006249999999999999,0,1,0.3098975161522807,1
0,1066,0.10625,0.0027994791666666663,0,0,0.20740379879010032,1,0.1625,0.005364583333333332,0,0,0.28710852279360866,1
0,1067,-0.0375,0.002734375,0,1,0.20497793991388927,1,-0.0875,0.00421875,0,1,0.25460679016713866,1
0,1068,-0.0125,0.002994791666666667,0,1,0.21451684189413125,1,-0.0125,0.005260416666666668,0,1,0.2843073970525076,1
0,1069,0.0,0.002864583333333333,0,1,0.20980161022686847,1,-0.0375,0.00578125,0,1,0.298049887147356,1
0,1070,-0.05625,0.003528645833333334,0,1,0.23285315253664837,1,-0.0625,0.0066145833333333326,0,1,0.31880808955263157,1
0,1071,0.0375,0.003333333333333333,0,1,0.22631714681523435,1,0.0125,0.00796875,0,1,0.34992356295286153,1
0,1072,-0.08125,0.0035286458333333337,0,1,0.23285315253664834,1,-0.0625,0.0049479166666666664,0,1,0.2757333358390033,1
0,1073,0.00625,0.0026171874999999993,0,1,0.20053745792031374,1,-0.125,0.005,0,1,0.27718076486993554,1
0,1074,-0.15625,0.003190104166666667,0,0,0.22140147957929052,1,-0.2,0.006458333333333332,0,0,0.3150201361838079,1
0,1075,-0.08125,0.0029296875,0,1,0.2121723251392822,1,-0.0875,0.005885416666666666,0,1,0.300723033821002,1
0,1076,0.0125,0.0032552083333333343,0,1,0.22364926796464468,1,0.025,0.0053125,0,1,0.28571139273705937,1
0,1077,0.04375,0.0034244791666666664,0,1,0.22939045927043203,1,0.1,0.0060416666666666665,0,1,0.3046887835701232,1
0,1078,-0.025,0.0030208333333333324,0,1,0.21544750501391438,1,-0.0625,0.005572916666666666,0,1,0.2926303462470013,1
0,1079,-0.0625,0.0028385416666666667,0,1,0.2088457892639875,1,-0.075,0.006979166666666667,0,1,0.32747629747974794,1
0,1080,0.075,0.003072916666666667,0,1,0.2172968737411991,1,0.05,0.007083333333333331,0,1,0.3299110990145681,1
0,1081,-0.0875,0.002916666666666667,0,1,0.21170030603370604,1,-0.025,0.005833333333333334,0,1,0.2993894439514018,1
0,1082,-0.04375,0.0035546875000000006,0,1,0.23371080977726427,1,-0.05,0.0075,0,1,0.3394757202228515,1
0,1083,0.06875,0.0029036458333333327,0,1,0.21122723213288647,1,0.125,0.005729166666666667,0,1,0.2967042825905513,1
0,1084,0.04375,0.0030598958333333333,0,1,0.21683601028762298,1,0.0375,0.00640625,0,1,0.31374732234759706,1
0,1085,0.06875,0.003190104166666666,0,1,0.2214014795792905,1,0.025,0.005520833333333333,0,1,0.2912597047716384,1
0,1086,0.0,0.003463541666666667,0,1,0.23069506007938964,1,0.0125,0.0056770833333333335,0,1,0.2953525476216445,1
0,1087,0.06875,0.0029557291666666673,0,1,0.21311322698391638,1,0.0875,0.005572916666666666,0,1,0.2926303462470013,1
0,1088,0.0125,0.0030989583333333333,0,1,0.21821568068813843,1,0.0125,0.007239583333333334,0,1,0.33352997618794933,1
0,1089,0.00625,0.002877604166666667,0,1,0.2102778914532656,1,0.0125,0.0051562499999999985,0,1,0.28147839735371577,1
0,1090,0.0375,0.003255208333333333,0,1,0.22364926796464463,1,-0.0625,0.006510416666666666,0,1,0.316287827970415,1
0,1091,-0.0625,0.002916666666666667,0,1,0.21170030603370604,1,-0.0875,0.006614583333333333,0,1,0.31880808955263157,1
0,1092,0.025,0.002708333333333333,0,1,0.20399951933975977,1,0.05,0.005729166666666666,0,1,0.29670428259055126,1
0,1093,-0.05,0.0030208333333333333,0,1,0.2154475050139144,1,0.0125,0.0061979166666666675,0,1,0.3086035751516421,1
0,1094,0.09375,0.0024869791666666664,0,1,0.19548532483717737,1,0.0875,0.005468750000000001,0,1,0.2898825826135196,1
0,1095,0.01875,0.0029036458333333336,0,1,0.2112272321328865,1,0.075,0.005833333333333333,0,1,0.2993894439514018,1
0,1096,-0.05625,0.0033203125000000003,0,1,0.22587468862699922,1,0.05,0.005833333333333333,0,1,0.2993894439514018,1
0,1097,0.0875,0.002864583333333333,0,1,0.20980161022686847,1,0.075,0.006354166666666666,0,1,0.3124693238692544,1
0,1098,-0.04375,0.002825520833333333,0,1,0.2083662345800139,1,0.0375,0.00671875,0,1,0.321308583461685,1
0,1099,0.06875,0.002955729166666667,0,1,0.21311322698391635,1,0.0625,0.006197916666666667,0,1,0.30860357515164205,1
0,1100,0.0125,0.0029947916666666656,0,1,0.21451684189413123,1,-0.0125,0.006822916666666666,0,1,0.32378976767049095,1
0,1101,-0.1125,0.003463541666666667,0,1,0.23069506007938964,1,-0.1875,0.00640625,0,0,0.31374732234759706,1
0,1102,-0.025,0.0032291666666666666,0,1,0.22275287450588027,1,0.0125,0.007864583333333333,0,1,0.3476289574642327,1
0,1103,-0.025,0.0023437500000000003,0,1,0.189772696782249,1,-0.0125,0.0049479166666666664,0,1,0.2757333358390033,1
0,1104,0.0125,0.003177083333333333,0,1,0.22094917782072535,1,-0.025,0.007291666666666666,0,1,0.33472757421059884,1
0,1105,0.04375,0.0030859375000000006,0,1,0.21775676181910658,1,-0.025,0.006979166666666665,0,1,0.3274762974797479,1
0,1106,0.00625,0.0031901041666666675,0,1,0.22140147957929052,1,0.075,0.005833333333333333,0,1,0.2993894439514018,1
0,1107,-0.08125,0.0036067708333333325,0,1,0.23541675073733076,1,-0.05,0.006354166666666666,0,1,0.3124693238692544,1
0,1108,-0.0875,0.0034895833333333324,0,1,0.2315607106257928,1,-0.175,0.007500000000000002,0,0,0.33947572022285155,1
0,1109,0.01875,0.003580729166666667,0,1,0.23456533112809652,1,0.0875,0.006614583333333333,0,1,0.31880808955263157,1
0,1110,-0.01875,0.003111979166666667,0,1,0.21867363645037802,1,0.0375,0.005260416666666667,0,1,0.2843073970525076,1
0,1111,0.0625,0.0028906249999999995,0,1,0.21075309633378064,1,0.1,0.004479166666666666,0,1,0.2623473598191967,1
0,1112,-0.01875,0.0025130208333333337,0,1,0.1965061428739207,1,-0.05,0.0055208333333333325,0,1,0.2912597047716383,1
0,1113,0.0,0.0031510416666666657,0,1,0.220041785166285,1,-0.0125,0.005052083333333334,0,1,0.2786206746364319,1
0,1114,-0.01875,0.0027994791666666663,0,1,0.20740379879010032,1,-0.05,0.006458333333333332,0,1,0.3150201361838079,1
0,1115,0.0125,0.0023958333333333336,0,1,0.19186969631754092,1,0.0,0.004999999999999999,0,1,0.27718076486993554,1
0,1116,0.0,0.002890625,0,1,0.21075309633378064,1,0.0,0.005833333333333333,0,1,0.2993894439514018,1
0,1117,-0.0875,0.0025520833333333333,0,1,0.19802750346333006,1,-0.2125,0.005885416666666666,0,0,0.300723033821002,1
0,1118,0.025,0.0030729166666666674,0,1,0.21729687374119913,1,-0.0625,0.005677083333333333,0,1,0.2953525476216444,1
0,1119,-0.025,0.003333333333333335,0,1,0.22631714681523438,1,-0.025,0.006562499999999999,0,1,0.317550459050559,1
0,1120,0.0,0.0038541666666666668,0,1,0.24335671380171078,1,0.0,0.008854166666666665,0,1,0.36885182196411914,1
0,1121,-0.0125,0.0025781249999999993,0,1,0.19903528352633398,1,0.125,0.004791666666666667,0,1,0.27134472674067345,1
0,1122,0.01875,0.003476562500000001,0,1,0.2311282906207669,1,0.025,0.006458333333333333,0,1,0.3150201361838079,1
0,1123,0.01875,0.0032682291666666667,0,1,0.22409612009440483,1,0.0375,0.006302083333333334,0,1,0.31118607687094724,1
0,1124,-0.05625,0.003216145833333333,0,1,0.22230332233322103,1,0.0375,0.005989583333333333,0,1,0.3033726271641254,1
0,1125,-0.0375,0.003984375000000001,0,1,0.24743332426092615,1,0.0125,0.007343749999999999,0,1,0.33592090268080954,1
0,1126,0.08125,0.003216145833333333,0,1,0.22230332233322103,1,0.1625,0.006302083333333334,0,0,0.31118607687094724,1
0,1127,0.05,0.003359375,0,1,0.22719947821920125,1,0.0875,0.007864583333333331,0,1,0.34762895746423267,1
0,1128,0.025,0.003463541666666667,0,1,0.23069506007938964,1,-0.0625,0.007760416666666667,0,1,0.34531910492429096,1
0,1129,-0.025,0.00265625,0,1,0.20202846326662757,1,-0.1125,0.005052083333333333,0,1,0.27862067463643186,1
0,1130,-0.1125,0.003750000000000001,0,1,0.24004558381776553,1,-0.125,0.006145833333333333,0,1,0.3073041859060778,1
0,1131,-0.00625,0.002721354166666666,0,1,0.20448931480910562,1,0.0125,0.005052083333333333,0,1,0.27862067463643186,1
0,1132,0.03125,0.003450520833333332,0,1,0.23026101442664731,1,0.1,0.007812499999999999,0,1,0.34647595608741943,1
0,1133,-0.04375,0.0034505208333333337,0,1,0.23026101442664737,1,0.0,0.0078125,0,1,0.3464759560874195,1
0,1134,-0.075,0.003046875,0,1,0.21637416522591058,1,-0.1875,0.005572916666666666,0,0,0.2926303462470013,1
0,1135,0.03125,0.0027473958333333326,0,1,0.20546540300397648,1,0.0,0.0060416666666666665,0,1,0.3046887835701232,1
0,1136,0.0,0.0029687499999999987,0,1,0.2135821235397352,1,0.05,0.006875000000000001,0,1,0.32502325696646456,1
0,1137,0.05,0.002864583333333333,0,1,0.20980161022686847,1,0.0,0.005104166666666667,0,1,0.2800531811207264,1
0,1138,-0.09375,0.0033203125,0,1,0.22587468862699922,1,0.0125,0.005885416666666666,0,1,0.300723033821002,1
0,1139,0.0125,0.0032031250000000007,0,1,0.2218528592111075,1,0.0,0.007499999999999999,0,1,0.33947572022285144,1
0,1140,0.00625,0.002643229166666666,0,1,0.20153268714933215,1,-0.0125,0.004635416666666666,0,1,0.2668839616144756,1
0,1141,-0.01875,0.0029817708333333337,0,1,0.2140499929361999,1,0.0375,0.006927083333333334,0,1,0.3262520827367488,1
0,1142,-0.1,0.0029687499999999996,0,1,0.21358212353973524,1,-0.025,0.0067708333333333336,0,1,0.3225515613466048,1
0,1143,0.0125,0.0029947916666666664,0,1,0.21451684189413125,1,-0.0125,0.00640625,0,1,0.31374732234759706,1
0,1144,0.1125,0.003151041666666667,0,0,0.22004178516628506,1,0.125,0.0059375,0,1,0.3020507357903395,1
0,1145,0.05,0.0033854166666666663,0,1,0.22807839631049295,1,0.025,0.007187499999999999,0,1,0.3323280624547919,1
0,1146,0.0,0.0034375,0,1,0.22982614904432486,1,-0.05,0.007083333333333333,0,1,0.32991109901456817,1
0,1147,0.1,0.00328125,0,1,0.22454208296355138,1,0.075,0.005520833333333333,0,1,0.2912597047716384,1
0,1148,0.00625,0.002903645833333332,0,1,0.21122723213288644,1,-0.0125,0.006302083333333335,0,1,0.3111860768709473,1
0,1149,0.0625,0.003645833333333334,0,1,0.23668813757443782,1,0.2,0.005624999999999999,0,0,0.2939945976810081,1
0,1150,-0.0125,0.0034635416666666664,0,1,0.2306950600793896,1,0.0,0.0055208333333333325,0,1,0.2912597047716383,1
0,1151,-0.01875,0.0031640625000000006,0,1,0.2204959482607561,1,-0.0625,0.006510416666666668,0,1,0.31628782797041505,1
0,1152,-0.14375,0.003216145833333334,0,0,0.22230332233322106,1,-0.1125,0.006510416666666666,0,1,0.316287827970415,1
0,1153,0.025,0.003177083333333333,0,1,0.22094917782072535,1,0.0625,0.005677083333333335,0,1,0.29535254762164453,1
0,1154,-0.025,0.0032031250000000007,0,1,0.2218528592111075,1,0.0,0.005625,0,1,0.2939945976810081,1
0,1155,0.025,0.0038020833333333344,0,1,0.2417068187523675,1,0.0,0.0071875,0,1,0.33232806245479196,1
0,1156,-0.025,0.0033854166666666668,0,1,0.22807839631049295,1,0.0125,0.00671875,0,1,0.321308583461685,1
0,1157,-0.0625,0.0025520833333333333,0,1,0.19802750346333006,1,0.0,0.005,0,1,0.27718076486993554,1
0,1158,0.0125,0.0031249999999999993,0,1,0.21913063514414535,1,0.025,0.006458333333333333,0,1,0.3150201361838079,1
0,1159,-0.0375,0.0029427083333333336,0,1,0.21264329647382205,1,0.0375,0.005989583333333333,0,1,0.3033726271641254,1
0,1160,0.00625,0.0033463541666666667,0,1,0.22675874166795162,1,0.0,0.006458333333333332,0,1,0.3150201361838079,1
0,1161,-0.025,0.0033593750000000004,0,1,0.22719947821920128,1,-0.025,0.007187499999999999,0,1,0.3323280624547919,1
0,1162,0.0375,0.0037760416666666663,0,1,0.2408776333969197,1,0.075,0.008645833333333332,0,1,0.36448655788977796,1
0,1163,0.025,0.0032031250000000007,0,1,0.2218528592111075,1,-0.0625,0.00578125,0,1,0.298049887147356,1
0,1164,-0.03125,0.003033854166666667,0,1,0.21591133225693637,1,0.0,0.00625,0,1,0.3098975161522808,1
0,1165,0.025,0.0028645833333333336,0,1,0.2098016102268685,1,-0.0625,0.0056770833333333335,0,1,0.2953525476216445,1
0,1166,0.03125,0.003111979166666666,0,1,0.21867363645037796,1,-0.0125,0.00640625,0,1,0.31374732234759706,1
0,1167,0.08125,0.0034244791666666673,0,1,0.22939045927043206,1,0.0,0.006354166666666666,0,1,0.3124693238692544,1
0,1168,-0.05625,0.0035026041666666673,0,1,0.23199232462684333,1,-0.05,0.0078125,0,1,0.3464759560874195,1
0,1169,0.00625,0.0027734375,0,1,0.20643687604707509,1,0.05,0.0051041666666666674,0,1,0.28005318112072647,1
0,1170,0.0,0.0028385416666666667,0,1,0.2088457892639875,1,-0.0875,0.005052083333333334,0,1,0.2786206746364319,1
0,1171,0.04375,0.003476562500000001,0,1,0.2311282906207669,1,0.0125,0.0068229166666666655,0,1,0.3237897676704909,1
0,1172,0.06875,0.0034765625000000005,0,1,0.2311282906207669,1,0.125,0.005729166666666666,0,1,0.29670428259055126,1
0,1173,-0.00625,0.0031640625000000006,0,1,0.2204959482607561,1,0.0,0.0059375,0,1,0.3020507357903395,1
0,1174,0.00625,0.0027473958333333326,0,1,0.20546540300397648,1,0.0,0.005520833333333333,0,1,0.2912597047716384,1
0,1175,0.03125,0.003138020833333333,0,1,0.2195866827449266,1,0.125,0.0051041666666666674,0,1,0.28005318112072647,1
0,1176,-0.00625,0.003684895833333333,0,1,0.2379527314598205,1,0.075,0.006562499999999999,0,1,0.317550459050559,1
0,1177,0.0375,0.0028906250000000004,0,1,0.21075309633378067,1,0.0,0.0055208333333333325,0,1,0.2912597047716383,1
0,1178,0.09375,0.0028515625,0,1,0.20932424530747118,1,0.0375,0.005989583333333333,0,1,0.3033726271641254,1
0,1179,-0.01875,0.003606770833333334,0,1,0.2354167507373308,1,-0.075,0.006041666666666667,0,1,0.3046887835701232,1
0,1180,0.0625,0.0029947916666666664,0,1,0.21451684189413125,1,-0.0125,0.00546875,0,1,0.28988258261351957,1
0,1181,0.03125,0.0027734375,0,1,0.20643687604707509,1,0.0,0.007187499999999999,0,1,0.3323280624547919,1
0,1182,-0.09375,0.0036588541666666657,0,1,0.23711041826267454,1,-0.125,0.006458333333333332,0,1,0.3150201361838079,1
0,1183,-0.04375,0.003372395833333333,0,1,0.22763936145430075,1,-0.05,0.007187500000000001,0,1,0.332328062454792,1
0,1184,0.03125,0.0032682291666666675,0,1,0.22409612009440485,1,0.1125,0.005989583333333333,0,1,0.3033726271641254,1
0,1185,0.00625,0.002643229166666667,0,1,0.20153268714933217,1,-0.0375,0.006406249999999999,0,1,0.313747322347597,1
0,1186,0.03125,0.003216145833333334,0,1,0.22230332233322106,1,0.0125,0.005989583333333334,0,1,0.3033726271641254,1
0,1187,0.1,0.0034375000000000013,0,1,0.22982614904432488,1,0.1,0.007499999999999999,0,1,0.33947572022285144,1
0,1188,0.0125,0.0024218749999999995,0,1,0.19290964808809935,1,0.0,0.004479166666666667,0,1,0.2623473598191967,1
0,1189,0.0875,0.003671875000000001,0,1,0.23753194822790677,1,0.0375,0.00703125,0,1,0.3286959527162181,1
0,1190,0.03125,0.003216145833333333,0,1,0.22230332233322103,1,0.075,0.006145833333333334,0,1,0.30730418590607783,1
0,1191,0.06875,0.002903645833333333,0,1,0.21122723213288647,1,0.05,0.007083333333333333,0,1,0.32991109901456817,1
0,1192,0.06875,0.002877604166666666,0,1,0.21027789145326553,1,0.1375,0.00640625,0,1,0.31374732234759706,1
0,1193,-0.00625,0.003138020833333333,0,1,0.2195866827449266,1,-0.025,0.0069791666666666665,0,1,0.3274762974797479,1
0,1194,-0.04375,0.0037369791666666662,0,1,0.23962847562459555,1,-0.025,0.006354166666666666,0,1,0.3124693238692544,1
0,1195,0.01875,0.0031380208333333342,0,1,0.21958668274492663,1,0.0125,0.005572916666666667,0,1,0.2926303462470013,1
0,1196,-0.0125,0.003645833333333334,0,1,0.23668813757443782,1,0.0,0.0053125,0,1,0.28571139273705937,1
0,1197,-0.06875,0.0030859375000000006,0,1,0.21775676181910658,1,-0.1,0.0069791666666666665,0,1,0.3274762974797479,1
0,1198,-0.05,0.0029687500000000005,0,1,0.21358212353973527,1,-0.1375,0.006302083333333334,0,1,0.31118607687094724,1
0,1199,0.0,0.0027864583333333326,0,1,0.20692090221222195,1,-0.0375,0.005364583333333332,0,1,0.28710852279360866,1
0,1200,0.0,0.0034895833333333324,0,1,0.2315607106257928,1,0.0875,0.006927083333333334,0,1,0.3262520827367488,1
0,1201,0.06875,0.0029557291666666664,0,1,0.21311322698391633,1,0.05,0.006249999999999999,0,1,0.3098975161522807,1
0,1202,-0.025,0.0027343749999999994,0,1,0.20497793991388924,1,0.0125,0.0051562499999999985,0,1,0.28147839735371577,1
0,1203,-0.075,0.0032812499999999994,0,1,0.22454208296355135,1,0.0,0.006145833333333334,0,1,0.30730418590607783,1
0,1204,0.15,0.0029687499999999996,0,0,0.21358212353973524,1,0.0875,0.006302083333333334,0,1,0.31118607687094724,1
0,1205,-0.04375,0.0025390625,0,1,0.1975216852593019,1,-0.075,0.004895833333333334,0,1,0.2742782685010364,1
0,1206,0.05625,0.0032942708333333335,0,1,0.22498716186008233,1,0.025,0.007083333333333334,0,1,0.32991109901456817,1
0,1207,0.025,0.00328125,0,1,0.22454208296355138,1,0.05,0.0056250000000000015,0,1,0.29399459768100816,1
0,1208,0.15625,0.003580729166666666,0,0,0.2345653311280965,1,0.2,0.007291666666666668,0,0,0.3347275742105989,1
0,1209,-0.04375,0.0030078125,0,1,0.21498267706137672,1,-0.1375,0.005781249999999999,0,1,0.298049887147356,1
0,1210,-0.1,0.002994791666666667,0,1,0.21451684189413125,1,-0.1,0.005208333333333332,0,1,0.2828964335190429,1
0,1211,-0.1,0.0030989583333333325,0,1,0.2182156806881384,1,-0.025,0.007708333333333333,0,1,0.34415836515292714,1
0,1212,-0.01875,0.002721354166666666,0,1,0.20448931480910562,1,0.0125,0.006406249999999999,0,1,0.313747322347597,1
0,1213,0.00625,0.0032682291666666667,0,1,0.22409612009440483,1,0.1625,0.006822916666666666,0,0,0.32378976767049095,1
0,1214,0.025,0.0034895833333333333,0,1,0.23156071062579284,1,0.0875,0.006927083333333334,0,1,0.3262520827367488,1
0,1215,-0.0625,0.0033072916666666676,0,1,0.2254313620197939,1,-0.0375,0.008072916666666666,0,1,0.35220321939411786,1
0,1216,-0.0375,0.0028385416666666667,0,1,0.2088457892639875,1,-0.15,0.005104166666666667,0,0,0.2800531811207264,1
0,1217,0.05625,0.0029296875,0,1,0.2121723251392822,1,0.1125,0.006197916666666667,0,1,0.30860357515164205,1
0,1218,0.0875,0.003151041666666666,0,1,0.22004178516628503,1,0.0625,0.006197916666666667,0,1,0.30860357515164205,1
0,1219,-0.01875,0.0030078124999999988,0,1,0.21498267706137666,1,-0.0125,0.006510416666666668,0,1,0.31628782797041505,1
0,1220,0.04375,0.0027734374999999994,0,1,0.20643687604707509,1,0.0375,0.0056770833333333335,0,1,0.2953525476216445,1
0,1221,0.025,0.0030729166666666665,0,1,0.2172968737411991,1,0.0375,0.005989583333333334,0,1,0.3033726271641254,1
0,1222,0.0375,0.003203125,0,1,0.22185285921110748,1,0.075,0.00625,0,1,0.3098975161522808,1
0,1223,0.05,0.0034114583333333336,0,1,0.2289539403986209,1,0.1,0.006458333333333333,0,1,0.3150201361838079,1
0,1224,-0.03125,0.0033723958333333344,0,1,0.2276393614543008,1,-0.125,0.004791666666666666,0,1,0.27134472674067345,1
0,1225,0.06875,0.0033984375000000004,0,1,0.2285165876775924,1,0.05,0.006874999999999999,0,1,0.32502325696646456,1
0,1226,-0.0125,0.003229166666666666,0,1,0.22275287450588027,1,-0.0125,0.006510416666666666,0,1,0.316287827970415,1
0,1227,0.0125,0.0034635416666666673,0,1,0.23069506007938964,1,-0.0125,0.007552083333333333,0,1,0.3406524160222582,1
0,1228,0.1,0.0035416666666666674,0,1,0.23328237530190768,1,0.0875,0.009218749999999998,0,1,0.37636922564563624,1
0,1229,-0.0375,0.003125,0,1,0.21913063514414538,1,0.0125,0.005260416666666668,0,1,0.2843073970525076,1
0,1230,-0.0125,0.003203125000000001,0,1,0.22185285921110753,1,0.0375,0.006406249999999999,0,1,0.313747322347597,1
0,1231,0.0,0.0033333333333333327,0,1,0.22631714681523432,1,-0.05,0.0065625,0,1,0.317550459050559,1
0,1232,-0.05,0.0027604166666666667,0,1,0.20595171233041729,1,0.0375,0.007135416666666667,0,1,0.3311217860153242,1
0,1233,-0.03125,0.0025651041666666665,0,1,0.1985320329522762,1,-0.05,0.006354166666666666,0,1,0.3124693238692544,1
0,1234,0.04375,0.0028515625,0,1,0.20932424530747118,1,0.0625,0.0056770833333333335,0,1,0.2953525476216445,1
0,1235,-0.075,0.0028385416666666663,0,1,0.2088457892639875,1,0.0125,0.00578125,0,1,0.298049887147356,1
0,1236,0.03125,0.0033723958333333336,0,1,0.22763936145430078,1,0.0375,0.006927083333333333,0,1,0.3262520827367488,1
0,1237,0.05,0.003255208333333333,0,1,0.22364926796464463,1,0.0875,0.005989583333333335,0,1,0.30337262716412544,1
0,1238,0.04375,0.003138020833333334,0,1,0.21958668274492663,1,-0.1,0.006145833333333333,0,1,0.3073041859060778,1
0,1239,0.1125,0.0033333333333333335,0,1,0.22631714681523435,1,0.1625,0.00609375,0,0,0.3059992790096397,1
0,1240,-0.0375,0.003125,0,1,0.21913063514414538,1,-0.125,0.005937500000000001,0,1,0.3020507357903395,1
0,1241,0.03125,0.0038671875000000004,0,1,0.2437674427248484,1,0.0375,0.00796875,0,1,0.34992356295286153,1
0,1242,0.0125,0.003567708333333334,0,1,0.23413846029003668,1,-0.025,0.0065625,0,1,0.317550459050559,1
0,1243,0.0,0.0030729166666666674,0,1,0.21729687374119913,1,-0.0125,0.007135416666666667,0,1,0.3311217860153242,1
0,1244,0.0,0.00328125,0,1,0.22454208296355138,1,-0.0625,0.005885416666666666,0,1,0.300723033821002,1
0,1245,-0.04375,0.0033203124999999995,0,1,0.2258746886269992,1,-0.1,0.0067708333333333336,0,1,0.3225515613466048,1
0,1246,0.0375,0.003046875,0,1,0.21637416522591058,1,-0.0625,0.007343749999999999,0,1,0.33592090268080954,1
0,1247,0.0125,0.003411458333333333,0,1,0.22895394039862088,1,-0.025,0.006145833333333334,0,1,0.30730418590607783,1
0,1248,0.04375,0.0027734374999999994,0,1,0.20643687604707509,1,0.0375,0.004427083333333333,0,1,0.26081762456384183,1
0,1249,0.0375,0.0026562499999999993,0,1,0.20202846326662754,1,0.0375,0.005572916666666666,0,1,0.2926303462470013,1
0,1250,-0.05,0.0035156250000000005,0,1,0.23242313711421062,1,-0.0875,0.007864583333333333,0,1,0.3476289574642327,1
0,1251,-0.04375,0.003216145833333334,0,1,0.22230332233322106,1,-0.1125,0.006718749999999999,0,1,0.321308583461685,1
0,1252,-0.00625,0.0030598958333333337,0,1,0.21683601028762298,1,-0.0625,0.004427083333333333,0,1,0.26081762456384183,1
0,1253,0.04375,0.0030338541666666665,0,1,0.21591133225693634,1,0.0875,0.006614583333333333,0,1,0.31880808955263157,1
0,1254,0.0,0.0038802083333333345,0,1,0.2441774807652351,1,0.0125,0.006927083333333334,0,1,0.3262520827367488,1
0,1255,0.11875,0.0030078125,0,0,0.21498267706137672,1,0.0625,0.00609375,0,1,0.3059992790096397,1
0,1256,0.0,0.0029947916666666664,0,1,0.21451684189413125,1,0.0,0.005,0,1,0.27718076486993554,1
0,1257,-0.025,0.003802083333333333,0,1,0.24170681875236746,1,0.0625,0.008385416666666668,0,1,0.35895533326229995,1
0,1258,-0.04375,0.0028776041666666663,0,1,0.21027789145326556,1,-0.0125,0.005572916666666667,0,1,0.2926303462470013,1
0,1259,-0.03125,0.0033463541666666663,0,1,0.22675874166795162,1,-0.05,0.006770833333333334,0,1,0.3225515613466048,1
0,1260,-0.00625,0.0031640625,0,1,0.22049594826075608,1,-0.0625,0.0056770833333333335,0,1,0.2953525476216445,1
0,1261,-0.03125,0.003736979166666668,0,1,0.2396284756245956,1,-0.0625,0.007343750000000001,0,1,0.3359209026808096,1
0,1262,-0.05,0.0028645833333333327,0,1,0.20980161022686847,1,-0.0375,0.004218749999999999,0,1,0.2546067901671386,1
0,1263,-0.01875,0.0029296875,0,1,0.2121723251392822,1,-0.0125,0.007552083333333333,0,1,0.3406524160222582,1
0,1264,-0.00625,0.0033723958333333344,0,1,0.2276393614543008,1,0.0375,0.0068229166666666655,0,1,0.3237897676704909,1
0,1265,0.08125,0.0025130208333333337,0,1,0.1965061428739207,1,0.05,0.00625,0,1,0.3098975161522808,1
0,1266,-0.01875,0.0031640625,0,1,0.22049594826075608,1,-0.0125,0.00578125,0,1,0.298049887147356,1
0,1267,0.0625,0.0024479166666666664,0,1,0.19394402358918747,1,0.05,0.004479166666666667,0,1,0.2623473598191967,1
0,1268,0.05625,0.0031640625,0,1,0.22049594826075608,1,0.025,0.005625,0,1,0.2939945976810081,1
0,1269,0.03125,0.0032421875,0,1,0.22320152123333958,1,0.0625,0.0056770833333333335,0,1,0.2953525476216445,1
0,1270,-0.05625,0.0037109374999999994,0,1,0.238792073506803,1,-0.025,0.0060416666666666665,0,1,0.3046887835701232,1
0,1271,0.06875,0.003216145833333333,0,1,0.22230332233322103,1,0.15,0.006770833333333333,0,1,0.3225515613466048,1
0,1272,0.05625,0.003111979166666667,0,1,0.21867363645037802,1,0.05,0.0065625,0,1,0.317550459050559,1
0,1273,-0.10625,0.0033203124999999995,0,1,0.2258746886269992,1,-0.05,0.006354166666666668,0,1,0.31246932386925447,1
0,1274,0.125,0.003046875,0,0,0.21637416522591058,1,0.1,0.007083333333333334,0,1,0.32991109901456817,1
0,1275,0.0375,0.0032812499999999994,0,1,0.22454208296355135,1,-0.1,0.007916666666666666,0,1,0.3487781472349541,1
0,1276,-0.0375,0.0029947916666666673,0,1,0.21451684189413128,1,-0.1625,0.005677083333333333,0,0,0.2953525476216444,1
0,1277,-0.03125,0.0024609375000000005,0,1,0.19445914806510856,1,-0.0125,0.005364583333333332,0,1,0.28710852279360866,1
0,1278,0.075,0.0026562499999999993,0,1,0.20202846326662754,1,0.1375,0.0049479166666666664,0,1,0.2757333358390033,1
0,1279,-0.01875,0.0032682291666666662,0,1,0.22409612009440483,1,-0.025,0.006875000000000001,0,1,0.32502325696646456,1
0,1280,0.05625,0.0029036458333333336,0,1,0.2112272321328865,1,0.0875,0.00765625,0,1,0.34299369729450946,1
0,1281,-0.00625,0.0029557291666666664,0,1,0.21311322698391633,1,0.0625,0.0049479166666666664,0,1,0.2757333358390033,1
0,1282,0.075,0.002682291666666667,0,1,0.20301638340381314,1,0.0625,0.007135416666666667,0,1,0.3311217860153242,1
0,1283,0.0375,0.00359375,0,1,0.2349914265403699,1,0.125,0.0053125,0,1,0.28571139273705937,1
0,1284,-0.04375,0.003111979166666667,0,1,0.21867363645037802,1,-0.175,0.007812499999999997,0,0,0.34647595608741943,1
0,1285,-0.025,0.00296875,0,1,0.21358212353973524,1,0.075,0.006458333333333333,0,1,0.3150201361838079,1
0,1286,0.05,0.002994791666666667,0,1,0.21451684189413125,1,0.0625,0.005468750000000001,0,1,0.2898825826135196,1
0,1287,0.025,0.0037500000000000007,0,1,0.2400455838177655,1,0.15,0.005937500000000001,0,1,0.3020507357903395,1
0,1288,-0.06875,0.0029557291666666664,0,1,0.21311322698391633,1,0.0375,0.005781249999999999,0,1,0.298049887147356,1
0,1289,-0.00625,0.0034505208333333332,0,1,0.23026101442664737,1,-0.125,0.007395833333333334,0,1,0.33711000693967524,1
0,1290,0.05625,0.0033203125,0,1,0.22587468862699922,1,0.0125,0.00609375,0,1,0.3059992790096397,1
0,1291,0.04375,0.003111979166666667,0,1,0.21867363645037802,1,0.025,0.006145833333333334,0,1,0.30730418590607783,1
0,1292,-0.0125,0.002916666666666666,0,1,0.21170030603370601,1,-0.025,0.005,0,1,0.27718076486993554,1
0,1293,-0.08125,0.003111979166666666,0,1,0.21867363645037796,1,-0.0375,0.00609375,0,1,0.3059992790096397,1
0,1294,-0.08125,0.0026953125,0,1,0.20350854505550506,1,-0.0625,0.0061979166666666675,0,1,0.3086035751516421,1
0,1295,0.075,0.0032812499999999994,0,1,0.22454208296355135,1,0.125,0.006458333333333333,0,1,0.3150201361838079,1
0,1296,0.00625,0.0030078125000000005,0,1,0.21498267706137672,1,0.0375,0.0047395833333333335,0,1,0.2698659978748579,1
0,1297,0.0125,0.0027864583333333335,0,1,0.206920902212222,1,-0.075,0.005729166666666667,0,1,0.2967042825905513,1
0,1298,0.01875,0.002747395833333333,0,1,0.2054654030039765,1,-0.025,0.0043749999999999995,0,1,0.25927886408681133,1
0,1299,-0.025,0.0033593749999999995,0,1,0.22719947821920125,1,0.025,0.0075,0,1,0.3394757202228515,1
0,1300,-0.01875,0.0030598958333333333,0,1,0.21683601028762298,1,0.0875,0.00609375,0,1,0.3059992790096397,1
0,1301,-0.06875,0.003190104166666666,0,1,0.2214014795792905,1,0.0,0.0067708333333333336,0,1,0.3225515613466048,1
0,1302,-0.04375,0.003111979166666667,0,1,0.21867363645037802,1,-0.05,0.0056250000000000015,0,1,0.29399459768100816,1
0,1303,0.0,0.0030989583333333333,0,1,0.21821568068813843,1,-0.0625,0.005989583333333334,0,1,0.3033726271641254,1
0,1304,0.05,0.0034635416666666664,0,1,0.2306950600793896,1,0.0375,0.00703125,0,1,0.3286959527162181,1
0,1305,-0.0625,0.002864583333333333,0,1,0.20980161022686847,1,-0.1,0.006562499999999999,0,1,0.317550459050559,1
0,1306,-0.0375,0.003203125,0,1,0.22185285921110748,1,-0.0125,0.00640625,0,1,0.31374732234759706,1
0,1307,0.05625,0.0034244791666666673,0,1,0.22939045927043206,1,0.0375,0.007864583333333333,0,1,0.3476289574642327,1
0,1308,0.0625,0.0031770833333333343,0,1,0.22094917782072537,1,0.0125,0.006718749999999999,0,1,0.321308583461685,1
0,1309,-0.04375,0.0030078124999999996,0,1,0.2149826770613767,1,-0.0625,0.00640625,0,1,0.31374732234759706,1
0,1310,0.0,0.0026562499999999993,0,1,0.20202846326662754,1,-0.0375,0.005052083333333333,0,1,0.27862067463643186,1
0,1311,-0.01875,0.0031640625000000006,0,1,0.2204959482607561,1,0.025,0.006250000000000002,0,1,0.30989751615228084,1
0,1312,-0.025,0.0035416666666666674,0,1,0.23328237530190768,1,0.0625,0.00734375,0,1,0.3359209026808096,1
0,1313,-0.09375,0.0026953125,0,1,0.20350854505550506,1,0.0125,0.006822916666666666,0,1,0.32378976767049095,1
0,1314,-0.075,0.0033333333333333344,0,1,0.22631714681523438,1,-0.1,0.006770833333333333,0,1,0.3225515613466048,1
0,1315,0.0125,0.002656249999999999,0,1,0.20202846326662752,1,0.05,0.005833333333333334,0,1,0.2993894439514018,1
0,1316,-0.03125,0.0029557291666666664,0,1,0.21311322698391633,1,-0.0125,0.005052083333333333,0,1,0.27862067463643186,1
0,1317,0.01875,0.0032942708333333335,0,1,0.22498716186008233,1,-0.075,0.0065625,0,1,0.317550459050559,1
0,1318,-0.05,0.003749999999999999,0,1,0.24004558381776545,1,-0.025,0.0071875,0,1,0.33232806245479196,1
0,1319,0.0625,0.0033333333333333335,0,1,0.22631714681523435,1,0.0,0.006145833333333333,0,1,0.3073041859060778,1
0,1320,0.10625,0.003111979166666667,0,1,0.21867363645037802,1,0.125,0.0069791666666666665,0,1,0.3274762974797479,1
0,1321,0.0,0.0031249999999999993,0,1,0.21913063514414535,1,-0.0375,0.007239583333333334,0,1,0.33352997618794933,1
0,1322,0.025,0.0034374999999999996,0,1,0.22982614904432483,1,-0.125,0.007291666666666666,0,1,0.33472757421059884,1
0,1323,-0.03125,0.0033984375000000004,0,1,0.2285165876775924,1,-0.1,0.004791666666666666,0,1,0.27134472674067345,1
0,1324,-0.0125,0.003541666666666667,0,1,0.23328237530190768,1,-0.0125,0.006302083333333334,0,1,0.31118607687094724,1
0,1325,0.04375,0.0032421874999999994,0,1,0.22320152123333956,1,0.0375,0.00640625,0,1,0.31374732234759706,1
0,1326,0.0625,0.0026041666666666674,0,1,0.20003798651480462,1,-0.0125,0.0056770833333333335,0,1,0.2953525476216445,1
0,1327,-0.08125,0.003190104166666667,0,1,0.22140147957929052,1,0.0,0.0075000000000000015,0,1,0.33947572022285155,1
0,1328,-0.00625,0.003424479166666667,0,1,0.22939045927043203,1,0.1375,0.005989583333333333,0,1,0.3033726271641254,1
0,1329,0.1125,0.0034895833333333337,0,1,0.23156071062579284,1,0.0625,0.006197916666666665,0,1,0.30860357515164205,1
0,1330,0.05,0.003697916666666668,0,1,0.23837277191288847,1,0.0875,0.0075520833333333325,0,1,0.3406524160222582,1
0,1331,0.0375,0.0030208333333333333,0,1,0.2154475050139144,1,0.0125,0.00453125,0,1,0.26386822681990535,1
0,1332,0.10625,0.003450520833333334,0,1,0.2302610144266474,1,0.175,0.0067708333333333336,0,0,0.3225515613466048,1
0,1333,0.00625,0.0032421875,0,1,0.22320152123333958,1,0.1375,0.00734375,0,1,0.3359209026808096,1
0,1334,-0.0625,0.0027864583333333335,0,1,0.206920902212222,1,-0.1375,0.005468750000000001,0,1,0.2898825826135196,1
0,1335,-0.05625,0.003294270833333333,0,1,0.2249871618600823,1,-0.05,0.00625,0,1,0.3098975161522808,1
0,1336,0.03125,0.0030859375,0,1,0.21775676181910658,1,0.075,0.0059375,0,1,0.3020507357903395,1
0,1337,0.05625,0.003372395833333333,0,1,0.22763936145430075,1,0.1125,0.007239583333333334,0,1,0.33352997618794933,1
0,1338,0.075,0.0029947916666666656,0,1,0.21451684189413123,1,-0.0125,0.006614583333333335,0,1,0.3188080895526316,1
0,1339,-0.08125,0.0030859375,0,1,0.21775676181910658,1,-0.075,0.0067708333333333336,0,1,0.3225515613466048,1
0,1340,0.05,0.003046875,0,1,0.21637416522591058,1,0.075,0.0069791666666666665,0,1,0.3274762974797479,1
0,1341,0.03125,0.003216145833333334,0,1,0.22230332233322106,1,0.125,0.0055208333333333325,0,1,0.2912597047716383,1
0,1342,-0.01875,0.003138020833333334,0,1,0.21958668274492663,1,-0.025,0.005729166666666666,0,1,0.29670428259055126,1
0,1343,-0.0625,0.0030468750000000005,0,1,0.2163741652259106,1,-0.075,0.005,0,1,0.27718076486993554,1
0,1344,0.0,0.003255208333333334,0,1,0.22364926796464465,1,0.0625,0.006197916666666667,0,1,0.30860357515164205,1
0,1345,-0.04375,0.0029296875000000004,0,1,0.21217232513928222,1,-0.0125,0.005989583333333333,0,1,0.3033726271641254,1
0,1346,-0.05625,0.0034765624999999996,0,1,0.2311282906207669,1,-0.1,0.005520833333333333,0,1,0.2912597047716384,1
0,1347,-0.0125,0.004062500000000001,0,1,0.2498473650777201,1,0.0,0.008437499999999999,0,1,0.3600683757266482,1
0,1348,0.08125,0.002903645833333333,0,1,0.21122723213288647,1,0.1375,0.006197916666666667,0,1,0.30860357515164205,1
0,1349,-0.025,0.003255208333333334,0,1,0.22364926796464465,1,-0.1,0.0060416666666666665,0,1,0.3046887835701232,1
0,1350,0.04375,0.0031640624999999993,0,1,0.22049594826075605,1,0.1125,0.0068229166666666655,0,1,0.3237897676704909,1
0,1351,0.0625,0.002942708333333333,0,1,0.21264329647382202,1,0.05,0.006562499999999999,0,1,0.317550459050559,1
0,1352,0.05,0.0032031250000000007,0,1,0.2218528592111075,1,0.075,0.007916666666666664,0,1,0.34877814723495404,1
0,1353,0.00625,0.0027734374999999994,0,1,0.20643687604707509,1,-0.0125,0.004218749999999999,0,1,0.2546067901671386,1
0,1354,-0.01875,0.0030338541666666656,0,1,0.21591133225693632,1,-0.1625,0.00640625,0,0,0.31374732234759706,1
0,1355,-0.1,0.0027604166666666667,0,1,0.20595171233041729,1,-0.0625,0.005572916666666667,0,1,0.2926303462470013,1
0,1356,-0.05625,0.002669270833333334,0,1,0.20252302572823558,1,-0.1125,0.00640625,0,1,0.31374732234759706,1
0,1357,-0.01875,0.0026171875,0,1,0.2005374579203138,1,-0.075,0.004895833333333333,0,1,0.27427826850103637,1
0,1358,0.025,0.0034895833333333337,0,1,0.23156071062579284,1,-0.0125,0.005885416666666666,0,1,0.300723033821002,1
0,1359,0.025,0.0034375000000000005,0,1,0.22982614904432486,1,-0.0125,0.00796875,0,1,0.34992356295286153,1
0,1360,-0.05625,0.0029557291666666664,0,1,0.21311322698391633,1,-0.0625,0.0047395833333333335,0,1,0.2698659978748579,1
0,1361,-0.0125,0.002942708333333333,0,1,0.21264329647382202,1,-0.075,0.005520833333333335,0,1,0.2912597047716384,1
0,1362,0.1,0.002578124999999999,0,0,0.19903528352633396,1,0.075,0.006145833333333334,0,1,0.30730418590607783,1
0,1363,-0.04375,0.003033854166666667,0,1,0.21591133225693637,1,0.025,0.0077083333333333335,0,1,0.34415836515292714,1
0,1364,-0.025,0.0032291666666666666,0,1,0.22275287450588027,1,0.05,0.007395833333333332,0,1,0.3371100069396752,1
0,1365,-0.00625,0.0034765625,0,1,0.2311282906207669,1,0.025,0.006666666666666666,0,1,0.3200607784236873,1
0,1366,0.06875,0.0030859375,0,1,0.21775676181910658,1,0.0125,0.0056770833333333335,0,1,0.2953525476216445,1
0,1367,0.00625,0.004127604166666667,0,1,0.2518413900404418,1,-0.0125,0.00890625,0,1,0.3699350895592742,1
0,1368,-0.0125,0.0029427083333333336,0,1,0.21264329647382205,1,-0.025,0.006458333333333333,0,1,0.3150201361838079,1
0,1369,-0.11875,0.0037630208333333335,0,1,0.24046196849118648,1,-0.1625,0.007239583333333334,0,1,0.33352997618794933,1
0,1370,0.09375,0.0032421875,0,1,0.22320152123333958,1,0.1125,0.005052083333333333,0,1,0.27862067463643186,1
0,1371,0.00625,0.0037109375000000007,0,1,0.23879207350680304,1,0.025,0.0077083333333333335,0,1,0.34415836515292714,1
0,1372,-0.03125,0.0028515624999999995,0,1,0.20932424530747115,1,-0.0375,0.005989583333333334,0,1,0.3033726271641254,1
0,1373,0.0625,0.0035677083333333338,0,1,0.23413846029003668,1,0.05,0.006249999999999999,0,1,0.3098975161522807,1
0,1374,0.025,0.0029687500000000005,0,1,0.21358212353973527,1,0.0375,0.0066145833333333326,0,1,0.31880808955263157,1
0,1375,-0.05625,0.002877604166666667,0,1,0.2102778914532656,1,-0.0625,0.005677083333333333,0,1,0.2953525476216444,1
0,1376,-0.075,0.0032812500000000007,0,1,0.2245420829635514,1,-0.0125,0.007864583333333333,0,1,0.3476289574642327,1
0,1377,-0.00625,0.0034505208333333332,0,1,0.23026101442664737,1,0.0,0.006979166666666667,0,1,0.32747629747974794,1
0,1378,-0.0875,0.00265625,0,1,0.20202846326662757,1,-0.05,0.005625,0,1,0.2939945976810081,1
0,1379,-0.025,0.003255208333333333,0,1,0.22364926796464463,1,0.0375,0.006302083333333332,0,1,0.31118607687094724,1
0,1380,0.08125,0.0030338541666666656,0,1,0.21591133225693632,1,0.075,0.006354166666666668,0,1,0.31246932386925447,1
0,1381,0.025,0.002578125,0,1,0.199035283526334,1,-0.025,0.004375,0,1,0.2592788640868114,1
0,1382,0.0125,0.003515625,0,1,0.2324231371142106,1,0.075,0.0071875,0,1,0.33232806245479196,1
0,1383,0.04375,0.0033723958333333336,0,1,0.22763936145430078,1,0.05,0.005937500000000001,0,1,0.3020507357903395,1
0,1384,0.1125,0.0020833333333333337,0,0,0.1789194143717157,1,0.2,0.004166666666666667,0,0,0.25303026237633197,1
0,1385,-0.09375,0.0039713541666666664,0,1,0.24702869058991536,1,0.05,0.0078125,0,1,0.3464759560874195,1
0,1386,0.01875,0.0028515625,0,1,0.20932424530747118,1,0.05,0.005625,0,1,0.2939945976810081,1
0,1387,-0.09375,0.002747395833333333,0,1,0.2054654030039765,1,-0.0375,0.005052083333333334,0,1,0.2786206746364319,1
0,1388,-0.01875,0.003216145833333334,0,1,0.22230332233322106,1,-0.0125,0.007135416666666667,0,1,0.3311217860153242,1
0,1389,-0.10625,0.0033723958333333344,0,1,0.2276393614543008,1,-0.175,0.005520833333333333,0,0,0.2912597047716384,1
0,1390,0.05,0.00359375,0,1,0.2349914265403699,1,0.15,0.007395833333333334,0,1,0.33711000693967524,1
0,1391,0.10625,0.002825520833333333,0,0,0.2083662345800139,1,0.1125,0.0049479166666666664,0,1,0.2757333358390033,1
0,1392,-0.1375,0.0026302083333333334,0,0,0.2010356883973244,1,-0.1125,0.005677083333333333,0,1,0.2953525476216444,1
0,1393,-0.01875,0.0029817708333333337,0,1,0.2140499929361999,1,-0.1,0.006458333333333332,0,1,0.3150201361838079,1
0,1394,-0.03125,0.003216145833333333,0,1,0.22230332233322103,1,0.125,0.005208333333333334,0,1,0.282896433519043,1
0,1395,-0.01875,0.003502604166666667,0,1,0.2319923246268433,1,0.0,0.005520833333333333,0,1,0.2912597047716384,1
0,1396,-0.0125,0.0030208333333333333,0,1,0.2154475050139144,1,0.0375,0.004739583333333333,0,1,0.2698659978748578,1
0,1397,-0.00625,0.002747395833333333,0,1,0.2054654030039765,1,0.075,0.004270833333333332,0,1,0.2561736159720421,1
0,1398,0.05625,0.003190104166666667,0,1,0.22140147957929052,1,0.0875,0.007656249999999999,0,1,0.34299369729450946,1
0,1399,-0.09375,0.0035546875000000006,0,1,0.23371080977726427,1,-0.1125,0.0075520833333333325,0,1,0.3406524160222582,1
0,1400,0.00625,0.0030859375000000006,0,1,0.21775676181910658,1,-0.1,0.005520833333333333,0,1,0.2912597047716384,1
0,1401,-0.00625,0.003580729166666667,0,1,0.23456533112809652,1,-0.05,0.007187499999999999,0,1,0.3323280624547919,1
0,1402,-0.025,0.0030208333333333324,0,1,0.21544750501391438,1,-0.0875,0.006822916666666666,0,1,0.32378976767049095,1
0,1403,0.025,0.0030989583333333333,0,1,0.21821568068813843,1,0.075,0.005520833333333333,0,1,0.2912597047716384,1
0,1404,0.0625,0.0035677083333333338,0,1,0.23413846029003668,1,0.05,0.006458333333333332,0,1,0.3150201361838079,1
0,1405,0.0375,0.00359375,0,1,0.2349914265403699,1,0.05,0.007604166666666666,0,1,0.3418250611976536,1
0,1406,-0.025,0.0026302083333333334,0,1,0.2010356883973244,1,0.0375,0.00515625,0,1,0.2814783973537158,1
0,1407,0.0375,0.0030468749999999992,0,1,0.21637416522591055,1,0.0375,0.006406250000000001,0,1,0.31374732234759706,1
0,1408,-0.04375,0.0027734375,0,1,0.20643687604707509,1,-0.05,0.0058333333333333345,0,1,0.2993894439514019,1
0,1409,0.00625,0.0030598958333333333,0,1,0.21683601028762298,1,0.0,0.005520833333333333,0,1,0.2912597047716384,1
0,1410,0.0625,0.0034375,0,1,0.22982614904432486,1,0.025,0.0059375,0,1,0.3020507357903395,1
0,1411,0.00625,0.002955729166666667,0,1,0.21311322698391635,1,-0.075,0.006041666666666665,0,1,0.30468878357012313,1
0,1412,0.06875,0.003606770833333334,0,1,0.2354167507373308,1,0.0125,0.006614583333333333,0,1,0.31880808955263157,1
0,1413,0.0,0.002604166666666666,0,1,0.20003798651480456,1,0.0625,0.004947916666666667,0,1,0.2757333358390033,1
0,1414,-0.0625,0.0034375,0,1,0.22982614904432486,1,-0.075,0.007708333333333333,0,1,0.34415836515292714,1
0,1415,0.025,0.0029427083333333336,0,1,0.21264329647382205,1,0.0375,0.005677083333333333,0,1,0.2953525476216444,1
0,1416,0.025,0.002578125,0,1,0.199035283526334,1,0.0,0.005833333333333334,0,1,0.2993894439514018,1
0,1417,0.0375,0.0034895833333333333,0,1,0.23156071062579284,1,0.0,0.0075,0,1,0.3394757202228515,1
0,1418,-0.01875,0.0024869791666666664,0,1,0.19548532483717737,1,0.0,0.005208333333333332,0,1,0.2828964335190429,1
0,1419,-0.025,0.0029427083333333328,0,1,0.21264329647382202,1,0.025,0.005312500000000001,0,1,0.28571139273705937,1
0,1420,0.0125,0.0030468749999999992,0,1,0.21637416522591055,1,0.0125,0.007135416666666667,0,1,0.3311217860153242,1
0,1421,0.025,0.0027604166666666662,0,1,0.20595171233041729,1,0.1,0.0055208333333333325,0,1,0.2912597047716383,1
0,1422,0.0625,0.0025520833333333333,0,1,0.19802750346333006,1,0.025,0.006458333333333333,0,1,0.3150201361838079,1
0,1423,0.01875,0.0030078125,0,1,0.21498267706137672,1,0.025,0.004895833333333334,0,1,0.2742782685010364,1
0,1424,-0.0375,0.002708333333333334,0,1,0.2039995193397598,1,0.0625,0.005364583333333334,0,1,0.28710852279360866,1
0,1425,0.09375,0.0039453125,0,1,0.24621742833130061,1,0.075,0.006458333333333332,0,1,0.3150201361838079,1
0,1426,-0.00625,0.0033203125000000003,0,1,0.22587468862699922,1,-0.05,0.0069791666666666665,0,1,0.3274762974797479,1
0,1427,-0.05625,0.003554687500000001,0,1,0.23371080977726427,1,-0.0375,0.006614583333333332,0,1,0.3188080895526315,1
0,1428,0.0,0.002864583333333333,0,1,0.20980161022686847,1,0.0125,0.007031250000000001,0,1,0.3286959527162181,1
0,1429,-0.00625,0.003424479166666667,0,1,0.22939045927043203,1,0.025,0.006041666666666667,0,1,0.3046887835701232,1
0,1430,0.03125,0.0030338541666666673,0,1,0.21591133225693637,1,-0.0375,0.005781250000000001,0,1,0.29804988714735603,1
0,1431,-0.16875,0.002721354166666666,0,0,0.20448931480910562,1,-0.25,0.005416666666666668,0,0,0.2884988869678808,1
0,1432,0.05,0.0036979166666666675,0,1,0.23837277191288847,1,0.025,0.0065625,0,1,0.317550459050559,1
0,1433,0.01875,0.002643229166666667,0,1,0.20153268714933217,1,-0.025,0.005416666666666666,0,1,0.28849888696788073,1
0,1434,-0.05,0.002682291666666667,0,1,0.20301638340381314,1,-0.0625,0.00671875,0,1,0.321308583461685,1
0,1435,-0.00625,0.002174479166666667,0,1,0.18279138026950043,1,-0.0125,0.004635416666666666,0,1,0.2668839616144756,1
0,1436,-0.05,0.0028385416666666663,0,1,0.2088457892639875,1,0.0,0.005833333333333333,0,1,0.2993894439514018,1
0,1437,-0.1,0.0037760416666666676,0,1,0.24087763339691973,1,-0.275,0.006666666666666666,0,0,0.3200607784236873,1
0,1438,0.0625,0.0033072916666666663,0,1,0.22543136201979386,1,-0.025,0.006979166666666667,0,1,0.32747629747974794,1
0,1439,0.0125,0.003619791666666666,0,1,0.23584130789148666,1,0.0875,0.007447916666666666,0,1,0.33829493153141654,1
0,1440,-0.00625,0.0031901041666666675,0,1,0.22140147957929052,1,-0.0125,0.0066145833333333326,0,1,0.31880808955263157,1
0,1441,0.01875,0.0025390625,0,1,0.1975216852593019,1,0.025,0.005,0,1,0.27718076486993554,1
0,1442,-0.03125,0.003216145833333333,0,1,0.22230332233322103,1,-0.05,0.007187499999999999,0,1,0.3323280624547919,1
0,1443,0.025,0.0033854166666666668,0,1,0.22807839631049295,1,0.0,0.006666666666666665,0,1,0.3200607784236873,1
0,1444,-0.0375,0.003385416666666667,0,1,0.22807839631049298,1,0.075,0.007916666666666666,0,1,0.3487781472349541,1
0,1445,0.09375,0.0030598958333333333,0,1,0.21683601028762298,1,0.125,0.006354166666666666,0,1,0.3124693238692544,1
0,1446,0.025,0.0029427083333333328,0,1,0.21264329647382202,1,0.0125,0.006614583333333333,0,1,0.31880808955263157,1
0,1447,-0.00625,0.0032421875000000007,0,1,0.2232015212333396,1,0.0375,0.00609375,0,1,0.3059992790096397,1
0,1448,-0.13125,0.0030078125000000005,0,0,0.21498267706137672,1,-0.125,0.005833333333333334,0,1,0.2993894439514018,1
0,1449,-0.075,0.0032291666666666666,0,1,0.22275287450588027,1,-0.05,0.00625,0,1,0.3098975161522808,1
0,1450,-0.04375,0.003450520833333333,0,1,0.23026101442664734,1,-0.075,0.007604166666666667,0,1,0.3418250611976536,1
0,1451,-0.025,0.0032291666666666666,0,1,0.22275287450588027,1,-0.0625,0.007447916666666666,0,1,0.33829493153141654,1
0,1452,0.03125,0.003138020833333333,0,1,0.2195866827449266,1,0.1,0.005416666666666666,0,1,0.28849888696788073,1
0,1453,-0.0125,0.0034895833333333333,0,1,0.23156071062579284,1,-0.025,0.007499999999999998,0,1,0.33947572022285144,1
0,1454,-0.04375,0.0030859374999999993,0,1,0.21775676181910655,1,-0.1125,0.005052083333333335,0,1,0.2786206746364319,1
0,1455,0.0625,0.003125,0,1,0.21913063514414538,1,0.1,0.006458333333333332,0,1,0.3150201361838079,1
0,1456,0.025,0.003854166666666667,0,1,0.24335671380171078,1,0.1375,0.007760416666666666,0,1,0.34531910492429096,1
0,1457,0.0625,0.002942708333333333,0,1,0.21264329647382202,1,0.025,0.006666666666666666,0,1,0.3200607784236873,1
0,1458,0.05,0.003046875,0,1,0.21637416522591058,1,0.1125,0.005572916666666666,0,1,0.2926303462470013,1
0,1459,0.0625,0.0032031250000000007,0,1,0.2218528592111075,1,0.1,0.006562499999999999,0,1,0.317550459050559,1
0,1460,0.05,0.0032031250000000007,0,1,0.2218528592111075,1,0.0625,0.006822916666666667,0,1,0.32378976767049095,1
0,1461,-0.0125,0.0038281250000000012,0,1,0.24253316926119364,1,-0.1375,0.007343750000000001,0,1,0.3359209026808096,1
0,1462,-0.01875,0.0032421875,0,1,0.22320152123333958,1,-0.0125,0.007447916666666665,0,1,0.3382949315314165,1
0,1463,0.0375,0.0034375000000000005,0,1,0.22982614904432486,1,0.1,0.007291666666666666,0,1,0.33472757421059884,1
0,1464,-0.0125,0.003619791666666667,0,1,0.2358413078914867,1,0.0375,0.00671875,0,1,0.321308583461685,1
0,1465,0.03125,0.003138020833333334,0,1,0.21958668274492663,1,0.0375,0.0049479166666666664,0,1,0.2757333358390033,1
0,1466,-0.01875,0.003216145833333333,0,1,0.22230332233322103,1,0.0125,0.006927083333333335,0,1,0.3262520827367489,1
0,1467,-0.00625,0.003294270833333333,0,1,0.2249871618600823,1,-0.0125,0.005989583333333334,0,1,0.3033726271641254,1
0,1468,0.05,0.003177083333333334,0,1,0.22094917782072537,1,0.175,0.006770833333333333,0,0,0.3225515613466048,1
0,1469,-0.0375,0.002786458333333333,0,1,0.20692090221222198,1,-0.075,0.005833333333333334,0,1,0.2993894439514018,1
0,1470,-0.03125,0.0033723958333333344,0,1,0.2276393614543008,1,-0.0125,0.007760416666666664,0,1,0.34531910492429085,1
0,1471,0.0875,0.0037499999999999994,0,1,0.24004558381776547,1,0.125,0.007708333333333333,0,1,0.34415836515292714,1
0,1472,0.01875,0.0033463541666666667,0,1,0.22675874166795162,1,-0.0125,0.005989583333333334,0,1,0.3033726271641254,1
0,1473,0.0375,0.0033333333333333327,0,1,0.22631714681523432,1,0.0,0.006875,0,1,0.32502325696646456,1
0,1474,-0.01875,0.0036328125000000006,0,1,0.23626510213785598,1,-0.05,0.006666666666666666,0,1,0.3200607784236873,1
0,1475,0.04375,0.0032421875,0,1,0.22320152123333958,1,0.0,0.005625,0,1,0.2939945976810081,1
0,1476,0.00625,0.0029296874999999996,0,1,0.2121723251392822,1,-0.0125,0.004843749999999999,0,1,0.2728154406388111,1
0,1477,-0.025,0.0031510416666666674,0,1,0.22004178516628506,1,-0.0125,0.006718749999999999,0,1,0.321308583461685,1
0,1478,0.025,0.003203125,0,1,0.22185285921110748,1,0.025,0.007291666666666665,0,1,0.33472757421059884,1
0,1479,-0.04375,0.003424479166666666,0,1,0.229390459270432,1,0.025,0.005208333333333334,0,1,0.282896433519043,1
0,1480,-0.09375,0.0029557291666666664,0,1,0.21311322698391633,1,-0.25,0.007083333333333333,0,0,0.32991109901456817,1
0,1481,-0.14375,0.0034244791666666673,0,0,0.22939045927043206,1,-0.1375,0.0056770833333333335,0,1,0.2953525476216445,1
0,1482,-0.01875,0.003632812500000001,0,1,0.236265102137856,1,-0.075,0.007395833333333332,0,1,0.3371100069396752,1
0,1483,-0.075,0.0022395833333333334,0,1,0.18550759715454118,1,0.025,0.005416666666666665,0,1,0.28849888696788073,1
0,1484,-0.0375,0.0032031250000000007,0,1,0.2218528592111075,1,-0.0875,0.006614583333333332,0,1,0.3188080895526315,1
0,1485,-0.05,0.0036718750000000007,0,1,0.23753194822790674,1,0.0,0.007499999999999999,0,1,0.33947572022285144,1
0,1486,0.025,0.0030989583333333333,0,1,0.21821568068813843,1,0.125,0.0059375,0,1,0.3020507357903395,1
0,1487,0.01875,0.0026953124999999994,0,1,0.20350854505550503,1,0.05,0.004895833333333333,0,1,0.27427826850103637,1
0,1488,-0.01875,0.0036067708333333334,0,1,0.2354167507373308,1,0.0,0.005833333333333333,0,1,0.2993894439514018,1
0,1489,0.0125,0.003046875,0,1,0.21637416522591058,1,0.1,0.006770833333333332,0,1,0.32255156134660473,1
0,1490,0.05625,0.0032682291666666662,0,1,0.22409612009440483,1,0.0375,0.0049479166666666664,0,1,0.2757333358390033,1
0,1491,-0.0125,0.003619791666666666,0,1,0.23584130789148666,1,0.0125,0.006927083333333333,0,1,0.3262520827367488,1
0,1492,-0.15,0.0032031249999999994,0,0,0.22185285921110748,1,-0.1125,0.00671875,0,1,0.321308583461685,1
0,1493,0.01875,0.0025911458333333333,0,1,0.19953726486211204,1,-0.0375,0.006302083333333332,0,1,0.31118607687094724,1
0,1494,0.025,0.0034375,0,1,0.22982614904432486,1,0.0375,0.006406250000000001,0,1,0.31374732234759706,1
0,1495,-0.0125,0.002890625,0,1,0.21075309633378064,1,-0.0125,0.005572916666666667,0,1,0.2926303462470013,1
0,1496,-0.025,0.0026041666666666657,0,1,0.20003798651480456,1,0.0625,0.0047395833333333335,0,1,0.2698659978748579,1
0,1497,0.06875,0.0030078125,0,1,0.21498267706137672,1,0.0875,0.005260416666666667,0,1,0.2843073970525076,1
0,1498,-0.04375,0.0030078125000000005,0,1,0.21498267706137672,1,-0.0875,0.00703125,0,1,0.3286959527162181,1
0,1499,-0.0125,0.0025520833333333337,0,1,0.19802750346333006,1,-0.0125,0.004635416666666666,0,1,0.2668839616144756,1
0,1500,-0.03125,0.0027994791666666663,0,1,0.20740379879010032,1,-0.05,0.0048958333333333345,0,1,0.2742782685010364,1
0,1501,0.0125,0.0034375,0,1,0.22982614904432486,1,-0.0125,0.0066145833333333326,0,1,0.31880808955263157,1
0,1502,-0.09375,0.003528645833333334,0,1,0.23285315253664837,1,-0.1375,0.005885416666666666,0,1,0.300723033821002,1
0,1503,-0.0375,0.003333333333333333,0,1,0.22631714681523435,1,0.0875,0.0049479166666666664,0,1,0.2757333358390033,1
0,1504,-0.04375,0.003580729166666666,0,1,0.2345653311280965,1,0.0,0.005416666666666666,0,1,0.28849888696788073,1
0,1505,-0.1,0.002890625,0,1,0.21075309633378064,1,-0.0875,0.00515625,0,1,0.2814783973537158,1
0,1506,-0.03125,0.0030598958333333333,0,1,0.21683601028762298,1,0.0375,0.007135416666666667,0,1,0.3311217860153242,1
0,1507,-0.04375,0.0028515625000000004,0,1,0.2093242453074712,1,0.075,0.0055208333333333325,0,1,0.2912597047716383,1
0,1508,0.04375,0.0029817708333333332,0,1,0.2140499929361999,1,-0.025,0.005520833333333333,0,1,0.2912597047716384,1
0,1509,-0.0625,0.003671875,0,1,0.23753194822790671,1,0.0625,0.006302083333333332,0,1,0.31118607687094724,1
0,1510,-0.0375,0.0034895833333333337,0,1,0.23156071062579284,1,-0.125,0.006770833333333333,0,1,0.3225515613466048,1
0,1511,0.05,0.003125,0,1,0.21913063514414538,1,0.0375,0.00546875,0,1,0.28988258261351957,1
0,1512,-0.0625,0.002734375,0,1,0.20497793991388927,1,0.0,0.0038541666666666668,0,1,0.24335671380171078,1
0,1513,-0.01875,0.002955729166666667,0,1,0.21311322698391635,1,-0.0625,0.005677083333333333,0,1,0.2953525476216444,1
0,1514,-0.11875,0.0030338541666666673,0,0,0.21591133225693637,1,-0.1,0.006458333333333333,0,1,0.3150201361838079,1
0,1515,0.1,0.0034114583333333327,0,1,0.22895394039862088,1,0.0625,0.005885416666666667,0,1,0.3007230338210021,1
0,1516,-0.025,0.0027604166666666667,0,1,0.20595171233041729,1,0.0125,0.005364583333333334,0,1,0.28710852279360866,1
0,1517,0.0125,0.0025520833333333333,0,1,0.19802750346333006,1,-0.0625,0.005052083333333333,0,1,0.27862067463643186,1
0,1518,0.04375,0.003138020833333333,0,1,0.2195866827449266,1,0.025,0.00625,0,1,0.3098975161522808,1
0,1519,-0.0125,0.0030989583333333325,0,1,0.2182156806881384,1,-0.075,0.004479166666666666,0,1,0.2623473598191967,1
0,1520,-0.06875,0.0027734374999999994,0,1,0.20643687604707509,1,-0.05,0.005833333333333334,0,1,0.2993894439514018,1
0,1521,0.075,0.0034895833333333315,0,1,0.23156071062579278,1,0.1625,0.00515625,0,0,0.2814783973537158,1
0,1522,-0.00625,0.0025130208333333333,0,1,0.19650614287392068,1,0.0625,0.00640625,0,1,0.31374732234759706,1
0,1523,0.04375,0.0032682291666666662,0,1,0.22409612009440483,1,0.1,0.0053125,0,1,0.28571139273705937,1
0,1524,-0.05,0.0034114583333333327,0,1,0.22895394039862088,1,-0.0875,0.007135416666666667,0,1,0.3311217860153242,1
0,1525,0.08125,0.002825520833333333,0,1,0.2083662345800139,1,0.125,0.0046875,0,1,0.26837912155757354,1
0,1526,-0.025,0.002734375,0,1,0.20497793991388927,1,-0.05,0.0059375,0,1,0.3020507357903395,1
0,1527,0.10625,0.003450520833333334,0,1,0.2302610144266474,1,0.0125,0.006302083333333334,0,1,0.31118607687094724,1
0,1528,0.025,0.0028125,0,1,0.20788557365245167,1,0.075,0.004062499999999999,0,1,0.24984736507772004,1
0,1529,-0.0375,0.0033072916666666667,0,1,0.22543136201979388,1,0.05,0.006458333333333333,0,1,0.3150201361838079,1
0,1530,0.0625,0.0034635416666666664,0,1,0.2306950600793896,1,0.0875,0.00796875,0,1,0.34992356295286153,1
0,1531,0.0125,0.0034374999999999996,0,1,0.22982614904432483,1,-0.025,0.006458333333333333,0,1,0.3150201361838079,1
0,1532,0.00625,0.0034244791666666664,0,1,0.22939045927043203,1,-0.0875,0.006822916666666667,0,1,0.32378976767049095,1
0,1533,0.00625,0.0033203124999999995,0,1,0.2258746886269992,1,0.025,0.006354166666666668,0,1,0.31246932386925447,1
0,1534,-0.025,0.002708333333333333,0,1,0.20399951933975977,1,-0.025,0.006666666666666666,0,1,0.3200607784236873,1
0,1535,-0.00625,0.002851562499999999,0,1,0.20932424530747115,1,-0.075,0.005520833333333333,0,1,0.2912597047716384,1
0,1536,-0.0625,0.0033333333333333335,0,1,0.22631714681523435,1,-0.05,0.007291666666666666,0,1,0.33472757421059884,1
0,1537,-0.025,0.003515625,0,1,0.2324231371142106,1,0.0,0.005416666666666668,0,1,0.2884988869678808,1
0,1538,-0.23125,0.0028515625,0,0,0.20932424530747118,1,-0.25,0.006666666666666667,0,0,0.32006077842368735,1
0,1539,0.0125,0.003125,0,1,0.21913063514414538,1,-0.0875,0.00703125,0,1,0.3286959527162181,1
0,1540,-0.05625,0.0035546875000000006,0,1,0.23371080977726427,1,0.025,0.0067708333333333336,0,1,0.3225515613466048,1
0,1541,0.0125,0.0033593750000000004,0,1,0.22719947821920128,1,0.1,0.007499999999999999,0,1,0.33947572022285144,1
0,1542,0.10625,0.0029557291666666664,0,1,0.21311322698391633,1,0.1125,0.006822916666666667,0,1,0.32378976767049095,1
0,1543,-0.01875,0.003372395833333333,0,1,0.22763936145430075,1,-0.025,0.006145833333333334,0,1,0.30730418590607783,1
0,1544,-0.1,0.00296875,0,1,0.21358212353973524,1,-0.1,0.004791666666666666,0,1,0.27134472674067345,1
0,1545,0.05,0.0028385416666666667,0,1,0.2088457892639875,1,0.1125,0.0056770833333333335,0,1,0.2953525476216445,1
0,1546,-0.10625,0.003190104166666666,0,1,0.2214014795792905,1,-0.125,0.007291666666666666,0,1,0.33472757421059884,1
0,1547,0.0375,0.003151041666666667,0,1,0.22004178516628506,1,-0.0125,0.004114583333333333,0,1,0.25144385010824477,1
0,1548,0.1,0.003072916666666667,0,1,0.2172968737411991,1,0.1375,0.007135416666666667,0,1,0.3311217860153242,1
0,1549,0.0125,0.003984375000000001,0,1,0.24743332426092615,1,-0.025,0.006041666666666667,0,1,0.3046887835701232,1
0,1550,0.0375,0.002708333333333334,0,1,0.2039995193397598,1,0.05,0.005937499999999999,0,1,0.3020507357903395,1
0,1551,-0.0625,0.003411458333333333,0,1,0.22895394039862088,1,-0.0875,0.006406250000000001,0,1,0.31374732234759706,1
0,1552,0.01875,0.003893229166666667,0,1,0.24458683139756568,1,0.05,0.008020833333333333,0,1,0.35106524155860713,1
0,1553,-0.05625,0.0024869791666666673,0,1,0.19548532483717743,1,0.0,0.005208333333333334,0,1,0.282896433519043,1
0,1554,0.1125,0.0029947916666666664,0,0,0.21451684189413125,1,0.225,0.0060416666666666665,0,0,0.3046887835701232,1
0,1555,0.0,0.003151041666666667,0,1,0.22004178516628506,1,-0.025,0.005208333333333332,0,1,0.2828964335190429,1
0,1556,0.13125,0.0030338541666666673,0,0,0.21591133225693637,1,0.175,0.005729166666666666,0,0,0.29670428259055126,1
0,1557,-0.00625,0.0034244791666666673,0,1,0.22939045927043206,1,-0.075,0.0077083333333333335,0,1,0.34415836515292714,1
0,1558,0.00625,0.0030859375000000006,0,1,0.21775676181910658,1,0.0375,0.007760416666666666,0,1,0.34531910492429096,1
0,1559,-0.03125,0.0030859375000000006,0,1,0.21775676181910658,1,-0.0125,0.00515625,0,1,0.2814783973537158,1
0,1560,-0.13125,0.0028776041666666668,0,0,0.21027789145326556,1,-0.175,0.00625,0,0,0.3098975161522808,1
0,1561,-0.10625,0.0030859374999999993,0,1,0.21775676181910655,1,-0.0625,0.0056770833333333335,0,1,0.2953525476216445,1
0,1562,0.0,0.002526041666666667,0,1,0.1970145684141917,1,0.05,0.0053125,0,1,0.28571139273705937,1
0,1563,-0.0375,0.003776041666666668,0,1,0.24087763339691975,1,-0.0125,0.006614583333333332,0,1,0.3188080895526315,1
0,1564,-0.10625,0.0032942708333333344,0,1,0.22498716186008236,1,-0.1875,0.0075520833333333325,0,0,0.3406524160222582,1
0,1565,0.05625,0.0033203124999999995,0,1,0.2258746886269992,1,0.1625,0.0061979166666666675,0,0,0.3086035751516421,1
0,1566,0.0,0.003072916666666667,0,1,0.2172968737411991,1,-0.0125,0.00515625,0,1,0.2814783973537158,1
0,1567,0.01875,0.003111979166666667,0,1,0.21867363645037802,1,-0.075,0.0065625,0,1,0.317550459050559,1
0,1568,-0.00625,0.0030598958333333333,0,1,0.21683601028762298,1,-0.05,0.006770833333333333,0,1,0.3225515613466048,1
0,1569,-0.0125,0.003255208333333334,0,1,0.22364926796464465,1,-0.0125,0.006406249999999999,0,1,0.313747322347597,1
0,1570,0.05625,0.0028255208333333335,0,1,0.20836623458001394,1,0.0125,0.0034895833333333333,0,1,0.23156071062579284,1
0,1571,0.075,0.0032031250000000007,0,1,0.2218528592111075,1,0.125,0.005416666666666668,0,1,0.2884988869678808,1
0,1572,-0.06875,0.0029296875,0,1,0.2121723251392822,1,-0.1,0.005520833333333335,0,1,0.2912597047716384,1
0,1573,-0.13125,0.003190104166666667,0,0,0.22140147957929052,1,-0.05,0.0071875,0,1,0.33232806245479196,1
0,1574,-0.0375,0.0034114583333333336,0,1,0.2289539403986209,1,0.0,0.006770833333333332,0,1,0.32255156134660473,1
0,1575,0.0125,0.003203125,0,1,0.22185285921110748,1,-0.1,0.005208333333333334,0,1,0.282896433519043,1
0,1576,0.13125,0.003190104166666667,0,0,0.22140147957929052,1,0.2125,0.007135416666666665,0,0,0.3311217860153242,1
0,1577,0.075,0.0029947916666666673,0,1,0.21451684189413128,1,0.1875,0.006927083333333333,0,0,0.3262520827367488,1
0,1578,0.0875,0.0031770833333333325,0,1,0.22094917782072532,1,0.1125,0.00578125,0,1,0.298049887147356,1
0,1579,0.0125,0.0033072916666666667,0,1,0.22543136201979388,1,-0.0125,0.0066145833333333326,0,1,0.31880808955263157,1
0,1580,0.05,0.002942708333333333,0,1,0.21264329647382202,1,0.0,0.00625,0,1,0.3098975161522808,1
0,1581,-0.0875,0.0028385416666666663,0,1,0.2088457892639875,1,-0.1375,0.005572916666666667,0,1,0.2926303462470013,1
0,1582,0.0,0.003411458333333333,0,1,0.22895394039862088,1,0.0625,0.008177083333333333,0,1,0.3544682152091172,1
0,1583,0.00625,0.0026171875000000006,0,1,0.2005374579203138,1,0.0,0.005416666666666666,0,1,0.28849888696788073,1
0,1584,-0.0875,0.003671875,0,1,0.23753194822790671,1,-0.0625,0.007239583333333334,0,1,0.33352997618794933,1
0,1585,-0.05,0.0027604166666666675,0,1,0.20595171233041734,1,-0.15,0.005729166666666666,0,0,0.29670428259055126,1
0,1586,0.1375,0.002994791666666667,0,0,0.21451684189413125,1,0.1625,0.005677083333333333,0,0,0.2953525476216444,1
0,1587,-0.025,0.003541666666666667,0,1,0.23328237530190768,1,-0.125,0.006354166666666666,0,1,0.3124693238692544,1
0,1588,-0.00625,0.0030078125,0,1,0.21498267706137672,1,-0.0375,0.00703125,0,1,0.3286959527162181,1
0,1589,-0.0125,0.0035156250000000005,0,1,0.23242313711421062,1,-0.05,0.007604166666666665,0,1,0.3418250611976536,1
0,1590,-0.00625,0.0030598958333333324,0,1,0.21683601028762295,1,-0.025,0.006145833333333333,0,1,0.3073041859060778,1
0,1591,-0.0625,0.0025781249999999993,0,1,0.19903528352633398,1,-0.025,0.005104166666666667,0,1,0.2800531811207264,1
0,1592,0.0,0.002942708333333332,0,1,0.21264329647382196,1,-0.0125,0.006302083333333334,0,1,0.31118607687094724,1
0,1593,-0.16875,0.0029817708333333332,0,0,0.2140499929361999,1,-0.2625,0.005677083333333333,0,0,0.2953525476216444,1
0,1594,-0.0625,0.003151041666666667,0,1,0.22004178516628506,1,-0.0125,0.00609375,0,1,0.3059992790096397,1
0,1595,0.03125,0.002903645833333333,0,1,0.21122723213288647,1,0.0625,0.005781250000000001,0,1,0.29804988714735603,1
0,1596,0.0,0.003125,0,1,0.21913063514414538,1,0.0375,0.00640625,0,1,0.31374732234759706,1
0,1597,0.08125,0.003059895833333334,0,1,0.216836010287623,1,0.025,0.006979166666666665,0,1,0.3274762974797479,1
0,1598,0.03125,0.0032942708333333344,0,1,0.22498716186008236,1,0.0125,0.00734375,0,1,0.3359209026808096,1
0,1599,-0.05625,0.0033203125,0,1,0.22587468862699922,1,-0.0125,0.0056770833333333335,0,1,0.2953525476216445,1
0,1600,-0.0125,0.0027604166666666667,0,1,0.20595171233041729,1,-0.0625,0.006197916666666667,0,1,0.30860357515164205,1
0,1601,-0.11875,0.0033463541666666663,0,0,0.22675874166795162,1,-0.1875,0.00609375,0,0,0.3059992790096397,1
0,1602,-0.0875,0.0029166666666666664,0,1,0.21170030603370604,1,-0.1625,0.00609375,0,0,0.3059992790096397,1
0,1603,-0.025,0.0033854166666666668,0,1,0.22807839631049295,1,0.0875,0.006822916666666666,0,1,0.32378976767049095,1
0,1604,-0.00625,0.003554687499999999,0,1,0.2337108097772642,1,-0.0125,0.008177083333333333,0,1,0.3544682152091172,1
0,1605,-0.05625,0.0029817708333333332,0,1,0.2140499929361999,1,0.0,0.0045833333333333325,0,1,0.265380378035112,1
0,1606,0.0125,0.002890625,0,1,0.21075309633378064,1,-0.0625,0.00421875,0,1,0.25460679016713866,1
0,1607,0.0375,0.003203125,0,1,0.22185285921110748,1,0.0375,0.0068229166666666655,0,1,0.3237897676704909,1
0,1608,0.01875,0.0034244791666666664,0,1,0.22939045927043203,1,-0.0125,0.00734375,0,1,0.3359209026808096,1
0,1609,-0.0625,0.0027604166666666667,0,1,0.20595171233041729,1,-0.2,0.006458333333333333,0,0,0.3150201361838079,1
0,1610,0.00625,0.0032421875,0,1,0.22320152123333958,1,0.0125,0.006197916666666667,0,1,0.30860357515164205,1
0,1611,-0.03125,0.0032682291666666667,0,1,0.22409612009440483,1,-0.0625,0.006822916666666666,0,1,0.32378976767049095,1
0,1612,0.025,0.0026562499999999993,0,1,0.20202846326662754,1,0.05,0.006770833333333333,0,1,0.3225515613466048,1
0,1613,0.0625,0.0032291666666666658,0,1,0.22275287450588024,1,0.025,0.007187499999999999,0,1,0.3323280624547919,1
0,1614,-0.0875,0.0028125000000000008,0,1,0.2078855736524517,1,-0.125,0.005833333333333334,0,1,0.2993894439514018,1
0,1615,-0.04375,0.0027994791666666667,0,1,0.20740379879010035,1,0.0,0.006875000000000001,0,1,0.32502325696646456,1
0,1616,-0.00625,0.0033723958333333336,0,1,0.22763936145430078,1,0.025,0.006354166666666666,0,1,0.3124693238692544,1
0,1617,-0.025,0.0033333333333333327,0,1,0.22631714681523432,1,-0.025,0.005729166666666667,0,1,0.2967042825905513,1
0,1618,0.03125,0.0035286458333333337,0,1,0.23285315253664834,1,0.0,0.0075,0,1,0.3394757202228515,1
0,1619,-0.075,0.0028125,0,1,0.20788557365245167,1,-0.0125,0.004843749999999999,0,1,0.2728154406388111,1
0,1620,0.01875,0.0028515625,0,1,0.20932424530747118,1,0.125,0.005416666666666666,0,1,0.28849888696788073,1
0,1621,0.0,0.0031249999999999993,0,1,0.21913063514414535,1,0.0,0.006875,0,1,0.32502325696646456,1
0,1622,0.00625,0.0026953125,0,1,0.20350854505550506,1,-0.075,0.005,0,1,0.27718076486993554,1
0,1623,-0.01875,0.0023307291666666663,0,1,0.18924481621371544,1,0.025,0.004375,0,1,0.2592788640868114,1
0,1624,0.0,0.002708333333333333,0,1,0.20399951933975977,1,-0.05,0.0056250000000000015,0,1,0.29399459768100816,1
0,1625,0.1125,0.003255208333333333,0,0,0.22364926796464463,1,0.0125,0.006927083333333333,0,1,0.3262520827367488,1
0,1626,-0.0625,0.002473958333333333,0,1,0.19497291157094687,1,-0.125,0.005416666666666666,0,1,0.28849888696788073,1
0,1627,-0.0375,0.0034114583333333336,0,1,0.2289539403986209,1,-0.0625,0.006718749999999999,0,1,0.321308583461685,1
0,1628,0.04375,0.0032682291666666667,0,1,0.22409612009440483,1,-0.15,0.0065625,0,1,0.317550459050559,1
0,1629,-0.0125,0.0035156249999999997,0,1,0.2324231371142106,1,0.0125,0.00609375,0,1,0.3059992790096397,1
0,1630,0.00625,0.0030859375,0,1,0.21775676181910658,1,0.0625,0.007135416666666667,0,1,0.3311217860153242,1
0,1631,-0.0375,0.0030729166666666665,0,1,0.2172968737411991,1,-0.0625,0.005781250000000001,0,1,0.29804988714735603,1
0,1632,-0.04375,0.0030078124999999988,0,1,0.21498267706137666,1,-0.05,0.007604166666666667,0,1,0.3418250611976536,1
0,1633,0.0,0.0026562500000000006,0,1,0.2020284632666276,1,0.05,0.005,0,1,0.27718076486993554,1
0,1634,0.0875,0.0032812499999999994,0,1,0.22454208296355135,1,0.1,0.006249999999999999,0,1,0.3098975161522807,1
0,1635,-0.1125,0.0032291666666666675,0,0,0.2227528745058803,1,-0.1125,0.00703125,0,1,0.3286959527162181,1
0,1636,-0.01875,0.0030078125000000005,0,1,0.21498267706137672,1,-0.025,0.0060416666666666665,0,1,0.3046887835701232,1
0,1637,0.0375,0.0028906249999999995,0,1,0.21075309633378064,1,0.0,0.005833333333333334,0,1,0.2993894439514018,1
0,1638,0.13125,0.0029557291666666664,0,0,0.21311322698391633,1,0.0625,0.005364583333333332,0,1,0.28710852279360866,1
0,1639,0.0125,0.0030729166666666665,0,1,0.2172968737411991,1,0.075,0.006875,0,1,0.32502325696646456,1
0,1640,0.00625,0.003138020833333334,0,1,0.21958668274492663,1,0.0875,0.005885416666666666,0,1,0.300723033821002,1
0,1641,0.04375,0.0029557291666666673,0,1,0.21311322698391638,1,0.1,0.006666666666666666,0,1,0.3200607784236873,1
0,1642,0.04375,0.0036328125,0,1,0.23626510213785598,1,0.05,0.005208333333333334,0,1,0.282896433519043,1
0,1643,-0.025,0.00265625,0,1,0.20202846326662757,1,-0.0125,0.007031249999999999,0,1,0.3286959527162181,1
0,1644,0.0375,0.0032031249999999994,0,1,0.22185285921110748,1,0.025,0.006562499999999999,0,1,0.317550459050559,1
0,1645,0.05625,0.0028776041666666668,0,1,0.21027789145326556,1,0.1,0.006145833333333333,0,1,0.3073041859060778,1
0,1646,-0.05,0.00328125,0,1,0.22454208296355138,1,0.0125,0.008385416666666666,0,1,0.3589553332622999,1
0,1647,-0.0625,0.003645833333333334,0,1,0.23668813757443782,1,-0.025,0.0071875,0,1,0.33232806245479196,1
0,1648,-0.01875,0.003606770833333334,0,1,0.2354167507373308,1,-0.0375,0.006302083333333334,0,1,0.31118607687094724,1
0,1649,-0.125,0.003750000000000001,0,0,0.24004558381776553,1,-0.25,0.006875,0,0,0.32502325696646456,1
0,1650,-0.00625,0.0024088541666666663,0,1,0.19239037487678495,1,-0.0625,0.005885416666666666,0,1,0.300723033821002,1
0,1651,-0.1,0.0033854166666666663,0,1,0.22807839631049295,1,-0.1,0.0065625,0,1,0.317550459050559,1
0,1652,-0.09375,0.0031640624999999993,0,1,0.22049594826075605,1,-0.1125,0.007656249999999999,0,1,0.34299369729450946,1
0,1653,0.14375,0.003033854166666667,0,0,0.21591133225693637,1,0.1375,0.006197916666666665,0,1,0.30860357515164205,1
0,1654,0.00625,0.0030078124999999996,0,1,0.2149826770613767,1,0.0375,0.006302083333333332,0,1,0.31118607687094724,1
0,1655,-0.09375,0.0028515625,0,1,0.20932424530747118,1,-0.0125,0.006197916666666667,0,1,0.30860357515164205,1
0,1656,0.1,0.002942708333333333,0,1,0.21264329647382202,1,0.1125,0.006093750000000001,0,1,0.3059992790096397,1
0,1657,0.01875,0.0030598958333333333,0,1,0.21683601028762298,1,0.0375,0.006197916666666667,0,1,0.30860357515164205,1
0,1658,0.0125,0.002734375,0,1,0.20497793991388927,1,0.0625,0.00515625,0,1,0.2814783973537158,1
0,1659,-0.05,0.0031249999999999993,0,1,0.21913063514414535,1,-0.05,0.006249999999999999,0,1,0.3098975161522807,1
0,1660,-0.03125,0.0033463541666666667,0,1,0.22675874166795162,1,-0.0375,0.006510416666666666,0,1,0.316287827970415,1
0,1661,0.0625,0.0033854166666666668,0,1,0.22807839631049295,1,0.0,0.007083333333333333,0,1,0.32991109901456817,1
0,1662,-0.01875,0.0029296875,0,1,0.2121723251392822,1,0.0,0.005416666666666666,0,1,0.28849888696788073,1
0,1663,0.0,0.003333333333333333,0,1,0.22631714681523435,1,-0.0375,0.00640625,0,1,0.31374732234759706,1
0,1664,-0.03125,0.0030598958333333337,0,1,0.21683601028762298,1,-0.075,0.0055208333333333325,0,1,0.2912597047716383,1
0,1665,0.05,0.0029947916666666664,0,1,0.21451684189413125,1,0.0375,0.005677083333333333,0,1,0.2953525476216444,1
0,1666,-0.0875,0.003125,0,1,0.21913063514414538,1,-0.05,0.0043749999999999995,0,1,0.25927886408681133,1
0,1667,0.05625,0.0030598958333333333,0,1,0.21683601028762298,1,0.075,0.005833333333333334,0,1,0.2993894439514018,1
0,1668,0.06875,0.0025911458333333338,0,1,0.19953726486211204,1,0.05,0.005416666666666666,0,1,0.28849888696788073,1
0,1669,0.025,0.002734375,0,1,0.20497793991388927,1,0.1,0.007083333333333334,0,1,0.32991109901456817,1
0,1670,-0.0375,0.003177083333333333,0,1,0.22094917782072535,1,-0.0375,0.005364583333333334,0,1,0.28710852279360866,1
0,1671,-0.00625,0.0032682291666666667,0,1,0.22409612009440483,1,0.0,0.006354166666666666,0,1,0.3124693238692544,1
0,1672,0.0,0.0032031249999999994,0,1,0.22185285921110748,1,-0.025,0.0065625000000000015,0,1,0.31755045905055906,1
0,1673,-0.06875,0.0033203125000000003,0,1,0.22587468862699922,1,-0.1,0.0078125,0,1,0.3464759560874195,1
0,1674,0.0125,0.0028125,0,1,0.20788557365245167,1,0.0375,0.005781249999999999,0,1,0.298049887147356,1
0,1675,-0.04375,0.0035026041666666656,0,1,0.23199232462684327,1,-0.075,0.008125,0,1,0.35333753221609376,1
0,1676,0.075,0.003229166666666666,0,1,0.22275287450588027,1,0.1625,0.006302083333333334,0,0,0.31118607687094724,1
0,1677,0.00625,0.0030859375000000006,0,1,0.21775676181910658,1,0.0375,0.005260416666666667,0,1,0.2843073970525076,1
0,1678,-0.03125,0.0028776041666666663,0,1,0.21027789145326556,1,-0.0375,0.007135416666666667,0,1,0.3311217860153242,1
0,1679,-0.01875,0.0030598958333333337,0,1,0.21683601028762298,1,-0.075,0.005520833333333333,0,1,0.2912597047716384,1
0,1680,-0.04375,0.0030859375,0,1,0.21775676181910658,1,0.0,0.007083333333333333,0,1,0.32991109901456817,1
0,1681,-0.0625,0.0025,0,1,0.1959963984540054,1,-0.1375,0.0034895833333333333,0,0,0.23156071062579284,1
0,1682,-0.0625,0.0030208333333333337,0,1,0.21544750501391444,1,-0.0125,0.00640625,0,1,0.31374732234759706,1
0,1683,0.0125,0.0028125000000000008,0,1,0.2078855736524517,1,0.0,0.0053125,0,1,0.28571139273705937,1
0,1684,0.025,0.003177083333333334,0,1,0.22094917782072537,1,0.025,0.006458333333333333,0,1,0.3150201361838079,1
0,1685,0.06875,0.0030859375000000006,0,1,0.21775676181910658,1,0.175,0.006666666666666666,0,0,0.3200607784236873,1
0,1686,0.01875,0.0029557291666666664,0,1,0.21311322698391633,1,0.0375,0.005260416666666668,0,1,0.2843073970525076,1
0,1687,-0.0125,0.002942708333333333,0,1,0.21264329647382202,1,-0.025,0.0073958333333333315,0,1,0.3371100069396752,1
0,1688,-0.075,0.003489583333333334,0,1,0.23156071062579286,1,-0.1,0.006145833333333333,0,1,0.3073041859060778,1
0,1689,0.04375,0.0030598958333333337,0,1,0.21683601028762298,1,0.125,0.005624999999999999,0,1,0.2939945976810081,1
0,1690,-0.0375,0.003177083333333334,0,1,0.22094917782072537,1,0.0,0.006458333333333333,0,1,0.3150201361838079,1
0,1691,-0.0125,0.003203124999999999,0,1,0.22185285921110745,1,-0.0625,0.00546875,0,1,0.28988258261351957,1
0,1692,0.09375,0.0033723958333333336,0,1,0.22763936145430078,1,0.05,0.005729166666666666,0,1,0.29670428259055126,1
0,1693,-0.025,0.003151041666666666,0,1,0.22004178516628503,1,-0.0125,0.00734375,0,1,0.3359209026808096,1
0,1694,0.0125,0.0034375000000000005,0,1,0.22982614904432486,1,0.125,0.005,0,1,0.27718076486993554,1
0,1695,-0.09375,0.0033203125000000003,0,1,0.22587468862699922,1,-0.075,0.006249999999999999,0,1,0.3098975161522807,1
0,1696,-0.01875,0.003111979166666666,0,1,0.21867363645037796,1,0.0625,0.0075520833333333325,0,1,0.3406524160222582,1
0,1697,0.0,0.0028124999999999995,0,1,0.20788557365245164,1,0.05,0.007291666666666665,0,1,0.33472757421059884,1
0,1698,0.0375,0.003151041666666667,0,1,0.22004178516628506,1,0.05,0.0069791666666666665,0,1,0.3274762974797479,1
0,1699,0.05625,0.003111979166666666,0,1,0.21867363645037796,1,0.0375,0.005364583333333334,0,1,0.28710852279360866,1
0,1700,0.075,0.00359375,0,1,0.2349914265403699,1,0.1,0.006250000000000001,0,1,0.3098975161522808,1
0,1701,0.0625,0.0030468750000000005,0,1,0.2163741652259106,1,0.0875,0.0056770833333333335,0,1,0.2953525476216445,1
0,1702,0.075,0.003046875,0,1,0.21637416522591058,1,0.125,0.005,0,1,0.27718076486993554,1
0,1703,0.025,0.0028385416666666667,0,1,0.2088457892639875,1,-0.075,0.007291666666666665,0,1,0.33472757421059884,1
0,1704,0.0125,0.0027604166666666662,0,1,0.20595171233041729,1,0.0125,0.005781249999999999,0,1,0.298049887147356,1
0,1705,0.025,0.003541666666666667,0,1,0.23328237530190768,1,-0.025,0.005833333333333334,0,1,0.2993894439514018,1
0,1706,-0.03125,0.0031640625,0,1,0.22049594826075608,1,-0.0875,0.005364583333333334,0,1,0.28710852279360866,1
0,1707,0.0125,0.002916666666666667,0,1,0.21170030603370604,1,0.025,0.0055208333333333325,0,1,0.2912597047716383,1
0,1708,0.08125,0.0033203125,0,1,0.22587468862699922,1,0.1125,0.00734375,0,1,0.3359209026808096,1
0,1709,0.00625,0.002747395833333333,0,1,0.2054654030039765,1,0.1625,0.004218749999999999,0,0,0.2546067901671386,1
0,1710,0.0,0.0034895833333333333,0,1,0.23156071062579284,1,0.05,0.006874999999999999,0,1,0.32502325696646456,1
0,1711,-0.00625,0.0033203124999999995,0,1,0.2258746886269992,1,-0.0375,0.006822916666666666,0,1,0.32378976767049095,1
0,1712,-0.08125,0.0030859375000000006,0,1,0.21775676181910658,1,-0.075,0.0067708333333333336,0,1,0.3225515613466048,1
0,1713,0.0375,0.0035677083333333325,0,1,0.23413846029003663,1,-0.0125,0.007447916666666666,0,1,0.33829493153141654,1
0,1714,-0.01875,0.003138020833333333,0,1,0.2195866827449266,1,-0.0125,0.005677083333333333,0,1,0.2953525476216444,1
0,1715,-0.0625,0.0028385416666666663,0,1,0.2088457892639875,1,-0.1125,0.006093750000000001,0,1,0.3059992790096397,1
0,1716,0.01875,0.003580729166666667,0,1,0.23456533112809652,1,0.125,0.006770833333333334,0,1,0.3225515613466048,1
0,1717,-0.05,0.00296875,0,1,0.21358212353973524,1,0.0625,0.0056770833333333335,0,1,0.2953525476216445,1
0,1718,-0.0625,0.003072916666666667,0,1,0.2172968737411991,1,-0.1375,0.007135416666666667,0,1,0.3311217860153242,1
0,1719,0.03125,0.0030859374999999993,0,1,0.21775676181910655,1,0.0,0.005729166666666666,0,1,0.29670428259055126,1
0,1720,0.00625,0.0034505208333333337,0,1,0.23026101442664737,1,0.05,0.0073958333333333315,0,1,0.3371100069396752,1
0,1721,0.05625,0.0027734375000000007,0,1,0.20643687604707514,1,-0.0125,0.00578125,0,1,0.298049887147356,1
0,1722,0.04375,0.0030598958333333324,0,1,0.21683601028762295,1,-0.0375,0.005885416666666667,0,1,0.3007230338210021,1
0,1723,0.0,0.003333333333333333,0,1,0.22631714681523435,1,-0.0625,0.008281249999999997,0,1,0.35671882966209234,1
0,1724,-0.03125,0.0033723958333333336,0,1,0.22763936145430078,1,-0.0375,0.006406249999999999,0,1,0.313747322347597,1
0,1725,0.025,0.003072916666666667,0,1,0.2172968737411991,1,-0.025,0.0058333333333333345,0,1,0.2993894439514019,1
0,1726,-0.08125,0.003294270833333333,0,1,0.2249871618600823,1,-0.0625,0.005781250000000001,0,1,0.29804988714735603,1
0,1727,0.0875,0.0032812499999999994,0,1,0.22454208296355135,1,0.0875,0.007239583333333332,0,1,0.33352997618794933,1
0,1728,0.03125,0.0032942708333333335,0,1,0.22498716186008233,1,0.0625,0.007031249999999999,0,1,0.3286959527162181,1
0,1729,0.03125,0.0030598958333333324,0,1,0.21683601028762295,1,-0.1,0.004166666666666667,0,1,0.25303026237633197,1
0,1730,0.09375,0.003450520833333333,0,1,0.23026101442664734,1,0.1125,0.006927083333333334,0,1,0.3262520827367488,1
0,1731,0.0375,0.0028906250000000004,0,1,0.21075309633378067,1,0.125,0.0053125,0,1,0.28571139273705937,1
0,1732,-0.0125,0.0034635416666666673,0,1,0.23069506007938964,1,-0.0125,0.007343749999999999,0,1,0.33592090268080954,1
0,1733,-0.09375,0.0031640625000000006,0,1,0.2204959482607561,1,-0.1125,0.00546875,0,1,0.28988258261351957,1
0,1734,0.03125,0.0027734375,0,1,0.20643687604707509,1,0.0375,0.004843750000000001,0,1,0.27281544063881114,1
0,1735,-0.04375,0.0033463541666666676,0,1,0.22675874166795165,1,-0.075,0.007499999999999999,0,1,0.33947572022285144,1
0,1736,0.025,0.0034635416666666656,0,1,0.23069506007938959,1,-0.0125,0.005572916666666666,0,1,0.2926303462470013,1
0,1737,-0.01875,0.002747395833333333,0,1,0.2054654030039765,1,0.0,0.0060416666666666665,0,1,0.3046887835701232,1
0,1738,0.04375,0.0030859375,0,1,0.21775676181910658,1,0.0,0.006249999999999999,0,1,0.3098975161522807,1
0,1739,0.05,0.0032291666666666666,0,1,0.22275287450588027,1,0.025,0.005729166666666667,0,1,0.2967042825905513,1
0,1740,-0.1125,0.0031510416666666674,0,0,0.22004178516628506,1,-0.1,0.008749999999999997,0,1,0.36667568602825895,1
0,1741,-0.09375,0.002747395833333333,0,1,0.2054654030039765,1,-0.075,0.005729166666666667,0,1,0.2967042825905513,1
0,1742,0.01875,0.003502604166666667,0,1,0.2319923246268433,1,0.0625,0.0071354166666666675,0,1,0.33112178601532427,1
0,1743,0.0,0.002864583333333333,0,1,0.20980161022686847,1,0.0,0.006458333333333332,0,1,0.3150201361838079,1
0,1744,0.03125,0.0027734375000000007,0,1,0.20643687604707514,1,0.0,0.0046875,0,1,0.26837912155757354,1
0,1745,0.04375,0.0033463541666666667,0,1,0.22675874166795162,1,0.05,0.006875,0,1,0.32502325696646456,1
0,1746,-0.01875,0.0037890625000000008,0,1,0.24129258225470868,1,-0.0625,0.009322916666666665,0,1,0.3784896324274309,1
0,1747,0.08125,0.0029557291666666664,0,1,0.21311322698391633,1,0.1,0.007291666666666666,0,1,0.33472757421059884,1
0,1748,-0.04375,0.0030078125000000005,0,1,0.21498267706137672,1,-0.0375,0.005677083333333333,0,1,0.2953525476216444,1
0,1749,0.05625,0.0036067708333333334,0,1,0.2354167507373308,1,0.0375,0.0071354166666666675,0,1,0.33112178601532427,1
0,1750,0.10625,0.0033723958333333327,0,1,0.22763936145430075,1,0.0375,0.006822916666666666,0,1,0.32378976767049095,1
0,1751,-0.09375,0.0038932291666666664,0,1,0.24458683139756568,1,-0.0875,0.006822916666666666,0,1,0.32378976767049095,1
0,1752,0.0125,0.003203124999999999,0,1,0.22185285921110745,1,0.0625,0.005677083333333333,0,1,0.2953525476216444,1
0,1753,-0.0375,0.0029947916666666664,0,1,0.21451684189413125,1,0.0,0.005208333333333334,0,1,0.282896433519043,1
0,1754,-0.025,0.003515625,0,1,0.2324231371142106,1,-0.1,0.006354166666666668,0,1,0.31246932386925447,1
0,1755,0.025,0.003333333333333335,0,1,0.22631714681523438,1,-0.0125,0.007135416666666665,0,1,0.3311217860153242,1
0,1756,-0.0125,0.003151041666666667,0,1,0.22004178516628506,1,0.025,0.0065625,0,1,0.317550459050559,1
0,1757,-0.025,0.002786458333333333,0,1,0.20692090221222198,1,-0.15,0.005833333333333333,0,0,0.2993894439514018,1
0,1758,-0.00625,0.0025390625,0,1,0.1975216852593019,1,-0.025,0.005624999999999999,0,1,0.2939945976810081,1
0,1759,0.0125,0.003151041666666667,0,1,0.22004178516628506,1,-0.05,0.005208333333333332,0,1,0.2828964335190429,1
0,1760,-0.11875,0.002643229166666666,0,0,0.20153268714933215,1,-0.0375,0.0071354166666666675,0,1,0.33112178601532427,1
0,1761,-0.06875,0.003033854166666667,0,1,0.21591133225693637,1,-0.0125,0.006302083333333332,0,1,0.31118607687094724,1
0,1762,0.0125,0.0032031250000000007,0,1,0.2218528592111075,1,0.0375,0.0056770833333333335,0,1,0.2953525476216445,1
0,1763,-0.05625,0.002669270833333333,0,1,0.20252302572823555,1,-0.0875,0.005260416666666667,0,1,0.2843073970525076,1
0,1764,-0.13125,0.003502604166666667,0,0,0.2319923246268433,1,-0.175,0.007812499999999999,0,0,0.34647595608741943,1
0,1765,0.025,0.003125,0,1,0.21913063514414538,1,0.0125,0.006927083333333333,0,1,0.3262520827367488,1
0,1766,-0.11875,0.003294270833333333,0,0,0.2249871618600823,1,-0.1,0.0069791666666666665,0,1,0.3274762974797479,1
0,1767,-0.01875,0.003111979166666667,0,1,0.21867363645037802,1,0.075,0.004791666666666666,0,1,0.27134472674067345,1
0,1768,-0.03125,0.002955729166666667,0,1,0.21311322698391635,1,0.0625,0.00546875,0,1,0.28988258261351957,1
0,1769,-0.0375,0.003463541666666667,0,1,0.23069506007938964,1,0.05,0.007708333333333333,0,1,0.34415836515292714,1
0,1770,0.00625,0.003138020833333334,0,1,0.21958668274492663,1,-0.0125,0.00453125,0,1,0.26386822681990535,1
0,1771,-0.01875,0.003138020833333333,0,1,0.2195866827449266,1,0.025,0.005104166666666667,0,1,0.2800531811207264,1
0,1772,-0.09375,0.003424479166666667,0,1,0.22939045927043203,1,-0.0625,0.006822916666666667,0,1,0.32378976767049095,1
0,1773,-0.04375,0.002903645833333333,0,1,0.21122723213288647,1,-0.025,0.004374999999999999,0,1,0.25927886408681133,1
0,1774,0.0,0.0028124999999999995,0,1,0.20788557365245164,1,0.0375,0.00546875,0,1,0.28988258261351957,1
0,1775,0.025,0.0032812499999999994,0,1,0.22454208296355135,1,0.0375,0.007031250000000001,0,1,0.3286959527162181,1
0,1776,0.0,0.0029947916666666673,0,1,0.21451684189413128,1,0.0625,0.004635416666666667,0,1,0.26688396161447564,1
0,1777,-0.06875,0.002825520833333333,0,1,0.2083662345800139,1,-0.0875,0.006510416666666668,0,1,0.31628782797041505,1
0,1778,-0.0375,0.0033854166666666663,0,1,0.22807839631049295,1,-0.0375,0.007135416666666667,0,1,0.3311217860153242,1
0,1779,-0.05,0.003255208333333333,0,1,0.22364926796464463,1,-0.1,0.0075,0,1,0.3394757202228515,1
0,1780,-0.03125,0.0031119791666666674,0,1,0.21867363645037802,1,-0.1125,0.0061979166666666675,0,1,0.3086035751516421,1
0,1781,0.0,0.0025781249999999993,0,1,0.19903528352633398,1,-0.0125,0.00515625,0,1,0.2814783973537158,1
0,1782,0.03125,0.0029296874999999987,0,1,0.21217232513928216,1,0.0,0.008020833333333333,0,1,0.35106524155860713,1
0,1783,-0.04375,0.0022265625,0,1,0.1849675447796371,1,-0.075,0.0046875,0,1,0.26837912155757354,1
0,1784,0.125,0.0028125,0,0,0.20788557365245167,1,0.0125,0.005885416666666666,0,1,0.300723033821002,1
0,1785,0.00625,0.0028515625,0,1,0.20932424530747118,1,0.05,0.006458333333333332,0,1,0.3150201361838079,1
0,1786,0.075,0.003489583333333334,0,1,0.23156071062579286,1,0.1625,0.005989583333333333,0,0,0.3033726271641254,1
0,1787,-0.09375,0.0035286458333333337,0,1,0.23285315253664834,1,-0.075,0.007916666666666666,0,1,0.3487781472349541,1
0,1788,0.01875,0.002643229166666666,0,1,0.20153268714933215,1,0.025,0.005729166666666666,0,1,0.29670428259055126,1
0,1789,-0.04375,0.0035546875,0,1,0.23371080977726424,1,-0.05,0.007083333333333331,0,1,0.3299110990145681,1
0,1790,-0.01875,0.0030859375,0,1,0.21775676181910658,1,0.0125,0.00609375,0,1,0.3059992790096397,1
0,1791,-0.04375,0.0038151041666666663,0,1,0.2421203465461635,1,-0.05,0.007812499999999999,0,1,0.34647595608741943,1
0,1792,0.0375,0.00328125,0,1,0.22454208296355138,1,0.0375,0.007552083333333333,0,1,0.3406524160222582,1
0,1793,0.00625,0.0026953125,0,1,0.20350854505550506,1,-0.0375,0.005885416666666667,0,1,0.3007230338210021,1
0,1794,-0.05625,0.0033463541666666667,0,1,0.22675874166795162,1,-0.125,0.00625,0,1,0.3098975161522808,1
0,1795,-0.05,0.0032291666666666666,0,1,0.22275287450588027,1,-0.0125,0.005052083333333333,0,1,0.27862067463643186,1
0,1796,0.025,0.0029166666666666664,0,1,0.21170030603370604,1,-0.0125,0.00671875,0,1,0.321308583461685,1
0,1797,-0.0375,0.0029427083333333336,0,1,0.21264329647382205,1,-0.075,0.005520833333333333,0,1,0.2912597047716384,1
0,1798,0.0125,0.003151041666666667,0,1,0.22004178516628506,1,0.0125,0.00515625,0,1,0.2814783973537158,1
0,1799,0.05,0.0029427083333333336,0,1,0.21264329647382205,1,0.025,0.005208333333333334,0,1,0.282896433519043,1
0,1800,0.1625,0.002942708333333333,0,0,0.21264329647382202,1,0.1375,0.00578125,0,1,0.298049887147356,1
0,1801,-0.10625,0.003033854166666667,0,1,0.21591133225693637,1,-0.0125,0.00578125,0,1,0.298049887147356,1
0,1802,0.0625,0.003463541666666667,0,1,0.23069506007938964,1,0.05,0.0053125,0,1,0.28571139273705937,1
0,1803,0.0125,0.00328125,0,1,0.22454208296355138,1,0.1625,0.004739583333333333,0,0,0.2698659978748578,1
0,1804,0.025,0.003619791666666667,0,1,0.2358413078914867,1,0.05,0.0071875,0,1,0.33232806245479196,1
0,1805,0.0125,0.002682291666666667,0,1,0.20301638340381314,1,0.1,0.005104166666666667,0,1,0.2800531811207264,1
0,1806,-0.05,0.0032291666666666675,0,1,0.2227528745058803,1,0.0375,0.00484375,0,1,0.27281544063881114,1
0,1807,0.0125,0.0032552083333333343,0,1,0.22364926796464468,1,0.05,0.005729166666666666,0,1,0.29670428259055126,1
0,1808,0.05,0.0033854166666666668,0,1,0.22807839631049295,1,-0.0375,0.0061979166666666675,0,1,0.3086035751516421,1
0,1809,0.0875,0.003125,0,1,0.21913063514414538,1,0.0625,0.006718750000000001,0,1,0.321308583461685,1
0,1810,0.04375,0.0034765624999999988,0,1,0.23112829062076687,1,0.125,0.005833333333333333,0,1,0.2993894439514018,1
0,1811,-0.00625,0.0029817708333333337,0,1,0.2140499929361999,1,0.0125,0.005989583333333334,0,1,0.3033726271641254,1
0,1812,0.00625,0.0033203125000000003,0,1,0.22587468862699922,1,0.0625,0.006822916666666667,0,1,0.32378976767049095,1
0,1813,-0.04375,0.0029817708333333332,0,1,0.2140499929361999,1,-0.05,0.005833333333333333,0,1,0.2993894439514018,1
0,1814,-0.075,0.003151041666666667,0,1,0.22004178516628506,1,-0.1375,0.008489583333333333,0,1,0.36117798814352553,1
0,1815,0.075,0.0033854166666666668,0,1,0.22807839631049295,1,0.2,0.006875,0,0,0.32502325696646456,1
0,1816,-0.0375,0.0029947916666666673,0,1,0.21451684189413128,1,-0.0375,0.00515625,0,1,0.2814783973537158,1
0,1817,-0.01875,0.0035807291666666674,0,1,0.23456533112809655,1,0.0,0.004791666666666667,0,1,0.27134472674067345,1
0,1818,-0.0125,0.0034375000000000013,0,1,0.22982614904432488,1,0.0125,0.008177083333333333,0,1,0.3544682152091172,1
0,1819,-0.00625,0.002721354166666667,0,1,0.20448931480910565,1,-0.05,0.004479166666666666,0,1,0.2623473598191967,1
0,1820,0.06875,0.0029296874999999996,0,1,0.2121723251392822,1,0.0,0.005729166666666667,0,1,0.2967042825905513,1
0,1821,-0.125,0.003046874999999999,0,0,0.21637416522591052,1,-0.1125,0.006510416666666668,0,1,0.31628782797041505,1
0,1822,-0.00625,0.002669270833333333,0,1,0.20252302572823555,1,0.0625,0.0068229166666666655,0,1,0.3237897676704909,1
0,1823,0.10625,0.0032682291666666667,0,1,0.22409612009440483,1,0.1,0.007395833333333332,0,1,0.3371100069396752,1
0,1824,0.03125,0.0033463541666666667,0,1,0.22675874166795162,1,-0.0625,0.007447916666666665,0,1,0.3382949315314165,1
0,1825,0.01875,0.0033203125000000003,0,1,0.22587468862699922,1,-0.075,0.0059375,0,1,0.3020507357903395,1
0,1826,-0.01875,0.003033854166666667,0,1,0.21591133225693637,1,-0.1,0.0060416666666666665,0,1,0.3046887835701232,1
0,1827,-0.0375,0.003177083333333334,0,1,0.22094917782072537,1,0.0,0.008229166666666666,0,1,0.35559530299838743,1
0,1828,0.075,0.002864583333333333,0,1,0.20980161022686847,1,0.1,0.007708333333333332,0,1,0.34415836515292714,1
0,1829,-0.025,0.0030989583333333333,0,1,0.21821568068813843,1,0.0375,0.00515625,0,1,0.2814783973537158,1
0,1830,-0.0125,0.0030208333333333337,0,1,0.21544750501391444,1,0.1125,0.005572916666666667,0,1,0.2926303462470013,1
0,1831,0.15,0.0029947916666666656,0,0,0.21451684189413123,1,0.1375,0.00609375,0,1,0.3059992790096397,1
0,1832,0.0125,0.003177083333333334,0,1,0.22094917782072537,1,0.05,0.006145833333333333,0,1,0.3073041859060778,1
0,1833,-0.03125,0.0032682291666666667,0,1,0.22409612009440483,1,-0.125,0.0071875,0,1,0.33232806245479196,1
0,1834,0.1125,0.002994791666666667,0,0,0.21451684189413125,1,0.0625,0.005260416666666668,0,1,0.2843073970525076,1
0,1835,-0.0125,0.002994791666666667,0,1,0.21451684189413125,1,-0.1,0.0058333333333333345,0,1,0.2993894439514019,1
0,1836,0.01875,0.0025651041666666665,0,1,0.1985320329522762,1,-0.0125,0.005260416666666668,0,1,0.2843073970525076,1
0,1837,-0.01875,0.0034505208333333337,0,1,0.23026101442664737,1,-0.05,0.008229166666666666,0,1,0.35559530299838743,1
0,1838,-0.0125,0.0028385416666666663,0,1,0.2088457892639875,1,-0.0625,0.005989583333333334,0,1,0.3033726271641254,1
0,1839,0.13125,0.0030338541666666656,0,0,0.21591133225693632,1,0.125,0.006041666666666667,0,1,0.3046887835701232,1
0,1840,-0.01875,0.0033463541666666676,0,1,0.22675874166795165,1,-0.0375,0.006197916666666665,0,1,0.30860357515164205,1
0,1841,0.03125,0.0037109375000000007,0,1,0.23879207350680304,1,-0.0125,0.005885416666666666,0,1,0.300723033821002,1
0,1842,-0.05,0.00328125,0,1,0.22454208296355138,1,0.0625,0.00671875,0,1,0.321308583461685,1
0,1843,0.025,0.002890625,0,1,0.21075309633378064,1,0.0375,0.00453125,0,1,0.26386822681990535,1
0,1844,0.00625,0.0030598958333333337,0,1,0.21683601028762298,1,0.025,0.0060416666666666665,0,1,0.3046887835701232,1
0,1845,0.04375,0.0025390625,0,1,0.1975216852593019,1,0.0875,0.0049479166666666664,0,1,0.2757333358390033,1
0,1846,0.025,0.0030989583333333338,0,1,0.21821568068813846,1,-0.075,0.006770833333333333,0,1,0.3225515613466048,1
0,1847,-0.0375,0.002630208333333334,0,1,0.2010356883973244,1,-0.025,0.006354166666666668,0,1,0.31246932386925447,1
0,1848,0.025,0.003255208333333334,0,1,0.22364926796464465,1,0.0125,0.005781249999999999,0,1,0.298049887147356,1
0,1849,0.05,0.003229166666666666,0,1,0.22275287450588027,1,-0.0375,0.005989583333333334,0,1,0.3033726271641254,1
0,1850,-0.0125,0.0028125,0,1,0.20788557365245167,1,0.0,0.005625,0,1,0.2939945976810081,1
0,1851,-0.0125,0.002604166666666666,0,1,0.20003798651480456,1,-0.0125,0.006510416666666666,0,1,0.316287827970415,1
0,1852,-0.01875,0.0032942708333333326,0,1,0.2249871618600823,1,0.0,0.005833333333333334,0,1,0.2993894439514018,1
0,1853,-0.125,0.003203125,0,0,0.22185285921110748,1,-0.075,0.0059375,0,1,0.3020507357903395,1
0,1854,0.10625,0.0028255208333333335,0,0,0.20836623458001394,1,0.125,0.006145833333333334,0,1,0.30730418590607783,1
0,1855,0.06875,0.002747395833333333,0,1,0.2054654030039765,1,0.0125,0.007135416666666667,0,1,0.3311217860153242,1
0,1856,0.06875,0.0031380208333333325,0,1,0.2195866827449266,1,0.0875,0.005885416666666666,0,1,0.300723033821002,1
0,1857,-0.0625,0.0034895833333333337,0,1,0.23156071062579284,1,-0.0375,0.0075520833333333325,0,1,0.3406524160222582,1
0,1858,0.04375,0.0032942708333333335,0,1,0.22498716186008233,1,0.15,0.006770833333333336,0,1,0.32255156134660484,1
0,1859,0.0875,0.002916666666666667,0,1,0.21170030603370604,1,0.15,0.005104166666666667,0,0,0.2800531811207264,1
0,1860,-0.00625,0.003424479166666668,0,1,0.22939045927043208,1,-0.0375,0.006197916666666667,0,1,0.30860357515164205,1
0,1861,-0.125,0.0030989583333333325,0,0,0.2182156806881384,1,-0.125,0.005833333333333333,0,1,0.2993894439514018,1
0,1862,-0.1,0.0030208333333333333,0,1,0.2154475050139144,1,-0.0375,0.005260416666666667,0,1,0.2843073970525076,1
0,1863,0.025,0.0026562499999999993,0,1,0.20202846326662754,1,0.0125,0.005260416666666667,0,1,0.2843073970525076,1
0,1864,0.04375,0.0024609375000000005,0,1,0.19445914806510856,1,0.1125,0.005260416666666665,0,1,0.28430739705250757,1
0,1865,-0.10625,0.002643229166666667,0,0,0.20153268714933217,1,-0.05,0.004791666666666667,0,1,0.27134472674067345,1
0,1866,0.08125,0.003502604166666667,0,1,0.2319923246268433,1,0.1875,0.007864583333333333,0,0,0.3476289574642327,1
0,1867,0.04375,0.003190104166666667,0,1,0.22140147957929052,1,0.0,0.0056250000000000015,0,1,0.29399459768100816,1
0,1868,-0.03125,0.0034765625,0,1,0.2311282906207669,1,-0.025,0.007604166666666665,0,1,0.3418250611976536,1
0,1869,-0.03125,0.003138020833333334,0,1,0.21958668274492663,1,-0.05,0.0071875,0,1,0.33232806245479196,1
0,1870,-0.0125,0.0032812500000000007,0,1,0.2245420829635514,1,-0.075,0.0059375,0,1,0.3020507357903395,1
0,1871,0.025,0.0033593750000000004,0,1,0.22719947821920128,1,-0.0375,0.00828125,0,1,0.3567188296620924,1
0,1872,-0.025,0.0028124999999999995,0,1,0.20788557365245164,1,-0.0125,0.006510416666666668,0,1,0.31628782797041505,1
0,1873,-0.0875,0.002864583333333333,0,1,0.20980161022686847,1,-0.0375,0.005781249999999999,0,1,0.298049887147356,1
0,1874,-0.01875,0.0032161458333333326,0,1,0.222303322333221,1,0.0125,0.005885416666666666,0,1,0.300723033821002,1
0,1875,0.06875,0.003424479166666667,0,1,0.22939045927043203,1,0.0875,0.006302083333333332,0,1,0.31118607687094724,1
0,1876,0.0875,0.002916666666666667,0,1,0.21170030603370604,1,0.0375,0.005364583333333332,0,1,0.28710852279360866,1
0,1877,0.025,0.0032031249999999994,0,1,0.22185285921110748,1,0.0375,0.005781249999999999,0,1,0.298049887147356,1
0,1878,-0.0625,0.0034895833333333333,0,1,0.23156071062579284,1,-0.025,0.0067708333333333336,0,1,0.3225515613466048,1
0,1879,0.0625,0.002109375,0,1,0.18003418786332412,1,0.075,0.0046875,0,1,0.26837912155757354,1
0,1880,-0.03125,0.003033854166666667,0,1,0.21591133225693637,1,-0.125,0.0060416666666666665,0,1,0.3046887835701232,1
0,1881,0.0125,0.0029166666666666672,0,1,0.21170030603370607,1,0.0125,0.00578125,0,1,0.298049887147356,1
0,1882,-0.025,0.0033854166666666668,0,1,0.22807839631049295,1,-0.025,0.0071875,0,1,0.33232806245479196,1
0,1883,0.16875,0.0030338541666666665,0,0,0.21591133225693634,1,0.1875,0.00640625,0,0,0.31374732234759706,1
0,1884,0.06875,0.0027734375,0,1,0.20643687604707509,1,0.0625,0.006510416666666665,0,1,0.31628782797041494,1
0,1885,-0.05625,0.0025651041666666665,0,1,0.1985320329522762,1,-0.0125,0.005364583333333332,0,1,0.28710852279360866,1
0,1886,-0.06875,0.0037109375,0,1,0.238792073506803,1,-0.0625,0.006927083333333335,0,1,0.3262520827367489,1
0,1887,0.0375,0.00375,0,1,0.24004558381776547,1,0.0375,0.00609375,0,1,0.3059992790096397,1
0,1888,0.0375,0.003697916666666668,0,1,0.23837277191288847,1,0.1,0.007187499999999999,0,1,0.3323280624547919,1
0,1889,0.01875,0.003372395833333333,0,1,0.22763936145430075,1,-0.0125,0.007239583333333332,0,1,0.33352997618794933,1
0,1890,-0.0125,0.003750000000000001,0,1,0.24004558381776553,1,-0.0625,0.006822916666666666,0,1,0.32378976767049095,1
0,1891,0.01875,0.0029036458333333336,0,1,0.2112272321328865,1,0.0125,0.005572916666666666,0,1,0.2926303462470013,1
0,1892,-0.03125,0.0032421875,0,1,0.22320152123333958,1,-0.0875,0.00609375,0,1,0.3059992790096397,1
0,1893,0.025,0.002812499999999999,0,1,0.20788557365245164,1,0.0875,0.004635416666666666,0,1,0.2668839616144756,1
0,1894,-0.08125,0.0025651041666666665,0,1,0.1985320329522762,1,0.0,0.005208333333333334,0,1,0.282896433519043,1
0,1895,0.05625,0.003216145833333333,0,1,0.22230332233322103,1,0.0375,0.00578125,0,1,0.298049887147356,1
0,1896,0.01875,0.0034244791666666664,0,1,0.22939045927043203,1,0.0,0.007499999999999999,0,1,0.33947572022285144,1
0,1897,0.04375,0.003138020833333334,0,1,0.21958668274492663,1,0.025,0.007291666666666668,0,1,0.3347275742105989,1
0,1898,0.05,0.003125,0,1,0.21913063514414538,1,0.05,0.0071875,0,1,0.33232806245479196,1
0,1899,-0.025,0.0030468749999999992,0,1,0.21637416522591055,1,0.0,0.007395833333333334,0,1,0.33711000693967524,1
0,1900,0.025,0.003515625,0,1,0.2324231371142106,1,-0.025,0.0071875,0,1,0.33232806245479196,1
0,1901,-0.175,0.002864583333333333,0,0,0.20980161022686847,1,-0.2875,0.005781250000000001,0,0,0.29804988714735603,1
0,1902,-0.00625,0.0030078124999999996,0,1,0.2149826770613767,1,0.0375,0.005260416666666668,0,1,0.2843073970525076,1
0,1903,0.00625,0.0037109375000000007,0,1,0.23879207350680304,1,-0.0875,0.00578125,0,1,0.298049887147356,1
0,1904,-0.0625,0.0032812500000000007,0,1,0.2245420829635514,1,-0.0625,0.0077604166666666655,0,1,0.3453191049242909,1
0,1905,0.0625,0.003203125,0,1,0.22185285921110748,1,0.05,0.0065625,0,1,0.317550459050559,1
0,1906,-0.075,0.0028645833333333336,0,1,0.2098016102268685,1,-0.0625,0.005052083333333333,0,1,0.27862067463643186,1
0,1907,-0.14375,0.0029557291666666664,0,0,0.21311322698391633,1,-0.1625,0.006302083333333332,0,0,0.31118607687094724,1
0,1908,0.10625,0.003138020833333334,0,1,0.21958668274492663,1,0.1125,0.0056770833333333335,0,1,0.2953525476216445,1
0,1909,-0.01875,0.0033984375000000013,0,1,0.22851658767759242,1,-0.05,0.005729166666666666,0,1,0.29670428259055126,1
0,1910,-0.08125,0.0032421875,0,1,0.22320152123333958,1,-0.1875,0.005468749999999999,0,0,0.28988258261351957,1
0,1911,0.0375,0.003333333333333333,0,1,0.22631714681523435,1,0.0375,0.006197916666666667,0,1,0.30860357515164205,1
0,1912,0.025,0.0027604166666666667,0,1,0.20595171233041729,1,0.025,0.006458333333333332,0,1,0.3150201361838079,1
0,1913,0.10625,0.003111979166666667,0,1,0.21867363645037802,1,0.0625,0.007239583333333332,0,1,0.33352997618794933,1
0,1914,0.0375,0.003046875,0,1,0.21637416522591058,1,0.1375,0.005781250000000001,0,1,0.29804988714735603,1
0,1915,0.05625,0.0029817708333333332,0,1,0.2140499929361999,1,0.0875,0.007447916666666665,0,1,0.3382949315314165,1
0,1916,-0.05625,0.0025130208333333324,0,1,0.19650614287392065,1,-0.05,0.005416666666666665,0,1,0.28849888696788073,1
0,1917,-0.05,0.003619791666666666,0,1,0.23584130789148666,1,-0.025,0.005625,0,1,0.2939945976810081,1
0,1918,-0.00625,0.0026953125,0,1,0.20350854505550506,1,-0.05,0.005625,0,1,0.2939945976810081,1
0,1919,0.00625,0.0032421875,0,1,0.22320152123333958,1,-0.0125,0.005052083333333333,0,1,0.27862067463643186,1
0,1920,-0.0125,0.0030729166666666656,0,1,0.21729687374119908,1,-0.025,0.006354166666666666,0,1,0.3124693238692544,1
0,1921,0.0,0.003541666666666667,0,1,0.23328237530190768,1,0.025,0.008958333333333334,0,1,0.37101519430908236,1
0,1922,-0.05625,0.0030598958333333337,0,1,0.21683601028762298,1,0.0375,0.0058854166666666655,0,1,0.300723033821002,1
0,1923,0.03125,0.0030598958333333337,0,1,0.21683601028762298,1,0.1375,0.006510416666666666,0,1,0.316287827970415,1
0,1924,-0.09375,0.003138020833333333,0,1,0.2195866827449266,1,-0.0875,0.006510416666666666,0,1,0.316287827970415,1
0,1925,0.0,0.0029687499999999996,0,1,0.21358212353973524,1,0.0875,0.006822916666666666,0,1,0.32378976767049095,1
0,1926,-0.13125,0.002981770833333333,0,0,0.21404999293619986,1,-0.0625,0.0061979166666666675,0,1,0.3086035751516421,1
0,1927,-0.04375,0.0031901041666666675,0,1,0.22140147957929052,1,-0.1125,0.0047395833333333335,0,1,0.2698659978748579,1
0,1928,0.075,0.0030989583333333333,0,1,0.21821568068813843,1,0.125,0.006666666666666667,0,1,0.32006077842368735,1
0,1929,0.1125,0.0035416666666666674,0,1,0.23328237530190768,1,0.125,0.006041666666666665,0,1,0.30468878357012313,1
0,1930,-0.0875,0.003307291666666666,0,1,0.22543136201979383,1,-0.0625,0.006406250000000001,0,1,0.31374732234759706,1
0,1931,0.01875,0.003033854166666667,0,1,0.21591133225693637,1,0.05,0.006354166666666668,0,1,0.31246932386925447,1
0,1932,-0.0125,0.003046875,0,1,0.21637416522591058,1,-0.0875,0.005885416666666666,0,1,0.300723033821002,1
0,1933,-0.0375,0.0034895833333333337,0,1,0.23156071062579284,1,0.025,0.0051041666666666674,0,1,0.28005318112072647,1
0,1934,-0.13125,0.0027994791666666663,0,0,0.20740379879010032,1,-0.1375,0.004635416666666667,0,0,0.26688396161447564,1
0,1935,-0.0125,0.003463541666666667,0,1,0.23069506007938964,1,-0.0125,0.0056770833333333335,0,1,0.2953525476216445,1
0,1936,0.03125,0.002825520833333333,0,1,0.2083662345800139,1,-0.0375,0.006302083333333332,0,1,0.31118607687094724,1
0,1937,0.14375,0.0032421875,0,0,0.22320152123333958,1,0.175,0.008333333333333333,0,1,0.35783882874343137,1
0,1938,0.03125,0.0033984375000000004,0,1,0.2285165876775924,1,0.175,0.005416666666666668,0,0,0.2884988869678808,1
0,1939,0.0125,0.003072916666666667,0,1,0.2172968737411991,1,0.1,0.007395833333333332,0,1,0.3371100069396752,1
0,1940,-0.0875,0.0028906250000000004,0,1,0.21075309633378067,1,-0.15,0.006770833333333332,0,1,0.32255156134660473,1
0,1941,0.01875,0.0031901041666666675,0,1,0.22140147957929052,1,0.0,0.0065625,0,1,0.317550459050559,1
0,1942,0.0375,0.003697916666666667,0,1,0.23837277191288844,1,0.15,0.006250000000000001,0,1,0.3098975161522808,1
0,1943,-0.05625,0.0033984375000000013,0,1,0.22851658767759242,1,-0.1,0.006145833333333333,0,1,0.3073041859060778,1
0,1944,0.0125,0.0030208333333333324,0,1,0.21544750501391438,1,0.075,0.005729166666666667,0,1,0.2967042825905513,1
0,1945,0.0,0.003203125,0,1,0.22185285921110748,1,0.0,0.006145833333333334,0,1,0.30730418590607783,1
0,1946,-0.01875,0.003216145833333334,0,1,0.22230332233322106,1,-0.05,0.0063541666666666686,0,1,0.31246932386925447,1
0,1947,0.04375,0.003450520833333334,0,1,0.2302610144266474,1,0.0625,0.007135416666666667,0,1,0.3311217860153242,1
0,1948,-0.0625,0.0033854166666666663,0,1,0.22807839631049295,1,-0.05,0.006145833333333333,0,1,0.3073041859060778,1
0,1949,-0.0125,0.003906250000000001,0,1,0.24499549806750676,1,-0.0125,0.0066145833333333326,0,1,0.31880808955263157,1
0,1950,-0.03125,0.0031640624999999993,0,1,0.22049594826075605,1,0.0125,0.00640625,0,1,0.31374732234759706,1
0,1951,-0.04375,0.002669270833333333,0,1,0.20252302572823555,1,-0.0625,0.0040104166666666665,0,1,0.24824061294498448,1
0,1952,-0.00625,0.0033203125,0,1,0.22587468862699922,1,0.0,0.0069791666666666665,0,1,0.3274762974797479,1
0,1953,0.1,0.0036197916666666674,0,1,0.23584130789148672,1,0.0375,0.005885416666666667,0,1,0.3007230338210021,1
0,1954,-0.05625,0.0033984375000000004,0,1,0.2285165876775924,1,-0.075,0.0065625000000000015,0,1,0.31755045905055906,1
0,1955,0.04375,0.0032421875000000007,0,1,0.2232015212333396,1,0.025,0.0059375,0,1,0.3020507357903395,1
0,1956,-0.00625,0.002825520833333333,0,1,0.2083662345800139,1,0.1,0.006354166666666666,0,1,0.3124693238692544,1
0,1957,0.05,0.003333333333333333,0,1,0.22631714681523435,1,0.0375,0.00671875,0,1,0.321308583461685,1
0,1958,-0.08125,0.0034244791666666664,0,1,0.22939045927043203,1,-0.1,0.007395833333333332,0,1,0.3371100069396752,1
0,1959,0.05625,0.0034505208333333337,0,1,0.23026101442664737,1,-0.025,0.004895833333333334,0,1,0.2742782685010364,1
0,1960,-0.10625,0.003033854166666667,0,1,0.21591133225693637,1,-0.1,0.005208333333333332,0,1,0.2828964335190429,1
0,1961,-0.04375,0.0033203125,0,1,0.22587468862699922,1,0.0,0.006874999999999999,0,1,0.32502325696646456,1
0,1962,0.00625,0.0035546875,0,1,0.23371080977726424,1,0.0375,0.0060937499999999985,0,1,0.30599927900963964,1
0,1963,0.0,0.003046875,0,1,0.21637416522591058,1,0.0125,0.00578125,0,1,0.298049887147356,1
0,1964,0.04375,0.0035286458333333324,0,1,0.23285315253664832,1,-0.05,0.007395833333333332,0,1,0.3371100069396752,1
0,1965,-0.0125,0.0029687499999999987,0,1,0.2135821235397352,1,0.0,0.006145833333333333,0,1,0.3073041859060778,1
0,1966,-0.0125,0.0031249999999999993,0,1,0.21913063514414535,1,-0.075,0.006145833333333334,0,1,0.30730418590607783,1
0,1967,0.00625,0.002721354166666666,0,1,0.20448931480910562,1,0.0,0.0059375,0,1,0.3020507357903395,1
0,1968,0.0,0.003151041666666667,0,1,0.22004178516628506,1,-0.0375,0.007760416666666667,0,1,0.34531910492429096,1
0,1969,0.00625,0.0028255208333333335,0,1,0.20836623458001394,1,0.1375,0.0068229166666666655,0,1,0.3237897676704909,1
0,1970,-0.0125,0.002864583333333333,0,1,0.20980161022686847,1,0.05,0.005625,0,1,0.2939945976810081,1
0,1971,0.0625,0.003177083333333333,0,1,0.22094917782072535,1,0.1125,0.006822916666666667,0,1,0.32378976767049095,1
0,1972,0.04375,0.0031640624999999993,0,1,0.22049594826075605,1,0.0125,0.0047395833333333335,0,1,0.2698659978748579,1
0,1973,0.0125,0.003177083333333334,0,1,0.22094917782072537,1,0.0,0.006354166666666665,0,1,0.3124693238692544,1
0,1974,-0.09375,0.0028515625,0,1,0.20932424530747118,1,-0.125,0.006458333333333332,0,1,0.3150201361838079,1
0,1975,-0.05625,0.002955729166666667,0,1,0.21311322698391635,1,-0.05,0.006666666666666667,0,1,0.32006077842368735,1
0,1976,-0.05,0.0031250000000000006,0,1,0.2191306351441454,1,-0.1375,0.005468749999999999,0,1,0.28988258261351957,1
0,1977,-0.075,0.0028125,0,1,0.20788557365245167,1,-0.1,0.006666666666666666,0,1,0.3200607784236873,1
0,1978,-0.05625,0.0023046875,0,1,0.18818461282281815,1,-0.0375,0.005052083333333334,0,1,0.2786206746364319,1
0,1979,0.06875,0.0024348958333333336,0,1,0.19342752726982482,1,0.075,0.0053125,0,1,0.28571139273705937,1
0,1980,-0.0125,0.0036197916666666674,0,1,0.23584130789148672,1,0.075,0.007708333333333333,0,1,0.34415836515292714,1
0,1981,0.13125,0.0030078125000000005,0,0,0.21498267706137672,1,0.15,0.006145833333333333,0,1,0.3073041859060778,1
0,1982,0.05,0.00296875,0,1,0.21358212353973524,1,-0.025,0.004895833333333333,0,1,0.27427826850103637,1
0,1983,0.04375,0.0031640625,0,1,0.22049594826075608,1,0.15,0.005208333333333334,0,0,0.282896433519043,1
0,1984,-0.0125,0.0034895833333333337,0,1,0.23156071062579284,1,0.025,0.00625,0,1,0.3098975161522808,1
0,1985,-0.0875,0.0032031250000000007,0,1,0.2218528592111075,1,-0.125,0.005729166666666666,0,1,0.29670428259055126,1
0,1986,-0.0375,0.00328125,0,1,0.22454208296355138,1,-0.0375,0.006822916666666666,0,1,0.32378976767049095,1
0,1987,-0.1125,0.002916666666666667,0,0,0.21170030603370604,1,-0.05,0.006562499999999999,0,1,0.317550459050559,1
0,1988,0.0,0.002708333333333333,0,1,0.20399951933975977,1,0.1625,0.00546875,0,0,0.28988258261351957,1
0,1989,0.01875,0.003138020833333333,0,1,0.2195866827449266,1,0.1,0.007916666666666666,0,1,0.3487781472349541,1
0,1990,-0.08125,0.0036328125,0,1,0.23626510213785598,1,-0.1,0.007812500000000002,0,1,0.3464759560874195,1
0,1991,-0.03125,0.0036067708333333334,0,1,0.2354167507373308,1,0.0125,0.007968749999999998,0,1,0.34992356295286153,1
0,1992,-0.00625,0.0035546875,0,1,0.23371080977726424,1,-0.05,0.007916666666666667,0,1,0.3487781472349541,1
0,1993,0.00625,0.0029817708333333337,0,1,0.2140499929361999,1,0.0625,0.00515625,0,1,0.2814783973537158,1
0,1994,-0.0625,0.0030468750000000005,0,1,0.2163741652259106,1,-0.0875,0.006822916666666666,0,1,0.32378976767049095,1
0,1995,0.00625,0.0035546875000000006,0,1,0.23371080977726427,1,-0.075,0.006875000000000001,0,1,0.32502325696646456,1
0,1996,0.05,0.0032291666666666666,0,1,0.22275287450588027,1,0.0875,0.006197916666666667,0,1,0.30860357515164205,1
0,1997,0.10625,0.0032682291666666667,0,1,0.22409612009440483,1,0.125,0.006354166666666668,0,1,0.31246932386925447,1
0,1998,-0.0375,0.0028645833333333336,0,1,0.2098016102268685,1,0.025,0.005625,0,1,0.2939945976810081,1
0,1999,-0.06875,0.003138020833333334,0,1,0.21958668274492663,1,-0.0625,0.005364583333333334,0,1,0.28710852279360866,1
1/5,0,-0.0375,0.003151041666666667,0,0,0.22004178516628506,1,-0.0125,0.007239583333333334,0,1,0.33352997618794933,1
1/5,1,0.0875,0.003359375,0,1,0.22719947821920125,1,0.0375,0.00578125,0,1,0.298049887147356,1
1/5,2,0.2125,0.0027604166666666667,0,0,0.20595171233041729,1,0.25,0.007291666666666666,0,1,0.33472757421059884,1
1/5,3,0.05,0.0030729166666666665,0,1,0.2172968737411991,1,0.05,0.006875000000000001,0,1,0.32502325696646456,1
1/5,4,0.025,0.0025781249999999993,0,1,0.19903528352633398,1,0.0,0.005833333333333333,0,1,0.2993894439514018,1
1/5,5,0.05625,0.003138020833333334,0,1,0.21958668274492663,1,0.0125,0.005781249999999999,0,1,0.298049887147356,1
1/5,6,0.1375,0.0028125000000000008,0,1,0.2078855736524517,1,0.05,0.0059375,0,1,0.3020507357903395,1
1/5,7,0.2125,0.0025520833333333333,0,0,0.19802750346333006,1,0.2625,0.00640625,0,0,0.31374732234759706,1
1/5,8,0.05625,0.0032682291666666662,0,1,0.22409612009440483,1,0.05,0.0067708333333333336,0,1,0.3225515613466048,1
1/5,9,0.00625,0.0030078125000000005,0,1,0.21498267706137672,1,-0.0125,0.006197916666666667,0,1,0.30860357515164205,1
1/5,10,0.1375,0.002864583333333333,0,1,0.20980161022686847,1,0.1375,0.00578125,0,1,0.298049887147356,1
1/5,11,0.2125,0.0025260416666666665,0,0,0.19701456841419168,1,0.2375,0.005052083333333333,0,1,0.27862067463643186,1
1/5,12,0.1,0.0032031249999999994,0,1,0.22185285921110748,1,0.1875,0.007552083333333333,0,1,0.3406524160222582,1
1/5,13,0.1,0.0038541666666666668,0,1,0.24335671380171078,1,0.0375,0.00640625,0,1,0.31374732234759706,1
1/5,14,0.24375,0.0033203125000000003,0,0,0.22587468862699922,1,0.2125,0.006927083333333333,0,1,0.3262520827367488,1
1/5,15,0.06875,0.0033723958333333336,0,1,0.22763936145430078,1,0.0375,0.006614583333333333,0,1,0.31880808955263157,1
1/5,16,0.1625,0.003046875,0,1,0.21637416522591058,1,0.15,0.005833333333333334,0,1,0.2993894439514018,1
1/5,17,0.06875,0.002669270833333333,0,1,0.20252302572823555,1,0.05,0.006249999999999999,0,1,0.3098975161522807,1
1/5,18,0.1,0.0030729166666666665,0,1,0.2172968737411991,1,0.125,0.007291666666666668,0,1,0.3347275742105989,1
1/5,19,0.1625,0.0025520833333333333,0,1,0.19802750346333006,1,0.15,0.005,0,1,0.27718076486993554,1
1/5,20,0.075,0.002942708333333333,0,1,0.21264329647382202,1,0.0,0.008229166666666666,0,1,0.35559530299838743,1
1/5,21,0.0625,0.002942708333333333,0,1,0.21264329647382202,1,0.1125,0.005989583333333334,0,1,0.3033726271641254,1
1/5,22,0.1125,0.002838541666666666,0,1,0.20884578926398747,1,0.125,0.0053125,0,1,0.28571139273705937,1
1/5,23,0.0875,0.002916666666666667,0,1,0.21170030603370604,1,0.0625,0.005885416666666667,0,1,0.3007230338210021,1
1/5,24,0.14375,0.0026171875,0,1,0.2005374579203138,1,0.175,0.006458333333333332,0,1,0.3150201361838079,1
1/5,25,0.15,0.003020833333333334,0,1,0.21544750501391444,1,0.075,0.0075,0,1,0.3394757202228515,1
1/5,26,0.1,0.003229166666666668,0,1,0.22275287450588033,1,0.0125,0.007135416666666667,0,1,0.3311217860153242,1
1/5,27,0.0375,0.003125,0,1,0.21913063514414538,1,0.025,0.006458333333333333,0,1,0.3150201361838079,1
1/5,28,0.08125,0.0032682291666666667,0,1,0.22409612009440483,1,0.1,0.007083333333333334,0,1,0.32991109901456817,1
1/5,29,0.09375,0.0031380208333333347,0,1,0.21958668274492665,1,0.1125,0.006822916666666667,0,1,0.32378976767049095,1
1/5,30,0.15,0.0025781250000000006,0,1,0.19903528352633404,1,0.175,0.0065625,0,1,0.317550459050559,1
1/5,31,0.15,0.002734375,0,1,0.20497793991388927,1,0.1875,0.005364583333333332,0,1,0.28710852279360866,1
1/5,32,0.13125,0.0030598958333333324,0,1,0.21683601028762295,1,0.025,0.006354166666666666,0,1,0.3124693238692544,1
1/5,33,0.13125,0.0032942708333333326,0,1,0.2249871618600823,1,0.1125,0.005052083333333333,0,1,0.27862067463643186,1
1/5,34,0.04375,0.0026953124999999994,0,1,0.20350854505550503,1,0.075,0.0058333333333333345,0,1,0.2993894439514019,1
1/5,35,0.0625,0.0031770833333333325,0,1,0.22094917782072532,1,-0.05,0.0065625,0,1,0.317550459050559,1
1/5,36,0.125,0.003177083333333334,0,1,0.22094917782072537,1,0.1375,0.0066145833333333326,0,1,0.31880808955263157,1
1/5,37,0.14375,0.0028255208333333335,0,1,0.20836623458001394,1,0.1375,0.006197916666666665,0,1,0.30860357515164205,1
1/5,38,0.125,0.003151041666666667,0,1,0.22004178516628506,1,0.075,0.007604166666666666,0,1,0.3418250611976536,1
1/5,39,0.05625,0.0027994791666666663,0,1,0.20740379879010032,1,0.1125,0.006302083333333334,0,1,0.31118607687094724,1
1/5,40,0.025,0.0030468749999999992,0,1,0.21637416522591055,1,-0.1125,0.005052083333333333,0,0,0.27862067463643186,1
1/5,41,0.2,0.003255208333333334,0,1,0.22364926796464465,1,0.1625,0.006197916666666667,0,1,0.30860357515164205,1
1/5,42,0.16875,0.0029036458333333336,0,1,0.2112272321328865,1,0.125,0.005312500000000001,0,1,0.28571139273705937,1
1/5,43,0.1125,0.003411458333333333,0,1,0.22895394039862088,1,0.0125,0.007031250000000001,0,1,0.3286959527162181,1
1/5,44,0.13125,0.0024609375000000005,0,1,0.19445914806510856,1,0.1375,0.00515625,0,1,0.2814783973537158,1
1/5,45,0.06875,0.0030078125,0,1,0.21498267706137672,1,0.0875,0.0060937499999999985,0,1,0.30599927900963964,1
1/5,46,0.14375,0.0033984375,0,1,0.22851658767759236,1,0.0875,0.0068229166666666655,0,1,0.3237897676704909,1
1/5,47,0.10625,0.0025651041666666665,0,1,0.1985320329522762,1,0.1125,0.005989583333333334,0,1,0.3033726271641254,1
1/5,48,0.13125,0.0028255208333333335,0,1,0.20836623458001394,1,0.075,0.0051041666666666674,0,1,0.28005318112072647,1
1/5,49,0.05,0.0033854166666666663,0,1,0.22807839631049295,1,0.0875,0.0067187500000000025,0,1,0.32130858346168506,1
1/5,50,-0.01875,0.0035286458333333333,0,0,0.23285315253664832,1,-0.05,0.008541666666666668,0,1,0.36228420202981887,1
1/5,51,0.1375,0.003203125,0,1,0.22185285921110748,1,0.1375,0.006406249999999999,0,1,0.313747322347597,1
1/5,52,0.06875,0.0033984375,0,1,0.22851658767759236,1,0.0375,0.007447916666666666,0,1,0.33829493153141654,1
1/5,53,0.025,0.003333333333333333,0,1,0.22631714681523435,1,0.0125,0.006510416666666666,0,1,0.316287827970415,1
1/5,54,0.11875,0.0032682291666666667,0,1,0.22409612009440483,1,0.075,0.004895833333333334,0,1,0.2742782685010364,1
1/5,55,0.11875,0.002825520833333333,0,1,0.2083662345800139,1,0.1375,0.007760416666666666,0,1,0.34531910492429096,1
1/5,56,0.04375,0.0032682291666666667,0,1,0.22409612009440483,1,0.1625,0.006927083333333333,0,1,0.3262520827367488,1
1/5,57,0.11875,0.0026692708333333325,0,1,0.20252302572823555,1,0.1375,0.005677083333333335,0,1,0.29535254762164453,1
1/5,58,0.10625,0.003190104166666666,0,1,0.2214014795792905,1,0.1375,0.005989583333333334,0,1,0.3033726271641254,1
1/5,59,0.04375,0.003033854166666667,0,1,0.21591133225693637,1,0.0,0.0060416666666666665,0,1,0.3046887835701232,1
1/5,60,-0.1,0.00328125,0,0,0.22454208296355138,1,-0.125,0.007604166666666666,0,0,0.3418250611976536,1
1/5,61,0.1,0.0030989583333333333,0,1,0.21821568068813843,1,0.1375,0.00734375,0,1,0.3359209026808096,1
1/5,62,0.11875,0.0028515625000000004,0,1,0.2093242453074712,1,0.0875,0.0049479166666666664,0,1,0.2757333358390033,1
1/5,63,0.15,0.0030468749999999992,0,1,0.21637416522591055,1,0.1,0.005833333333333334,0,1,0.2993894439514018,1
1/5,64,0.0125,0.00265625,0,1,0.20202846326662757,1,-0.0125,0.006927083333333333,0,1,0.3262520827367488,1
1/5,65,0.16875,0.002825520833333333,0,1,0.2083662345800139,1,0.0375,0.0056770833333333335,0,1,0.2953525476216445,1
1/5,66,0.16875,0.0034244791666666673,0,1,0.22939045927043206,1,0.1625,0.007343749999999999,0,1,0.33592090268080954,1
1/5,67,0.14375,0.0029296875,0,1,0.2121723251392822,1,0.175,0.004895833333333333,0,1,0.27427826850103637,1
1/5,68,0.06875,0.0030859375000000006,0,1,0.21775676181910658,1,0.0625,0.0056770833333333335,0,1,0.2953525476216445,1
1/5,69,0.125,0.0029947916666666664,0,1,0.21451684189413125,1,0.15,0.006354166666666668,0,1,0.31246932386925447,1
1/5,70,0.0875,0.002682291666666666,0,1,0.20301638340381312,1,0.0125,0.005364583333333332,0,1,0.28710852279360866,1
1/5,71,0.09375,0.0032421875000000007,0,1,0.2232015212333396,1,0.125,0.00625,0,1,0.3098975161522808,1
1/5,72,0.0375,0.0026562500000000006,0,1,0.2020284632666276,1,0.0375,0.005572916666666666,0,1,0.2926303462470013,1
1/5,73,0.10625,0.0027734375,0,1,0.20643687604707509,1,0.0125,0.0049479166666666664,0,1,0.2757333358390033,1
1/5,74,0.09375,0.0026953125,0,1,0.20350854505550506,1,0.0125,0.00484375,0,1,0.27281544063881114,1
1/5,75,0.08125,0.0031119791666666657,0,1,0.21867363645037796,1,0.125,0.006666666666666666,0,1,0.3200607784236873,1
1/5,76,0.08125,0.003138020833333333,0,1,0.2195866827449266,1,0.15,0.005729166666666666,0,1,0.29670428259055126,1
1/5,77,0.0625,0.003125,0,1,0.21913063514414538,1,0.125,0.005833333333333333,0,1,0.2993894439514018,1
1/5,78,0.11875,0.0025911458333333333,0,1,0.19953726486211204,1,0.1,0.005,0,1,0.27718076486993554,1
1/5,79,0.13125,0.0029296875,0,1,0.2121723251392822,1,0.2625,0.005364583333333332,0,0,0.28710852279360866,1
1/5,80,0.11875,0.0025130208333333333,0,1,0.19650614287392068,1,0.1,0.005416666666666666,0,1,0.28849888696788073,1
1/5,81,-0.04375,0.0030859375000000006,0,0,0.21775676181910658,1,-0.1125,0.005052083333333334,0,0,0.2786206746364319,1
1/5,82,0.15625,0.0030598958333333333,0,1,0.21683601028762298,1,0.15,0.006875,0,1,0.32502325696646456,1
1/5,83,0.1125,0.002864583333333333,0,1,0.20980161022686847,1,0.1125,0.006197916666666667,0,1,0.30860357515164205,1
1/5,84,0.1625,0.0025520833333333337,0,1,0.19802750346333006,1,0.2,0.0053125,0,1,0.28571139273705937,1
1/5,85,0.11875,0.002825520833333333,0,1,0.2083662345800139,1,0.1125,0.005260416666666668,0,1,0.2843073970525076,1
1/5,86,0.08125,0.002643229166666667,0,1,0.20153268714933217,1,0.0,0.005729166666666666,0,1,0.29670428259055126,1
1/5,87,0.0875,0.0034375000000000013,0,1,0.22982614904432488,1,0.1125,0.00578125,0,1,0.298049887147356,1
1/5,88,0.14375,0.0029296874999999996,0,1,0.2121723251392822,1,0.05,0.004375,0,1,0.2592788640868114,1
1/5,89,0.11875,0.0032682291666666675,0,1,0.22409612009440485,1,0.125,0.005104166666666667,0,1,0.2800531811207264,1
1/5,90,0.15,0.0025000000000000005,0,1,0.1959963984540054,1,0.1125,0.004427083333333332,0,1,0.2608176245638418,1
1/5,91,0.19375,0.0035546875,0,1,0.23371080977726424,1,0.2,0.007604166666666666,0,1,0.3418250611976536,1
1/5,92,0.13125,0.002200520833333334,0,1,0.18388268178737793,1,0.1875,0.00578125,0,1,0.298049887147356,1
1/5,93,0.1,0.002942708333333333,0,1,0.21264329647382202,1,0.0625,0.00484375,0,1,0.27281544063881114,1
1/5,94,0.11875,0.0029557291666666664,0,1,0.21311322698391633,1,0.075,0.00625,0,1,0.3098975161522808,1
1/5,95,0.1625,0.003125,0,1,0.21913063514414538,1,0.1125,0.00609375,0,1,0.3059992790096397,1
1/5,96,0.1,0.0030989583333333333,0,1,0.21821568068813843,1,0.1125,0.00546875,0,1,0.28988258261351957,1
1/5,97,0.15625,0.0030078124999999996,0,1,0.2149826770613767,1,0.125,0.0058333333333333345,0,1,0.2993894439514019,1
1/5,98,-0.01875,0.002669270833333333,0,0,0.20252302572823555,1,-0.0375,0.004427083333333333,0,0,0.26081762456384183,1
1/5,99,0.11875,0.0032942708333333344,0,1,0.22498716186008236,1,0.125,0.00625,0,1,0.3098975161522808,1
1/5,100,0.0875,0.0025,0,1,0.1959963984540054,1,0.125,0.005,0,1,0.27718076486993554,1
1/5,101,0.0125,0.002734375,0,1,0.20497793991388927,1,-0.0125,0.0056770833333333335,0,1,0.2953525476216445,1
1/5,102,0.1625,0.0030989583333333325,0,1,0.2182156806881384,1,0.175,0.00625,0,1,0.3098975161522808,1
1/5,103,0.125,0.002890625,0,1,0.21075309633378064,1,0.125,0.005625,0,1,0.2939945976810081,1
1/5,104,0.1,0.0025260416666666665,0,1,0.19701456841419168,1,0.1,0.005833333333333333,0,1,0.2993894439514018,1
1/5,105,0.1625,0.002786458333333333,0,1,0.20692090221222198,1,0.15,0.0040625,0,1,0.2498473650777201,1
1/5,106,0.1,0.002682291666666666,0,1,0.20301638340381312,1,0.1125,0.005781249999999999,0,1,0.298049887147356,1
1/5,107,-0.03125,0.003268229166666666,0,0,0.2240961200944048,1,-0.05,0.0059375,0,1,0.3020507357903395,1
1/5,108,0.08125,0.0035286458333333337,0,1,0.23285315253664834,1,0.1625,0.007343749999999999,0,1,0.33592090268080954,1
1/5,109,0.1,0.0028125,0,1,0.20788557365245167,1,0.125,0.007083333333333331,0,1,0.3299110990145681,1
1/5,110,0.14375,0.003033854166666667,0,1,0.21591133225693637,1,0.075,0.006666666666666666,0,1,0.3200607784236873,1
1/5,111,0.19375,0.002747395833333334,0,1,0.20546540300397653,1,0.1875,0.005468749999999998,0,1,0.2898825826135195,1
1/5,112,0.075,0.0031250000000000006,0,1,0.2191306351441454,1,0.075,0.008020833333333331,0,1,0.3510652415586071,1
1/5,113,0.09375,0.003554687499999999,0,1,0.2337108097772642,1,0.15,0.0075,0,1,0.3394757202228515,1
1/5,114,0.06875,0.0025390625,0,1,0.1975216852593019,1,0.0625,0.005572916666666666,0,1,0.2926303462470013,1
1/5,115,0.10625,0.0032421875000000007,0,1,0.2232015212333396,1,0.1,0.006666666666666666,0,1,0.3200607784236873,1
1/5,116,0.0625,0.0029427083333333336,0,1,0.21264329647382205,1,0.1,0.005625,0,1,0.2939945976810081,1
1/5,117,0.11875,0.003502604166666667,0,1,0.2319923246268433,1,0.05,0.007187499999999999,0,1,0.3323280624547919,1
1/5,118,0.10625,0.002643229166666666,0,1,0.20153268714933215,1,0.1125,0.0049479166666666664,0,1,0.2757333358390033,1
1/5,119,0.06875,0.003033854166666667,0,1,0.21591133225693637,1,-0.025,0.005208333333333334,0,1,0.282896433519043,1
1/5,120,0.14375,0.0033463541666666663,0,1,0.22675874166795162,1,0.1625,0.007447916666666666,0,1,0.33829493153141654,1
1/5,121,0.06875,0.0030598958333333337,0,1,0.21683601028762298,1,-0.0875,0.00546875,0,0,0.28988258261351957,1
1/5,122,0.075,0.0025,0,1,0.1959963984540054,1,0.05,0.006041666666666667,0,1,0.3046887835701232,1
1/5,123,0.14375,0.0028515625000000004,0,1,0.2093242453074712,1,0.2125,0.00515625,0,1,0.2814783973537158,1
1/5,124,0.11875,0.0032161458333333326,0,1,0.222303322333221,1,0.0625,0.00578125,0,1,0.298049887147356,1
1/5,125,0.15625,0.0030859374999999993,0,1,0.21775676181910655,1,0.1625,0.006718749999999999,0,1,0.321308583461685,1
1/5,126,0.025,0.003541666666666667,0,1,0.23328237530190768,1,0.075,0.006458333333333333,0,1,0.3150201361838079,1
1/5,127,0.0375,0.0028125,0,1,0.20788557365245167,1,0.05,0.003958333333333334,0,1,0.24662339303951614,1
1/5,128,0.06875,0.0031640625,0,1,0.22049594826075608,1,0.0125,0.00671875,0,1,0.321308583461685,1
1/5,129,0.0625,0.003541666666666667,0,1,0.23328237530190768,1,0.125,0.007291666666666668,0,1,0.3347275742105989,1
1/5,130,0.0875,0.002682291666666666,0,1,0.20301638340381312,1,0.0875,0.004635416666666666,0,1,0.2668839616144756,1
1/5,131,0.04375,0.003190104166666666,0,1,0.2214014795792905,1,0.05,0.005416666666666668,0,1,0.2884988869678808,1
1/5,132,0.0875,0.002708333333333333,0,1,0.20399951933975977,1,0.05,0.006354166666666668,0,1,0.31246932386925447,1
1/5,133,0.0625,0.003177083333333334,0,1,0.22094917782072537,1,0.025,0.00625,0,1,0.3098975161522808,1
1/5,134,0.13125,0.0034765625000000005,0,1,0.2311282906207669,1,0.1625,0.007760416666666666,0,1,0.34531910492429096,1
1/5,135,0.10625,0.0032161458333333343,0,1,0.22230332233322106,1,0.1375,0.007239583333333334,0,1,0.33352997618794933,1
1/5,136,0.15625,0.0033463541666666663,0,1,0.22675874166795162,1,0.1875,0.007864583333333335,0,1,0.3476289574642328,1
1/5,137,0.0875,0.003151041666666666,0,1,0.22004178516628503,1,0.1,0.006145833333333334,0,1,0.30730418590607783,1
1/5,138,0.09375,0.002903645833333333,0,1,0.21122723213288647,1,0.1375,0.006510416666666668,0,1,0.31628782797041505,1
1/5,139,0.05,0.0032812500000000007,0,1,0.2245420829635514,1,0.075,0.004895833333333333,0,1,0.27427826850103637,1
1/5,140,0.175,0.0023177083333333335,0,1,0.18871545904752599,1,0.125,0.004791666666666667,0,1,0.27134472674067345,1
1/5,141,0.18125,0.003190104166666667,0,1,0.22140147957929052,1,0.1375,0.00671875,0,1,0.321308583461685,1
1/5,142,0.14375,0.0031640625,0,1,0.22049594826075608,1,0.1125,0.006822916666666666,0,1,0.32378976767049095,1
1/5,143,0.15,0.0030989583333333338,0,1,0.21821568068813846,1,0.15,0.006458333333333332,0,1,0.3150201361838079,1
1/5,144,0.10625,0.0023307291666666663,0,1,0.18924481621371544,1,0.1,0.004895833333333333,0,1,0.27427826850103637,1
1/5,145,0.06875,0.002669270833333333,0,1,0.20252302572823555,1,0.0,0.006354166666666666,0,1,0.3124693238692544,1
1/5,146,0.10625,0.0029557291666666664,0,1,0.21311322698391633,1,0.075,0.005833333333333334,0,1,0.2993894439514018,1
1/5,147,0.05625,0.003111979166666666,0,1,0.21867363645037796,1,0.075,0.0069791666666666665,0,1,0.3274762974797479,1
1/5,148,0.04375,0.003216145833333333,0,1,0.22230332233322103,1,0.0375,0.006302083333333332,0,1,0.31118607687094724,1
1/5,149,-0.00625,0.0031640625,0,1,0.22049594826075608,1,0.0125,0.006927083333333333,0,1,0.3262520827367488,1
1/5,150,0.075,0.00265625,0,1,0.20202846326662757,1,0.0375,0.005885416666666667,0,1,0.3007230338210021,1
1/5,151,0.2,0.003098958333333334,0,1,0.21821568068813846,1,0.025,0.006250000000000001,0,1,0.3098975161522808,1
1/5,152,0.04375,0.0029296875000000004,0,1,0.21217232513928222,1,0.0625,0.008072916666666666,0,1,0.35220321939411786,1
1/5,153,0.1,0.0027343749999999994,0,1,0.20497793991388924,1,0.1625,0.0060937499999999985,0,1,0.30599927900963964,1
1/5,154,0.1125,0.003593750000000001,0,1,0.23499142654036992,1,0.125,0.0077083333333333335,0,1,0.34415836515292714,1
1/5,155,0.13125,0.0032682291666666667,0,1,0.22409612009440483,1,0.1,0.007083333333333331,0,1,0.3299110990145681,1
1/5,156,0.03125,0.003138020833333334,0,1,0.21958668274492663,1,-0.0125,0.006822916666666666,0,1,0.32378976767049095,1
1/5,157,0.04375,0.0030078124999999996,0,1,0.2149826770613767,1,0.05,0.0056250000000000015,0,1,0.29399459768100816,1
1/5,158,0.0875,0.0025,0,1,0.1959963984540054,1,0.15,0.004479166666666666,0,1,0.2623473598191967,1
1/5,159,0.1,0.0028645833333333327,0,1,0.20980161022686847,1,0.125,0.005520833333333333,0,1,0.2912597047716384,1
1/5,160,0.14375,0.003164062499999999,0,1,0.22049594826075603,1,0.1875,0.007656250000000001,0,1,0.3429936972945095,1
1/5,161,0.1875,0.002864583333333333,0,1,0.20980161022686847,1,0.15,0.005208333333333334,0,1,0.282896433519043,1
1/5,162,0.16875,0.002721354166666667,0,1,0.20448931480910565,1,0.1875,0.005885416666666666,0,1,0.300723033821002,1
1/5,163,0.05,0.0026041666666666674,0,1,0.20003798651480462,1,0.0125,0.004635416666666666,0,1,0.2668839616144756,1
1/5,164,0.1625,0.0025520833333333333,0,1,0.19802750346333006,1,0.1125,0.0047395833333333335,0,1,0.2698659978748579,1
1/5,165,0.08125,0.003033854166666667,0,1,0.21591133225693637,1,0.05,0.006458333333333333,0,1,0.3150201361838079,1
1/5,166,0.125,0.0034895833333333337,0,1,0.23156071062579284,1,0.1625,0.005468750000000001,0,1,0.2898825826135196,1
1/5,167,0.21875,0.003372395833333333,0,0,0.22763936145430075,1,0.1875,0.006927083333333336,0,1,0.3262520827367489,1
1/5,168,0.11875,0.0026432291666666674,0,1,0.20153268714933217,1,0.0875,0.00671875,0,1,0.321308583461685,1
1/5,169,0.10625,0.0029296875,0,1,0.2121723251392822,1,0.0875,0.005572916666666666,0,1,0.2926303462470013,1
1/5,170,0.11875,0.0031640624999999993,0,1,0.22049594826075605,1,-0.025,0.0053125,0,1,0.28571139273705937,1
1/5,171,0.0,0.0030989583333333333,0,1,0.21821568068813843,1,0.05,0.004895833333333333,0,1,0.27427826850103637,1
1/5,172,0.05625,0.003294270833333333,0,1,0.2249871618600823,1,-0.0375,0.006302083333333334,0,1,0.31118607687094724,1
1/5,173,0.125,0.0022916666666666667,0,1,0.18765226490247722,1,0.15,0.003854166666666666,0,1,0.24335671380171076,1
1/5,174,0.13125,0.0028776041666666663,0,1,0.21027789145326556,1,0.05,0.005937500000000001,0,1,0.3020507357903395,1
1/5,175,0.05625,0.0029296875000000004,0,1,0.21217232513928222,1,0.15,0.0059375,0,1,0.3020507357903395,1
1/5,176,0.1,0.0026302083333333334,0,1,0.2010356883973244,1,0.025,0.0059375,0,1,0.3020507357903395,1
1/5,177,0.06875,0.0029296875,0,1,0.2121723251392822,1,0.0125,0.006302083333333334,0,1,0.31118607687094724,1
1/5,178,0.1,0.0032812500000000007,0,1,0.2245420829635514,1,0.15,0.006458333333333332,0,1,0.3150201361838079,1
1/5,179,0.01875,0.0038411458333333344,0,1,0.24294529049175514,1,-0.0625,0.005885416666666667,0,0,0.3007230338210021,1
1/5,180,0.03125,0.003580729166666667,0,1,0.23456533112809652,1,0.075,0.0071875,0,1,0.33232806245479196,1
1/5,181,0.1125,0.0026302083333333334,0,1,0.2010356883973244,1,0.1125,0.0056770833333333335,0,1,0.2953525476216445,1
1/5,182,0.0375,0.002604166666666666,0,1,0.20003798651480456,1,0.075,0.003854166666666666,0,1,0.24335671380171076,1
1/5,183,0.175,0.0025520833333333337,0,1,0.19802750346333006,1,0.1875,0.005364583333333332,0,1,0.28710852279360866,1
1/5,184,0.1875,0.002942708333333333,0,1,0.21264329647382202,1,0.1625,0.005572916666666666,0,1,0.2926303462470013,1
1/5,185,0.0375,0.003229166666666666,0,1,0.22275287450588027,1,0.0125,0.006822916666666666,0,1,0.32378976767049095,1
1/5,186,-0.0125,0.003281250000000001,0,0,0.22454208296355144,1,0.0,0.007812499999999999,0,1,0.34647595608741943,1
1/5,187,0.0125,0.0035937499999999993,0,1,0.23499142654036986,1,0.0,0.00625,0,1,0.3098975161522808,1
1/5,188,0.125,0.003046875,0,1,0.21637416522591058,1,0.0375,0.005989583333333333,0,1,0.3033726271641254,1
1/5,189,0.0625,0.0035416666666666665,0,1,0.23328237530190765,1,0.025,0.007708333333333333,0,1,0.34415836515292714,1
1/5,190,0.11875,0.0025130208333333337,0,1,0.1965061428739207,1,0.175,0.005729166666666665,0,1,0.29670428259055126,1
1/5,191,0.0375,0.0033854166666666668,0,1,0.22807839631049295,1,0.125,0.006562499999999999,0,1,0.317550459050559,1
1/5,192,0.10625,0.003554687500000001,0,1,0.23371080977726427,1,0.075,0.005937499999999999,0,1,0.3020507357903395,1
1/5,193,0.13125,0.002721354166666666,0,1,0.20448931480910562,1,0.175,0.005625,0,1,0.2939945976810081,1
1/5,194,0.075,0.0029947916666666664,0,1,0.21451684189413125,1,0.075,0.005625,0,1,0.2939945976810081,1
1/5,195,0.04375,0.003476562500000001,0,1,0.2311282906207669,1,0.0125,0.005364583333333332,0,1,0.28710852279360866,1
1/5,196,0.1,0.002682291666666667,0,1,0.20301638340381314,1,0.1375,0.005677083333333333,0,1,0.2953525476216444,1
1/5,197,0.0875,0.0034895833333333324,0,1,0.2315607106257928,1,0.125,0.0069791666666666665,0,1,0.3274762974797479,1
1/5,198,0.10625,0.003111979166666666,0,1,0.21867363645037796,1,0.125,0.0060416666666666665,0,1,0.3046887835701232,1
1/5,199,0.0875,0.00296875,0,1,0.21358212353973524,1,0.0625,0.00640625,0,1,0.31374732234759706,1
1/5,200,0.0375,0.0031249999999999993,0,1,0.21913063514414535,1,0.0125,0.005989583333333333,0,1,0.3033726271641254,1
1/5,201,0.13125,0.0031640624999999993,0,1,0.22049594826075605,1,0.275,0.008125,0,1,0.35333753221609376,1
1/5,202,0.1875,0.0029166666666666672,0,1,0.21170030603370607,1,0.2375,0.006822916666666666,0,1,0.32378976767049095,1
1/5,203,0.10625,0.0030078125,0,1,0.21498267706137672,1,0.1125,0.007552083333333333,0,1,0.3406524160222582,1
1/5,204,0.1875,0.003151041666666667,0,1,0.22004178516628506,1,0.2375,0.005677083333333333,0,1,0.2953525476216444,1
1/5,205,0.15,0.0034375,0,1,0.22982614904432486,1,0.2375,0.007552083333333332,0,1,0.34065241602225815,1
1/5,206,0.09375,0.0029557291666666664,0,1,0.21311322698391633,1,0.0875,0.00640625,0,1,0.31374732234759706,1
1/5,207,0.14375,0.0033203124999999995,0,1,0.2258746886269992,1,0.1375,0.006718749999999999,0,1,0.321308583461685,1
1/5,208,0.0875,0.0036718750000000007,0,1,0.23753194822790674,1,0.075,0.005833333333333334,0,1,0.2993894439514018,1
1/5,209,0.11875,0.0034765625,0,1,0.2311282906207669,1,0.2625,0.00609375,0,0,0.3059992790096397,1
1/5,210,0.2125,0.0034895833333333333,0,1,0.23156071062579284,1,0.275,0.0077083333333333335,0,0,0.34415836515292714,1
1/5,211,0.0625,0.00265625,0,1,0.20202846326662757,1,0.1125,0.00515625,0,1,0.2814783973537158,1
1/5,212,-0.0125,0.0023697916666666667,0,0,0.19082407710898644,1,-0.1,0.0059375,0,0,0.3020507357903395,1
1/5,213,0.0875,0.0032291666666666675,0,1,0.2227528745058803,1,0.1125,0.0060937499999999985,0,1,0.30599927900963964,1
1/5,214,0.2,0.0031250000000000006,0,1,0.2191306351441454,1,0.2875,0.00671875,0,0,0.321308583461685,1
1/5,215,0.1,0.0032552083333333326,0,1,0.22364926796464463,1,0.125,0.007395833333333332,0,1,0.3371100069396752,1
1/5,216,0.13125,0.002747395833333333,0,1,0.2054654030039765,1,0.1625,0.004427083333333333,0,1,0.26081762456384183,1
1/5,217,0.11875,0.0029296875,0,1,0.2121723251392822,1,0.15,0.0040625,0,1,0.2498473650777201,1
1/5,218,0.1125,0.003177083333333333,0,1,0.22094917782072535,1,0.15,0.004999999999999999,0,1,0.27718076486993554,1
1/5,219,0.16875,0.003111979166666667,0,1,0.21867363645037802,1,0.2125,0.00671875,0,1,0.321308583461685,1
1/5,220,0.125,0.0023958333333333336,0,1,0.19186969631754092,1,0.1125,0.0049479166666666664,0,1,0.2757333358390033,1
1/5,221,0.19375,0.002643229166666666,0,1,0.20153268714933215,1,0.25,0.0069791666666666665,0,1,0.3274762974797479,1
1/5,222,0.025,0.002421875,0,1,0.19290964808809938,1,-0.0375,0.00421875,0,0,0.25460679016713866,1
1/5,223,0.09375,0.0031640625,0,1,0.22049594826075608,1,0.1625,0.007447916666666665,0,1,0.3382949315314165,1
1/5,224,0.10625,0.0028515625,0,1,0.20932424530747118,1,0.1375,0.005885416666666666,0,1,0.300723033821002,1
1/5,225,0.025,0.002890625,0,1,0.21075309633378064,1,0.1125,0.005156250000000001,0,1,0.2814783973537159,1
1/5,226,0.13125,0.0030859375000000006,0,1,0.21775676181910658,1,0.0875,0.005364583333333334,0,1,0.28710852279360866,1
1/5,227,0.01875,0.003294270833333333,0,1,0.2249871618600823,1,-0.1125,0.006614583333333333,0,0,0.31880808955263157,1
1/5,228,0.06875,0.0028515624999999995,0,1,0.20932424530747115,1,0.025,0.005729166666666666,0,1,0.29670428259055126,1
1/5,229,0.14375,0.0035546875000000006,0,1,0.23371080977726427,1,0.1875,0.0066145833333333326,0,1,0.31880808955263157,1
1/5,230,0.1375,0.002994791666666667,0,1,0.21451684189413125,1,0.0,0.004999999999999999,0,1,0.27718076486993554,1
1/5,231,0.19375,0.0030078125,0,1,0.21498267706137672,1,0.25,0.005624999999999999,0,0,0.2939945976810081,1
1/5,232,0.05,0.003880208333333333,0,1,0.24417748076523504,1,0.2,0.009270833333333334,0,1,0.37743091809505197,1
1/5,233,0.00625,0.0030078125000000005,0,1,0.21498267706137672,1,-0.075,0.0059375,0,0,0.3020507357903395,1
1/5,234,0.1,0.0029166666666666664,0,1,0.21170030603370604,1,0.0625,0.005260416666666667,0,1,0.2843073970525076,1
1/5,235,0.10625,0.003424479166666667,0,1,0.22939045927043203,1,0.0875,0.00640625,0,1,0.31374732234759706,1
1/5,236,0.0875,0.0033072916666666667,0,1,0.22543136201979388,1,0.0375,0.006614583333333333,0,1,0.31880808955263157,1
1/5,237,0.16875,0.002747395833333333,0,1,0.2054654030039765,1,0.1125,0.00609375,0,1,0.3059992790096397,1
1/5,238,0.2125,0.0026302083333333334,0,0,0.2010356883973244,1,0.2,0.0046875,0,1,0.26837912155757354,1
1/5,239,0.13125,0.0026171875,0,1,0.2005374579203138,1,0.0875,0.005052083333333333,0,1,0.27862067463643186,1
1/5,240,0.09375,0.0029557291666666664,0,1,0.21311322698391633,1,0.1125,0.00671875,0,1,0.321308583461685,1
1/5,241,0.125,0.0032291666666666666,0,1,0.22275287450588027,1,0.1,0.007604166666666667,0,1,0.3418250611976536,1
1/5,242,0.025,0.002604166666666666,0,1,0.20003798651480456,1,0.05,0.005833333333333333,0,1,0.2993894439514018,1
1/5,243,0.15625,0.0031901041666666675,0,1,0.22140147957929052,1,0.1875,0.005468749999999999,0,1,0.28988258261351957,1
1/5,244,0.1,0.0029687499999999987,0,1,0.2135821235397352,1,0.1625,0.006302083333333332,0,1,0.31118607687094724,1
1/5,245,0.125,0.0033072916666666667,0,1,0.22543136201979388,1,0.15,0.007916666666666666,0,1,0.3487781472349541,1
1/5,246,0.075,0.0033072916666666676,0,1,0.2254313620197939,1,0.1,0.007395833333333332,0,1,0.3371100069396752,1
1/5,247,0.125,0.0030989583333333333,0,1,0.21821568068813843,1,0.1375,0.005364583333333334,0,1,0.28710852279360866,1
1/5,248,0.06875,0.003294270833333333,0,1,0.2249871618600823,1,-0.0125,0.006302083333333332,0,1,0.31118607687094724,1
1/5,249,0.10625,0.0031640625000000006,0,1,0.2204959482607561,1,0.0,0.0069791666666666665,0,1,0.3274762974797479,1
1/5,250,0.08125,0.002747395833333333,0,1,0.2054654030039765,1,0.075,0.005729166666666666,0,1,0.29670428259055126,1
1/5,251,0.0875,0.0026302083333333325,0,1,0.20103568839732436,1,0.1,0.005729166666666666,0,1,0.29670428259055126,1
1/5,252,0.15625,0.0025390625,0,1,0.1975216852593019,1,0.2,0.005729166666666666,0,1,0.29670428259055126,1
1/5,253,0.1125,0.0025781249999999993,0,1,0.19903528352633398,1,0.025,0.005416666666666666,0,1,0.28849888696788073,1
1/5,254,0.1,0.002786458333333333,0,1,0.20692090221222198,1,0.0875,0.005781250000000001,0,1,0.29804988714735603,1
1/5,255,0.0875,0.0028645833333333327,0,1,0.20980161022686847,1,0.1,0.007187500000000001,0,1,0.332328062454792,1
1/5,256,0.05,0.0033072916666666667,0,1,0.22543136201979388,1,-0.1,0.0060416666666666665,0,0,0.3046887835701232,1
1/5,257,0.1125,0.003411458333333333,0,1,0.22895394039862088,1,0.1,0.007187500000000001,0,1,0.332328062454792,1
1/5,258,0.00625,0.003111979166666666,0,1,0.21867363645037796,1,0.0625,0.00546875,0,1,0.28988258261351957,1
1/5,259,0.08125,0.0035807291666666674,0,1,0.23456533112809655,1,0.0875,0.00703125,0,1,0.3286959527162181,1
1/5,260,0.09375,0.0030598958333333333,0,1,0.21683601028762298,1,0.0875,0.0060937499999999985,0,1,0.30599927900963964,1
1/5,261,0.1,0.003255208333333334,0,1,0.22364926796464465,1,0.1625,0.008072916666666666,0,1,0.35220321939411786,1
1/5,262,0.0625,0.0027604166666666667,0,1,0.20595171233041729,1,0.0375,0.0066145833333333326,0,1,0.31880808955263157,1
1/5,263,0.125,0.003177083333333333,0,1,0.22094917782072535,1,0.125,0.006458333333333332,0,1,0.3150201361838079,1
1/5,264,0.05625,0.0029817708333333337,0,1,0.2140499929361999,1,0.125,0.0067708333333333336,0,1,0.3225515613466048,1
1/5,265,0.03125,0.0027734375000000007,0,1,0.20643687604707514,1,0.05,0.005937499999999999,0,1,0.3020507357903395,1
1/5,266,0.16875,0.0029296875,0,1,0.2121723251392822,1,0.25,0.0069791666666666665,0,1,0.3274762974797479,1
1/5,267,0.15625,0.0020182291666666664,0,1,0.17610160969705893,1,0.1625,0.005989583333333333,0,1,0.3033726271641254,1
1/5,268,0.025,0.0033072916666666663,0,1,0.22543136201979386,1,0.0875,0.006822916666666666,0,1,0.32378976767049095,1
1/5,269,0.1375,0.0029687499999999987,0,1,0.2135821235397352,1,0.15,0.005520833333333333,0,1,0.2912597047716384,1
1/5,270,0.04375,0.0028255208333333327,0,1,0.2083662345800139,1,0.0375,0.006302083333333332,0,1,0.31118607687094724,1
1/5,271,0.0125,0.0035416666666666665,0,1,0.23328237530190765,1,-0.0375,0.00609375,0,1,0.3059992790096397,1
1/5,272,0.2125,0.0027083333333333326,0,0,0.20399951933975974,1,0.2,0.0063541666666666686,0,1,0.31246932386925447,1
1/5,273,0.11875,0.0030078124999999996,0,1,0.2149826770613767,1,0.1,0.007187499999999999,0,1,0.3323280624547919,1
1/5,274,0.13125,0.0023307291666666667,0,1,0.18924481621371544,1,0.0875,0.003802083333333333,0,1,0.24170681875236746,1
1/5,275,0.1625,0.0022916666666666662,0,1,0.1876522649024772,1,0.2125,0.005052083333333334,0,1,0.2786206746364319,1
1/5,276,0.0875,0.0028385416666666667,0,1,0.2088457892639875,1,0.1125,0.006406250000000001,0,1,0.31374732234759706,1
1/5,277,0.125,0.0027864583333333326,0,1,0.20692090221222195,1,0.0875,0.00515625,0,1,0.2814783973537158,1
1/5,278,0.125,0.0032291666666666666,0,1,0.22275287450588027,1,0.175,0.0065625,0,1,0.317550459050559,1
1/5,279,0.0875,0.0026302083333333334,0,1,0.2010356883973244,1,0.175,0.006249999999999999,0,1,0.3098975161522807,1
1/5,280,0.05625,0.0029817708333333332,0,1,0.2140499929361999,1,0.0125,0.005677083333333333,0,1,0.2953525476216444,1
1/5,281,0.09375,0.003424479166666667,0,1,0.22939045927043203,1,0.0625,0.005260416666666667,0,1,0.2843073970525076,1
1/5,282,0.14375,0.0029557291666666664,0,1,0.21311322698391633,1,0.075,0.005625,0,1,0.2939945976810081,1
1/5,283,0.0875,0.003567708333333334,0,1,0.23413846029003668,1,0.15,0.0077083333333333335,0,1,0.34415836515292714,1
1/5,284,0.25625,0.002669270833333334,0,0,0.20252302572823558,1,0.2375,0.00609375,0,1,0.3059992790096397,1
1/5,285,0.1875,0.003151041666666667,0,1,0.22004178516628506,1,0.2375,0.00671875,0,1,0.321308583461685,1
1/5,286,0.13125,0.0027994791666666667,0,1,0.20740379879010035,1,0.1375,0.004322916666666666,0,1,0.25773091673520515,1
1/5,287,0.05625,0.0030078124999999996,0,1,0.2149826770613767,1,-0.0125,0.006197916666666667,0,1,0.30860357515164205,1
1/5,288,0.03125,0.003580729166666667,0,1,0.23456533112809652,1,0.0375,0.005572916666666666,0,1,0.2926303462470013,1
1/5,289,-0.05625,0.0034765625000000005,0,0,0.2311282906207669,1,-0.0875,0.006822916666666667,0,0,0.32378976767049095,1
1/5,290,0.06875,0.0027734375,0,1,0.20643687604707509,1,-0.0125,0.00578125,0,1,0.298049887147356,1
1/5,291,0.05625,0.0030598958333333333,0,1,0.21683601028762298,1,-0.05,0.005729166666666667,0,0,0.2967042825905513,1
1/5,292,0.08125,0.0028515625000000012,0,1,0.2093242453074712,1,0.125,0.0055208333333333325,0,1,0.2912597047716383,1
1/5,293,0.05,0.0024999999999999996,0,1,0.19599639845400538,1,0.05,0.005937500000000001,0,1,0.3020507357903395,1
1/5,294,0.09375,0.0035026041666666673,0,1,0.23199232462684333,1,0.0875,0.007968750000000002,0,1,0.3499235629528616,1
1/5,295,0.15,0.00265625,0,1,0.20202846326662757,1,0.125,0.005625,0,1,0.2939945976810081,1
1/5,296,0.13125,0.003190104166666667,0,1,0.22140147957929052,1,0.15,0.00625,0,1,0.3098975161522808,1
1/5,297,0.14375,0.0028776041666666668,0,1,0.21027789145326556,1,0.0875,0.006510416666666666,0,1,0.316287827970415,1
1/5,298,0.10625,0.003502604166666667,0,1,0.2319923246268433,1,0.1875,0.0066145833333333326,0,1,0.31880808955263157,1
1/5,299,0.075,0.003333333333333333,0,1,0.22631714681523435,1,0.2625,0.0061979166666666675,0,0,0.3086035751516421,1
1/5,300,0.15,0.002864583333333333,0,1,0.20980161022686847,1,0.1875,0.0060937499999999985,0,1,0.30599927900963964,1
1/5,301,0.125,0.003177083333333333,0,1,0.22094917782072535,1,0.2375,0.006406250000000001,0,1,0.31374732234759706,1
1/5,302,0.125,0.002786458333333333,0,1,0.20692090221222198,1,0.1375,0.0061979166666666675,0,1,0.3086035751516421,1
1/5,303,0.10625,0.002643229166666666,0,1,0.20153268714933215,1,0.1,0.0065625,0,1,0.317550459050559,1
1/5,304,0.10625,0.0036328124999999993,0,1,0.23626510213785595,1,0.1125,0.008385416666666666,0,1,0.3589553332622999,1
1/5,305,0.21875,0.0029817708333333337,0,0,0.2140499929361999,1,0.2625,0.006822916666666666,0,0,0.32378976767049095,1
1/5,306,0.0375,0.002916666666666667,0,1,0.21170030603370604,1,0.025,0.006354166666666666,0,1,0.3124693238692544,1
1/5,307,0.11875,0.002721354166666666,0,1,0.20448931480910562,1,0.15,0.005729166666666667,0,1,0.2967042825905513,1
1/5,308,0.05,0.002786458333333333,0,1,0.20692090221222198,1,0.0,0.005833333333333334,0,1,0.2993894439514018,1
1/5,309,-0.01875,0.0033723958333333336,0,0,0.22763936145430078,1,0.0125,0.007760416666666666,0,1,0.34531910492429096,1
1/5,310,0.11875,0.0028255208333333335,0,1,0.20836623458001394,1,0.1125,0.005572916666666666,0,1,0.2926303462470013,1
1/5,311,0.0625,0.002682291666666667,0,1,0.20301638340381314,1,0.075,0.0059375,0,1,0.3020507357903395,1
1/5,312,0.13125,0.0024609374999999996,0,1,0.1944591480651085,1,0.1125,0.005260416666666667,0,1,0.2843073970525076,1
1/5,313,0.09375,0.0030078125,0,1,0.21498267706137672,1,0.15,0.0067708333333333336,0,1,0.3225515613466048,1
1/5,314,0.04375,0.0031640624999999993,0,1,0.22049594826075605,1,0.1,0.0055208333333333325,0,1,0.2912597047716383,1
1/5,315,0.10625,0.0029036458333333336,0,1,0.2112272321328865,1,0.15,0.0046875,0,1,0.26837912155757354,1
1/5,316,0.1,0.0033072916666666663,0,1,0.22543136201979386,1,0.075,0.005625,0,1,0.2939945976810081,1
1/5,317,0.15,0.0023958333333333327,0,1,0.1918696963175409,1,0.3,0.005,0,0,0.27718076486993554,1
1/5,318,0.1125,0.0033072916666666663,0,1,0.22543136201979386,1,0.0375,0.007552083333333335,0,1,0.34065241602225826,1
1/5,319,0.13125,0.002851562499999999,0,1,0.20932424530747115,1,0.075,0.005208333333333334,0,1,0.282896433519043,1
1/5,320,0.1,0.0032291666666666666,0,1,0.22275287450588027,1,0.1625,0.005885416666666666,0,1,0.300723033821002,1
1/5,321,0.125,0.003046875,0,1,0.21637416522591058,1,0.125,0.0059375,0,1,0.3020507357903395,1
1/5,322,0.1,0.002682291666666666,0,1,0.20301638340381312,1,0.15,0.006458333333333333,0,1,0.3150201361838079,1
1/5,323,0.125,0.003203125,0,1,0.22185285921110748,1,0.075,0.00625,0,1,0.3098975161522808,1
1/5,324,0.1875,0.0033072916666666676,0,1,0.2254313620197939,1,0.25,0.006874999999999999,0,1,0.32502325696646456,1
1/5,325,0.1375,0.003203125,0,1,0.22185285921110748,1,0.05,0.0060416666666666665,0,1,0.3046887835701232,1
1/5,326,0.0875,0.0031250000000000006,0,1,0.2191306351441454,1,0.15,0.006354166666666665,0,1,0.3124693238692544,1
1/5,327,0.0625,0.0034375000000000005,0,1,0.22982614904432486,1,0.0625,0.007135416666666667,0,1,0.3311217860153242,1
1/5,328,0.1625,0.0021875,0,1,0.18333784301412953,1,0.175,0.004895833333333333,0,1,0.27427826850103637,1
1/5,329,0.1875,0.003046875,0,1,0.21637416522591058,1,0.225,0.006979166666666665,0,1,0.3274762974797479,1
1/5,330,0.04375,0.0030859375,0,1,0.21775676181910658,1,0.05,0.007395833333333332,0,1,0.3371100069396752,1
1/5,331,0.0375,0.0025520833333333333,0,1,0.19802750346333006,1,0.0125,0.0049479166666666664,0,1,0.2757333358390033,1
1/5,332,0.075,0.003046875,0,1,0.21637416522591058,1,0.0125,0.00515625,0,1,0.2814783973537158,1
1/5,333,0.1625,0.003125,0,1,0.21913063514414538,1,0.125,0.006875000000000003,0,1,0.32502325696646456,1
1/5,334,0.13125,0.0038151041666666663,0,1,0.2421203465461635,1,0.0875,0.008489583333333333,0,1,0.36117798814352553,1
1/5,335,0.04375,0.0024869791666666664,0,1,0.19548532483717737,1,0.1,0.006562499999999999,0,1,0.317550459050559,1
1/5,336,0.15625,0.003216145833333333,0,1,0.22230332233322103,1,0.1625,0.008177083333333333,0,1,0.3544682152091172,1
1/5,337,0.1625,0.0024999999999999996,0,1,0.19599639845400538,1,0.1375,0.005260416666666668,0,1,0.2843073970525076,1
1/5,338,0.06875,0.003216145833333334,0,1,0.22230332233322106,1,0.0625,0.006510416666666668,0,1,0.31628782797041505,1
1/5,339,0.025,0.0030208333333333337,0,1,0.21544750501391444,1,0.025,0.006354166666666668,0,1,0.31246932386925447,1
1/5,340,0.16875,0.0028255208333333335,0,1,0.20836623458001394,1,0.2,0.0056250000000000015,0,1,0.29399459768100816,1
1/5,341,0.11875,0.0025911458333333338,0,1,0.19953726486211204,1,0.0375,0.006510416666666666,0,1,0.316287827970415,1
1/5,342,0.05625,0.003216145833333334,0,1,0.22230332233322106,1,0.125,0.00625,0,1,0.3098975161522808,1
1/5,343,0.09375,0.0037630208333333335,0,1,0.24046196849118648,1,0.075,0.008645833333333332,0,1,0.36448655788977796,1
1/5,344,0.075,0.0029947916666666673,0,1,0.21451684189413128,1,0.075,0.007187499999999999,0,1,0.3323280624547919,1
1/5,345,0.1,0.002682291666666666,0,1,0.20301638340381312,1,0.1625,0.005781250000000001,0,1,0.29804988714735603,1
1/5,346,0.10625,0.0028515625,0,1,0.20932424530747118,1,0.1375,0.005260416666666667,0,1,0.2843073970525076,1
1/5,347,0.1,0.003463541666666667,0,1,0.23069506007938964,1,0.075,0.005729166666666667,0,1,0.2967042825905513,1
1/5,348,0.1375,0.0027343749999999994,0,1,0.20497793991388924,1,0.175,0.00625,0,1,0.3098975161522808,1
1/5,349,0.075,0.003515625000000001,0,1,0.23242313711421062,1,0.175,0.007291666666666665,0,1,0.33472757421059884,1
1/5,350,0.0375,0.0032291666666666666,0,1,0.22275287450588027,1,0.0,0.00625,0,1,0.3098975161522808,1
1/5,351,0.1125,0.003046875,0,1,0.21637416522591058,1,0.1625,0.005989583333333333,0,1,0.3033726271641254,1
1/5,352,-0.04375,0.002981770833333333,0,0,0.21404999293619986,1,-0.025,0.004687500000000001,0,1,0.2683791215575736,1
1/5,353,0.1625,0.0026302083333333334,0,1,0.2010356883973244,1,0.25,0.006458333333333332,0,1,0.3150201361838079,1
1/5,354,0.05625,0.0037630208333333344,0,1,0.2404619684911865,1,0.0375,0.007864583333333335,0,1,0.3476289574642328,1
1/5,355,0.06875,0.003216145833333333,0,1,0.22230332233322103,1,0.05,0.007916666666666666,0,1,0.3487781472349541,1
1/5,356,0.1375,0.0032291666666666666,0,1,0.22275287450588027,1,0.175,0.005,0,1,0.27718076486993554,1
1/5,357,0.05,0.002916666666666667,0,1,0.21170030603370604,1,0.1125,0.0056770833333333335,0,1,0.2953525476216445,1
1/5,358,0.11875,0.0034765624999999996,0,1,0.2311282906207669,1,0.05,0.0059375,0,1,0.3020507357903395,1
1/5,359,0.0875,0.0027604166666666662,0,1,0.20595171233041729,1,0.1625,0.005364583333333334,0,1,0.28710852279360866,1
1/5,360,0.15,0.0032812499999999994,0,1,0.22454208296355135,1,0.225,0.005416666666666668,0,1,0.2884988869678808,1
1/5,361,0.15,0.0028385416666666667,0,1,0.2088457892639875,1,0.125,0.005208333333333332,0,1,0.2828964335190429,1
1/5,362,0.13125,0.0028255208333333335,0,1,0.20836623458001394,1,0.0625,0.006822916666666666,0,1,0.32378976767049095,1
1/5,363,0.05,0.003046875,0,1,0.21637416522591058,1,0.0375,0.0066145833333333326,0,1,0.31880808955263157,1
1/5,364,0.0625,0.0034375,0,1,0.22982614904432486,1,0.075,0.006041666666666665,0,1,0.30468878357012313,1
1/5,365,0.0875,0.002708333333333333,0,1,0.20399951933975977,1,0.05,0.006145833333333334,0,1,0.30730418590607783,1
1/5,366,0.08125,0.003190104166666667,0,1,0.22140147957929052,1,0.125,0.0069791666666666665,0,1,0.3274762974797479,1
1/5,367,0.16875,0.0033203125000000003,0,1,0.22587468862699922,1,0.1125,0.0075520833333333325,0,1,0.3406524160222582,1
1/5,368,0.08125,0.0028515625,0,1,0.20932424530747118,1,0.1125,0.005052083333333333,0,1,0.27862067463643186,1
1/5,369,0.06875,0.003111979166666666,0,1,0.21867363645037796,1,0.1,0.006145833333333334,0,1,0.30730418590607783,1
1/5,370,0.0625,0.0028645833333333336,0,1,0.2098016102268685,1,0.0375,0.005677083333333333,0,1,0.2953525476216444,1
1/5,371,0.1,0.0024999999999999996,0,1,0.19599639845400538,1,0.15,0.005208333333333334,0,1,0.282896433519043,1
1/5,372,-0.0125,0.003645833333333333,0,1,0.2366881375744378,1,-0.025,0.0067708333333333336,0,1,0.3225515613466048,1
1/5,373,0.1,0.0024479166666666664,0,1,0.19394402358918747,1,0.0625,0.005364583333333334,0,1,0.28710852279360866,1
1/5,374,0.13125,0.002721354166666666,0,1,0.20448931480910562,1,0.15,0.005208333333333332,0,1,0.2828964335190429,1
1/5,375,0.05,0.0034114583333333336,0,1,0.2289539403986209,1,0.025,0.006458333333333332,0,1,0.3150201361838079,1
1/5,376,0.1,0.003203125000000001,0,1,0.22185285921110753,1,0.1,0.006666666666666667,0,1,0.32006077842368735,1
1/5,377,0.10625,0.0026953125,0,1,0.20350854505550506,1,0.1125,0.00609375,0,1,0.3059992790096397,1
1/5,378,0.075,0.0025260416666666665,0,1,0.19701456841419168,1,-0.0375,0.004947916666666666,0,1,0.2757333358390032,1
1/5,379,0.125,0.0033593749999999995,0,1,0.22719947821920125,1,0.225,0.008645833333333335,0,1,0.364486557889778,1
1/5,380,0.05,0.0028906249999999995,0,1,0.21075309633378064,1,0.125,0.0059375,0,1,0.3020507357903395,1
1/5,381,0.10625,0.0030338541666666665,0,1,0.21591133225693634,1,0.05,0.00625,0,1,0.3098975161522808,1
1/5,382,0.15625,0.0040494791666666665,0,1,0.2494466473136792,1,0.2125,0.008072916666666667,0,1,0.3522032193941179,1
1/5,383,0.0625,0.0026302083333333334,0,1,0.2010356883973244,1,0.0625,0.004739583333333333,0,1,0.2698659978748578,1
1/5,384,0.08125,0.003111979166666667,0,1,0.21867363645037802,1,0.1125,0.00609375,0,1,0.3059992790096397,1
1/5,385,0.125,0.0031510416666666674,0,1,0.22004178516628506,1,0.15,0.006666666666666666,0,1,0.3200607784236873,1
1/5,386,0.08125,0.003945312500000002,0,1,0.24621742833130067,1,0.0,0.007291666666666666,0,1,0.33472757421059884,1
1/5,387,-0.03125,0.0024869791666666664,0,0,0.19548532483717737,1,-0.075,0.0060416666666666665,0,0,0.3046887835701232,1
1/5,388,0.1375,0.003359375,0,1,0.22719947821920125,1,0.1125,0.006718750000000001,0,1,0.321308583461685,1
1/5,389,0.18125,0.0031640625,0,1,0.22049594826075608,1,0.2,0.006458333333333333,0,1,0.3150201361838079,1
1/5,390,0.0375,0.002682291666666666,0,1,0.20301638340381312,1,0.0375,0.006197916666666667,0,1,0.30860357515164205,1
1/5,391,0.0125,0.0031250000000000006,0,1,0.2191306351441454,1,0.0875,0.006510416666666665,0,1,0.31628782797041494,1
1/5,392,0.0125,0.0027864583333333335,0,1,0.206920902212222,1,0.0125,0.004843750000000001,0,1,0.27281544063881114,1
1/5,393,0.19375,0.0031640625,0,1,0.22049594826075608,1,0.225,0.007187500000000001,0,1,0.332328062454792,1
1/5,394,0.04375,0.0030598958333333324,0,1,0.21683601028762295,1,0.0625,0.00421875,0,1,0.25460679016713866,1
1/5,395,0.16875,0.0023828124999999995,0,1,0.19134760093803338,1,0.125,0.005625,0,1,0.2939945976810081,1
1/5,396,0.06875,0.0029557291666666655,0,1,0.2131132269839163,1,0.0875,0.005572916666666669,0,1,0.29263034624700135,1
1/5,397,0.09375,0.0028515625,0,1,0.20932424530747118,1,0.125,0.005937499999999999,0,1,0.3020507357903395,1
1/5,398,0.08125,0.0025651041666666665,0,1,0.1985320329522762,1,0.0375,0.004635416666666667,0,1,0.26688396161447564,1
1/5,399,-0.0375,0.002708333333333333,0,0,0.20399951933975977,1,-0.0875,0.005989583333333333,0,0,0.3033726271641254,1
1/5,400,0.18125,0.0027734374999999994,0,1,0.20643687604707509,1,0.125,0.005208333333333332,0,1,0.2828964335190429,1
1/5,401,0.21875,0.002669270833333333,0,0,0.20252302572823555,1,0.175,0.0069791666666666665,0,1,0.3274762974797479,1
1/5,402,0.05625,0.0028255208333333335,0,1,0.20836623458001394,1,0.2,0.006666666666666665,0,1,0.3200607784236873,1
1/5,403,0.075,0.002890625,0,1,0.21075309633378064,1,0.15,0.005,0,1,0.27718076486993554,1
1/5,404,0.08125,0.0025651041666666665,0,1,0.1985320329522762,1,0.0875,0.005364583333333332,0,1,0.28710852279360866,1
1/5,405,0.01875,0.0025130208333333333,0,1,0.19650614287392068,1,0.0875,0.00609375,0,1,0.3059992790096397,1
1/5,406,0.04375,0.002721354166666667,0,1,0.20448931480910565,1,0.0125,0.00421875,0,1,0.25460679016713866,1
1/5,407,0.125,0.002630208333333334,0,1,0.2010356883973244,1,0.225,0.005416666666666665,0,1,0.28849888696788073,1
1/5,408,0.10625,0.0032421875,0,1,0.22320152123333958,1,0.0875,0.007239583333333332,0,1,0.33352997618794933,1
1/5,409,0.1125,0.0028124999999999995,0,1,0.20788557365245164,1,0.1,0.005937499999999999,0,1,0.3020507357903395,1
1/5,410,0.10625,0.0029557291666666664,0,1,0.21311322698391633,1,0.0125,0.006510416666666666,0,1,0.316287827970415,1
1/5,411,0.0875,0.0033333333333333335,0,1,0.22631714681523435,1,-0.0375,0.007031250000000001,0,1,0.3286959527162181,1
1/5,412,0.11875,0.002669270833333333,0,1,0.20252302572823555,1,0.175,0.005937499999999999,0,1,0.3020507357903395,1
1/5,413,0.0875,0.0032812500000000007,0,1,0.2245420829635514,1,0.0125,0.006510416666666668,0,1,0.31628782797041505,1
1/5,414,0.19375,0.0029817708333333332,0,1,0.2140499929361999,1,0.2375,0.0061979166666666675,0,1,0.3086035751516421,1
1/5,415,0.1375,0.003203125,0,1,0.22185285921110748,1,0.2,0.007604166666666665,0,1,0.3418250611976536,1
1/5,416,0.075,0.0028906249999999995,0,1,0.21075309633378064,1,-0.025,0.00625,0,1,0.3098975161522808,1
1/5,417,0.05625,0.002747395833333333,0,1,0.2054654030039765,1,0.075,0.0060416666666666665,0,1,0.3046887835701232,1
1/5,418,0.16875,0.0033203125000000003,0,1,0.22587468862699922,1,0.1125,0.008072916666666666,0,1,0.35220321939411786,1
1/5,419,0.15625,0.0027994791666666667,0,1,0.20740379879010035,1,0.1375,0.005468750000000001,0,1,0.2898825826135196,1
1/5,420,0.13125,0.0028255208333333327,0,1,0.2083662345800139,1,0.1375,0.005572916666666666,0,1,0.2926303462470013,1
1/5,421,0.09375,0.0030078125000000005,0,1,0.21498267706137672,1,0.0625,0.006614583333333333,0,1,0.31880808955263157,1
1/5,422,0.09375,0.0026692708333333325,0,1,0.20252302572823555,1,0.1375,0.0049479166666666664,0,1,0.2757333358390033,1
1/5,423,0.08125,0.003033854166666667,0,1,0.21591133225693637,1,0.1,0.004791666666666665,0,1,0.2713447267406734,1
1/5,424,0.11875,0.0029817708333333332,0,1,0.2140499929361999,1,0.15,0.005937500000000001,0,1,0.3020507357903395,1
1/5,425,0.1375,0.002656249999999999,0,1,0.20202846326662752,1,0.1375,0.006510416666666666,0,1,0.316287827970415,1
1/5,426,0.08125,0.0033984375000000004,0,1,0.2285165876775924,1,0.075,0.006145833333333334,0,1,0.30730418590607783,1
1/5,427,0.11875,0.0030078125,0,1,0.21498267706137672,1,0.0625,0.007239583333333332,0,1,0.33352997618794933,1
1/5,428,0.075,0.003151041666666667,0,1,0.22004178516628506,1,0.05,0.0071875,0,1,0.33232806245479196,1
1/5,429,0.09375,0.0030078125000000005,0,1,0.21498267706137672,1,0.1125,0.005885416666666666,0,1,0.300723033821002,1
1/5,430,0.15625,0.0034505208333333337,0,1,0.23026101442664737,1,0.2625,0.006510416666666666,0,0,0.316287827970415,1
1/5,431,0.1375,0.002604166666666666,0,1,0.20003798651480456,1,0.3,0.0046875,0,0,0.26837912155757354,1
1/5,432,0.21875,0.0030078124999999996,0,0,0.2149826770613767,1,0.2125,0.005885416666666667,0,1,0.3007230338210021,1
1/5,433,0.10625,0.002669270833333333,0,1,0.20252302572823555,1,0.1375,0.006197916666666665,0,1,0.30860357515164205,1
1/5,434,0.04375,0.002747395833333333,0,1,0.2054654030039765,1,-0.075,0.0059375,0,0,0.3020507357903395,1
1/5,435,0.075,0.003125,0,1,0.21913063514414538,1,0.1625,0.007031249999999999,0,1,0.3286959527162181,1
1/5,436,0.13125,0.0028255208333333327,0,1,0.2083662345800139,1,0.1375,0.005468750000000001,0,1,0.2898825826135196,1
1/5,437,0.1,0.0030468749999999992,0,1,0.21637416522591055,1,0.0375,0.005989583333333333,0,1,0.3033726271641254,1
1/5,438,0.14375,0.002721354166666666,0,1,0.20448931480910562,1,0.125,0.005208333333333334,0,1,0.282896433519043,1
1/5,439,0.0875,0.0025520833333333333,0,1,0.19802750346333006,1,0.2625,0.005260416666666667,0,0,0.2843073970525076,1
1/5,440,0.08125,0.0030598958333333337,0,1,0.21683601028762298,1,0.15,0.0065625,0,1,0.317550459050559,1
1/5,441,0.19375,0.003033854166666667,0,1,0.21591133225693637,1,0.075,0.0060416666666666665,0,1,0.3046887835701232,1
1/5,442,0.08125,0.002747395833333333,0,1,0.2054654030039765,1,0.15,0.006250000000000002,0,1,0.30989751615228084,1
1/5,443,0.1625,0.002864583333333333,0,1,0.20980161022686847,1,0.1125,0.005572916666666667,0,1,0.2926303462470013,1
1/5,444,0.25,0.0028385416666666667,0,0,0.2088457892639875,1,0.3,0.005937499999999999,0,0,0.3020507357903395,1
1/5,445,0.16875,0.0024609375000000005,0,1,0.19445914806510856,1,0.1125,0.00453125,0,1,0.26386822681990535,1
1/5,446,0.15625,0.0028515625000000004,0,1,0.2093242453074712,1,0.1125,0.005260416666666667,0,1,0.2843073970525076,1
1/5,447,0.18125,0.0032682291666666662,0,1,0.22409612009440483,1,0.175,0.007916666666666666,0,1,0.3487781472349541,1
1/5,448,0.10625,0.002877604166666667,0,1,0.2102778914532656,1,0.1375,0.004947916666666666,0,1,0.2757333358390032,1
1/5,449,0.1125,0.002682291666666666,0,1,0.20301638340381312,1,0.1875,0.006510416666666666,0,1,0.316287827970415,1
1/5,450,0.08125,0.003684895833333334,0,1,0.23795273145982052,1,0.0625,0.006927083333333334,0,1,0.3262520827367488,1
1/5,451,0.0625,0.003333333333333333,0,1,0.22631714681523435,1,0.1375,0.005989583333333333,0,1,0.3033726271641254,1
1/5,452,0.05625,0.0030078125000000005,0,1,0.21498267706137672,1,0.0,0.006354166666666666,0,1,0.3124693238692544,1
1/5,453,0.08125,0.002955729166666667,0,1,0.21311322698391635,1,-0.0375,0.005885416666666666,0,1,0.300723033821002,1
1/5,454,0.14375,0.0027734375,0,1,0.20643687604707509,1,0.15,0.00625,0,1,0.3098975161522808,1
1/5,455,-0.025,0.002578125,0,0,0.199035283526334,1,-0.0625,0.005572916666666666,0,0,0.2926303462470013,1
1/5,456,0.05,0.0031249999999999993,0,1,0.21913063514414535,1,0.125,0.006458333333333333,0,1,0.3150201361838079,1
1/5,457,0.15,0.0033854166666666663,0,1,0.22807839631049295,1,0.1125,0.007760416666666666,0,1,0.34531910492429096,1
1/5,458,0.09375,0.0028515625000000004,0,1,0.2093242453074712,1,0.1125,0.005572916666666665,0,1,0.29263034624700124,1
1/5,459,0.16875,0.0030078124999999996,0,1,0.2149826770613767,1,0.1625,0.00640625,0,1,0.31374732234759706,1
1/5,460,0.075,0.003541666666666668,0,1,0.2332823753019077,1,0.025,0.006770833333333334,0,1,0.3225515613466048,1
1/5,461,0.10625,0.003294270833333333,0,1,0.2249871618600823,1,0.225,0.006458333333333332,0,1,0.3150201361838079,1
1/5,462,0.08125,0.0033463541666666663,0,1,0.22675874166795162,1,0.0375,0.005364583333333334,0,1,0.28710852279360866,1
1/5,463,0.125,0.002864583333333333,0,1,0.20980161022686847,1,0.075,0.0046875,0,1,0.26837912155757354,1
1/5,464,-0.00625,0.003111979166666666,0,1,0.21867363645037796,1,0.075,0.0065625,0,1,0.317550459050559,1
1/5,465,0.05625,0.0029296874999999996,0,1,0.2121723251392822,1,0.0625,0.00609375,0,1,0.3059992790096397,1
1/5,466,0.075,0.0034375000000000013,0,1,0.22982614904432488,1,0.075,0.008333333333333333,0,1,0.35783882874343137,1
1/5,467,0.05,0.003151041666666666,0,1,0.22004178516628503,1,0.0,0.006666666666666666,0,1,0.3200607784236873,1
1/5,468,0.1625,0.0032031249999999994,0,1,0.22185285921110748,1,0.0875,0.00640625,0,1,0.31374732234759706,1
1/5,469,0.14375,0.002877604166666667,0,1,0.2102778914532656,1,0.2,0.0075,0,1,0.3394757202228515,1
1/5,470,0.05,0.002890625,0,1,0.21075309633378064,1,0.0125,0.006302083333333334,0,1,0.31118607687094724,1
1/5,471,0.1625,0.002890625,0,1,0.21075309633378064,1,0.15,0.003645833333333333,0,1,0.2366881375744378,1
1/5,472,0.08125,0.002643229166666667,0,1,0.20153268714933217,1,0.0125,0.004635416666666666,0,1,0.2668839616144756,1
1/5,473,0.20625,0.002643229166666666,0,0,0.20153268714933215,1,0.1375,0.00515625,0,1,0.2814783973537158,1
1/5,474,0.1125,0.002942708333333333,0,1,0.21264329647382202,1,0.0625,0.005052083333333333,0,1,0.27862067463643186,1
1/5,475,0.09375,0.0031901041666666657,0,1,0.22140147957929046,1,0.075,0.0059375,0,1,0.3020507357903395,1
1/5,476,0.15625,0.003372395833333333,0,1,0.22763936145430075,1,0.2375,0.006822916666666667,0,1,0.32378976767049095,1
1/5,477,0.18125,0.002669270833333333,0,1,0.20252302572823555,1,0.1625,0.005885416666666666,0,1,0.300723033821002,1
1/5,478,0.06875,0.0028515625,0,1,0.20932424530747118,1,0.0625,0.005052083333333334,0,1,0.2786206746364319,1
1/5,479,0.05625,0.0032942708333333335,0,1,0.22498716186008233,1,0.0375,0.006510416666666666,0,1,0.316287827970415,1
1/5,480,0.0625,0.003723958333333333,0,1,0.23921064012690343,1,0.0875,0.005781250000000001,0,1,0.29804988714735603,1
1/5,481,0.0625,0.0024999999999999996,0,1,0.19599639845400538,1,0.1,0.0046875,0,1,0.26837912155757354,1
1/5,482,0.10625,0.0029296875,0,1,0.2121723251392822,1,0.175,0.008124999999999999,0,1,0.3533375322160937,1
1/5,483,0.13125,0.0029296875000000004,0,1,0.21217232513928222,1,0.2125,0.005989583333333333,0,1,0.3033726271641254,1
1/5,484,0.1125,0.002630208333333334,0,1,0.2010356883973244,1,0.1,0.0064583333333333316,0,1,0.31502013618380786,1
1/5,485,0.00625,0.0027994791666666663,0,1,0.20740379879010032,1,0.05,0.005520833333333333,0,1,0.2912597047716384,1
1/5,486,0.1375,0.0027083333333333326,0,1,0.20399951933975974,1,0.075,0.005937500000000001,0,1,0.3020507357903395,1
1/5,487,0.125,0.0024479166666666664,0,1,0.19394402358918747,1,0.1375,0.005572916666666666,0,1,0.2926303462470013,1
1/5,488,0.1,0.0029687500000000005,0,1,0.21358212353973527,1,0.1375,0.00484375,0,1,0.27281544063881114,1
1/5,489,0.04375,0.002643229166666667,0,1,0.20153268714933217,1,-0.0375,0.00453125,0,0,0.26386822681990535,1
1/5,490,0.21875,0.003216145833333333,0,0,0.22230332233322103,1,0.2625,0.007135416666666665,0,1,0.3311217860153242,1
1/5,491,0.11875,0.002669270833333333,0,1,0.20252302572823555,1,0.1,0.005104166666666667,0,1,0.2800531811207264,1
1/5,492,0.05625,0.0030078125,0,1,0.21498267706137672,1,0.05,0.006145833333333333,0,1,0.3073041859060778,1
1/5,493,0.05625,0.0035026041666666673,0,1,0.23199232462684333,1,0.0125,0.006927083333333333,0,1,0.3262520827367488,1
1/5,494,0.1625,0.0024739583333333332,0,1,0.1949729115709469,1,0.0875,0.00640625,0,1,0.31374732234759706,1
1/5,495,-0.03125,0.0029296875,0,0,0.2121723251392822,1,-0.0875,0.00515625,0,0,0.2814783973537158,1
1/5,496,0.05625,0.0032942708333333335,0,1,0.22498716186008233,1,0.1625,0.006510416666666668,0,1,0.31628782797041505,1
1/5,497,0.19375,0.0020963541666666665,0,0,0.17947766663114995,1,0.2625,0.005052083333333333,0,0,0.27862067463643186,1
1/5,498,-0.03125,0.003007812500000001,0,0,0.21498267706137675,1,-0.0375,0.006302083333333334,0,1,0.31118607687094724,1
1/5,499,0.13125,0.0030338541666666656,0,1,0.21591133225693632,1,0.075,0.0065625,0,1,0.317550459050559,1
1/5,500,0.025,0.0032291666666666658,0,1,0.22275287450588024,1,0.0375,0.006614583333333333,0,1,0.31880808955263157,1
1/5,501,-0.01875,0.0029817708333333332,0,0,0.2140499929361999,1,-0.025,0.005,0,1,0.27718076486993554,1
1/5,502,0.04375,0.002903645833333333,0,1,0.21122723213288647,1,-0.0125,0.00609375,0,1,0.3059992790096397,1
1/5,503,0.14375,0.002747395833333334,0,1,0.20546540300397653,1,0.1875,0.004947916666666666,0,1,0.2757333358390032,1
1/5,504,0.11875,0.003111979166666666,0,1,0.21867363645037796,1,0.15,0.006354166666666668,0,1,0.31246932386925447,1
1/5,505,0.1125,0.003359375,0,1,0.22719947821920125,1,0.2375,0.006093750000000001,0,1,0.3059992790096397,1
1/5,506,0.09375,0.0028776041666666668,0,1,0.21027789145326556,1,0.0875,0.006927083333333333,0,1,0.3262520827367488,1
1/5,507,0.10625,0.0035026041666666656,0,1,0.23199232462684327,1,0.1,0.006979166666666665,0,1,0.3274762974797479,1
1/5,508,0.0875,0.002578125,0,1,0.199035283526334,1,0.1625,0.00515625,0,1,0.2814783973537158,1
1/5,509,0.13125,0.0033463541666666676,0,1,0.22675874166795165,1,0.1125,0.0068229166666666655,0,1,0.3237897676704909,1
1/5,510,0.1375,0.0033072916666666663,0,1,0.22543136201979386,1,0.1,0.006875,0,1,0.32502325696646456,1
1/5,511,0.18125,0.003580729166666666,0,1,0.2345653311280965,1,0.225,0.006770833333333333,0,1,0.3225515613466048,1
1/5,512,-0.03125,0.0034765625,0,0,0.2311282906207669,1,-0.0875,0.006927083333333334,0,0,0.3262520827367488,1
1/5,513,0.05625,0.0031640625000000006,0,1,0.2204959482607561,1,0.175,0.005833333333333334,0,1,0.2993894439514018,1
1/5,514,0.00625,0.0032682291666666675,0,1,0.22409612009440485,1,-0.1125,0.007656249999999999,0,0,0.34299369729450946,1
1/5,515,0.05,0.0028124999999999995,0,1,0.20788557365245164,1,0.125,0.0060416666666666665,0,1,0.3046887835701232,1
1/5,516,0.0625,0.0032291666666666675,0,1,0.2227528745058803,1,0.025,0.006250000000000001,0,1,0.3098975161522808,1
1/5,517,0.16875,0.0031380208333333325,0,1,0.2195866827449266,1,0.1375,0.006197916666666667,0,1,0.30860357515164205,1
1/5,518,0.16875,0.0033203125,0,1,0.22587468862699922,1,0.1375,0.00640625,0,1,0.31374732234759706,1
1/5,519,0.09375,0.0032421875,0,1,0.22320152123333958,1,0.0875,0.006197916666666667,0,1,0.30860357515164205,1
1/5,520,0.16875,0.0030859374999999993,0,1,0.21775676181910655,1,0.15,0.006145833333333334,0,1,0.30730418590607783,1
1/5,521,0.11875,0.0027994791666666667,0,1,0.20740379879010035,1,0.075,0.006041666666666665,0,1,0.30468878357012313,1
1/5,522,0.09375,0.0026692708333333325,0,1,0.20252302572823555,1,0.175,0.005312500000000001,0,1,0.28571139273705937,1
1/5,523,0.05,0.0035416666666666665,0,1,0.23328237530190765,1,0.025,0.007395833333333332,0,1,0.3371100069396752,1
1/5,524,0.08125,0.0032682291666666667,0,1,0.22409612009440483,1,0.1625,0.005989583333333333,0,1,0.3033726271641254,1
1/5,525,0.1625,0.002942708333333333,0,1,0.21264329647382202,1,0.175,0.005208333333333334,0,1,0.282896433519043,1
1/5,526,0.05,0.0036718750000000007,0,1,0.23753194822790674,1,0.15,0.006770833333333333,0,1,0.3225515613466048,1
1/5,527,0.11875,0.0032682291666666667,0,1,0.22409612009440483,1,0.1375,0.006822916666666666,0,1,0.32378976767049095,1
1/5,528,0.16875,0.0028515625,0,1,0.20932424530747118,1,0.2375,0.006302083333333334,0,1,0.31118607687094724,1
1/5,529,0.05,0.0024479166666666664,0,1,0.19394402358918747,1,0.0875,0.005885416666666666,0,1,0.300723033821002,1
1/5,530,0.15,0.0033072916666666663,0,1,0.22543136201979386,1,0.1875,0.006302083333333332,0,1,0.31118607687094724,1
1/5,531,0.10625,0.0029296875000000004,0,1,0.21217232513928222,1,0.1,0.005833333333333332,0,1,0.29938944395140177,1
1/5,532,0.21875,0.0032682291666666667,0,0,0.22409612009440483,1,0.175,0.0071875,0,1,0.33232806245479196,1
1/5,533,0.11875,0.0032421875,0,1,0.22320152123333958,1,0.1,0.00625,0,1,0.3098975161522808,1
1/5,534,0.09375,0.0032682291666666667,0,1,0.22409612009440483,1,0.0375,0.007864583333333333,0,1,0.3476289574642327,1
1/5,535,0.11875,0.0033203125,0,1,0.22587468862699922,1,0.125,0.0059375,0,1,0.3020507357903395,1
1/5,536,0.1625,0.00296875,0,1,0.21358212353973524,1,0.1125,0.005572916666666666,0,1,0.2926303462470013,1
1/5,537,0.15,0.002708333333333334,0,1,0.2039995193397598,1,0.2,0.007187499999999999,0,1,0.3323280624547919,1
1/5,538,0.0875,0.0025,0,1,0.1959963984540054,1,0.1,0.005208333333333334,0,1,0.282896433519043,1
1/5,539,0.0,0.0034374999999999996,0,1,0.22982614904432483,1,0.0125,0.007447916666666669,0,1,0.3382949315314166,1
1/5,540,0.06875,0.0032161458333333326,0,1,0.222303322333221,1,0.1,0.007083333333333335,0,1,0.3299110990145682,1
1/5,541,0.08125,0.003138020833333333,0,1,0.2195866827449266,1,0.15,0.007291666666666666,0,1,0.33472757421059884,1
1/5,542,0.1625,0.0028124999999999995,0,1,0.20788557365245164,1,0.1125,0.005781250000000001,0,1,0.29804988714735603,1
1/5,543,0.08125,0.003294270833333333,0,1,0.2249871618600823,1,0.0375,0.0061979166666666675,0,1,0.3086035751516421,1
1/5,544,0.0875,0.0027604166666666662,0,1,0.20595171233041729,1,0.075,0.006249999999999999,0,1,0.3098975161522807,1
1/5,545,0.075,0.002604166666666667,0,1,0.2000379865148046,1,0.0875,0.004635416666666667,0,1,0.26688396161447564,1
1/5,546,0.175,0.0024999999999999996,0,1,0.19599639845400538,1,0.0625,0.0047395833333333335,0,1,0.2698659978748579,1
1/5,547,0.15625,0.0027994791666666663,0,1,0.20740379879010032,1,0.175,0.0059375,0,1,0.3020507357903395,1
1/5,548,0.05625,0.0029817708333333332,0,1,0.2140499929361999,1,0.075,0.006145833333333333,0,1,0.3073041859060778,1
1/5,549,0.10625,0.0035286458333333333,0,1,0.23285315253664832,1,0.1875,0.00765625,0,1,0.34299369729450946,1
1/5,550,0.1,0.002708333333333333,0,1,0.20399951933975977,1,0.05,0.006354166666666666,0,1,0.3124693238692544,1
1/5,551,0.04375,0.0030598958333333333,0,1,0.21683601028762298,1,0.1375,0.006927083333333333,0,1,0.3262520827367488,1
1/5,552,0.1125,0.0030989583333333338,0,1,0.21821568068813846,1,-0.0125,0.007135416666666667,0,1,0.3311217860153242,1
1/5,553,0.075,0.0028124999999999995,0,1,0.20788557365245164,1,0.1625,0.006093750000000001,0,1,0.3059992790096397,1
1/5,554,0.00625,0.003580729166666668,0,1,0.23456533112809655,1,-0.0125,0.006614583333333333,0,1,0.31880808955263157,1
1/5,555,0.1,0.003151041666666667,0,1,0.22004178516628506,1,0.1,0.006666666666666666,0,1,0.3200607784236873,1
1/5,556,-0.03125,0.0031119791666666674,0,0,0.21867363645037802,1,0.0,0.006979166666666665,0,1,0.3274762974797479,1
1/5,557,0.15625,0.0026692708333333325,0,1,0.20252302572823555,1,0.1,0.006145833333333334,0,1,0.30730418590607783,1
1/5,558,0.06875,0.0029817708333333337,0,1,0.2140499929361999,1,0.075,0.006145833333333334,0,1,0.30730418590607783,1
1/5,559,0.16875,0.0025651041666666665,0,1,0.1985320329522762,1,0.225,0.0059375,0,1,0.3020507357903395,1
1/5,560,0.09375,0.0029817708333333332,0,1,0.2140499929361999,1,0.075,0.006458333333333333,0,1,0.3150201361838079,1
1/5,561,0.08125,0.002721354166666667,0,1,0.20448931480910565,1,0.0625,0.006614583333333333,0,1,0.31880808955263157,1
1/5,562,0.0875,0.0028124999999999995,0,1,0.20788557365245164,1,0.175,0.005416666666666666,0,1,0.28849888696788073,1
1/5,563,0.075,0.0038541666666666663,0,1,0.24335671380171076,1,0.1125,0.008489583333333333,0,1,0.36117798814352553,1
1/5,564,0.03125,0.0030078125,0,1,0.21498267706137672,1,-0.025,0.0069791666666666665,0,1,0.3274762974797479,1
1/5,565,0.01875,0.0033723958333333336,0,1,0.22763936145430078,1,0.0625,0.007239583333333334,0,1,0.33352997618794933,1
1/5,566,0.0625,0.00328125,0,1,0.22454208296355138,1,0.0125,0.007135416666666667,0,1,0.3311217860153242,1
1/5,567,0.0875,0.0032291666666666666,0,1,0.22275287450588027,1,0.0,0.0059375,0,1,0.3020507357903395,1
1/5,568,0.1125,0.002916666666666667,0,1,0.21170030603370604,1,0.05,0.0060416666666666665,0,1,0.3046887835701232,1
1/5,569,0.125,0.002604166666666666,0,1,0.20003798651480456,1,0.025,0.006458333333333333,0,1,0.3150201361838079,1
1/5,570,0.1125,0.0028124999999999995,0,1,0.20788557365245164,1,0.0625,0.004635416666666667,0,1,0.26688396161447564,1
1/5,571,0.06875,0.0029817708333333332,0,1,0.2140499929361999,1,0.0375,0.005677083333333333,0,1,0.2953525476216444,1
1/5,572,0.075,0.0025260416666666665,0,1,0.19701456841419168,1,0.1,0.005,0,1,0.27718076486993554,1
1/5,573,0.10625,0.0026692708333333325,0,1,0.20252302572823555,1,0.175,0.005520833333333333,0,1,0.2912597047716384,1
1/5,574,0.1,0.0027864583333333326,0,1,0.20692090221222195,1,0.175,0.00625,0,1,0.3098975161522808,1
1/5,575,0.05,0.0027604166666666667,0,1,0.20595171233041729,1,0.175,0.0060416666666666665,0,1,0.3046887835701232,1
1/5,576,0.03125,0.003216145833333333,0,1,0.22230332233322103,1,0.0625,0.005364583333333332,0,1,0.28710852279360866,1
1/5,577,0.15,0.002734375,0,1,0.20497793991388927,1,0.0625,0.00453125,0,1,0.26386822681990535,1
1/5,578,0.08125,0.002877604166666666,0,1,0.21027789145326553,1,0.0875,0.005052083333333333,0,1,0.27862067463643186,1
1/5,579,0.0,0.0030989583333333338,0,1,0.21821568068813846,1,-0.0875,0.005885416666666666,0,0,0.300723033821002,1
1/5,580,0.075,0.002942708333333333,0,1,0.21264329647382202,1,0.1375,0.006302083333333332,0,1,0.31118607687094724,1
1/5,581,0.125,0.003072916666666667,0,1,0.2172968737411991,1,0.2,0.0059375,0,1,0.3020507357903395,1
1/5,582,0.1125,0.0028385416666666667,0,1,0.2088457892639875,1,0.2125,0.005989583333333333,0,1,0.3033726271641254,1
1/5,583,0.15625,0.003476562500000001,0,1,0.2311282906207669,1,0.125,0.006875000000000001,0,1,0.32502325696646456,1
1/5,584,0.1,0.00296875,0,1,0.21358212353973524,1,0.0125,0.005260416666666667,0,1,0.2843073970525076,1
1/5,585,0.09375,0.0035286458333333337,0,1,0.23285315253664834,1,0.1625,0.005677083333333333,0,1,0.2953525476216444,1
1/5,586,0.19375,0.0027473958333333326,0,1,0.20546540300397648,1,0.125,0.005729166666666667,0,1,0.2967042825905513,1
1/5,587,0.0125,0.0024739583333333332,0,1,0.1949729115709469,1,0.0,0.004166666666666667,0,1,0.25303026237633197,1
1/5,588,0.10625,0.003033854166666667,0,1,0.21591133225693637,1,0.1375,0.004114583333333333,0,1,0.25144385010824477,1
1/5,589,0.06875,0.002669270833333334,0,1,0.20252302572823558,1,0.075,0.005416666666666666,0,1,0.28849888696788073,1
1/5,590,0.075,0.002578125,0,1,0.199035283526334,1,0.1,0.006145833333333334,0,1,0.30730418590607783,1
1/5,591,0.10625,0.0029557291666666655,0,1,0.2131132269839163,1,0.1625,0.00515625,0,1,0.2814783973537158,1
1/5,592,0.09375,0.0030078124999999988,0,1,0.21498267706137666,1,0.1,0.005729166666666667,0,1,0.2967042825905513,1
1/5,593,0.16875,0.0025130208333333337,0,1,0.1965061428739207,1,0.075,0.005625,0,1,0.2939945976810081,1
1/5,594,0.175,0.0030729166666666674,0,1,0.21729687374119913,1,0.2,0.006145833333333333,0,1,0.3073041859060778,1
1/5,595,0.10625,0.002669270833333333,0,1,0.20252302572823555,1,0.025,0.005520833333333333,0,1,0.2912597047716384,1
1/5,596,0.05,0.003203125,0,1,0.22185285921110748,1,0.1375,0.0071354166666666675,0,1,0.33112178601532427,1
1/5,597,0.01875,0.003424479166666668,0,1,0.22939045927043208,1,0.05,0.0071875,0,1,0.33232806245479196,1
1/5,598,0.1125,0.0030729166666666665,0,1,0.2172968737411991,1,0.125,0.005729166666666666,0,1,0.29670428259055126,1
1/5,599,0.01875,0.0023828125,0,1,0.1913476009380334,1,0.1125,0.005885416666666667,0,1,0.3007230338210021,1
1/5,600,0.1125,0.003177083333333334,0,1,0.22094917782072537,1,0.2,0.0065625,0,1,0.317550459050559,1
1/5,601,0.05,0.002604166666666666,0,1,0.20003798651480456,1,0.125,0.004895833333333334,0,1,0.2742782685010364,1
1/5,602,0.05625,0.0029296875000000004,0,1,0.21217232513928222,1,0.1125,0.006718749999999999,0,1,0.321308583461685,1
1/5,603,0.04375,0.0037369791666666675,0,1,0.23962847562459558,1,0.15,0.007291666666666665,0,1,0.33472757421059884,1
1/5,604,0.08125,0.0036328125,0,1,0.23626510213785598,1,0.15,0.0067708333333333336,0,1,0.3225515613466048,1
1/5,605,0.00625,0.0031119791666666674,0,1,0.21867363645037802,1,0.0125,0.006718749999999999,0,1,0.321308583461685,1
1/5,606,0.075,0.002708333333333333,0,1,0.20399951933975977,1,0.0625,0.00546875,0,1,0.28988258261351957,1
1/5,607,0.08125,0.0029296874999999996,0,1,0.2121723251392822,1,0.0875,0.006510416666666666,0,1,0.316287827970415,1
1/5,608,0.0375,0.0024739583333333332,0,1,0.1949729115709469,1,0.1125,0.005260416666666667,0,1,0.2843073970525076,1
1/5,609,0.15625,0.0030078124999999996,0,1,0.2149826770613767,1,0.1625,0.0066145833333333326,0,1,0.31880808955263157,1
1/5,610,0.1125,0.003125,0,1,0.21913063514414538,1,0.0375,0.007656250000000001,0,1,0.3429936972945095,1
1/5,611,0.01875,0.002721354166666667,0,1,0.20448931480910565,1,-0.0125,0.006197916666666667,0,1,0.30860357515164205,1
1/5,612,0.23125,0.0020963541666666665,0,0,0.17947766663114995,1,0.225,0.004166666666666666,0,1,0.25303026237633197,1
1/5,613,0.125,0.003151041666666667,0,1,0.22004178516628506,1,0.075,0.005625,0,1,0.2939945976810081,1
1/5,614,0.1125,0.0027864583333333335,0,1,0.206920902212222,1,0.15,0.006458333333333333,0,1,0.3150201361838079,1
1/5,615,0.06875,0.0032421875,0,1,0.22320152123333958,1,0.125,0.006458333333333333,0,1,0.3150201361838079,1
1/5,616,0.05625,0.0030859375,0,1,0.21775676181910658,1,0.0875,0.006510416666666666,0,1,0.316287827970415,1
1/5,617,0.10625,0.003111979166666667,0,1,0.21867363645037802,1,0.075,0.006458333333333333,0,1,0.3150201361838079,1
1/5,618,0.0875,0.0029947916666666673,0,1,0.21451684189413128,1,0.1,0.006562499999999999,0,1,0.317550459050559,1
1/5,619,0.10625,0.0027473958333333326,0,1,0.20546540300397648,1,0.1125,0.00578125,0,1,0.298049887147356,1
1/5,620,0.1,0.002942708333333333,0,1,0.21264329647382202,1,0.1,0.006354166666666668,0,1,0.31246932386925447,1
1/5,621,0.0625,0.0034114583333333327,0,1,0.22895394039862088,1,0.0875,0.006093750000000001,0,1,0.3059992790096397,1
1/5,622,0.06875,0.003111979166666667,0,1,0.21867363645037802,1,0.0125,0.00546875,0,1,0.28988258261351957,1
1/5,623,0.0375,0.003072916666666667,0,1,0.2172968737411991,1,0.0375,0.006927083333333333,0,1,0.3262520827367488,1
1/5,624,0.1375,0.0031510416666666657,0,1,0.220041785166285,1,0.0625,0.007447916666666668,0,1,0.33829493153141654,1
1/5,625,0.2,0.00296875,0,1,0.21358212353973524,1,0.25,0.005937499999999999,0,1,0.3020507357903395,1
1/5,626,0.1,0.0029427083333333328,0,1,0.21264329647382202,1,0.1375,0.006302083333333334,0,1,0.31118607687094724,1
1/5,627,0.0625,0.0030989583333333338,0,1,0.21821568068813846,1,0.0,0.006354166666666666,0,1,0.3124693238692544,1
1/5,628,0.08125,0.0035807291666666674,0,1,0.23456533112809655,1,0.0,0.006875,0,1,0.32502325696646456,1
1/5,629,0.13125,0.0027734375,0,1,0.20643687604707509,1,0.175,0.006458333333333333,0,1,0.3150201361838079,1
1/5,630,0.125,0.0030729166666666665,0,1,0.2172968737411991,1,0.0875,0.0077604166666666655,0,1,0.3453191049242909,1
1/5,631,0.03125,0.0027734374999999994,0,1,0.20643687604707509,1,0.0875,0.005364583333333334,0,1,0.28710852279360866,1
1/5,632,0.10625,0.002747395833333334,0,1,0.20546540300397653,1,0.0875,0.0049479166666666664,0,1,0.2757333358390033,1
1/5,633,0.10625,0.0030338541666666665,0,1,0.21591133225693634,1,0.125,0.007083333333333333,0,1,0.32991109901456817,1
1/5,634,0.1625,0.003151041666666666,0,1,0.22004178516628503,1,0.2,0.007291666666666668,0,1,0.3347275742105989,1
1/5,635,0.0875,0.0031250000000000006,0,1,0.2191306351441454,1,0.0625,0.006510416666666666,0,1,0.316287827970415,1
1/5,636,0.2125,0.003255208333333334,0,0,0.22364926796464465,1,0.2,0.006874999999999999,0,1,0.32502325696646456,1
1/5,637,-0.00625,0.003684895833333334,0,1,0.23795273145982052,1,-0.05,0.006562499999999999,0,1,0.317550459050559,1
1/5,638,0.1,0.0029947916666666673,0,1,0.21451684189413128,1,0.075,0.0059375,0,1,0.3020507357903395,1
1/5,639,0.0375,0.00296875,0,1,0.21358212353973524,1,0.1125,0.005260416666666667,0,1,0.2843073970525076,1
1/5,640,0.1,0.0038541666666666668,0,1,0.24335671380171078,1,0.0,0.008749999999999999,0,1,0.366675686028259,1
1/5,641,0.10625,0.0027473958333333326,0,1,0.20546540300397648,1,0.0375,0.005781250000000001,0,1,0.29804988714735603,1
1/5,642,0.0625,0.003255208333333334,0,1,0.22364926796464465,1,0.0625,0.00671875,0,1,0.321308583461685,1
1/5,643,0.05625,0.0033203125,0,1,0.22587468862699922,1,0.0625,0.005989583333333333,0,1,0.3033726271641254,1
1/5,644,0.04375,0.0024088541666666668,0,1,0.19239037487678498,1,0.05,0.005729166666666666,0,1,0.29670428259055126,1
1/5,645,0.0875,0.00234375,0,1,0.189772696782249,1,0.0375,0.00453125,0,1,0.26386822681990535,1
1/5,646,0.11875,0.003111979166666667,0,1,0.21867363645037802,1,0.1625,0.0071354166666666675,0,1,0.33112178601532427,1
1/5,647,0.1125,0.003098958333333332,0,1,0.2182156806881384,1,0.1625,0.007239583333333334,0,1,0.33352997618794933,1
1/5,648,0.075,0.003072916666666667,0,1,0.2172968737411991,1,0.1,0.006249999999999999,0,1,0.3098975161522807,1
1/5,649,0.06875,0.0032682291666666667,0,1,0.22409612009440483,1,0.0625,0.00828125,0,1,0.3567188296620924,1
1/5,650,0.125,0.0032031250000000007,0,1,0.2218528592111075,1,0.0875,0.005260416666666668,0,1,0.2843073970525076,1
1/5,651,0.03125,0.003580729166666667,0,1,0.23456533112809652,1,0.0,0.005520833333333333,0,1,0.2912597047716384,1
1/5,652,0.125,0.0030208333333333337,0,1,0.21544750501391444,1,0.125,0.005208333333333332,0,1,0.2828964335190429,1
1/5,653,0.05625,0.0032682291666666662,0,1,0.22409612009440483,1,0.075,0.007395833333333334,0,1,0.33711000693967524,1
1/5,654,0.0625,0.0030729166666666674,0,1,0.21729687374119913,1,0.0625,0.00546875,0,1,0.28988258261351957,1
1/5,655,0.10625,0.002721354166666666,0,1,0.20448931480910562,1,0.125,0.005624999999999999,0,1,0.2939945976810081,1
1/5,656,0.05625,0.002825520833333333,0,1,0.2083662345800139,1,0.0125,0.00578125,0,1,0.298049887147356,1
1/5,657,0.08125,0.003580729166666667,0,1,0.23456533112809652,1,0.0375,0.007864583333333335,0,1,0.3476289574642328,1
1/5,658,0.1375,0.002708333333333333,0,1,0.20399951933975977,1,0.1625,0.004739583333333333,0,1,0.2698659978748578,1
1/5,659,0.13125,0.0033203124999999995,0,1,0.2258746886269992,1,0.1,0.00625,0,1,0.3098975161522808,1
1/5,660,0.0875,0.0035156250000000005,0,1,0.23242313711421062,1,0.0125,0.0061979166666666675,0,1,0.3086035751516421,1
1/5,661,0.16875,0.0025911458333333333,0,1,0.19953726486211204,1,0.125,0.005416666666666666,0,1,0.28849888696788073,1
1/5,662,0.08125,0.0036328125,0,1,0.23626510213785598,1,-0.0125,0.007239583333333332,0,1,0.33352997618794933,1
1/5,663,0.18125,0.0030598958333333333,0,1,0.21683601028762298,1,0.2625,0.00546875,0,0,0.28988258261351957,1
1/5,664,0.10625,0.0029817708333333332,0,1,0.2140499929361999,1,0.075,0.006666666666666666,0,1,0.3200607784236873,1
1/5,665,0.05625,0.003528645833333334,0,1,0.23285315253664837,1,0.125,0.006145833333333333,0,1,0.3073041859060778,1
1/5,666,0.125,0.002708333333333333,0,1,0.20399951933975977,1,0.175,0.007083333333333334,0,1,0.32991109901456817,1
1/5,667,0.13125,0.0032682291666666662,0,1,0.22409612009440483,1,0.15,0.006875,0,1,0.32502325696646456,1
1/5,668,0.14375,0.0033463541666666663,0,1,0.22675874166795162,1,0.175,0.007604166666666666,0,1,0.3418250611976536,1
1/5,669,0.08125,0.0025911458333333333,0,1,0.19953726486211204,1,0.1,0.004166666666666667,0,1,0.25303026237633197,1
1/5,670,0.09375,0.0029036458333333336,0,1,0.2112272321328865,1,0.125,0.0060416666666666665,0,1,0.3046887835701232,1
1/5,671,0.04375,0.0030338541666666665,0,1,0.21591133225693634,1,0.1,0.007916666666666666,0,1,0.3487781472349541,1
1/5,672,0.05,0.0027864583333333335,0,1,0.206920902212222,1,0.0875,0.00609375,0,1,0.3059992790096397,1
1/5,673,0.15,0.0029166666666666664,0,1,0.21170030603370604,1,0.175,0.005104166666666667,0,1,0.2800531811207264,1
1/5,674,-0.0125,0.0036197916666666674,0,1,0.23584130789148672,1,0.1375,0.007239583333333332,0,1,0.33352997618794933,1
1/5,675,0.1,0.0029687499999999987,0,1,0.2135821235397352,1,-0.0125,0.004322916666666667,0,1,0.25773091673520515,1
1/5,676,0.0625,0.003645833333333333,0,1,0.2366881375744378,1,0.075,0.004479166666666666,0,1,0.2623473598191967,1
1/5,677,0.0875,0.0029947916666666656,0,1,0.21451684189413123,1,0.125,0.006458333333333333,0,1,0.3150201361838079,1
1/5,678,0.0,0.002604166666666666,0,1,0.20003798651480456,1,0.0,0.005729166666666666,0,1,0.29670428259055126,1
1/5,679,0.0375,0.0030208333333333337,0,1,0.21544750501391444,1,0.0,0.005937499999999999,0,1,0.3020507357903395,1
1/5,680,0.0875,0.0029947916666666664,0,1,0.21451684189413125,1,-0.025,0.006770833333333333,0,1,0.3225515613466048,1
1/5,681,0.06875,0.003059895833333332,0,1,0.21683601028762292,1,0.0375,0.00671875,0,1,0.321308583461685,1
1/5,682,0.06875,0.0026953124999999994,0,1,0.20350854505550503,1,0.05,0.0051041666666666674,0,1,0.28005318112072647,1
1/5,683,0.10625,0.002877604166666667,0,1,0.2102778914532656,1,-0.0375,0.005572916666666666,0,1,0.2926303462470013,1
1/5,684,0.1,0.0026041666666666657,0,1,0.20003798651480456,1,0.0875,0.0056770833333333335,0,1,0.2953525476216445,1
1/5,685,0.11875,0.0023307291666666667,0,1,0.18924481621371544,1,0.0875,0.00609375,0,1,0.3059992790096397,1
1/5,686,0.09375,0.003216145833333333,0,1,0.22230332233322103,1,0.0375,0.00640625,0,1,0.31374732234759706,1
1/5,687,0.1,0.0030729166666666665,0,1,0.2172968737411991,1,0.1375,0.005885416666666666,0,1,0.300723033821002,1
1/5,688,0.08125,0.0033463541666666667,0,1,0.22675874166795162,1,0.0625,0.0075520833333333325,0,1,0.3406524160222582,1
1/5,689,0.0,0.0029166666666666664,0,1,0.21170030603370604,1,-0.0625,0.0056770833333333335,0,0,0.2953525476216445,1
1/5,690,0.13125,0.0030598958333333337,0,1,0.21683601028762298,1,0.15,0.007291666666666666,0,1,0.33472757421059884,1
1/5,691,0.05625,0.0030078125000000005,0,1,0.21498267706137672,1,0.1,0.005104166666666667,0,1,0.2800531811207264,1
1/5,692,0.1,0.002526041666666667,0,1,0.1970145684141917,1,0.15,0.005520833333333333,0,1,0.2912597047716384,1
1/5,693,0.0875,0.0035937499999999993,0,1,0.23499142654036986,1,0.0625,0.007343750000000002,0,1,0.33592090268080965,1
1/5,694,0.1125,0.0029166666666666664,0,1,0.21170030603370604,1,0.1,0.005520833333333333,0,1,0.2912597047716384,1
1/5,695,0.11875,0.003138020833333334,0,1,0.21958668274492663,1,0.175,0.007395833333333332,0,1,0.3371100069396752,1
1/5,696,0.14375,0.0026171875,0,1,0.2005374579203138,1,0.225,0.005625,0,1,0.2939945976810081,1
1/5,697,0.05,0.0033593750000000004,0,1,0.22719947821920128,1,0.075,0.006458333333333333,0,1,0.3150201361838079,1
1/5,698,0.075,0.002526041666666667,0,1,0.1970145684141917,1,0.05,0.004791666666666666,0,1,0.27134472674067345,1
1/5,699,0.09375,0.0029557291666666664,0,1,0.21311322698391633,1,0.15,0.006458333333333333,0,1,0.3150201361838079,1
1/5,700,0.175,0.002578125,0,1,0.199035283526334,1,0.225,0.005520833333333333,0,1,0.2912597047716384,1
1/5,701,0.05,0.0028645833333333327,0,1,0.20980161022686847,1,0.0625,0.006822916666666668,0,1,0.323789767670491,1
1/5,702,0.15625,0.0024609374999999996,0,1,0.1944591480651085,1,0.2,0.005208333333333332,0,1,0.2828964335190429,1
1/5,703,0.1,0.002864583333333333,0,1,0.20980161022686847,1,0.05,0.005729166666666667,0,1,0.2967042825905513,1
1/5,704,0.05625,0.0032942708333333335,0,1,0.22498716186008233,1,0.1,0.0053125,0,1,0.28571139273705937,1
1/5,705,0.125,0.003203125,0,1,0.22185285921110748,1,0.0875,0.006302083333333332,0,1,0.31118607687094724,1
1/5,706,0.10625,0.003190104166666667,0,1,0.22140147957929052,1,0.15,0.005625,0,1,0.2939945976810081,1
1/5,707,0.1375,0.0030468750000000005,0,1,0.2163741652259106,1,0.1125,0.005572916666666665,0,1,0.29263034624700124,1
1/5,708,0.10625,0.0031640625,0,1,0.22049594826075608,1,-0.025,0.00625,0,1,0.3098975161522808,1
1/5,709,0.0875,0.002942708333333333,0,1,0.21264329647382202,1,0.2125,0.005260416666666667,0,1,0.2843073970525076,1
1/5,710,0.1375,0.002682291666666666,0,1,0.20301638340381312,1,0.1,0.006145833333333334,0,1,0.30730418590607783,1
1/5,711,0.04375,0.002278645833333333,0,1,0.18711840246962613,1,0.0625,0.004427083333333333,0,1,0.26081762456384183,1
1/5,712,0.1625,0.003255208333333334,0,1,0.22364926796464465,1,0.15,0.007291666666666666,0,1,0.33472757421059884,1
1/5,713,0.0875,0.003151041666666666,0,1,0.22004178516628503,1,0.125,0.005312500000000001,0,1,0.28571139273705937,1
1/5,714,0.075,0.002708333333333333,0,1,0.20399951933975977,1,0.0,0.006250000000000001,0,1,0.3098975161522808,1
1/5,715,0.13125,0.0024869791666666664,0,1,0.19548532483717737,1,0.1375,0.0049479166666666664,0,1,0.2757333358390033,1
1/5,716,0.14375,0.0033723958333333344,0,1,0.2276393614543008,1,0.1125,0.0075520833333333325,0,1,0.3406524160222582,1
1/5,717,0.13125,0.0028776041666666668,0,1,0.21027789145326556,1,0.0375,0.005052083333333333,0,1,0.27862067463643186,1
1/5,718,0.09375,0.0030859375,0,1,0.21775676181910658,1,0.05,0.004166666666666667,0,1,0.25303026237633197,1
1/5,719,0.20625,0.002669270833333333,0,0,0.20252302572823555,1,0.25,0.0067708333333333336,0,1,0.3225515613466048,1
1/5,720,0.06875,0.0027734374999999994,0,1,0.20643687604707509,1,-0.0125,0.0056770833333333335,0,1,0.2953525476216445,1
1/5,721,0.125,0.002942708333333333,0,1,0.21264329647382202,1,0.05,0.005729166666666667,0,1,0.2967042825905513,1
1/5,722,0.19375,0.0034765625000000005,0,1,0.2311282906207669,1,0.1125,0.00796875,0,1,0.34992356295286153,1
1/5,723,0.13125,0.0032682291666666667,0,1,0.22409612009440483,1,0.2125,0.00484375,0,1,0.27281544063881114,1
1/5,724,0.06875,0.003033854166666667,0,1,0.21591133225693637,1,0.0,0.00625,0,1,0.3098975161522808,1
1/5,725,0.06875,0.002955729166666667,0,1,0.21311322698391635,1,0.075,0.00625,0,1,0.3098975161522808,1
1/5,726,0.125,0.003229166666666666,0,1,0.22275287450588027,1,0.1,0.006145833333333333,0,1,0.3073041859060778,1
1/5,727,0.075,0.0026302083333333334,0,1,0.2010356883973244,1,0.15,0.006041666666666667,0,1,0.3046887835701232,1
1/5,728,0.15,0.0030729166666666665,0,1,0.2172968737411991,1,0.075,0.005833333333333334,0,1,0.2993894439514018,1
1/5,729,0.09375,0.0028776041666666663,0,1,0.21027789145326556,1,0.0375,0.007031250000000001,0,1,0.3286959527162181,1
1/5,730,0.1375,0.0035937500000000006,0,1,0.2349914265403699,1,0.125,0.004479166666666667,0,1,0.2623473598191967,1
1/5,731,0.04375,0.0028515625,0,1,0.20932424530747118,1,0.025,0.0053125,0,1,0.28571139273705937,1
1/5,732,0.05625,0.0028776041666666668,0,1,0.21027789145326556,1,0.1125,0.005364583333333332,0,1,0.28710852279360866,1
1/5,733,0.175,0.002734375,0,1,0.20497793991388927,1,0.175,0.0069791666666666665,0,1,0.3274762974797479,1
1/5,734,0.125,0.003177083333333334,0,1,0.22094917782072537,1,0.1375,0.00671875,0,1,0.321308583461685,1
1/5,735,0.18125,0.0029817708333333332,0,1,0.2140499929361999,1,0.2375,0.00671875,0,1,0.321308583461685,1
1/5,736,0.1,0.0024999999999999996,0,1,0.19599639845400538,1,0.1625,0.005260416666666668,0,1,0.2843073970525076,1
1/5,737,0.0875,0.0027864583333333335,0,1,0.206920902212222,1,0.1875,0.006302083333333332,0,1,0.31118607687094724,1
1/5,738,0.0375,0.002916666666666666,0,1,0.21170030603370601,1,0.1125,0.0061979166666666675,0,1,0.3086035751516421,1
1/5,739,0.125,0.0027864583333333335,0,1,0.206920902212222,1,0.0625,0.006614583333333332,0,1,0.3188080895526315,1
1/5,740,0.1875,0.002994791666666667,0,1,0.21451684189413125,1,0.075,0.006145833333333333,0,1,0.3073041859060778,1
1/5,741,0.10625,0.003242187499999999,0,1,0.22320152123333953,1,0.05,0.005833333333333334,0,1,0.2993894439514018,1
1/5,742,0.075,0.0029947916666666664,0,1,0.21451684189413125,1,0.15,0.007083333333333335,0,1,0.3299110990145682,1
1/5,743,0.075,0.003177083333333333,0,1,0.22094917782072535,1,0.2,0.005729166666666667,0,1,0.2967042825905513,1
1/5,744,0.05625,0.0027994791666666663,0,1,0.20740379879010032,1,0.0,0.005,0,1,0.27718076486993554,1
1/5,745,-0.01875,0.003476562500000001,0,0,0.2311282906207669,1,-0.0125,0.006718749999999999,0,1,0.321308583461685,1
1/5,746,0.15,0.0027604166666666662,0,1,0.20595171233041729,1,0.0375,0.0049479166666666664,0,1,0.2757333358390033,1
1/5,747,0.1,0.0025781249999999993,0,1,0.19903528352633398,1,0.0125,0.006718749999999998,0,1,0.32130858346168495,1
1/5,748,0.0375,0.0025260416666666665,0,1,0.19701456841419168,1,-0.0625,0.006406249999999999,0,0,0.313747322347597,1
1/5,749,0.13125,0.002747395833333333,0,1,0.2054654030039765,1,0.2375,0.007239583333333335,0,1,0.3335299761879494,1
1/5,750,0.04375,0.003710937500000001,0,1,0.23879207350680307,1,0.0375,0.008072916666666666,0,1,0.35220321939411786,1
1/5,751,0.13125,0.0030598958333333333,0,1,0.21683601028762298,1,0.2375,0.0051562499999999985,0,1,0.28147839735371577,1
1/5,752,0.075,0.0027604166666666662,0,1,0.20595171233041729,1,-0.0375,0.00515625,0,1,0.2814783973537158,1
1/5,753,0.1375,0.002864583333333333,0,1,0.20980161022686847,1,0.1,0.006145833333333334,0,1,0.30730418590607783,1
1/5,754,0.1375,0.0029687499999999996,0,1,0.21358212353973524,1,0.0625,0.00484375,0,1,0.27281544063881114,1
1/5,755,0.11875,0.0032942708333333335,0,1,0.22498716186008233,1,0.1125,0.006510416666666668,0,1,0.31628782797041505,1
1/5,756,0.11875,0.002356770833333333,0,1,0.19029911304115923,1,0.1,0.005729166666666666,0,1,0.29670428259055126,1
1/5,757,0.1375,0.0032812499999999994,0,1,0.22454208296355135,1,0.1625,0.007864583333333335,0,1,0.3476289574642328,1
1/5,758,0.10625,0.003320312500000001,0,1,0.22587468862699925,1,0.2,0.008229166666666666,0,1,0.35559530299838743,1
1/5,759,0.04375,0.0030338541666666665,0,1,0.21591133225693634,1,0.025,0.005729166666666666,0,1,0.29670428259055126,1
1/5,760,0.0875,0.003229166666666666,0,1,0.22275287450588027,1,0.1,0.005208333333333334,0,1,0.282896433519043,1
1/5,761,0.15625,0.0026171874999999993,0,1,0.20053745792031374,1,0.125,0.005729166666666667,0,1,0.2967042825905513,1
1/5,762,0.0375,0.0033072916666666667,0,1,0.22543136201979388,1,0.0875,0.005989583333333333,0,1,0.3033726271641254,1
1/5,763,0.125,0.003177083333333334,0,1,0.22094917782072537,1,0.0625,0.007864583333333333,0,1,0.3476289574642327,1
1/5,764,0.05625,0.0026171874999999993,0,1,0.20053745792031374,1,0.075,0.0053125,0,1,0.28571139273705937,1
1/5,765,0.175,0.002421875,0,1,0.19290964808809938,1,0.3,0.005625,0,0,0.2939945976810081,1
1/5,766,0.14375,0.002669270833333334,0,1,0.20252302572823558,1,0.1125,0.004947916666666667,0,1,0.2757333358390033,1
1/5,767,0.13125,0.003111979166666667,0,1,0.21867363645037802,1,0.0625,0.00546875,0,1,0.28988258261351957,1
1/5,768,0.04375,0.0033463541666666667,0,1,0.22675874166795162,1,0.0625,0.005364583333333334,0,1,0.28710852279360866,1
1/5,769,0.1,0.003203125,0,1,0.22185285921110748,1,0.075,0.004895833333333333,0,1,0.27427826850103637,1
1/5,770,0.1875,0.002942708333333333,0,1,0.21264329647382202,1,0.125,0.0071875,0,1,0.33232806245479196,1
1/5,771,0.0375,0.0029687500000000005,0,1,0.21358212353973527,1,0.0375,0.0066145833333333326,0,1,0.31880808955263157,1
1/5,772,0.1375,0.003203125,0,1,0.22185285921110748,1,0.175,0.006875,0,1,0.32502325696646456,1
1/5,773,0.025,0.002578125,0,1,0.199035283526334,1,0.0125,0.0049479166666666664,0,1,0.2757333358390033,1
1/5,774,0.19375,0.0026171874999999993,0,1,0.20053745792031374,1,0.2125,0.005572916666666667,0,1,0.2926303462470013,1
1/5,775,0.0625,0.0030208333333333333,0,1,0.2154475050139144,1,0.0875,0.00515625,0,1,0.2814783973537158,1
1/5,776,0.13125,0.003111979166666666,0,1,0.21867363645037796,1,0.0625,0.00609375,0,1,0.3059992790096397,1
1/5,777,0.15625,0.0024348958333333336,0,1,0.19342752726982482,1,0.225,0.004375,0,1,0.2592788640868114,1
1/5,778,0.15625,0.0029817708333333332,0,1,0.2140499929361999,1,0.1875,0.005885416666666666,0,1,0.300723033821002,1
1/5,779,0.13125,0.0031640625,0,1,0.22049594826075608,1,0.05,0.0065625000000000015,0,1,0.31755045905055906,1
1/5,780,0.1625,0.0033333333333333327,0,1,0.22631714681523432,1,0.225,0.006979166666666667,0,1,0.32747629747974794,1
1/5,781,0.04375,0.0030859375000000006,0,1,0.21775676181910658,1,0.0,0.0067708333333333336,0,1,0.3225515613466048,1
1/5,782,0.0625,0.0028124999999999995,0,1,0.20788557365245164,1,0.1375,0.005989583333333334,0,1,0.3033726271641254,1
1/5,783,0.10625,0.0026953125,0,1,0.20350854505550506,1,0.125,0.006145833333333334,0,1,0.30730418590607783,1
1/5,784,0.13125,0.0031640624999999993,0,1,0.22049594826075605,1,0.025,0.0063541666666666686,0,1,0.31246932386925447,1
1/5,785,0.0125,0.002630208333333334,0,1,0.2010356883973244,1,-0.1,0.006145833333333333,0,0,0.3073041859060778,1
1/5,786,0.13125,0.002877604166666666,0,1,0.21027789145326553,1,0.1,0.0060416666666666665,0,1,0.3046887835701232,1
1/5,787,0.03125,0.003033854166666667,0,1,0.21591133225693637,1,0.1,0.0059375,0,1,0.3020507357903395,1
1/5,788,0.0875,0.0030468749999999992,0,1,0.21637416522591055,1,0.0625,0.005677083333333333,0,1,0.2953525476216444,1
1/5,789,0.08125,0.0029817708333333332,0,1,0.2140499929361999,1,0.025,0.006875000000000001,0,1,0.32502325696646456,1
1/5,790,0.03125,0.0030078125,0,1,0.21498267706137672,1,0.1375,0.00453125,0,1,0.26386822681990535,1
1/5,791,0.0875,0.003177083333333334,0,1,0.22094917782072537,1,0.1,0.005520833333333333,0,1,0.2912597047716384,1
1/5,792,0.13125,0.0028515625000000004,0,1,0.2093242453074712,1,0.125,0.005625,0,1,0.2939945976810081,1
1/5,793,0.1375,0.0028125,0,1,0.20788557365245167,1,0.125,0.004791666666666665,0,1,0.2713447267406734,1
1/5,794,0.24375,0.0023828124999999995,0,0,0.19134760093803338,1,0.175,0.005,0,1,0.27718076486993554,1
1/5,795,0.0625,0.0032812500000000007,0,1,0.2245420829635514,1,0.0,0.006145833333333334,0,1,0.30730418590607783,1
1/5,796,0.18125,0.0026171874999999993,0,1,0.20053745792031374,1,0.15,0.005625,0,1,0.2939945976810081,1
1/5,797,0.11875,0.0037109375,0,1,0.238792073506803,1,0.1625,0.008072916666666666,0,1,0.35220321939411786,1
1/5,798,0.1625,0.003177083333333333,0,1,0.22094917782072535,1,0.2,0.00625,0,1,0.3098975161522808,1
1/5,799,0.13125,0.0026953125,0,1,0.20350854505550506,1,0.125,0.0067708333333333336,0,1,0.3225515613466048,1
1/5,800,0.075,0.002786458333333333,0,1,0.20692090221222198,1,0.0625,0.005781250000000001,0,1,0.29804988714735603,1
1/5,801,0.0625,0.003906250000000002,0,1,0.2449954980675068,1,0.05,0.007187499999999999,0,1,0.3323280624547919,1
1/5,802,0.08125,0.0033984375,0,1,0.22851658767759236,1,0.1125,0.0075520833333333325,0,1,0.3406524160222582,1
1/5,803,0.09375,0.003138020833333333,0,1,0.2195866827449266,1,-0.025,0.006770833333333333,0,1,0.3225515613466048,1
1/5,804,0.06875,0.0029036458333333345,0,1,0.21122723213288652,1,0.125,0.005416666666666666,0,1,0.28849888696788073,1
1/5,805,0.13125,0.002955729166666667,0,1,0.21311322698391635,1,0.15,0.006458333333333332,0,1,0.3150201361838079,1
1/5,806,0.05,0.0028125,0,1,0.20788557365245167,1,0.0625,0.006927083333333334,0,1,0.3262520827367488,1
1/5,807,-0.00625,0.0027994791666666667,0,0,0.20740379879010035,1,-0.0625,0.00578125,0,0,0.298049887147356,1
1/5,808,0.05625,0.0034244791666666664,0,1,0.22939045927043203,1,0.1375,0.005364583333333332,0,1,0.28710852279360866,1
1/5,809,0.1125,0.0031250000000000006,0,1,0.2191306351441454,1,0.075,0.0056250000000000015,0,1,0.29399459768100816,1
1/5,810,-0.0125,0.0026302083333333334,0,0,0.2010356883973244,1,-0.0125,0.003697916666666667,0,1,0.23837277191288844,1
1/5,811,0.06875,0.0025130208333333337,0,1,0.1965061428739207,1,0.0375,0.005052083333333333,0,1,0.27862067463643186,1
1/5,812,0.1375,0.003072916666666667,0,1,0.2172968737411991,1,0.1125,0.007343749999999999,0,1,0.33592090268080954,1
1/5,813,0.1375,0.002994791666666667,0,1,0.21451684189413125,1,0.1625,0.005572916666666665,0,1,0.29263034624700124,1
1/5,814,0.13125,0.002669270833333333,0,1,0.20252302572823555,1,0.175,0.006145833333333334,0,1,0.30730418590607783,1
1/5,815,-0.00625,0.002825520833333333,0,0,0.2083662345800139,1,-0.0125,0.00515625,0,1,0.2814783973537158,1
1/5,816,0.2375,0.0028125000000000008,0,0,0.2078855736524517,1,0.2375,0.007656250000000001,0,1,0.3429936972945095,1
1/5,817,0.15625,0.0026953125,0,1,0.20350854505550506,1,0.125,0.006041666666666667,0,1,0.3046887835701232,1
1/5,818,-0.04375,0.0029296875,0,0,0.2121723251392822,1,-0.075,0.005520833333333333,0,0,0.2912597047716384,1
1/5,819,0.08125,0.0028515625,0,1,0.20932424530747118,1,0.075,0.0053125,0,1,0.28571139273705937,1
1/5,820,-0.01875,0.0034505208333333337,0,0,0.23026101442664737,1,0.025,0.007083333333333333,0,1,0.32991109901456817,1
1/5,821,0.15,0.003020833333333334,0,1,0.21544750501391444,1,0.225,0.0069791666666666665,0,1,0.3274762974797479,1
1/5,822,0.03125,0.0031380208333333325,0,1,0.2195866827449266,1,-0.025,0.006145833333333334,0,1,0.30730418590607783,1
1/5,823,0.0875,0.003203125,0,1,0.22185285921110748,1,0.1,0.005625,0,1,0.2939945976810081,1
1/5,824,0.10625,0.002747395833333333,0,1,0.2054654030039765,1,0.125,0.005416666666666666,0,1,0.28849888696788073,1
1/5,825,0.025,0.0035677083333333338,0,1,0.23413846029003668,1,0.025,0.007499999999999999,0,1,0.33947572022285144,1
1/5,826,0.125,0.0026302083333333325,0,1,0.20103568839732436,1,0.125,0.006145833333333334,0,1,0.30730418590607783,1
1/5,827,0.04375,0.0025651041666666665,0,1,0.1985320329522762,1,0.1125,0.004427083333333333,0,1,0.26081762456384183,1
1/5,828,0.0875,0.0024999999999999996,0,1,0.19599639845400538,1,0.05,0.0040625,0,1,0.2498473650777201,1
1/5,829,0.2125,0.0030468749999999992,0,0,0.21637416522591055,1,0.2375,0.005885416666666667,0,1,0.3007230338210021,1
1/5,830,0.09375,0.0025911458333333333,0,1,0.19953726486211204,1,0.0125,0.005260416666666667,0,1,0.2843073970525076,1
1/5,831,0.00625,0.0030078125,0,1,0.21498267706137672,1,-0.0375,0.0047395833333333335,0,0,0.2698659978748579,1
1/5,832,0.06875,0.002903645833333333,0,1,0.21122723213288647,1,-0.025,0.006354166666666666,0,1,0.3124693238692544,1
1/5,833,0.1625,0.002812500000000001,0,1,0.20788557365245172,1,0.1625,0.00515625,0,1,0.2814783973537158,1
1/5,834,0.075,0.00296875,0,1,0.21358212353973524,1,0.0625,0.005364583333333334,0,1,0.28710852279360866,1
1/5,835,0.09375,0.002643229166666666,0,1,0.20153268714933215,1,0.1125,0.00546875,0,1,0.28988258261351957,1
1/5,836,0.075,0.003177083333333333,0,1,0.22094917782072535,1,0.0125,0.005260416666666667,0,1,0.2843073970525076,1
1/5,837,0.20625,0.0030598958333333333,0,1,0.21683601028762298,1,0.275,0.006354166666666669,0,0,0.3124693238692545,1
1/5,838,0.0125,0.0027604166666666662,0,1,0.20595171233041729,1,-0.0625,0.005572916666666667,0,0,0.2926303462470013,1
1/5,839,0.075,0.003333333333333333,0,1,0.22631714681523435,1,0.1625,0.006406249999999999,0,1,0.313747322347597,1
1/5,840,0.1,0.003125,0,1,0.21913063514414538,1,0.125,0.006875000000000001,0,1,0.32502325696646456,1
1/5,841,0.00625,0.0033463541666666667,0,1,0.22675874166795162,1,-0.05,0.006145833333333333,0,1,0.3073041859060778,1
1/5,842,0.1,0.0030989583333333338,0,1,0.21821568068813846,1,0.175,0.005729166666666666,0,1,0.29670428259055126,1
1/5,843,0.06875,0.0027473958333333326,0,1,0.20546540300397648,1,-0.025,0.0055208333333333325,0,1,0.2912597047716383,1
1/5,844,0.10625,0.0028255208333333335,0,1,0.20836623458001394,1,0.1375,0.005364583333333332,0,1,0.28710852279360866,1
1/5,845,0.10625,0.0023046875,0,1,0.18818461282281815,1,0.1,0.0038541666666666663,0,1,0.24335671380171076,1
1/5,846,0.09375,0.0032942708333333326,0,1,0.2249871618600823,1,0.0875,0.005364583333333334,0,1,0.28710852279360866,1
1/5,847,0.06875,0.003580729166666666,0,1,0.2345653311280965,1,0.1125,0.006927083333333333,0,1,0.3262520827367488,1
1/5,848,0.11875,0.0029817708333333332,0,1,0.2140499929361999,1,0.125,0.008958333333333332,0,1,0.37101519430908236,1
1/5,849,0.14375,0.0029817708333333337,0,1,0.2140499929361999,1,0.15,0.0071875,0,1,0.33232806245479196,1
1/5,850,0.14375,0.003424479166666667,0,1,0.22939045927043203,1,0.175,0.008124999999999999,0,1,0.3533375322160937,1
1/5,851,0.1375,0.0027343749999999994,0,1,0.20497793991388924,1,0.1625,0.0061979166666666675,0,1,0.3086035751516421,1
1/5,852,0.09375,0.002565104166666667,0,1,0.1985320329522762,1,0.1,0.005833333333333334,0,1,0.2993894439514018,1
1/5,853,0.0375,0.002942708333333333,0,1,0.21264329647382202,1,0.0375,0.005677083333333333,0,1,0.2953525476216444,1
1/5,854,0.025,0.0030989583333333333,0,1,0.21821568068813843,1,0.0125,0.00671875,0,1,0.321308583461685,1
1/5,855,0.06875,0.003606770833333334,0,1,0.2354167507373308,1,0.15,0.008020833333333333,0,1,0.35106524155860713,1
1/5,856,0.125,0.0024999999999999996,0,1,0.19599639845400538,1,0.0125,0.005572916666666666,0,1,0.2926303462470013,1
1/5,857,0.0375,0.0027604166666666667,0,1,0.20595171233041729,1,0.0125,0.004635416666666666,0,1,0.2668839616144756,1
1/5,858,0.125,0.0030468749999999992,0,1,0.21637416522591055,1,0.2,0.006458333333333333,0,1,0.3150201361838079,1
1/5,859,0.05625,0.0027734374999999994,0,1,0.20643687604707509,1,0.05,0.006354166666666668,0,1,0.31246932386925447,1
1/5,860,0.075,0.0033072916666666667,0,1,0.22543136201979388,1,0.0375,0.0061979166666666675,0,1,0.3086035751516421,1
1/5,861,0.0375,0.002994791666666667,0,1,0.21451684189413125,1,0.1,0.005104166666666667,0,1,0.2800531811207264,1
1/5,862,0.125,0.0027343749999999994,0,1,0.20497793991388924,1,0.0625,0.005260416666666667,0,1,0.2843073970525076,1
1/5,863,0.10625,0.002643229166666666,0,1,0.20153268714933215,1,0.075,0.005833333333333334,0,1,0.2993894439514018,1
1/5,864,0.09375,0.0028776041666666668,0,1,0.21027789145326556,1,0.0,0.004166666666666667,0,1,0.25303026237633197,1
1/5,865,0.08125,0.0025390625,0,1,0.1975216852593019,1,0.075,0.005208333333333332,0,1,0.2828964335190429,1
1/5,866,0.00625,0.0033984375000000004,0,1,0.2285165876775924,1,0.0125,0.007864583333333333,0,1,0.3476289574642327,1
1/5,867,0.075,0.003151041666666666,0,1,0.22004178516628503,1,0.15,0.006875,0,1,0.32502325696646456,1
1/5,868,0.05,0.0023437500000000003,0,1,0.189772696782249,1,0.0625,0.005572916666666666,0,1,0.2926303462470013,1
1/5,869,0.20625,0.0027734374999999994,0,0,0.20643687604707509,1,0.15,0.0055208333333333325,0,1,0.2912597047716383,1
1/5,870,0.09375,0.003033854166666667,0,1,0.21591133225693637,1,0.0625,0.006197916666666667,0,1,0.30860357515164205,1
1/5,871,0.00625,0.003111979166666666,0,1,0.21867363645037796,1,0.075,0.005416666666666666,0,1,0.28849888696788073,1
1/5,872,0.05625,0.0027734375,0,1,0.20643687604707509,1,0.075,0.005729166666666666,0,1,0.29670428259055126,1
1/5,873,0.09375,0.0024088541666666668,0,1,0.19239037487678498,1,0.1625,0.005364583333333334,0,1,0.28710852279360866,1
1/5,874,0.075,0.0029947916666666664,0,1,0.21451684189413125,1,0.1,0.005729166666666666,0,1,0.29670428259055126,1
1/5,875,0.15625,0.0033203125,0,1,0.22587468862699922,1,0.1125,0.006822916666666666,0,1,0.32378976767049095,1
1/5,876,0.1125,0.0025781249999999993,0,1,0.19903528352633398,1,0.125,0.005625,0,1,0.2939945976810081,1
1/5,877,0.1125,0.002682291666666667,0,1,0.20301638340381314,1,0.05,0.0051041666666666674,0,1,0.28005318112072647,1
1/5,878,0.0625,0.0034114583333333336,0,1,0.2289539403986209,1,0.05,0.005625,0,1,0.2939945976810081,1
1/5,879,0.1625,0.0020052083333333332,0,1,0.17553262077930357,1,0.2,0.004791666666666666,0,1,0.27134472674067345,1
1/5,880,0.06875,0.0035286458333333333,0,1,0.23285315253664832,1,-0.025,0.004270833333333332,0,1,0.2561736159720421,1
1/5,881,0.125,0.002942708333333333,0,1,0.21264329647382202,1,0.0625,0.00609375,0,1,0.3059992790096397,1
1/5,882,0.1125,0.0033593749999999995,0,1,0.22719947821920125,1,0.1875,0.00515625,0,1,0.2814783973537158,1
1/5,883,0.09375,0.003033854166666667,0,1,0.21591133225693637,1,0.0625,0.00671875,0,1,0.321308583461685,1
1/5,884,0.0125,0.0035156250000000005,0,1,0.23242313711421062,1,-0.0375,0.00703125,0,1,0.3286959527162181,1
1/5,885,0.075,0.002317708333333333,0,1,0.18871545904752596,1,0.075,0.005104166666666667,0,1,0.2800531811207264,1
1/5,886,0.0875,0.003385416666666667,0,1,0.22807839631049298,1,0.1125,0.006927083333333333,0,1,0.3262520827367488,1
1/5,887,0.0875,0.0033333333333333335,0,1,0.22631714681523435,1,0.1375,0.006822916666666666,0,1,0.32378976767049095,1
1/5,888,0.09375,0.0027734375000000007,0,1,0.20643687604707514,1,0.1,0.006145833333333334,0,1,0.30730418590607783,1
1/5,889,0.1375,0.0028124999999999995,0,1,0.20788557365245164,1,0.2,0.004479166666666666,0,1,0.2623473598191967,1
1/5,890,0.11875,0.0033463541666666667,0,1,0.22675874166795162,1,0.225,0.005729166666666666,0,1,0.29670428259055126,1
1/5,891,0.1125,0.0032812499999999994,0,1,0.22454208296355135,1,0.1875,0.005260416666666667,0,1,0.2843073970525076,1
1/5,892,0.075,0.0026302083333333334,0,1,0.2010356883973244,1,-0.0125,0.00453125,0,1,0.26386822681990535,1
1/5,893,0.075,0.0030208333333333337,0,1,0.21544750501391444,1,0.05,0.006145833333333334,0,1,0.30730418590607783,1
1/5,894,0.1625,0.002604166666666666,0,1,0.20003798651480456,1,0.1625,0.00640625,0,1,0.31374732234759706,1
1/5,895,0.08125,0.003111979166666667,0,1,0.21867363645037802,1,0.1125,0.005364583333333332,0,1,0.28710852279360866,1
1/5,896,0.11875,0.0027734375,0,1,0.20643687604707509,1,0.175,0.005520833333333333,0,1,0.2912597047716384,1
1/5,897,-0.025,0.0028385416666666663,0,0,0.2088457892639875,1,-0.0375,0.005572916666666666,0,1,0.2926303462470013,1
1/5,898,0.1375,0.003046875,0,1,0.21637416522591058,1,0.175,0.0065625,0,1,0.317550459050559,1
1/5,899,0.08125,0.002825520833333333,0,1,0.2083662345800139,1,0.0875,0.00515625,0,1,0.2814783973537158,1
1/5,900,0.1,0.003229166666666666,0,1,0.22275287450588027,1,0.1,0.006666666666666665,0,1,0.3200607784236873,1
1/5,901,0.125,0.0035156249999999997,0,1,0.2324231371142106,1,0.075,0.007604166666666666,0,1,0.3418250611976536,1
1/5,902,0.175,0.0023697916666666667,0,1,0.19082407710898644,1,0.2,0.004479166666666666,0,1,0.2623473598191967,1
1/5,903,0.125,0.0027604166666666662,0,1,0.20595171233041729,1,0.0875,0.00671875,0,1,0.321308583461685,1
1/5,904,0.06875,0.0030859375000000006,0,1,0.21775676181910658,1,-0.05,0.0053125,0,0,0.28571139273705937,1
1/5,905,0.1,0.003984375,0,1,0.24743332426092615,1,0.15,0.008333333333333333,0,1,0.35783882874343137,1
1/5,906,0.0625,0.002786458333333333,0,1,0.20692090221222198,1,0.1,0.006458333333333333,0,1,0.3150201361838079,1
1/5,907,0.125,0.0029166666666666664,0,1,0.21170030603370604,1,0.2375,0.00640625,0,1,0.31374732234759706,1
1/5,908,0.1125,0.0027864583333333326,0,1,0.20692090221222195,1,0.125,0.005,0,1,0.27718076486993554,1
1/5,909,0.20625,0.0024869791666666664,0,0,0.19548532483717737,1,0.1,0.003645833333333333,0,1,0.2366881375744378,1
1/5,910,-0.00625,0.0027734374999999994,0,0,0.20643687604707509,1,0.05,0.004791666666666666,0,1,0.27134472674067345,1
1/5,911,0.1125,0.002265625,0,1,0.1865830125240251,1,-0.0125,0.004322916666666667,0,1,0.25773091673520515,1
1/5,912,0.1625,0.0024479166666666664,0,1,0.19394402358918747,1,0.2375,0.004635416666666666,0,0,0.2668839616144756,1
1/5,913,0.175,0.0030208333333333324,0,1,0.21544750501391438,1,0.2,0.006354166666666665,0,1,0.3124693238692544,1
1/5,914,0.03125,0.0028776041666666668,0,1,0.21027789145326556,1,-0.025,0.0055208333333333325,0,1,0.2912597047716383,1
1/5,915,0.075,0.002890625,0,1,0.21075309633378064,1,0.15,0.007291666666666666,0,1,0.33472757421059884,1
1/5,916,0.1125,0.0032812500000000007,0,1,0.2245420829635514,1,0.1125,0.007864583333333333,0,1,0.3476289574642327,1
1/5,917,0.0375,0.003463541666666667,0,1,0.23069506007938964,1,0.05,0.0069791666666666665,0,1,0.3274762974797479,1
1/5,918,0.11875,0.0033463541666666663,0,1,0.22675874166795162,1,0.15,0.006458333333333333,0,1,0.3150201361838079,1
1/5,919,-0.00625,0.003111979166666667,0,1,0.21867363645037802,1,0.025,0.0067708333333333336,0,1,0.3225515613466048,1
1/5,920,0.1125,0.0029427083333333336,0,1,0.21264329647382205,1,0.125,0.006145833333333335,0,1,0.30730418590607783,1
1/5,921,0.00625,0.0038671874999999995,0,1,0.24376744272484838,1,-0.0125,0.00828125,0,1,0.3567188296620924,1
1/5,922,0.0125,0.002682291666666666,0,1,0.20301638340381312,1,0.075,0.006145833333333333,0,1,0.3073041859060778,1
1/5,923,0.175,0.002604166666666666,0,1,0.20003798651480456,1,0.1625,0.005885416666666666,0,1,0.300723033821002,1
1/5,924,0.09375,0.003190104166666667,0,1,0.22140147957929052,1,0.0125,0.006927083333333333,0,1,0.3262520827367488,1
1/5,925,0.075,0.002994791666666667,0,1,0.21451684189413125,1,0.0125,0.006302083333333332,0,1,0.31118607687094724,1
1/5,926,0.15,0.003072916666666667,0,1,0.2172968737411991,1,0.175,0.007083333333333334,0,1,0.32991109901456817,1
1/5,927,0.125,0.003177083333333334,0,1,0.22094917782072537,1,0.125,0.006458333333333333,0,1,0.3150201361838079,1
1/5,928,0.175,0.00296875,0,1,0.21358212353973524,1,0.15,0.007083333333333333,0,1,0.32991109901456817,1
1/5,929,0.13125,0.0027734375,0,1,0.20643687604707509,1,0.05,0.005833333333333333,0,1,0.2993894439514018,1
1/5,930,-0.0125,0.0030729166666666665,0,0,0.2172968737411991,1,0.125,0.006458333333333332,0,1,0.3150201361838079,1
1/5,931,0.08125,0.002903645833333332,0,1,0.21122723213288644,1,0.1625,0.005260416666666668,0,1,0.2843073970525076,1
1/5,932,0.075,0.002213541666666666,0,1,0.18442591098205957,1,0.075,0.003958333333333333,0,1,0.24662339303951614,1
1/5,933,0.21875,0.0026953125,0,0,0.20350854505550506,1,0.15,0.006145833333333333,0,1,0.3073041859060778,1
1/5,934,0.10625,0.0032682291666666662,0,1,0.22409612009440483,1,0.0875,0.004322916666666666,0,1,0.25773091673520515,1
1/5,935,0.09375,0.003059895833333334,0,1,0.216836010287623,1,0.05,0.006562499999999999,0,1,0.317550459050559,1
1/5,936,0.0375,0.0028645833333333336,0,1,0.2098016102268685,1,0.0375,0.0068229166666666655,0,1,0.3237897676704909,1
1/5,937,0.075,0.003125,0,1,0.21913063514414538,1,0.1375,0.008177083333333333,0,1,0.3544682152091172,1
1/5,938,0.16875,0.0032161458333333326,0,1,0.222303322333221,1,0.1125,0.007656249999999998,0,1,0.34299369729450946,1
1/5,939,0.1125,0.0031250000000000006,0,1,0.2191306351441454,1,0.1125,0.006718749999999999,0,1,0.321308583461685,1
1/5,940,0.125,0.0027083333333333326,0,1,0.20399951933975974,1,0.1625,0.005989583333333333,0,1,0.3033726271641254,1
1/5,941,0.1375,0.0022135416666666666,0,1,0.1844259109820596,1,0.2,0.005104166666666667,0,1,0.2800531811207264,1
1/5,942,0.1,0.0030468750000000005,0,1,0.2163741652259106,1,0.125,0.007604166666666666,0,1,0.3418250611976536,1
1/5,943,-0.0125,0.002916666666666666,0,0,0.21170030603370601,1,0.0625,0.00578125,0,1,0.298049887147356,1
1/5,944,0.075,0.003411458333333334,0,1,0.2289539403986209,1,0.05,0.007187499999999999,0,1,0.3323280624547919,1
1/5,945,0.01875,0.0033463541666666663,0,1,0.22675874166795162,1,-0.1125,0.00546875,0,0,0.28988258261351957,1
1/5,946,0.10625,0.002669270833333333,0,1,0.20252302572823555,1,0.075,0.006354166666666668,0,1,0.31246932386925447,1
1/5,947,0.09375,0.003190104166666667,0,1,0.22140147957929052,1,0.0375,0.007031249999999999,0,1,0.3286959527162181,1
1/5,948,0.09375,0.002669270833333334,0,1,0.20252302572823558,1,0.1375,0.004635416666666667,0,1,0.26688396161447564,1
1/5,949,0.1625,0.003072916666666667,0,1,0.2172968737411991,1,0.0875,0.006614583333333333,0,1,0.31880808955263157,1
1/5,950,0.0875,0.0030468749999999992,0,1,0.21637416522591055,1,0.075,0.005833333333333334,0,1,0.2993894439514018,1
1/5,951,0.01875,0.0026953124999999994,0,1,0.20350854505550503,1,0.0125,0.00484375,0,1,0.27281544063881114,1
1/5,952,-0.03125,0.0031640625000000006,0,0,0.2204959482607561,1,0.0375,0.005052083333333333,0,1,0.27862067463643186,1
1/5,953,0.1,0.002682291666666667,0,1,0.20301638340381314,1,0.05,0.006249999999999999,0,1,0.3098975161522807,1
1/5,954,0.0625,0.003281250000000001,0,1,0.22454208296355144,1,0.0625,0.007031249999999999,0,1,0.3286959527162181,1
1/5,955,0.08125,0.0032421875000000007,0,1,0.2232015212333396,1,0.1125,0.0060937499999999985,0,1,0.30599927900963964,1
1/5,956,0.025,0.003072916666666667,0,1,0.2172968737411991,1,0.075,0.006354166666666666,0,1,0.3124693238692544,1
1/5,957,0.1625,0.0024479166666666664,0,1,0.19394402358918747,1,0.1875,0.00578125,0,1,0.298049887147356,1
1/5,958,0.05,0.003645833333333334,0,1,0.23668813757443782,1,0.1125,0.007552083333333333,0,1,0.3406524160222582,1
1/5,959,0.13125,0.0027734375,0,1,0.20643687604707509,1,0.1,0.006770833333333333,0,1,0.3225515613466048,1
1/5,960,0.09375,0.0032421875000000007,0,1,0.2232015212333396,1,0.1625,0.006927083333333333,0,1,0.3262520827367488,1
1/5,961,-0.03125,0.004257812500000001,0,0,0.2557828093127973,1,0.075,0.007708333333333334,0,1,0.3441583651529272,1
1/5,962,0.0625,0.003229166666666666,0,1,0.22275287450588027,1,0.0625,0.00609375,0,1,0.3059992790096397,1
1/5,963,0.1125,0.0028125,0,1,0.20788557365245167,1,0.0375,0.005572916666666666,0,1,0.2926303462470013,1
1/5,964,-0.01875,0.0027994791666666667,0,0,0.20740379879010035,1,0.0,0.004895833333333333,0,1,0.27427826850103637,1
1/5,965,0.125,0.003671875,0,1,0.23753194822790671,1,0.1125,0.005572916666666666,0,1,0.2926303462470013,1
1/5,966,0.10625,0.0030598958333333333,0,1,0.21683601028762298,1,0.1375,0.00578125,0,1,0.298049887147356,1
1/5,967,0.1,0.0030468750000000005,0,1,0.2163741652259106,1,0.1625,0.006197916666666667,0,1,0.30860357515164205,1
1/5,968,0.04375,0.0025911458333333333,0,1,0.19953726486211204,1,-0.025,0.006145833333333333,0,1,0.3073041859060778,1
1/5,969,0.1125,0.0027864583333333335,0,1,0.206920902212222,1,0.0625,0.005572916666666666,0,1,0.2926303462470013,1
1/5,970,0.18125,0.0027994791666666663,0,1,0.20740379879010032,1,0.175,0.006354166666666668,0,1,0.31246932386925447,1
1/5,971,0.1625,0.0027604166666666662,0,1,0.20595171233041729,1,0.125,0.005416666666666665,0,1,0.28849888696788073,1
1/5,972,0.2125,0.003203125,0,0,0.22185285921110748,1,0.175,0.0069791666666666665,0,1,0.3274762974797479,1
1/5,973,0.075,0.0028385416666666663,0,1,0.2088457892639875,1,0.0,0.0046875,0,1,0.26837912155757354,1
1/5,974,0.125,0.0024479166666666664,0,1,0.19394402358918747,1,0.0375,0.005677083333333333,0,1,0.2953525476216444,1
1/5,975,0.14375,0.0030859375,0,1,0.21775676181910658,1,0.15,0.006979166666666665,0,1,0.3274762974797479,1
1/5,976,0.1375,0.002994791666666667,0,1,0.21451684189413125,1,0.175,0.0069791666666666665,0,1,0.3274762974797479,1
1/5,977,0.05,0.0028385416666666663,0,1,0.2088457892639875,1,-0.0125,0.006302083333333334,0,1,0.31118607687094724,1
1/5,978,0.0875,0.0033072916666666684,0,1,0.22543136201979394,1,0.075,0.0059375,0,1,0.3020507357903395,1
1/5,979,0.125,0.0026562499999999993,0,1,0.20202846326662754,1,0.1625,0.005989583333333333,0,1,0.3033726271641254,1
1/5,980,0.15625,0.0030078124999999996,0,1,0.2149826770613767,1,0.175,0.0053125,0,1,0.28571139273705937,1
1/5,981,0.11875,0.0029817708333333332,0,1,0.2140499929361999,1,0.05,0.007187499999999999,0,1,0.3323280624547919,1
1/5,982,0.05,0.002890625,0,1,0.21075309633378064,1,0.075,0.0055208333333333325,0,1,0.2912597047716383,1
1/5,983,0.15625,0.003216145833333334,0,1,0.22230332233322106,1,0.1375,0.006718749999999999,0,1,0.321308583461685,1
1/5,984,0.15,0.0030208333333333337,0,1,0.21544750501391444,1,0.1625,0.0071354166666666675,0,1,0.33112178601532427,1
1/5,985,0.05625,0.003111979166666667,0,1,0.21867363645037802,1,0.0875,0.007447916666666665,0,1,0.3382949315314165,1
1/5,986,0.1375,0.002630208333333334,0,1,0.2010356883973244,1,0.2125,0.006510416666666668,0,1,0.31628782797041505,1
1/5,987,0.15,0.0026302083333333334,0,1,0.2010356883973244,1,0.1375,0.0071354166666666675,0,1,0.33112178601532427,1
1/5,988,0.04375,0.0030078124999999988,0,1,0.21498267706137666,1,-0.0375,0.0056770833333333335,0,1,0.2953525476216445,1
1/5,989,0.125,0.003359375,0,1,0.22719947821920125,1,0.1375,0.005781250000000001,0,1,0.29804988714735603,1
1/5,990,0.10625,0.0023828125,0,1,0.1913476009380334,1,0.025,0.005416666666666666,0,1,0.28849888696788073,1
1/5,991,0.06875,0.0033984375,0,1,0.22851658767759236,1,0.175,0.008020833333333333,0,1,0.35106524155860713,1
1/5,992,0.1625,0.002578125,0,1,0.199035283526334,1,0.25,0.0059375,0,1,0.3020507357903395,1
1/5,993,0.10625,0.002981770833333333,0,1,0.21404999293619986,1,0.075,0.004895833333333334,0,1,0.2742782685010364,1
1/5,994,-0.0125,0.0034635416666666664,0,1,0.2306950600793896,1,0.0125,0.006927083333333333,0,1,0.3262520827367488,1
1/5,995,0.125,0.002630208333333334,0,1,0.2010356883973244,1,0.075,0.005208333333333332,0,1,0.2828964335190429,1
1/5,996,0.10625,0.0032682291666666667,0,1,0.22409612009440483,1,0.15,0.0071875,0,1,0.33232806245479196,1
1/5,997,0.13125,0.0031119791666666657,0,1,0.21867363645037796,1,0.15,0.006145833333333334,0,1,0.30730418590607783,1
1/5,998,0.175,0.002604166666666666,0,1,0.20003798651480456,1,0.2875,0.006510416666666668,0,0,0.31628782797041505,1
1/5,999,0.11875,0.0029036458333333345,0,1,0.21122723213288652,1,0.15,0.005416666666666668,0,1,0.2884988869678808,1
1/5,1000,0.04375,0.0025651041666666665,0,1,0.1985320329522762,1,0.0625,0.0040104166666666665,0,1,0.24824061294498448,1
1/5,1001,0.125,0.0029947916666666673,0,1,0.21451684189413128,1,0.1875,0.005572916666666666,0,1,0.2926303462470013,1
1/5,1002,0.18125,0.0031640625,0,1,0.22049594826075608,1,0.125,0.005833333333333334,0,1,0.2993894439514018,1
1/5,1003,0.025,0.0034114583333333336,0,1,0.2289539403986209,1,0.0375,0.006406250000000001,0,1,0.31374732234759706,1
1/5,1004,0.05625,0.0027734375,0,1,0.20643687604707509,1,0.025,0.006666666666666666,0,1,0.3200607784236873,1
1/5,1005,0.14375,0.0029036458333333336,0,1,0.2112272321328865,1,0.2125,0.005260416666666667,0,1,0.2843073970525076,1
1/5,1006,0.11875,0.003033854166666667,0,1,0.21591133225693637,1,0.15,0.00625,0,1,0.3098975161522808,1
1/5,1007,0.03125,0.0029296875000000004,0,1,0.21217232513928222,1,0.0875,0.007031249999999999,0,1,0.3286959527162181,1
1/5,1008,0.06875,0.0033463541666666676,0,1,0.22675874166795165,1,0.0375,0.00515625,0,1,0.2814783973537158,1
1/5,1009,0.1,0.002864583333333333,0,1,0.20980161022686847,1,0.075,0.006041666666666667,0,1,0.3046887835701232,1
1/5,1010,0.1625,0.003854166666666667,0,1,0.24335671380171078,1,0.1875,0.0075520833333333325,0,1,0.3406524160222582,1
1/5,1011,0.05,0.0031250000000000006,0,1,0.2191306351441454,1,0.0875,0.004322916666666667,0,1,0.25773091673520515,1
1/5,1012,0.1375,0.0029687499999999996,0,1,0.21358212353973524,1,0.2,0.006354166666666668,0,1,0.31246932386925447,1
1/5,1013,0.09375,0.0033984375000000004,0,1,0.2285165876775924,1,-0.0125,0.007031249999999999,0,1,0.3286959527162181,1
1/5,1014,0.11875,0.0032942708333333335,0,1,0.22498716186008233,1,0.0875,0.005989583333333334,0,1,0.3033726271641254,1
1/5,1015,0.15,0.0030208333333333337,0,1,0.21544750501391444,1,0.2,0.005625,0,1,0.2939945976810081,1
1/5,1016,0.10625,0.0032682291666666667,0,1,0.22409612009440483,1,0.075,0.007083333333333331,0,1,0.3299110990145681,1
1/5,1017,-0.03125,0.0033203125000000003,0,0,0.22587468862699922,1,0.0,0.0060416666666666665,0,1,0.3046887835701232,1
1/5,1018,0.0125,0.0030468750000000005,0,1,0.2163741652259106,1,0.0375,0.006406249999999999,0,1,0.313747322347597,1
1/5,1019,0.1125,0.0030468750000000005,0,1,0.2163741652259106,1,0.1625,0.006510416666666668,0,1,0.31628782797041505,1
1/5,1020,0.09375,0.0022786458333333335,0,1,0.18711840246962616,1,0.0875,0.004427083333333333,0,1,0.26081762456384183,1
1/5,1021,0.06875,0.0030338541666666665,0,1,0.21591133225693634,1,0.075,0.0067708333333333336,0,1,0.3225515613466048,1
1/5,1022,0.09375,0.0037369791666666667,0,1,0.23962847562459555,1,0.1625,0.0066145833333333326,0,1,0.31880808955263157,1
1/5,1023,0.03125,0.003502604166666667,0,1,0.2319923246268433,1,0.0,0.007291666666666666,0,1,0.33472757421059884,1
1/5,1024,0.0875,0.0030468749999999992,0,1,0.21637416522591055,1,0.1125,0.006718749999999999,0,1,0.321308583461685,1
1/5,1025,0.01875,0.0033723958333333336,0,1,0.22763936145430078,1,-0.0375,0.006302083333333334,0,1,0.31118607687094724,1
1/5,1026,0.10625,0.002825520833333333,0,1,0.2083662345800139,1,0.0875,0.005364583333333332,0,1,0.28710852279360866,1
1/5,1027,0.01875,0.003580729166666667,0,1,0.23456533112809652,1,0.1,0.00625,0,1,0.3098975161522808,1
1/5,1028,0.125,0.0030989583333333333,0,1,0.21821568068813843,1,0.1875,0.006927083333333334,0,1,0.3262520827367488,1
1/5,1029,0.0875,0.0029427083333333328,0,1,0.21264329647382202,1,0.2375,0.006614583333333333,0,1,0.31880808955263157,1
1/5,1030,0.08125,0.0029036458333333336,0,1,0.2112272321328865,1,0.0375,0.006927083333333333,0,1,0.3262520827367488,1
1/5,1031,0.11875,0.0029296875,0,1,0.2121723251392822,1,0.1625,0.004322916666666666,0,1,0.25773091673520515,1
1/5,1032,0.05625,0.003138020833333334,0,1,0.21958668274492663,1,0.0375,0.006510416666666666,0,1,0.316287827970415,1
1/5,1033,0.15,0.0032031249999999994,0,1,0.22185285921110748,1,0.1375,0.0056770833333333335,0,1,0.2953525476216445,1
1/5,1034,0.09375,0.0025911458333333338,0,1,0.19953726486211204,1,0.1875,0.0061979166666666675,0,1,0.3086035751516421,1
1/5,1035,0.0625,0.003463541666666667,0,1,0.23069506007938964,1,0.05,0.007291666666666666,0,1,0.33472757421059884,1
1/5,1036,0.13125,0.0027734374999999994,0,1,0.20643687604707509,1,0.15,0.005625,0,1,0.2939945976810081,1
1/5,1037,0.025,0.0038020833333333335,0,1,0.24170681875236746,1,-0.0125,0.008489583333333333,0,1,0.36117798814352553,1
1/5,1038,0.10625,0.0024088541666666668,0,1,0.19239037487678498,1,0.0625,0.006302083333333331,0,1,0.3111860768709472,1
1/5,1039,0.1625,0.0029687499999999996,0,1,0.21358212353973524,1,0.2625,0.00640625,0,0,0.31374732234759706,1
1/5,1040,0.20625,0.002747395833333333,0,0,0.2054654030039765,1,0.25,0.006770833333333333,0,1,0.3225515613466048,1
1/5,1041,0.1125,0.0027604166666666662,0,1,0.20595171233041729,1,0.125,0.006145833333333334,0,1,0.30730418590607783,1
1/5,1042,0.04375,0.0034765625000000005,0,1,0.2311282906207669,1,0.025,0.007291666666666666,0,1,0.33472757421059884,1
1/5,1043,0.04375,0.0033203125000000003,0,1,0.22587468862699922,1,0.0625,0.00640625,0,1,0.31374732234759706,1
1/5,1044,0.09375,0.0034505208333333337,0,1,0.23026101442664737,1,0.0125,0.008385416666666666,0,1,0.3589553332622999,1
1/5,1045,0.0625,0.002734375,0,1,0.20497793991388927,1,0.0375,0.005885416666666667,0,1,0.3007230338210021,1
1/5,1046,0.03125,0.003033854166666667,0,1,0.21591133225693637,1,0.0625,0.00671875,0,1,0.321308583461685,1
1/5,1047,0.01875,0.0030859374999999993,0,1,0.21775676181910655,1,0.0625,0.007760416666666667,0,1,0.34531910492429096,1
1/5,1048,0.075,0.0031770833333333343,0,1,0.22094917782072537,1,0.1125,0.005989583333333334,0,1,0.3033726271641254,1
1/5,1049,0.125,0.002708333333333333,0,1,0.20399951933975977,1,0.1875,0.004427083333333333,0,1,0.26081762456384183,1
1/5,1050,0.125,0.002916666666666667,0,1,0.21170030603370604,1,0.05,0.005416666666666666,0,1,0.28849888696788073,1
1/5,1051,0.05625,0.0028776041666666663,0,1,0.21027789145326556,1,0.15,0.006145833333333334,0,1,0.30730418590607783,1
1/5,1052,0.15,0.002682291666666666,0,1,0.20301638340381312,1,0.0625,0.005989583333333333,0,1,0.3033726271641254,1
1/5,1053,0.06875,0.0031640624999999993,0,1,0.22049594826075605,1,0.1375,0.008072916666666666,0,1,0.35220321939411786,1
1/5,1054,0.0375,0.0029947916666666664,0,1,0.21451684189413125,1,0.025,0.0059375,0,1,0.3020507357903395,1
1/5,1055,0.0875,0.002994791666666667,0,1,0.21451684189413125,1,0.1375,0.007447916666666668,0,1,0.33829493153141654,1
1/5,1056,0.10625,0.0029036458333333327,0,1,0.21122723213288647,1,0.0375,0.006197916666666667,0,1,0.30860357515164205,1
1/5,1057,0.08125,0.0025911458333333333,0,1,0.19953726486211204,1,0.0625,0.005885416666666666,0,1,0.300723033821002,1
1/5,1058,0.1,0.002786458333333333,0,1,0.20692090221222198,1,0.05,0.005520833333333333,0,1,0.2912597047716384,1
1/5,1059,0.16875,0.0030338541666666665,0,1,0.21591133225693634,1,0.1,0.005937499999999999,0,1,0.3020507357903395,1
1/5,1060,0.125,0.003046874999999999,0,1,0.21637416522591052,1,0.1625,0.006302083333333334,0,1,0.31118607687094724,1
1/5,1061,0.15,0.0029947916666666673,0,1,0.21451684189413128,1,0.175,0.005729166666666666,0,1,0.29670428259055126,1
1/5,1062,0.10625,0.003216145833333334,0,1,0.22230332233322106,1,0.0875,0.005989583333333334,0,1,0.3033726271641254,1
1/5,1063,0.0625,0.003255208333333333,0,1,0.22364926796464463,1,0.0625,0.0060937499999999985,0,1,0.30599927900963964,1
1/5,1064,0.125,0.0025520833333333324,0,1,0.19802750346333,1,0.2,0.005416666666666668,0,1,0.2884988869678808,1
1/5,1065,0.1375,0.0034635416666666664,0,1,0.2306950600793896,1,0.15,0.007187500000000001,0,1,0.332328062454792,1
1/5,1066,0.06875,0.0030859375,0,1,0.21775676181910658,1,-0.025,0.0059375,0,1,0.3020507357903395,1
1/5,1067,0.1375,0.0028645833333333336,0,1,0.2098016102268685,1,0.1125,0.005989583333333333,0,1,0.3033726271641254,1
1/5,1068,0.0125,0.003151041666666667,0,1,0.22004178516628506,1,-0.0375,0.00609375,0,1,0.3059992790096397,1
1/5,1069,0.05625,0.002200520833333333,0,1,0.18388268178737788,1,0.0625,0.004427083333333333,0,1,0.26081762456384183,1
1/5,1070,0.08125,0.0037369791666666662,0,1,0.23962847562459555,1,0.0375,0.008281249999999999,0,1,0.35671882966209234,1
1/5,1071,0.0375,0.003046875,0,1,0.21637416522591058,1,-0.0375,0.005260416666666667,0,1,0.2843073970525076,1
1/5,1072,0.10625,0.0032942708333333335,0,1,0.22498716186008233,1,0.125,0.006145833333333334,0,1,0.30730418590607783,1
1/5,1073,0.2125,0.0032552083333333326,0,0,0.22364926796464463,1,0.15,0.005937499999999999,0,1,0.3020507357903395,1
1/5,1074,0.1125,0.0028645833333333327,0,1,0.20980161022686847,1,0.25,0.005729166666666666,0,0,0.29670428259055126,1
1/5,1075,0.15625,0.002669270833333333,0,1,0.20252302572823555,1,0.125,0.0065625000000000015,0,1,0.31755045905055906,1
1/5,1076,0.00625,0.0032421875,0,1,0.22320152123333958,1,-0.075,0.0071875,0,0,0.33232806245479196,1
1/5,1077,0.1,0.003072916666666667,0,1,0.2172968737411991,1,0.0625,0.006510416666666666,0,1,0.316287827970415,1
1/5,1078,0.00625,0.0026953124999999994,0,1,0.20350854505550503,1,0.0,0.006562499999999999,0,1,0.317550459050559,1
1/5,1079,0.1375,0.0024479166666666664,0,1,0.19394402358918747,1,0.175,0.004583333333333333,0,1,0.26538037803511205,1
1/5,1080,0.15,0.0028906249999999995,0,1,0.21075309633378064,1,0.0375,0.005468750000000001,0,1,0.2898825826135196,1
1/5,1081,0.10625,0.003372395833333333,0,1,0.22763936145430075,1,0.0125,0.00671875,0,1,0.321308583461685,1
1/5,1082,0.04375,0.0029296875000000004,0,1,0.21217232513928222,1,-0.0375,0.005989583333333334,0,1,0.3033726271641254,1
1/5,1083,-0.04375,0.003294270833333333,0,0,0.2249871618600823,1,-0.0875,0.006197916666666668,0,0,0.3086035751516421,1
1/5,1084,0.09375,0.002565104166666667,0,1,0.1985320329522762,1,0.0875,0.00546875,0,1,0.28988258261351957,1
1/5,1085,0.1375,0.002421875,0,1,0.19290964808809938,1,0.1375,0.00515625,0,1,0.2814783973537158,1
1/5,1086,0.075,0.003072916666666667,0,1,0.2172968737411991,1,-0.0125,0.0060937499999999985,0,1,0.30599927900963964,1
1/5,1087,0.1,0.0034375,0,1,0.22982614904432486,1,0.1375,0.0068229166666666655,0,1,0.3237897676704909,1
1/5,1088,0.03125,0.0029296875,0,1,0.2121723251392822,1,0.025,0.006249999999999999,0,1,0.3098975161522807,1
1/5,1089,0.1,0.003411458333333333,0,1,0.22895394039862088,1,0.05,0.006354166666666666,0,1,0.3124693238692544,1
1/5,1090,0.10625,0.003294270833333333,0,1,0.2249871618600823,1,0.05,0.00625,0,1,0.3098975161522808,1
1/5,1091,0.15625,0.0025390625,0,1,0.1975216852593019,1,0.2125,0.005885416666666666,0,1,0.300723033821002,1
1/5,1092,0.10625,0.0035286458333333333,0,1,0.23285315253664832,1,0.0875,0.007760416666666666,0,1,0.34531910492429096,1
1/5,1093,0.06875,0.0030598958333333337,0,1,0.21683601028762298,1,0.05,0.0059375,0,1,0.3020507357903395,1
1/5,1094,0.09375,0.003138020833333334,0,1,0.21958668274492663,1,0.0375,0.00765625,0,1,0.34299369729450946,1
1/5,1095,0.175,0.003203125,0,1,0.22185285921110748,1,0.1875,0.0077604166666666655,0,1,0.3453191049242909,1
1/5,1096,0.125,0.002682291666666666,0,1,0.20301638340381312,1,0.1625,0.0047395833333333335,0,1,0.2698659978748579,1
1/5,1097,0.00625,0.003424479166666667,0,1,0.22939045927043203,1,0.0625,0.007239583333333332,0,1,0.33352997618794933,1
1/5,1098,0.11875,0.0025911458333333333,0,1,0.19953726486211204,1,0.05,0.005937500000000001,0,1,0.3020507357903395,1
1/5,1099,0.125,0.0028385416666666667,0,1,0.2088457892639875,1,0.1,0.0065625,0,1,0.317550459050559,1
1/5,1100,0.09375,0.0028515625,0,1,0.20932424530747118,1,0.0375,0.00453125,0,1,0.26386822681990535,1
1/5,1101,0.1625,0.003229166666666666,0,1,0.22275287450588027,1,0.1875,0.005989583333333333,0,1,0.3033726271641254,1
1/5,1102,0.1375,0.0034114583333333336,0,1,0.2289539403986209,1,0.25,0.006145833333333335,0,1,0.30730418590607783,1
1/5,1103,0.10625,0.003216145833333333,0,1,0.22230332233322103,1,0.0875,0.007135416666666667,0,1,0.3311217860153242,1
1/5,1104,0.0125,0.00265625,0,1,0.20202846326662757,1,-0.0375,0.006822916666666666,0,1,0.32378976767049095,1
1/5,1105,0.2125,0.0024739583333333332,0,0,0.1949729115709469,1,0.2375,0.006406249999999999,0,1,0.313747322347597,1
1/5,1106,0.175,0.0027604166666666662,0,1,0.20595171233041729,1,0.1375,0.005989583333333334,0,1,0.3033726271641254,1
1/5,1107,0.08125,0.003190104166666666,0,1,0.2214014795792905,1,0.075,0.006354166666666665,0,1,0.3124693238692544,1
1/5,1108,0.05,0.0034895833333333333,0,1,0.23156071062579284,1,0.1375,0.0061979166666666675,0,1,0.3086035751516421,1
1/5,1109,0.10625,0.002747395833333334,0,1,0.20546540300397653,1,0.1,0.0040625,0,1,0.2498473650777201,1
1/5,1110,0.05625,0.0027734375,0,1,0.20643687604707509,1,0.05,0.006562499999999999,0,1,0.317550459050559,1
1/5,1111,0.14375,0.003138020833333333,0,1,0.2195866827449266,1,0.2,0.006666666666666667,0,1,0.32006077842368735,1
1/5,1112,0.10625,0.0032682291666666675,0,1,0.22409612009440485,1,0.15,0.007187499999999999,0,1,0.3323280624547919,1
1/5,1113,0.08125,0.0031640625,0,1,0.22049594826075608,1,0.0875,0.005989583333333333,0,1,0.3033726271641254,1
1/5,1114,0.1125,0.003125,0,1,0.21913063514414538,1,0.15,0.006458333333333332,0,1,0.3150201361838079,1
1/5,1115,0.13125,0.002825520833333333,0,1,0.2083662345800139,1,0.1125,0.00515625,0,1,0.2814783973537158,1
1/5,1116,0.15,0.0033593749999999995,0,1,0.22719947821920125,1,0.1375,0.008593749999999999,0,1,0.36338704842269837,1
1/5,1117,0.075,0.0027864583333333326,0,1,0.20692090221222195,1,0.125,0.006666666666666665,0,1,0.3200607784236873,1
1/5,1118,0.14375,0.0030859375,0,1,0.21775676181910658,1,0.1375,0.00640625,0,1,0.31374732234759706,1
1/5,1119,0.1125,0.003072916666666667,0,1,0.2172968737411991,1,0.1625,0.005989583333333333,0,1,0.3033726271641254,1
1/5,1120,0.0,0.0027343750000000007,0,1,0.2049779399138893,1,0.0625,0.007864583333333335,0,1,0.3476289574642328,1
1/5,1121,0.14375,0.0025390625,0,1,0.1975216852593019,1,0.15,0.005208333333333334,0,1,0.282896433519043,1
1/5,1122,0.1375,0.003515625,0,1,0.2324231371142106,1,0.175,0.005729166666666667,0,1,0.2967042825905513,1
1/5,1123,0.125,0.003151041666666666,0,1,0.22004178516628503,1,0.0375,0.0061979166666666675,0,1,0.3086035751516421,1
1/5,1124,0.16875,0.0025651041666666665,0,1,0.1985320329522762,1,0.175,0.004687500000000001,0,1,0.2683791215575736,1
1/5,1125,0.10625,0.0030598958333333324,0,1,0.21683601028762295,1,0.15,0.006770833333333334,0,1,0.3225515613466048,1
1/5,1126,0.125,0.002942708333333333,0,1,0.21264329647382202,1,0.2375,0.005052083333333333,0,1,0.27862067463643186,1
1/5,1127,0.0625,0.0035416666666666674,0,1,0.23328237530190768,1,0.1625,0.0066145833333333326,0,1,0.31880808955263157,1
1/5,1128,0.14375,0.002721354166666666,0,1,0.20448931480910562,1,0.175,0.004479166666666666,0,1,0.2623473598191967,1
1/5,1129,0.16875,0.003111979166666666,0,1,0.21867363645037796,1,0.2375,0.007656249999999999,0,1,0.34299369729450946,1
1/5,1130,0.125,0.0030208333333333337,0,1,0.21544750501391444,1,0.175,0.006666666666666666,0,1,0.3200607784236873,1
1/5,1131,0.08125,0.003580729166666666,0,1,0.2345653311280965,1,0.125,0.0053125,0,1,0.28571139273705937,1
1/5,1132,0.09375,0.002747395833333334,0,1,0.20546540300397653,1,0.1,0.005416666666666666,0,1,0.28849888696788073,1
1/5,1133,-0.0125,0.002942708333333333,0,0,0.21264329647382202,1,-0.0125,0.0061979166666666675,0,1,0.3086035751516421,1
1/5,1134,0.16875,0.0028255208333333327,0,1,0.2083662345800139,1,0.0375,0.004843749999999999,0,1,0.2728154406388111,1
1/5,1135,0.1,0.0030468750000000005,0,1,0.2163741652259106,1,0.0125,0.0049479166666666664,0,1,0.2757333358390033,1
1/5,1136,0.0375,0.0030729166666666674,0,1,0.21729687374119913,1,0.0875,0.006302083333333332,0,1,0.31118607687094724,1
1/5,1137,0.0875,0.0037239583333333343,0,1,0.23921064012690346,1,0.025,0.007708333333333332,0,1,0.34415836515292714,1
1/5,1138,0.0375,0.003359374999999999,0,1,0.22719947821920122,1,0.1125,0.006302083333333332,0,1,0.31118607687094724,1
1/5,1139,0.075,0.003125,0,1,0.21913063514414538,1,0.125,0.006354166666666668,0,1,0.31246932386925447,1
1/5,1140,-0.025,0.0035416666666666665,0,0,0.23328237530190765,1,-0.1,0.0075,0,0,0.3394757202228515,1
1/5,1141,0.10625,0.002721354166666667,0,1,0.20448931480910565,1,0.1625,0.0056770833333333335,0,1,0.2953525476216445,1
1/5,1142,0.05,0.0030208333333333333,0,1,0.2154475050139144,1,0.0875,0.00484375,0,1,0.27281544063881114,1
1/5,1143,0.0875,0.0025,0,1,0.1959963984540054,1,0.0125,0.005260416666666667,0,1,0.2843073970525076,1
1/5,1144,0.1,0.002604166666666667,0,1,0.2000379865148046,1,0.1875,0.0047395833333333335,0,1,0.2698659978748579,1
1/5,1145,0.03125,0.003346354166666668,0,1,0.22675874166795168,1,0.0,0.005208333333333332,0,1,0.2828964335190429,1
1/5,1146,0.06875,0.002903645833333333,0,1,0.21122723213288647,1,0.125,0.007083333333333331,0,1,0.3299110990145681,1
1/5,1147,0.025,0.003385416666666667,0,1,0.22807839631049298,1,0.1,0.0065625,0,1,0.317550459050559,1
1/5,1148,-0.025,0.002682291666666666,0,0,0.20301638340381312,1,0.0,0.005520833333333333,0,1,0.2912597047716384,1
1/5,1149,0.15,0.0030208333333333337,0,1,0.21544750501391444,1,0.0625,0.00640625,0,1,0.31374732234759706,1
1/5,1150,0.01875,0.0030078125,0,1,0.21498267706137672,1,0.0125,0.006927083333333334,0,1,0.3262520827367488,1
1/5,1151,0.1125,0.0028385416666666667,0,1,0.2088457892639875,1,-0.05,0.0060416666666666665,0,1,0.3046887835701232,1
1/5,1152,0.0875,0.0026302083333333334,0,1,0.2010356883973244,1,0.125,0.005416666666666666,0,1,0.28849888696788073,1
1/5,1153,0.09375,0.003138020833333333,0,1,0.2195866827449266,1,-0.0125,0.008177083333333333,0,1,0.3544682152091172,1
1/5,1154,0.01875,0.0028776041666666663,0,1,0.21027789145326556,1,0.0125,0.007239583333333332,0,1,0.33352997618794933,1
1/5,1155,0.0625,0.003125,0,1,0.21913063514414538,1,0.0625,0.006197916666666667,0,1,0.30860357515164205,1
1/5,1156,0.0375,0.0030729166666666674,0,1,0.21729687374119913,1,0.0375,0.0066145833333333326,0,1,0.31880808955263157,1
1/5,1157,0.0875,0.002890625,0,1,0.21075309633378064,1,0.0875,0.005364583333333334,0,1,0.28710852279360866,1
1/5,1158,0.09375,0.0030859375,0,1,0.21775676181910658,1,0.15,0.0060416666666666665,0,1,0.3046887835701232,1
1/5,1159,0.075,0.0033593750000000012,0,1,0.2271994782192013,1,0.1125,0.008072916666666666,0,1,0.35220321939411786,1
1/5,1160,0.0875,0.002578125,0,1,0.199035283526334,1,0.0875,0.0071354166666666675,0,1,0.33112178601532427,1
1/5,1161,0.05,0.002734375,0,1,0.20497793991388927,1,0.125,0.005624999999999999,0,1,0.2939945976810081,1
1/5,1162,0.10625,0.0025390625,0,1,0.1975216852593019,1,0.15,0.005104166666666667,0,1,0.2800531811207264,1
1/5,1163,0.2125,0.0026302083333333334,0,0,0.2010356883973244,1,0.1625,0.004843749999999999,0,1,0.2728154406388111,1
1/5,1164,0.0875,0.0030729166666666665,0,1,0.2172968737411991,1,0.0625,0.005885416666666667,0,1,0.3007230338210021,1
1/5,1165,0.19375,0.0030859375000000006,0,1,0.21775676181910658,1,0.2125,0.007135416666666665,0,1,0.3311217860153242,1
1/5,1166,0.16875,0.0026171875,0,1,0.2005374579203138,1,0.075,0.005312499999999999,0,1,0.2857113927370593,1
1/5,1167,0.10625,0.0029296875,0,1,0.2121723251392822,1,0.0875,0.007031249999999999,0,1,0.3286959527162181,1
1/5,1168,0.075,0.003046875,0,1,0.21637416522591058,1,0.05,0.004791666666666667,0,1,0.27134472674067345,1
1/5,1169,0.1,0.0033333333333333327,0,1,0.22631714681523432,1,0.0625,0.007656249999999999,0,1,0.34299369729450946,1
1/5,1170,0.10625,0.0031640625,0,1,0.22049594826075608,1,0.075,0.006145833333333334,0,1,0.30730418590607783,1
1/5,1171,0.075,0.0033333333333333335,0,1,0.22631714681523435,1,0.1125,0.007239583333333334,0,1,0.33352997618794933,1
1/5,1172,0.1125,0.00328125,0,1,0.22454208296355138,1,0.075,0.006666666666666666,0,1,0.3200607784236873,1
1/5,1173,0.125,0.0034895833333333337,0,1,0.23156071062579284,1,0.1625,0.00578125,0,1,0.298049887147356,1
1/5,1174,0.16875,0.0032682291666666667,0,1,0.22409612009440483,1,0.1625,0.007447916666666668,0,1,0.33829493153141654,1
1/5,1175,0.0875,0.0034635416666666673,0,1,0.23069506007938964,1,0.1625,0.005989583333333333,0,1,0.3033726271641254,1
1/5,1176,0.11875,0.002747395833333333,0,1,0.2054654030039765,1,0.025,0.005,0,1,0.27718076486993554,1
1/5,1177,0.025,0.002473958333333333,0,1,0.19497291157094687,1,0.0125,0.005260416666666667,0,1,0.2843073970525076,1
1/5,1178,0.13125,0.0028515624999999995,0,1,0.20932424530747115,1,0.1375,0.00546875,0,1,0.28988258261351957,1
1/5,1179,0.14375,0.0029296875,0,1,0.2121723251392822,1,0.1625,0.005885416666666666,0,1,0.300723033821002,1
1/5,1180,0.11875,0.0027994791666666663,0,1,0.20740379879010032,1,0.1375,0.005885416666666666,0,1,0.300723033821002,1
1/5,1181,0.0875,0.0030468750000000005,0,1,0.2163741652259106,1,0.175,0.0060416666666666665,0,1,0.3046887835701232,1
1/5,1182,0.15625,0.0030078125000000005,0,1,0.21498267706137672,1,0.2,0.006979166666666667,0,1,0.32747629747974794,1
1/5,1183,0.125,0.0026562500000000006,0,1,0.2020284632666276,1,0.0875,0.00609375,0,1,0.3059992790096397,1
1/5,1184,0.11875,0.002721354166666667,0,1,0.20448931480910565,1,0.1375,0.005885416666666666,0,1,0.300723033821002,1
1/5,1185,0.16875,0.0029817708333333332,0,1,0.2140499929361999,1,0.125,0.005729166666666666,0,1,0.29670428259055126,1
1/5,1186,0.08125,0.002721354166666666,0,1,0.20448931480910562,1,0.1625,0.005989583333333335,0,1,0.30337262716412544,1
1/5,1187,0.10625,0.0028776041666666663,0,1,0.21027789145326556,1,0.175,0.005104166666666667,0,1,0.2800531811207264,1
1/5,1188,0.1375,0.002942708333333333,0,1,0.21264329647382202,1,0.25,0.005104166666666667,0,0,0.2800531811207264,1
1/5,1189,0.1125,0.002526041666666667,0,1,0.1970145684141917,1,0.075,0.004895833333333333,0,1,0.27427826850103637,1
1/5,1190,0.15,0.003151041666666666,0,1,0.22004178516628503,1,0.1,0.006562499999999999,0,1,0.317550459050559,1
1/5,1191,0.18125,0.002486979166666667,0,1,0.1954853248371774,1,0.25,0.005520833333333333,0,0,0.2912597047716384,1
1/5,1192,0.0625,0.002864583333333333,0,1,0.20980161022686847,1,0.05,0.006041666666666665,0,1,0.30468878357012313,1
1/5,1193,0.1,0.003203125,0,1,0.22185285921110748,1,0.1375,0.007760416666666666,0,1,0.34531910492429096,1
1/5,1194,0.1375,0.0024739583333333332,0,1,0.1949729115709469,1,0.15,0.0053125,0,1,0.28571139273705937,1
1/5,1195,0.11875,0.0032942708333333335,0,1,0.22498716186008233,1,0.175,0.0060416666666666665,0,1,0.3046887835701232,1
1/5,1196,0.13125,0.0029296874999999996,0,1,0.2121723251392822,1,0.125,0.004791666666666667,0,1,0.27134472674067345,1
1/5,1197,-0.00625,0.003216145833333333,0,1,0.22230332233322103,1,0.0125,0.0049479166666666664,0,1,0.2757333358390033,1
1/5,1198,0.0375,0.003307291666666666,0,1,0.22543136201979383,1,0.15,0.006354166666666668,0,1,0.31246932386925447,1
1/5,1199,0.0875,0.0028385416666666667,0,1,0.2088457892639875,1,0.15,0.005104166666666667,0,1,0.2800531811207264,1
1/5,1200,0.1125,0.0027343750000000007,0,1,0.2049779399138893,1,0.2,0.005416666666666668,0,1,0.2884988869678808,1
1/5,1201,0.125,0.003177083333333333,0,1,0.22094917782072535,1,0.125,0.006145833333333334,0,1,0.30730418590607783,1
1/5,1202,0.23125,0.0031640625000000006,0,0,0.2204959482607561,1,0.2375,0.00640625,0,1,0.31374732234759706,1
1/5,1203,0.1625,0.002890625,0,1,0.21075309633378064,1,0.125,0.006666666666666666,0,1,0.3200607784236873,1
1/5,1204,0.08125,0.003190104166666666,0,1,0.2214014795792905,1,0.1125,0.005885416666666667,0,1,0.3007230338210021,1
1/5,1205,0.04375,0.0029557291666666664,0,1,0.21311322698391633,1,0.0375,0.00546875,0,1,0.28988258261351957,1
1/5,1206,-0.06875,0.002721354166666667,0,0,0.20448931480910565,1,-0.025,0.005625,0,1,0.2939945976810081,1
1/5,1207,0.125,0.0031249999999999993,0,1,0.21913063514414535,1,0.0625,0.006510416666666666,0,1,0.316287827970415,1
1/5,1208,0.06875,0.0033203125,0,1,0.22587468862699922,1,0.0,0.0060416666666666665,0,1,0.3046887835701232,1
1/5,1209,0.1,0.0030989583333333333,0,1,0.21821568068813843,1,0.1375,0.00578125,0,1,0.298049887147356,1
1/5,1210,0.125,0.0028385416666666667,0,1,0.2088457892639875,1,0.125,0.006354166666666666,0,1,0.3124693238692544,1
1/5,1211,-0.0125,0.002682291666666667,0,0,0.20301638340381314,1,-0.0125,0.006614583333333332,0,1,0.3188080895526315,1
1/5,1212,0.1125,0.0030468749999999992,0,1,0.21637416522591055,1,0.1,0.0059375,0,1,0.3020507357903395,1
1/5,1213,0.10625,0.003294270833333335,0,1,0.22498716186008236,1,0.075,0.005937500000000001,0,1,0.3020507357903395,1
1/5,1214,0.11875,0.002955729166666667,0,1,0.21311322698391635,1,0.075,0.005729166666666666,0,1,0.29670428259055126,1
1/5,1215,0.1625,0.0028385416666666663,0,1,0.2088457892639875,1,0.1875,0.00453125,0,1,0.26386822681990535,1
1/5,1216,0.15625,0.0027994791666666667,0,1,0.20740379879010035,1,0.275,0.005208333333333332,0,0,0.2828964335190429,1
1/5,1217,0.05625,0.002669270833333334,0,1,0.20252302572823558,1,-0.0375,0.004427083333333333,0,0,0.26081762456384183,1
1/5,1218,0.10625,0.0031640625,0,1,0.22049594826075608,1,0.0375,0.0058854166666666655,0,1,0.300723033821002,1
1/5,1219,0.10625,0.0028515625,0,1,0.20932424530747118,1,-0.025,0.0045833333333333325,0,1,0.265380378035112,1
1/5,1220,0.125,0.003098958333333334,0,1,0.21821568068813846,1,0.1375,0.007343749999999999,0,1,0.33592090268080954,1
1/5,1221,0.01875,0.0030338541666666678,0,1,0.2159113322569364,1,0.0625,0.00578125,0,1,0.298049887147356,1
1/5,1222,0.0375,0.003177083333333333,0,1,0.22094917782072535,1,0.0125,0.00640625,0,1,0.31374732234759706,1
1/5,1223,0.18125,0.0033723958333333336,0,1,0.22763936145430078,1,0.125,0.005729166666666667,0,1,0.2967042825905513,1
1/5,1224,0.01875,0.0036328125,0,1,0.23626510213785598,1,0.125,0.007187500000000001,0,1,0.332328062454792,1
1/5,1225,0.125,0.0033072916666666676,0,1,0.2254313620197939,1,0.1625,0.006510416666666666,0,1,0.316287827970415,1
1/5,1226,0.0875,0.0033072916666666667,0,1,0.22543136201979388,1,0.0125,0.006614583333333335,0,1,0.3188080895526316,1
1/5,1227,0.15,0.0028385416666666667,0,1,0.2088457892639875,1,0.175,0.0067708333333333336,0,1,0.3225515613466048,1
1/5,1228,0.225,0.00265625,0,0,0.20202846326662757,1,0.2375,0.00609375,0,1,0.3059992790096397,1
1/5,1229,0.05625,0.002669270833333333,0,1,0.20252302572823555,1,0.0875,0.00484375,0,1,0.27281544063881114,1
1/5,1230,0.0375,0.0033333333333333327,0,1,0.22631714681523432,1,-0.075,0.007395833333333335,0,0,0.33711000693967524,1
1/5,1231,0.16875,0.002903645833333333,0,1,0.21122723213288647,1,0.175,0.005104166666666665,0,1,0.28005318112072636,1
1/5,1232,0.0875,0.003359375,0,1,0.22719947821920125,1,0.05,0.005624999999999999,0,1,0.2939945976810081,1
1/5,1233,0.08125,0.0026953125,0,1,0.20350854505550506,1,0.15,0.005625,0,1,0.2939945976810081,1
1/5,1234,0.05625,0.0031640624999999993,0,1,0.22049594826075605,1,0.0375,0.00609375,0,1,0.3059992790096397,1
1/5,1235,0.14375,0.0032682291666666667,0,1,0.22409612009440483,1,0.1375,0.00734375,0,1,0.3359209026808096,1
1/5,1236,0.1375,0.00296875,0,1,0.21358212353973524,1,0.1625,0.00609375,0,1,0.3059992790096397,1
1/5,1237,0.1125,0.0030989583333333333,0,1,0.21821568068813843,1,0.025,0.005729166666666667,0,1,0.2967042825905513,1
1/5,1238,0.0625,0.002682291666666666,0,1,0.20301638340381312,1,0.05,0.005416666666666668,0,1,0.2884988869678808,1
1/5,1239,0.125,0.003593749999999999,0,1,0.23499142654036984,1,0.0875,0.007343750000000001,0,1,0.3359209026808096,1
1/5,1240,0.125,0.002864583333333333,0,1,0.20980161022686847,1,0.0375,0.005052083333333334,0,1,0.2786206746364319,1
1/5,1241,0.05,0.002604166666666667,0,1,0.2000379865148046,1,0.025,0.005833333333333334,0,1,0.2993894439514018,1
1/5,1242,0.1875,0.002786458333333333,0,1,0.20692090221222198,1,0.225,0.005624999999999999,0,1,0.2939945976810081,1
1/5,1243,0.05625,0.0028255208333333327,0,1,0.2083662345800139,1,0.1,0.0065625,0,1,0.317550459050559,1
1/5,1244,0.2,0.002369791666666667,0,0,0.19082407710898644,1,0.275,0.005312499999999999,0,0,0.2857113927370593,1
1/5,1245,0.1125,0.003046875,0,1,0.21637416522591058,1,0.0625,0.005364583333333334,0,1,0.28710852279360866,1
1/5,1246,0.0,0.003151041666666667,0,1,0.22004178516628506,1,0.0125,0.00671875,0,1,0.321308583461685,1
1/5,1247,0.09375,0.0030078124999999996,0,1,0.2149826770613767,1,0.0875,0.006510416666666668,0,1,0.31628782797041505,1
1/5,1248,0.15,0.0027343749999999994,0,1,0.20497793991388924,1,0.15,0.006458333333333333,0,1,0.3150201361838079,1
1/5,1249,0.09375,0.0032942708333333335,0,1,0.22498716186008233,1,0.125,0.006875,0,1,0.32502325696646456,1
1/5,1250,0.15,0.002916666666666667,0,1,0.21170030603370604,1,0.075,0.006145833333333334,0,1,0.30730418590607783,1
1/5,1251,0.06875,0.0028515625,0,1,0.20932424530747118,1,0.1125,0.005260416666666667,0,1,0.2843073970525076,1
1/5,1252,0.16875,0.0029296874999999996,0,1,0.2121723251392822,1,0.1375,0.005677083333333333,0,1,0.2953525476216444,1
1/5,1253,0.06875,0.002408854166666667,0,1,0.19239037487678498,1,0.025,0.005937500000000001,0,1,0.3020507357903395,1
1/5,1254,0.06875,0.003111979166666666,0,1,0.21867363645037796,1,0.0875,0.006302083333333332,0,1,0.31118607687094724,1
1/5,1255,0.06875,0.002721354166666667,0,1,0.20448931480910565,1,0.0125,0.006302083333333331,0,1,0.3111860768709472,1
1/5,1256,0.1125,0.0027864583333333335,0,1,0.206920902212222,1,0.0125,0.00640625,0,1,0.31374732234759706,1
1/5,1257,0.0625,0.0025000000000000005,0,1,0.1959963984540054,1,0.1125,0.006197916666666667,0,1,0.30860357515164205,1
1/5,1258,0.06875,0.0028255208333333335,0,1,0.20836623458001394,1,0.0625,0.0066145833333333326,0,1,0.31880808955263157,1
1/5,1259,0.1625,0.002994791666666667,0,1,0.21451684189413125,1,0.0875,0.006822916666666666,0,1,0.32378976767049095,1
1/5,1260,0.1125,0.0030468750000000005,0,1,0.2163741652259106,1,0.175,0.005624999999999999,0,1,0.2939945976810081,1
1/5,1261,0.23125,0.0028255208333333335,0,0,0.20836623458001394,1,0.2375,0.00640625,0,1,0.31374732234759706,1
1/5,1262,0.11875,0.003216145833333334,0,1,0.22230332233322106,1,0.15,0.0065625,0,1,0.317550459050559,1
1/5,1263,0.125,0.0029427083333333336,0,1,0.21264329647382205,1,0.1375,0.005572916666666666,0,1,0.2926303462470013,1
1/5,1264,0.15625,0.0028515625,0,1,0.20932424530747118,1,0.1,0.0059375,0,1,0.3020507357903395,1
1/5,1265,0.15,0.002630208333333334,0,1,0.2010356883973244,1,0.075,0.0060416666666666665,0,1,0.3046887835701232,1
1/5,1266,0.1375,0.003177083333333334,0,1,0.22094917782072537,1,0.1875,0.007552083333333332,0,1,0.34065241602225815,1
1/5,1267,0.1375,0.002838541666666666,0,1,0.20884578926398747,1,0.1125,0.00546875,0,1,0.28988258261351957,1
1/5,1268,-0.03125,0.0026171874999999993,0,0,0.20053745792031374,1,0.0375,0.005052083333333334,0,1,0.2786206746364319,1
1/5,1269,-0.03125,0.0028776041666666663,0,0,0.21027789145326556,1,-0.0875,0.006510416666666666,0,0,0.316287827970415,1
1/5,1270,0.0125,0.0028645833333333327,0,1,0.20980161022686847,1,0.0625,0.005885416666666666,0,1,0.300723033821002,1
1/5,1271,0.14375,0.0027994791666666663,0,1,0.20740379879010032,1,0.0875,0.005364583333333332,0,1,0.28710852279360866,1
1/5,1272,0.04375,0.0027734375,0,1,0.20643687604707509,1,0.025,0.006354166666666668,0,1,0.31246932386925447,1
1/5,1273,0.09375,0.003216145833333333,0,1,0.22230332233322103,1,0.0625,0.005781249999999999,0,1,0.298049887147356,1
1/5,1274,0.14375,0.002669270833333333,0,1,0.20252302572823555,1,0.0875,0.00578125,0,1,0.298049887147356,1
1/5,1275,0.125,0.0028906249999999995,0,1,0.21075309633378064,1,0.1,0.005208333333333332,0,1,0.2828964335190429,1
1/5,1276,0.025,0.0027864583333333335,0,1,0.206920902212222,1,0.0375,0.006927083333333334,0,1,0.3262520827367488,1
1/5,1277,0.0875,0.0028385416666666663,0,1,0.2088457892639875,1,-0.075,0.005729166666666666,0,0,0.29670428259055126,1
1/5,1278,0.15625,0.0029557291666666655,0,1,0.2131132269839163,1,0.2125,0.005989583333333334,0,1,0.3033726271641254,1
1/5,1279,0.09375,0.0030598958333333337,0,1,0.21683601028762298,1,0.1125,0.006510416666666668,0,1,0.31628782797041505,1
1/5,1280,0.05,0.0027343749999999994,0,1,0.20497793991388924,1,0.0875,0.00578125,0,1,0.298049887147356,1
1/5,1281,0.06875,0.0031640624999999993,0,1,0.22049594826075605,1,0.075,0.007187499999999999,0,1,0.3323280624547919,1
1/5,1282,0.1125,0.003463541666666668,0,1,0.23069506007938967,1,0.0375,0.008072916666666666,0,1,0.35220321939411786,1
1/5,1283,0.175,0.0026562499999999993,0,1,0.20202846326662754,1,0.15,0.004895833333333333,0,1,0.27427826850103637,1
1/5,1284,0.15,0.003385416666666668,0,1,0.22807839631049298,1,0.2375,0.006302083333333334,0,1,0.31118607687094724,1
1/5,1285,0.1375,0.00296875,0,1,0.21358212353973524,1,0.175,0.005208333333333334,0,1,0.282896433519043,1
1/5,1286,0.04375,0.0034765625000000005,0,1,0.2311282906207669,1,0.125,0.006875000000000001,0,1,0.32502325696646456,1
1/5,1287,0.06875,0.0029557291666666664,0,1,0.21311322698391633,1,0.1125,0.0045312500000000006,0,1,0.2638682268199054,1
1/5,1288,0.10625,0.0026953125,0,1,0.20350854505550506,1,0.1,0.004479166666666666,0,1,0.2623473598191967,1
1/5,1289,0.06875,0.0028255208333333335,0,1,0.20836623458001394,1,0.15,0.004791666666666666,0,1,0.27134472674067345,1
1/5,1290,0.03125,0.003033854166666667,0,1,0.21591133225693637,1,-0.0125,0.006927083333333333,0,1,0.3262520827367488,1
1/5,1291,0.025,0.0029687500000000005,0,1,0.21358212353973527,1,0.0,0.006354166666666668,0,1,0.31246932386925447,1
1/5,1292,0.05,0.002734375,0,1,0.20497793991388927,1,-0.025,0.005208333333333334,0,1,0.282896433519043,1
1/5,1293,0.06875,0.0030598958333333324,0,1,0.21683601028762295,1,0.1,0.006666666666666669,0,1,0.3200607784236874,1
1/5,1294,0.1375,0.0033072916666666667,0,1,0.22543136201979388,1,0.0875,0.0075520833333333325,0,1,0.3406524160222582,1
1/5,1295,0.13125,0.002747395833333333,0,1,0.2054654030039765,1,0.125,0.004895833333333332,0,1,0.27427826850103637,1
1/5,1296,0.1625,0.0029947916666666664,0,1,0.21451684189413125,1,0.1625,0.006093750000000001,0,1,0.3059992790096397,1
1/5,1297,0.1,0.0030989583333333333,0,1,0.21821568068813843,1,0.05,0.004791666666666666,0,1,0.27134472674067345,1
1/5,1298,0.1,0.002734374999999999,0,1,0.2049779399138892,1,0.1375,0.005885416666666667,0,1,0.3007230338210021,1
1/5,1299,0.08125,0.003085937500000001,0,1,0.2177567618191066,1,0.0875,0.006197916666666667,0,1,0.30860357515164205,1
1/5,1300,0.1125,0.0029427083333333336,0,1,0.21264329647382205,1,0.1125,0.005781250000000001,0,1,0.29804988714735603,1
1/5,1301,0.08125,0.0030859375,0,1,0.21775676181910658,1,0.075,0.006249999999999999,0,1,0.3098975161522807,1
1/5,1302,0.04375,0.0029036458333333336,0,1,0.2112272321328865,1,0.15,0.0059375,0,1,0.3020507357903395,1
1/5,1303,0.08125,0.003033854166666667,0,1,0.21591133225693637,1,0.0875,0.006510416666666668,0,1,0.31628782797041505,1
1/5,1304,0.03125,0.0033463541666666667,0,1,0.22675874166795162,1,0.05,0.006979166666666665,0,1,0.3274762974797479,1
1/5,1305,0.05625,0.0037890624999999995,0,1,0.24129258225470862,1,0.0625,0.00921875,0,1,0.3763692256456363,1
1/5,1306,0.125,0.0026302083333333334,0,1,0.2010356883973244,1,0.1625,0.006614583333333335,0,1,0.3188080895526316,1
1/5,1307,0.14375,0.0030859375000000006,0,1,0.21775676181910658,1,0.1625,0.005885416666666666,0,1,0.300723033821002,1
1/5,1308,0.0625,0.0033593750000000004,0,1,0.22719947821920128,1,0.0625,0.007447916666666665,0,1,0.3382949315314165,1
1/5,1309,0.11875,0.002825520833333333,0,1,0.2083662345800139,1,0.05,0.004791666666666666,0,1,0.27134472674067345,1
1/5,1310,0.05625,0.0031119791666666657,0,1,0.21867363645037796,1,0.025,0.0067708333333333336,0,1,0.3225515613466048,1
1/5,1311,0.04375,0.0031640624999999985,0,1,0.22049594826075603,1,0.0375,0.006302083333333334,0,1,0.31118607687094724,1
1/5,1312,0.175,0.0026822916666666657,0,1,0.20301638340381312,1,0.1625,0.005989583333333334,0,1,0.3033726271641254,1
1/5,1313,0.04375,0.0028515625,0,1,0.20932424530747118,1,0.1,0.005833333333333333,0,1,0.2993894439514018,1
1/5,1314,0.0875,0.003229166666666666,0,1,0.22275287450588027,1,0.15,0.006145833333333333,0,1,0.3073041859060778,1
1/5,1315,0.0875,0.003072916666666667,0,1,0.2172968737411991,1,0.1375,0.005989583333333333,0,1,0.3033726271641254,1
1/5,1316,0.10625,0.0024609375,0,1,0.19445914806510853,1,0.1875,0.0049479166666666664,0,1,0.2757333358390033,1
1/5,1317,0.125,0.0034375000000000005,0,1,0.22982614904432486,1,0.1125,0.00765625,0,1,0.34299369729450946,1
1/5,1318,0.075,0.002656249999999999,0,1,0.20202846326662752,1,0.175,0.004270833333333333,0,1,0.25617361597204213,1
1/5,1319,0.16875,0.0026953125000000007,0,1,0.20350854505550509,1,0.25,0.0065625,0,1,0.317550459050559,1
1/5,1320,0.09375,0.0033723958333333344,0,1,0.2276393614543008,1,0.0875,0.005572916666666666,0,1,0.2926303462470013,1
1/5,1321,0.1125,0.0026302083333333325,0,1,0.20103568839732436,1,0.0625,0.00546875,0,1,0.28988258261351957,1
1/5,1322,0.06875,0.0033723958333333327,0,1,0.22763936145430075,1,0.075,0.006875,0,1,0.32502325696646456,1
1/5,1323,0.1875,0.0029947916666666656,0,1,0.21451684189413123,1,0.1,0.005208333333333332,0,1,0.2828964335190429,1
1/5,1324,0.0625,0.0026302083333333334,0,1,0.2010356883973244,1,0.0875,0.004427083333333333,0,1,0.26081762456384183,1
1/5,1325,0.0375,0.0030208333333333333,0,1,0.2154475050139144,1,0.0125,0.0056770833333333335,0,1,0.2953525476216445,1
1/5,1326,0.075,0.0024479166666666664,0,1,0.19394402358918747,1,0.0375,0.004322916666666666,0,1,0.25773091673520515,1
1/5,1327,-0.0125,0.003541666666666667,0,1,0.23328237530190768,1,-0.075,0.00625,0,0,0.3098975161522808,1
1/5,1328,0.1125,0.0028645833333333336,0,1,0.2098016102268685,1,0.15,0.005625,0,1,0.2939945976810081,1
1/5,1329,0.09375,0.0033203125,0,1,0.22587468862699922,1,0.0125,0.00671875,0,1,0.321308583461685,1
1/5,1330,0.1125,0.003125,0,1,0.21913063514414538,1,0.1,0.007187499999999999,0,1,0.3323280624547919,1
1/5,1331,0.13125,0.0030078124999999996,0,1,0.2149826770613767,1,0.1375,0.0047395833333333335,0,1,0.2698659978748579,1
1/5,1332,0.10625,0.0033463541666666676,0,1,0.22675874166795165,1,0.1,0.0067708333333333336,0,1,0.3225515613466048,1
1/5,1333,0.08125,0.0023828125,0,1,0.1913476009380334,1,0.075,0.004895833333333334,0,1,0.2742782685010364,1
1/5,1334,0.1375,0.0034374999999999996,0,1,0.22982614904432483,1,0.1,0.006875,0,1,0.32502325696646456,1
1/5,1335,0.0,0.003463541666666667,0,1,0.23069506007938964,1,-0.025,0.0065625,0,1,0.317550459050559,1
1/5,1336,0.16875,0.003606770833333334,0,1,0.2354167507373308,1,0.3125,0.007135416666666667,0,0,0.3311217860153242,1
1/5,1337,0.0875,0.002890625,0,1,0.21075309633378064,1,0.0375,0.00578125,0,1,0.298049887147356,1
1/5,1338,0.1,0.003463541666666667,0,1,0.23069506007938964,1,0.1375,0.007239583333333334,0,1,0.33352997618794933,1
1/5,1339,0.1875,0.0027604166666666662,0,1,0.20595171233041729,1,0.175,0.005208333333333334,0,1,0.282896433519043,1
1/5,1340,0.15,0.0034635416666666664,0,1,0.2306950600793896,1,0.175,0.0060416666666666665,0,1,0.3046887835701232,1
1/5,1341,0.06875,0.003111979166666666,0,1,0.21867363645037796,1,0.0375,0.006822916666666667,0,1,0.32378976767049095,1
1/5,1342,0.11875,0.0025911458333333333,0,1,0.19953726486211204,1,0.05,0.005104166666666667,0,1,0.2800531811207264,1
1/5,1343,0.13125,0.0032421874999999994,0,1,0.22320152123333956,1,-0.0125,0.007135416666666667,0,1,0.3311217860153242,1
1/5,1344,0.15,0.0028385416666666667,0,1,0.2088457892639875,1,0.1,0.005625,0,1,0.2939945976810081,1
1/5,1345,0.10625,0.0031119791666666674,0,1,0.21867363645037802,1,0.1625,0.007031250000000001,0,1,0.3286959527162181,1
1/5,1346,0.09375,0.002434895833333333,0,1,0.19342752726982482,1,0.0625,0.00453125,0,1,0.26386822681990535,1
1/5,1347,0.1375,0.0027604166666666662,0,1,0.20595171233041729,1,0.0625,0.0047395833333333335,0,1,0.2698659978748579,1
1/5,1348,0.06875,0.0027994791666666667,0,1,0.20740379879010035,1,0.15,0.005729166666666665,0,1,0.29670428259055126,1
1/5,1349,0.06875,0.002825520833333333,0,1,0.2083662345800139,1,0.025,0.006145833333333333,0,1,0.3073041859060778,1
1/5,1350,0.15625,0.0025911458333333338,0,1,0.19953726486211204,1,0.1375,0.005989583333333333,0,1,0.3033726271641254,1
1/5,1351,0.14375,0.0028515625,0,1,0.20932424530747118,1,0.2125,0.005572916666666667,0,1,0.2926303462470013,1
1/5,1352,0.11875,0.0030859375000000006,0,1,0.21775676181910658,1,0.175,0.0065625,0,1,0.317550459050559,1
1/5,1353,0.225,0.00265625,0,0,0.20202846326662757,1,0.2875,0.005989583333333333,0,0,0.3033726271641254,1
1/5,1354,0.06875,0.003268229166666666,0,1,0.2240961200944048,1,0.025,0.005937500000000002,0,1,0.30205073579033953,1
1/5,1355,0.0375,0.0033593750000000004,0,1,0.22719947821920128,1,-0.0125,0.0061979166666666675,0,1,0.3086035751516421,1
1/5,1356,0.1,0.002682291666666666,0,1,0.20301638340381312,1,0.175,0.005624999999999999,0,1,0.2939945976810081,1
1/5,1357,0.08125,0.0030598958333333333,0,1,0.21683601028762298,1,0.1875,0.005260416666666668,0,1,0.2843073970525076,1
1/5,1358,0.175,0.0027083333333333326,0,1,0.20399951933975974,1,0.1625,0.005677083333333333,0,1,0.2953525476216444,1
1/5,1359,0.1375,0.003046875,0,1,0.21637416522591058,1,0.3,0.0065625,0,0,0.317550459050559,1
1/5,1360,0.03125,0.002669270833333333,0,1,0.20252302572823555,1,0.0,0.0046875,0,1,0.26837912155757354,1
1/5,1361,0.04375,0.0027734375,0,1,0.20643687604707509,1,-0.025,0.0059375,0,1,0.3020507357903395,1
1/5,1362,0.0625,0.003463541666666667,0,1,0.23069506007938964,1,0.05,0.0067708333333333336,0,1,0.3225515613466048,1
1/5,1363,0.1125,0.0034114583333333336,0,1,0.2289539403986209,1,0.175,0.00625,0,1,0.3098975161522808,1
1/5,1364,0.0,0.0033072916666666663,0,1,0.22543136201979386,1,-0.0125,0.007031250000000001,0,1,0.3286959527162181,1
1/5,1365,0.06875,0.0032682291666666662,0,1,0.22409612009440483,1,0.0125,0.006197916666666667,0,1,0.30860357515164205,1
1/5,1366,0.0875,0.0030208333333333333,0,1,0.2154475050139144,1,0.0375,0.0066145833333333326,0,1,0.31880808955263157,1
1/5,1367,0.04375,0.0029296875000000004,0,1,0.21217232513928222,1,0.0125,0.005260416666666667,0,1,0.2843073970525076,1
1/5,1368,0.1375,0.0027604166666666667,0,1,0.20595171233041729,1,0.1375,0.006614583333333333,0,1,0.31880808955263157,1
1/5,1369,0.075,0.003177083333333334,0,1,0.22094917782072537,1,-0.025,0.005833333333333334,0,1,0.2993894439514018,1
1/5,1370,0.0125,0.002994791666666667,0,1,0.21451684189413125,1,0.0125,0.00671875,0,1,0.321308583461685,1
1/5,1371,0.125,0.003125,0,1,0.21913063514414538,1,0.15,0.005520833333333333,0,1,0.2912597047716384,1
1/5,1372,0.1375,0.003098958333333334,0,1,0.21821568068813846,1,0.0875,0.008072916666666666,0,1,0.35220321939411786,1
1/5,1373,0.125,0.003151041666666667,0,1,0.22004178516628506,1,0.05,0.005208333333333332,0,1,0.2828964335190429,1
1/5,1374,0.1375,0.0025260416666666665,0,1,0.19701456841419168,1,0.2,0.0055208333333333325,0,1,0.2912597047716383,1
1/5,1375,0.11875,0.003033854166666667,0,1,0.21591133225693637,1,0.0875,0.006510416666666666,0,1,0.316287827970415,1
1/5,1376,0.10625,0.0028515624999999995,0,1,0.20932424530747115,1,0.175,0.006145833333333334,0,1,0.30730418590607783,1
1/5,1377,0.0875,0.0028385416666666667,0,1,0.2088457892639875,1,0.0875,0.006510416666666666,0,1,0.316287827970415,1
1/5,1378,0.05,0.0031510416666666674,0,1,0.22004178516628506,1,0.025,0.006249999999999999,0,1,0.3098975161522807,1
1/5,1379,0.125,0.002682291666666667,0,1,0.20301638340381314,1,0.1,0.005312499999999999,0,1,0.2857113927370593,1
1/5,1380,0.13125,0.0025911458333333338,0,1,0.19953726486211204,1,0.1125,0.004635416666666666,0,1,0.2668839616144756,1
1/5,1381,0.175,0.002604166666666666,0,1,0.20003798651480456,1,0.1875,0.00609375,0,1,0.3059992790096397,1
1/5,1382,0.00625,0.0034505208333333332,0,1,0.23026101442664737,1,-0.05,0.0060416666666666665,0,1,0.3046887835701232,1
1/5,1383,0.05625,0.0031640625000000006,0,1,0.2204959482607561,1,0.025,0.004791666666666666,0,1,0.27134472674067345,1
1/5,1384,0.15,0.0028645833333333336,0,1,0.2098016102268685,1,0.1125,0.00609375,0,1,0.3059992790096397,1
1/5,1385,0.2125,0.0028125,0,0,0.20788557365245167,1,0.2625,0.005468749999999999,0,0,0.28988258261351957,1
1/5,1386,0.19375,0.002877604166666667,0,1,0.2102778914532656,1,0.2125,0.0056770833333333335,0,1,0.2953525476216445,1
1/5,1387,0.00625,0.0034244791666666673,0,1,0.22939045927043206,1,0.0875,0.006614583333333333,0,1,0.31880808955263157,1
1/5,1388,0.1875,0.0025781249999999993,0,1,0.19903528352633398,1,0.225,0.0043749999999999995,0,1,0.25927886408681133,1
1/5,1389,0.18125,0.0025651041666666665,0,1,0.1985320329522762,1,0.1375,0.004218749999999999,0,1,0.2546067901671386,1
1/5,1390,0.075,0.0027864583333333335,0,1,0.206920902212222,1,0.175,0.005520833333333333,0,1,0.2912597047716384,1
1/5,1391,0.125,0.003359375,0,1,0.22719947821920125,1,0.0375,0.007135416666666665,0,1,0.3311217860153242,1
1/5,1392,0.0875,0.0030729166666666656,0,1,0.21729687374119908,1,0.0875,0.00609375,0,1,0.3059992790096397,1
1/5,1393,0.1,0.003802083333333333,0,1,0.24170681875236746,1,0.2,0.006250000000000001,0,1,0.3098975161522808,1
1/5,1394,-0.00625,0.0034505208333333337,0,1,0.23026101442664737,1,0.05,0.0067708333333333336,0,1,0.3225515613466048,1
1/5,1395,0.08125,0.003190104166666666,0,1,0.2214014795792905,1,0.1375,0.00546875,0,1,0.28988258261351957,1
1/5,1396,0.11875,0.003216145833333332,0,1,0.22230332233322098,1,0.15,0.005937499999999999,0,1,0.3020507357903395,1
1/5,1397,0.04375,0.0027734375,0,1,0.20643687604707509,1,0.025,0.005833333333333333,0,1,0.2993894439514018,1
1/5,1398,0.175,0.0027864583333333335,0,1,0.206920902212222,1,0.1875,0.005572916666666666,0,1,0.2926303462470013,1
1/5,1399,0.0625,0.002942708333333333,0,1,0.21264329647382202,1,0.1875,0.005677083333333335,0,1,0.29535254762164453,1
1/5,1400,0.125,0.003177083333333334,0,1,0.22094917782072537,1,0.1,0.007708333333333333,0,1,0.34415836515292714,1
1/5,1401,0.1,0.0030468750000000005,0,1,0.2163741652259106,1,-0.0375,0.006614583333333333,0,1,0.31880808955263157,1
1/5,1402,0.08125,0.003138020833333333,0,1,0.2195866827449266,1,0.1,0.0073958333333333315,0,1,0.3371100069396752,1
1/5,1403,0.075,0.0027343749999999994,0,1,0.20497793991388924,1,0.05,0.007812499999999999,0,1,0.34647595608741943,1
1/5,1404,0.14375,0.002539062499999999,0,1,0.19752168525930183,1,0.1375,0.005989583333333333,0,1,0.3033726271641254,1
1/5,1405,0.08125,0.0026171874999999993,0,1,0.20053745792031374,1,0.0375,0.005364583333333332,0,1,0.28710852279360866,1
1/5,1406,0.1375,0.0033072916666666667,0,1,0.22543136201979388,1,0.0625,0.006093750000000001,0,1,0.3059992790096397,1
1/5,1407,0.2375,0.002604166666666667,0,0,0.2000379865148046,1,0.2375,0.005572916666666667,0,1,0.2926303462470013,1
1/5,1408,0.15,0.0031770833333333343,0,1,0.22094917782072537,1,0.15,0.005833333333333333,0,1,0.2993894439514018,1
1/5,1409,0.15625,0.0029557291666666664,0,1,0.21311322698391633,1,0.2875,0.0049479166666666664,0,0,0.2757333358390033,1
1/5,1410,0.125,0.0030729166666666665,0,1,0.2172968737411991,1,0.1,0.005104166666666667,0,1,0.2800531811207264,1
1/5,1411,0.11875,0.003033854166666667,0,1,0.21591133225693637,1,0.1,0.005,0,1,0.27718076486993554,1
1/5,1412,0.06875,0.0033723958333333336,0,1,0.22763936145430078,1,0.05,0.006979166666666667,0,1,0.32747629747974794,1
1/5,1413,0.13125,0.003190104166666667,0,1,0.22140147957929052,1,0.1,0.0055208333333333325,0,1,0.2912597047716383,1
1/5,1414,0.04375,0.0026953125,0,1,0.20350854505550506,1,-0.0125,0.00484375,0,1,0.27281544063881114,1
1/5,1415,0.15625,0.0024609375,0,1,0.19445914806510853,1,0.275,0.004791666666666666,0,0,0.27134472674067345,1
1/5,1416,0.1375,0.0029687500000000005,0,1,0.21358212353973527,1,0.225,0.006875,0,1,0.32502325696646456,1
1/5,1417,0.15625,0.003033854166666667,0,1,0.21591133225693637,1,0.1875,0.00515625,0,1,0.2814783973537158,1
1/5,1418,0.1125,0.0030729166666666665,0,1,0.2172968737411991,1,0.0875,0.006406249999999999,0,1,0.313747322347597,1
1/5,1419,0.09375,0.0036328125000000006,0,1,0.23626510213785598,1,0.025,0.0067708333333333336,0,1,0.3225515613466048,1
1/5,1420,0.1125,0.0024999999999999996,0,1,0.19599639845400538,1,0.15,0.004895833333333333,0,1,0.27427826850103637,1
1/5,1421,0.1375,0.0028385416666666663,0,1,0.2088457892639875,1,0.2125,0.006302083333333332,0,1,0.31118607687094724,1
1/5,1422,0.11875,0.0030078125,0,1,0.21498267706137672,1,-0.0125,0.006822916666666666,0,1,0.32378976767049095,1
1/5,1423,0.05,0.0034895833333333333,0,1,0.23156071062579284,1,0.0625,0.00640625,0,1,0.31374732234759706,1
1/5,1424,0.0875,0.0027864583333333326,0,1,0.20692090221222195,1,0.0625,0.005781249999999999,0,1,0.298049887147356,1
1/5,1425,0.05,0.0032291666666666666,0,1,0.22275287450588027,1,0.05,0.005729166666666666,0,1,0.29670428259055126,1
1/5,1426,0.15,0.00328125,0,1,0.22454208296355138,1,0.1375,0.007552083333333333,0,1,0.3406524160222582,1
1/5,1427,0.14375,0.0027994791666666667,0,1,0.20740379879010035,1,0.05,0.005208333333333332,0,1,0.2828964335190429,1
1/5,1428,0.08125,0.003216145833333333,0,1,0.22230332233322103,1,0.0625,0.006302083333333332,0,1,0.31118607687094724,1
1/5,1429,0.00625,0.0028255208333333327,0,1,0.2083662345800139,1,0.0,0.005833333333333334,0,1,0.2993894439514018,1
1/5,1430,0.125,0.003177083333333333,0,1,0.22094917782072535,1,0.15,0.00625,0,1,0.3098975161522808,1
1/5,1431,0.13125,0.0032161458333333326,0,1,0.222303322333221,1,0.1,0.005937500000000001,0,1,0.3020507357903395,1
1/5,1432,0.1125,0.0030468749999999992,0,1,0.21637416522591055,1,0.175,0.006875,0,1,0.32502325696646456,1
1/5,1433,0.13125,0.0025390624999999997,0,1,0.19752168525930186,1,0.1125,0.0060937499999999985,0,1,0.30599927900963964,1
1/5,1434,0.125,0.0030729166666666665,0,1,0.2172968737411991,1,0.125,0.007708333333333333,0,1,0.34415836515292714,1
1/5,1435,0.05625,0.0030078125,0,1,0.21498267706137672,1,0.0,0.005729166666666667,0,1,0.2967042825905513,1
1/5,1436,0.0625,0.003229166666666666,0,1,0.22275287450588027,1,0.0,0.007083333333333333,0,1,0.32991109901456817,1
1/5,1437,0.125,0.0033593750000000004,0,1,0.22719947821920128,1,0.1375,0.0061979166666666675,0,1,0.3086035751516421,1
1/5,1438,0.075,0.0034114583333333336,0,1,0.2289539403986209,1,0.05,0.006354166666666665,0,1,0.3124693238692544,1
1/5,1439,0.125,0.002916666666666667,0,1,0.21170030603370604,1,0.0875,0.005781249999999999,0,1,0.298049887147356,1
1/5,1440,0.05625,0.0031380208333333342,0,1,0.21958668274492663,1,0.1,0.006354166666666666,0,1,0.3124693238692544,1
1/5,1441,0.05,0.0032031249999999994,0,1,0.22185285921110748,1,0.1,0.007083333333333333,0,1,0.32991109901456817,1
1/5,1442,0.0875,0.0029166666666666664,0,1,0.21170030603370604,1,0.0375,0.005052083333333334,0,1,0.2786206746364319,1
1/5,1443,0.0875,0.0032291666666666658,0,1,0.22275287450588024,1,0.0625,0.005052083333333334,0,1,0.2786206746364319,1
1/5,1444,0.08125,0.0031640625,0,1,0.22049594826075608,1,0.1,0.006145833333333334,0,1,0.30730418590607783,1
1/5,1445,0.08125,0.0030598958333333333,0,1,0.21683601028762298,1,0.1375,0.006614583333333333,0,1,0.31880808955263157,1
1/5,1446,0.15625,0.0030078124999999996,0,1,0.2149826770613767,1,0.25,0.005208333333333332,0,0,0.2828964335190429,1
1/5,1447,0.0625,0.002864583333333333,0,1,0.20980161022686847,1,-0.0125,0.004635416666666667,0,1,0.26688396161447564,1
1/5,1448,0.09375,0.0028776041666666668,0,1,0.21027789145326556,1,0.125,0.005937500000000001,0,1,0.3020507357903395,1
1/5,1449,0.09375,0.003033854166666667,0,1,0.21591133225693637,1,0.1125,0.0060937499999999985,0,1,0.30599927900963964,1
1/5,1450,0.00625,0.0024348958333333327,0,1,0.1934275272698248,1,-0.025,0.0051041666666666674,0,1,0.28005318112072647,1
1/5,1451,0.0375,0.0033072916666666676,0,1,0.2254313620197939,1,0.2,0.00625,0,1,0.3098975161522808,1
1/5,1452,0.0625,0.002682291666666666,0,1,0.20301638340381312,1,0.0125,0.0035937499999999993,0,1,0.23499142654036986,1
1/5,1453,0.14375,0.0036588541666666675,0,1,0.2371104182626746,1,0.1875,0.007447916666666666,0,1,0.33829493153141654,1
1/5,1454,0.025,0.0029166666666666664,0,1,0.21170030603370604,1,0.1375,0.00484375,0,1,0.27281544063881114,1
1/5,1455,0.03125,0.002825520833333333,0,1,0.2083662345800139,1,-0.0125,0.006822916666666666,0,1,0.32378976767049095,1
1/5,1456,0.1625,0.003151041666666667,0,1,0.22004178516628506,1,0.15,0.006874999999999999,0,1,0.32502325696646456,1
1/5,1457,0.10625,0.0033984375,0,1,0.22851658767759236,1,0.15,0.0069791666666666665,0,1,0.3274762974797479,1
1/5,1458,0.13125,0.002408854166666666,0,1,0.19239037487678495,1,0.075,0.004479166666666667,0,1,0.2623473598191967,1
1/5,1459,0.09375,0.0031640624999999993,0,1,0.22049594826075605,1,0.0875,0.00734375,0,1,0.3359209026808096,1
1/5,1460,0.08125,0.0030078124999999996,0,1,0.2149826770613767,1,0.15,0.004895833333333333,0,1,0.27427826850103637,1
1/5,1461,0.11875,0.0020963541666666665,0,1,0.17947766663114995,1,0.0375,0.0049479166666666664,0,1,0.2757333358390033,1
1/5,1462,-0.00625,0.0029036458333333327,0,0,0.21122723213288647,1,-0.0125,0.004635416666666667,0,1,0.26688396161447564,1
1/5,1463,0.16875,0.0030598958333333333,0,1,0.21683601028762298,1,0.1625,0.0056770833333333335,0,1,0.2953525476216445,1
1/5,1464,0.05625,0.003684895833333334,0,1,0.23795273145982052,1,0.025,0.007083333333333334,0,1,0.32991109901456817,1
1/5,1465,0.0125,0.0028906249999999995,0,1,0.21075309633378064,1,-0.05,0.0065625,0,1,0.317550459050559,1
1/5,1466,0.13125,0.0030598958333333337,0,1,0.21683601028762298,1,0.1625,0.007343749999999999,0,1,0.33592090268080954,1
1/5,1467,0.06875,0.002877604166666667,0,1,0.2102778914532656,1,0.1,0.006041666666666665,0,1,0.30468878357012313,1
1/5,1468,0.16875,0.0030078125000000005,0,1,0.21498267706137672,1,0.175,0.005833333333333334,0,1,0.2993894439514018,1
1/5,1469,0.06875,0.0028776041666666663,0,1,0.21027789145326556,1,0.1125,0.005989583333333334,0,1,0.3033726271641254,1
1/5,1470,0.03125,0.003033854166666667,0,1,0.21591133225693637,1,-0.05,0.006666666666666667,0,1,0.32006077842368735,1
1/5,1471,0.0625,0.0030208333333333333,0,1,0.2154475050139144,1,0.0875,0.006614583333333333,0,1,0.31880808955263157,1
1/5,1472,0.0375,0.002916666666666667,0,1,0.21170030603370604,1,-0.05,0.006354166666666666,0,1,0.3124693238692544,1
1/5,1473,0.00625,0.0028776041666666668,0,1,0.21027789145326556,1,-0.0125,0.005364583333333332,0,1,0.28710852279360866,1
1/5,1474,0.18125,0.0027473958333333326,0,1,0.20546540300397648,1,0.175,0.005416666666666668,0,1,0.2884988869678808,1
1/5,1475,0.13125,0.0032682291666666675,0,1,0.22409612009440485,1,0.1,0.0069791666666666665,0,1,0.3274762974797479,1
1/5,1476,0.05,0.0035416666666666674,0,1,0.23328237530190768,1,0.05,0.006666666666666666,0,1,0.3200607784236873,1
1/5,1477,0.1,0.003177083333333333,0,1,0.22094917782072535,1,0.1,0.006458333333333333,0,1,0.3150201361838079,1
1/5,1478,0.10625,0.0024088541666666668,0,1,0.19239037487678498,1,0.0625,0.00546875,0,1,0.28988258261351957,1
1/5,1479,0.14375,0.0029817708333333332,0,1,0.2140499929361999,1,0.1,0.004999999999999999,0,1,0.27718076486993554,1
1/5,1480,0.09375,0.0028776041666666663,0,1,0.21027789145326556,1,0.1375,0.006093750000000001,0,1,0.3059992790096397,1
1/5,1481,0.15,0.0029687499999999996,0,1,0.21358212353973524,1,0.1125,0.005989583333333334,0,1,0.3033726271641254,1
1/5,1482,0.15,0.00359375,0,1,0.2349914265403699,1,0.1625,0.005885416666666666,0,1,0.300723033821002,1
1/5,1483,0.01875,0.0032421875,0,1,0.22320152123333958,1,-0.0375,0.0056770833333333335,0,1,0.2953525476216445,1
1/5,1484,0.14375,0.003658854166666666,0,1,0.23711041826267457,1,0.1,0.008020833333333333,0,1,0.35106524155860713,1
1/5,1485,0.09375,0.0029036458333333336,0,1,0.2112272321328865,1,0.1125,0.0066145833333333326,0,1,0.31880808955263157,1
1/5,1486,0.0875,0.0032031250000000007,0,1,0.2218528592111075,1,0.025,0.006458333333333333,0,1,0.3150201361838079,1
1/5,1487,0.19375,0.0031380208333333325,0,1,0.2195866827449266,1,0.1375,0.006302083333333335,0,1,0.3111860768709473,1
1/5,1488,0.125,0.0030468750000000005,0,1,0.2163741652259106,1,0.1375,0.006406249999999999,0,1,0.313747322347597,1
1/5,1489,0.15625,0.0023046875,0,1,0.18818461282281815,1,0.1875,0.00515625,0,1,0.2814783973537158,1
1/5,1490,0.0625,0.00328125,0,1,0.22454208296355138,1,0.2375,0.004947916666666666,0,1,0.2757333358390032,1
1/5,1491,0.09375,0.003190104166666666,0,1,0.2214014795792905,1,0.2125,0.00734375,0,1,0.3359209026808096,1
1/5,1492,0.1,0.0028385416666666667,0,1,0.2088457892639875,1,0.0375,0.005052083333333334,0,1,0.2786206746364319,1
1/5,1493,0.14375,0.0029557291666666664,0,1,0.21311322698391633,1,0.1125,0.005468750000000001,0,1,0.2898825826135196,1
1/5,1494,0.13125,0.0030338541666666665,0,1,0.21591133225693634,1,0.1,0.0069791666666666665,0,1,0.3274762974797479,1
1/5,1495,0.20625,0.002721354166666667,0,0,0.20448931480910565,1,0.25,0.005729166666666667,0,0,0.2967042825905513,1
1/5,1496,0.15,0.0026302083333333334,0,1,0.2010356883973244,1,0.2125,0.005364583333333334,0,1,0.28710852279360866,1
1/5,1497,0.1375,0.0038281250000000004,0,1,0.24253316926119362,1,0.1625,0.008489583333333333,0,1,0.36117798814352553,1
1/5,1498,0.10625,0.0035546875,0,1,0.23371080977726424,1,0.05,0.006562499999999999,0,1,0.317550459050559,1
1/5,1499,0.15625,0.003216145833333333,0,1,0.22230332233322103,1,0.0625,0.005781249999999999,0,1,0.298049887147356,1
1/5,1500,0.15625,0.0031640625000000006,0,1,0.2204959482607561,1,0.15,0.0069791666666666665,0,1,0.3274762974797479,1
1/5,1501,0.075,0.0023958333333333336,0,1,0.19186969631754092,1,0.0625,0.004322916666666666,0,1,0.25773091673520515,1
1/5,1502,0.10625,0.0034505208333333337,0,1,0.23026101442664737,1,0.1125,0.006197916666666667,0,1,0.30860357515164205,1
1/5,1503,0.1625,0.002421875,0,1,0.19290964808809938,1,0.125,0.004583333333333333,0,1,0.26538037803511205,1
1/5,1504,0.08125,0.0030598958333333333,0,1,0.21683601028762298,1,0.125,0.0051041666666666674,0,1,0.28005318112072647,1
1/5,1505,0.0,0.002421874999999999,0,0,0.19290964808809932,1,-0.025,0.005,0,1,0.27718076486993554,1
1/5,1506,0.125,0.00328125,0,1,0.22454208296355138,1,0.15,0.008020833333333333,0,1,0.35106524155860713,1
1/5,1507,0.09375,0.0028776041666666668,0,1,0.21027789145326556,1,0.125,0.007604166666666666,0,1,0.3418250611976536,1
1/5,1508,0.11875,0.0024088541666666663,0,1,0.19239037487678495,1,-0.025,0.005520833333333333,0,1,0.2912597047716384,1
1/5,1509,0.16875,0.003294270833333333,0,1,0.2249871618600823,1,0.1125,0.006302083333333334,0,1,0.31118607687094724,1
1/5,1510,0.05,0.002708333333333333,0,1,0.20399951933975977,1,0.1,0.006249999999999999,0,1,0.3098975161522807,1
1/5,1511,0.15,0.002578125,0,1,0.199035283526334,1,0.1625,0.005052083333333333,0,1,0.27862067463643186,1
1/5,1512,0.13125,0.0029036458333333327,0,1,0.21122723213288647,1,0.125,0.0056250000000000015,0,1,0.29399459768100816,1
1/5,1513,0.0125,0.002916666666666667,0,1,0.21170030603370604,1,-0.075,0.005729166666666667,0,0,0.2967042825905513,1
1/5,1514,0.0875,0.00265625,0,1,0.20202846326662757,1,0.0625,0.00453125,0,1,0.26386822681990535,1
1/5,1515,0.10625,0.0028255208333333327,0,1,0.2083662345800139,1,0.0875,0.004427083333333332,0,1,0.2608176245638418,1
1/5,1516,0.0125,0.0025520833333333337,0,1,0.19802750346333006,1,-0.0125,0.005989583333333333,0,1,0.3033726271641254,1
1/5,1517,0.125,0.0030208333333333333,0,1,0.2154475050139144,1,0.0875,0.005052083333333333,0,1,0.27862067463643186,1
1/5,1518,0.0625,0.0033072916666666676,0,1,0.2254313620197939,1,0.1125,0.00515625,0,1,0.2814783973537158,1
1/5,1519,0.13125,0.0030859375,0,1,0.21775676181910658,1,0.175,0.006458333333333333,0,1,0.3150201361838079,1
1/5,1520,0.09375,0.0028776041666666668,0,1,0.21027789145326556,1,0.15,0.004479166666666667,0,1,0.2623473598191967,1
1/5,1521,0.05625,0.002356770833333333,0,1,0.19029911304115923,1,0.15,0.0045833333333333325,0,1,0.265380378035112,1
1/5,1522,0.1,0.0034114583333333336,0,1,0.2289539403986209,1,0.0875,0.00515625,0,1,0.2814783973537158,1
1/5,1523,0.1125,0.002682291666666666,0,1,0.20301638340381312,1,0.1875,0.00515625,0,1,0.2814783973537158,1
1/5,1524,0.0875,0.0032291666666666666,0,1,0.22275287450588027,1,0.125,0.006875,0,1,0.32502325696646456,1
1/5,1525,0.14375,0.0026953125000000007,0,1,0.20350854505550509,1,0.175,0.005416666666666668,0,1,0.2884988869678808,1
1/5,1526,0.19375,0.002825520833333333,0,1,0.2083662345800139,1,0.175,0.0051041666666666674,0,1,0.28005318112072647,1
1/5,1527,0.06875,0.0032421875,0,1,0.22320152123333958,1,0.1125,0.007656249999999998,0,1,0.34299369729450946,1
1/5,1528,0.0375,0.0030208333333333333,0,1,0.2154475050139144,1,0.0,0.0051041666666666674,0,1,0.28005318112072647,1
1/5,1529,0.03125,0.002903645833333333,0,1,0.21122723213288647,1,-0.0375,0.005677083333333333,0,1,0.2953525476216444,1
1/5,1530,0.1375,0.003046875,0,1,0.21637416522591058,1,0.2125,0.005885416666666666,0,1,0.300723033821002,1
1/5,1531,0.19375,0.002981770833333333,0,1,0.21404999293619986,1,0.1375,0.005989583333333333,0,1,0.3033726271641254,1
1/5,1532,0.125,0.003046875,0,1,0.21637416522591058,1,0.075,0.006145833333333334,0,1,0.30730418590607783,1
1/5,1533,0.15,0.0028385416666666663,0,1,0.2088457892639875,1,0.275,0.005312499999999999,0,0,0.2857113927370593,1
1/5,1534,0.125,0.0038281250000000004,0,1,0.24253316926119362,1,0.0,0.007916666666666664,0,1,0.34877814723495404,1
1/5,1535,0.11875,0.002356770833333333,0,1,0.19029911304115923,1,0.1875,0.0049479166666666664,0,1,0.2757333358390033,1
1/5,1536,0.125,0.0027343749999999994,0,1,0.20497793991388924,1,0.0875,0.005885416666666667,0,1,0.3007230338210021,1
1/5,1537,-0.04375,0.002981770833333333,0,0,0.21404999293619986,1,0.025,0.005104166666666667,0,1,0.2800531811207264,1
1/5,1538,0.01875,0.003372395833333333,0,1,0.22763936145430075,1,0.1125,0.005364583333333332,0,1,0.28710852279360866,1
1/5,1539,0.11875,0.002669270833333333,0,1,0.20252302572823555,1,0.125,0.005416666666666666,0,1,0.28849888696788073,1
1/5,1540,0.1,0.002734375,0,1,0.20497793991388927,1,0.05,0.005416666666666665,0,1,0.28849888696788073,1
1/5,1541,0.075,0.0032031249999999994,0,1,0.22185285921110748,1,-0.025,0.007395833333333332,0,1,0.3371100069396752,1
1/5,1542,0.14375,0.0028515624999999995,0,1,0.20932424530747115,1,0.1125,0.005260416666666668,0,1,0.2843073970525076,1
1/5,1543,0.1375,0.0021354166666666674,0,1,0.18114210101490946,1,0.15,0.004375,0,1,0.2592788640868114,1
1/5,1544,0.15,0.0029687499999999987,0,1,0.2135821235397352,1,0.0125,0.006510416666666666,0,1,0.316287827970415,1
1/5,1545,0.1125,0.002682291666666667,0,1,0.20301638340381314,1,0.1125,0.005781249999999999,0,1,0.298049887147356,1
1/5,1546,0.1375,0.0032291666666666666,0,1,0.22275287450588027,1,0.15,0.006770833333333333,0,1,0.3225515613466048,1
1/5,1547,-0.06875,0.003580729166666667,0,0,0.23456533112809652,1,0.0125,0.00703125,0,1,0.3286959527162181,1
1/5,1548,0.19375,0.0030859375,0,1,0.21775676181910658,1,0.1625,0.005260416666666667,0,1,0.2843073970525076,1
1/5,1549,0.15,0.0029427083333333328,0,1,0.21264329647382202,1,0.2375,0.0056770833333333335,0,1,0.2953525476216445,1
1/5,1550,0.0375,0.0035677083333333333,0,1,0.23413846029003665,1,0.075,0.008124999999999999,0,1,0.3533375322160937,1
1/5,1551,0.125,0.0030989583333333338,0,1,0.21821568068813846,1,0.1125,0.00578125,0,1,0.298049887147356,1
1/5,1552,0.0625,0.002447916666666667,0,1,0.1939440235891875,1,0.025,0.006250000000000001,0,1,0.3098975161522808,1
1/5,1553,0.05,0.003385416666666667,0,1,0.22807839631049298,1,0.075,0.006458333333333333,0,1,0.3150201361838079,1
1/5,1554,-0.0125,0.0031510416666666674,0,0,0.22004178516628506,1,-0.025,0.005729166666666666,0,1,0.29670428259055126,1
1/5,1555,0.125,0.0028645833333333327,0,1,0.20980161022686847,1,0.25,0.007291666666666668,0,1,0.3347275742105989,1
1/5,1556,0.075,0.003359375,0,1,0.22719947821920125,1,0.075,0.008541666666666664,0,1,0.3622842020298188,1
1/5,1557,0.075,0.0027343749999999994,0,1,0.20497793991388924,1,0.05,0.005625,0,1,0.2939945976810081,1
1/5,1558,0.10625,0.002825520833333333,0,1,0.2083662345800139,1,0.2125,0.005781249999999999,0,1,0.298049887147356,1
1/5,1559,0.19375,0.0028255208333333335,0,1,0.20836623458001394,1,0.175,0.006249999999999999,0,1,0.3098975161522807,1
1/5,1560,0.0625,0.002864583333333333,0,1,0.20980161022686847,1,0.0875,0.006197916666666667,0,1,0.30860357515164205,1
1/5,1561,0.125,0.00359375,0,1,0.2349914265403699,1,0.05,0.0071875,0,1,0.33232806245479196,1
1/5,1562,0.15,0.0026302083333333334,0,1,0.2010356883973244,1,0.15,0.005104166666666667,0,1,0.2800531811207264,1
1/5,1563,0.0625,0.0027343749999999994,0,1,0.20497793991388924,1,0.075,0.006145833333333334,0,1,0.30730418590607783,1
1/5,1564,0.10625,0.0034244791666666664,0,1,0.22939045927043203,1,0.1375,0.005989583333333334,0,1,0.3033726271641254,1
1/5,1565,0.24375,0.0024348958333333336,0,0,0.19342752726982482,1,0.25,0.005625,0,0,0.2939945976810081,1
1/5,1566,0.05,0.0032031249999999994,0,1,0.22185285921110748,1,0.025,0.0078125,0,1,0.3464759560874195,1
1/5,1567,0.09375,0.002669270833333333,0,1,0.20252302572823555,1,0.125,0.0056250000000000015,0,1,0.29399459768100816,1
1/5,1568,0.025,0.0028125,0,1,0.20788557365245167,1,0.0875,0.005989583333333334,0,1,0.3033726271641254,1
1/5,1569,0.15,0.0027604166666666662,0,1,0.20595171233041729,1,0.1375,0.005885416666666667,0,1,0.3007230338210021,1
1/5,1570,0.10625,0.003450520833333334,0,1,0.2302610144266474,1,0.175,0.0067708333333333336,0,1,0.3225515613466048,1
1/5,1571,0.2,0.0033593750000000012,0,1,0.2271994782192013,1,0.2625,0.0075520833333333325,0,1,0.3406524160222582,1
1/5,1572,0.025,0.0036718749999999985,0,1,0.2375319482279067,1,0.025,0.0059375,0,1,0.3020507357903395,1
1/5,1573,0.0125,0.0031770833333333343,0,1,0.22094917782072537,1,-0.0875,0.0056770833333333335,0,0,0.2953525476216445,1
1/5,1574,0.225,0.00234375,0,0,0.189772696782249,1,0.275,0.005416666666666666,0,0,0.28849888696788073,1
1/5,1575,-0.01875,0.0030598958333333337,0,0,0.21683601028762298,1,-0.1,0.006145833333333333,0,0,0.3073041859060778,1
1/5,1576,0.18125,0.002669270833333334,0,1,0.20252302572823558,1,0.15,0.006041666666666665,0,1,0.30468878357012313,1
1/5,1577,0.11875,0.002747395833333334,0,1,0.20546540300397653,1,0.05,0.005833333333333332,0,1,0.29938944395140177,1
1/5,1578,0.08125,0.003138020833333334,0,1,0.21958668274492663,1,0.1,0.0053125,0,1,0.28571139273705937,1
1/5,1579,0.11875,0.0030598958333333324,0,1,0.21683601028762295,1,0.125,0.005729166666666667,0,1,0.2967042825905513,1
1/5,1580,0.06875,0.0024348958333333336,0,1,0.19342752726982482,1,0.0625,0.00484375,0,1,0.27281544063881114,1
1/5,1581,-0.00625,0.0028776041666666668,0,0,0.21027789145326556,1,0.05,0.005104166666666667,0,1,0.2800531811207264,1
1/5,1582,0.13125,0.002721354166666666,0,1,0.20448931480910562,1,0.0875,0.006510416666666668,0,1,0.31628782797041505,1
1/5,1583,0.025,0.003177083333333333,0,1,0.22094917782072535,1,0.0875,0.00515625,0,1,0.2814783973537158,1
1/5,1584,0.24375,0.003111979166666667,0,0,0.21867363645037802,1,0.25,0.006458333333333333,0,1,0.3150201361838079,1
1/5,1585,-0.0125,0.0030208333333333324,0,0,0.21544750501391438,1,-0.025,0.005833333333333334,0,1,0.2993894439514018,1
1/5,1586,0.05625,0.0032682291666666662,0,1,0.22409612009440483,1,0.1625,0.0066145833333333326,0,1,0.31880808955263157,1
1/5,1587,0.19375,0.0028776041666666668,0,1,0.21027789145326556,1,0.1625,0.0051562499999999985,0,1,0.28147839735371577,1
1/5,1588,0.0125,0.003255208333333334,0,1,0.22364926796464465,1,0.075,0.006145833333333334,0,1,0.30730418590607783,1
1/5,1589,0.1625,0.0032812499999999994,0,1,0.22454208296355135,1,0.075,0.008333333333333333,0,1,0.35783882874343137,1
1/5,1590,0.0875,0.0031249999999999993,0,1,0.21913063514414535,1,0.0625,0.0061979166666666675,0,1,0.3086035751516421,1
1/5,1591,0.13125,0.0035546875,0,1,0.23371080977726424,1,0.025,0.007291666666666666,0,1,0.33472757421059884,1
1/5,1592,0.14375,0.0031640625,0,1,0.22049594826075608,1,0.125,0.006458333333333332,0,1,0.3150201361838079,1
1/5,1593,0.125,0.002942708333333333,0,1,0.21264329647382202,1,0.1625,0.005989583333333334,0,1,0.3033726271641254,1
1/5,1594,0.1625,0.0027343749999999994,0,1,0.20497793991388924,1,0.0875,0.00578125,0,1,0.298049887147356,1
1/5,1595,0.0625,0.0033854166666666668,0,1,0.22807839631049295,1,0.05,0.007916666666666667,0,1,0.3487781472349541,1
1/5,1596,0.16875,0.0031640624999999993,0,1,0.22049594826075605,1,0.025,0.005625,0,1,0.2939945976810081,1
1/5,1597,0.06875,0.003033854166666667,0,1,0.21591133225693637,1,0.0375,0.005572916666666667,0,1,0.2926303462470013,1
1/5,1598,0.11875,0.003190104166666666,0,1,0.2214014795792905,1,0.125,0.0072916666666666685,0,1,0.3347275742105989,1
1/5,1599,0.09375,0.0032682291666666667,0,1,0.22409612009440483,1,0.05,0.006979166666666665,0,1,0.3274762974797479,1
1/5,1600,0.125,0.002604166666666666,0,1,0.20003798651480456,1,0.2375,0.005468750000000001,0,1,0.2898825826135196,1
1/5,1601,0.1125,0.0025520833333333333,0,1,0.19802750346333006,1,0.1375,0.005468749999999999,0,1,0.28988258261351957,1
1/5,1602,0.125,0.0033072916666666667,0,1,0.22543136201979388,1,0.2,0.006458333333333333,0,1,0.3150201361838079,1
1/5,1603,0.05,0.002890625,0,1,0.21075309633378064,1,-0.0125,0.004218749999999999,0,1,0.2546067901671386,1
1/5,1604,-0.05625,0.0032421875,0,0,0.22320152123333958,1,-0.0625,0.007239583333333332,0,1,0.33352997618794933,1
1/5,1605,0.15625,0.0029036458333333327,0,1,0.21122723213288647,1,0.1375,0.008385416666666666,0,1,0.3589553332622999,1
1/5,1606,0.10625,0.002903645833333333,0,1,0.21122723213288647,1,0.0625,0.006093750000000001,0,1,0.3059992790096397,1
1/5,1607,0.08125,0.0025651041666666665,0,1,0.1985320329522762,1,0.15,0.005833333333333333,0,1,0.2993894439514018,1
1/5,1608,0.19375,0.0025130208333333324,0,1,0.19650614287392065,1,0.225,0.006458333333333333,0,1,0.3150201361838079,1
1/5,1609,-0.00625,0.0032421875,0,1,0.22320152123333958,1,0.05,0.0069791666666666665,0,1,0.3274762974797479,1
1/5,1610,0.1625,0.002942708333333333,0,1,0.21264329647382202,1,0.0375,0.005572916666666667,0,1,0.2926303462470013,1
1/5,1611,0.075,0.002890625,0,1,0.21075309633378064,1,0.0875,0.006302083333333332,0,1,0.31118607687094724,1
1/5,1612,0.1375,0.003151041666666666,0,1,0.22004178516628503,1,0.0625,0.00546875,0,1,0.28988258261351957,1
1/5,1613,0.2,0.0028385416666666663,0,1,0.2088457892639875,1,0.15,0.006145833333333334,0,1,0.30730418590607783,1
1/5,1614,0.0125,0.0029947916666666664,0,1,0.21451684189413125,1,0.0375,0.0066145833333333326,0,1,0.31880808955263157,1
1/5,1615,0.1,0.003177083333333333,0,1,0.22094917782072535,1,0.125,0.007604166666666666,0,1,0.3418250611976536,1
1/5,1616,0.15625,0.0034505208333333332,0,1,0.23026101442664737,1,0.1375,0.0066145833333333326,0,1,0.31880808955263157,1
1/5,1617,0.1375,0.0025781249999999993,0,1,0.19903528352633398,1,0.175,0.005729166666666667,0,1,0.2967042825905513,1
1/5,1618,0.06875,0.0032421875000000007,0,1,0.2232015212333396,1,0.1,0.0059375,0,1,0.3020507357903395,1
1/5,1619,0.05,0.003177083333333333,0,1,0.22094917782072535,1,0.1375,0.005572916666666667,0,1,0.2926303462470013,1
1/5,1620,0.08125,0.003216145833333334,0,1,0.22230332233322106,1,0.0,0.00625,0,1,0.3098975161522808,1
1/5,1621,0.15625,0.003138020833333334,0,1,0.21958668274492663,1,0.1625,0.006718749999999999,0,1,0.321308583461685,1
1/5,1622,0.175,0.0030989583333333338,0,1,0.21821568068813846,1,0.2125,0.006510416666666666,0,1,0.316287827970415,1
1/5,1623,0.025,0.0027604166666666675,0,1,0.20595171233041734,1,0.0625,0.004635416666666667,0,1,0.26688396161447564,1
1/5,1624,0.05625,0.0029036458333333336,0,1,0.2112272321328865,1,0.075,0.005625,0,1,0.2939945976810081,1
1/5,1625,0.0,0.0035937499999999993,0,1,0.23499142654036986,1,0.0,0.006875,0,1,0.32502325696646456,1
1/5,1626,0.03125,0.0038151041666666663,0,1,0.2421203465461635,1,0.0625,0.007552083333333332,0,1,0.34065241602225815,1
1/5,1627,0.13125,0.0032682291666666675,0,1,0.22409612009440485,1,0.1,0.005416666666666666,0,1,0.28849888696788073,1
1/5,1628,0.13125,0.0030338541666666673,0,1,0.21591133225693637,1,0.0875,0.00515625,0,1,0.2814783973537158,1
1/5,1629,0.09375,0.0033984375000000013,0,1,0.22851658767759242,1,0.1125,0.0049479166666666664,0,1,0.2757333358390033,1
1/5,1630,-0.025,0.003333333333333333,0,0,0.22631714681523435,1,-0.1,0.0056250000000000015,0,0,0.29399459768100816,1
1/5,1631,0.0875,0.0028906249999999995,0,1,0.21075309633378064,1,0.0625,0.00453125,0,1,0.26386822681990535,1
1/5,1632,0.15625,0.0029296875,0,1,0.2121723251392822,1,0.1,0.004687500000000001,0,1,0.2683791215575736,1
1/5,1633,0.0625,0.003151041666666667,0,1,0.22004178516628506,1,0.1125,0.007447916666666668,0,1,0.33829493153141654,1
1/5,1634,0.075,0.0034375000000000005,0,1,0.22982614904432486,1,0.0125,0.00609375,0,1,0.3059992790096397,1
1/5,1635,0.08125,0.0027734375,0,1,0.20643687604707509,1,0.05,0.006458333333333333,0,1,0.3150201361838079,1
1/5,1636,0.20625,0.0027994791666666667,0,0,0.20740379879010035,1,0.2375,0.006822916666666666,0,1,0.32378976767049095,1
1/5,1637,0.10625,0.002721354166666666,0,1,0.20448931480910562,1,0.075,0.0059375,0,1,0.3020507357903395,1
1/5,1638,0.01875,0.0034244791666666673,0,1,0.22939045927043206,1,-0.0375,0.008697916666666665,0,1,0.3655827605390008,1
1/5,1639,0.2,0.0025260416666666665,0,0,0.19701456841419168,1,0.1,0.005104166666666665,0,1,0.28005318112072636,1
1/5,1640,0.18125,0.0029296874999999996,0,1,0.2121723251392822,1,0.225,0.006770833333333333,0,1,0.3225515613466048,1
1/5,1641,0.05,0.0038020833333333344,0,1,0.2417068187523675,1,0.2,0.007187500000000001,0,1,0.332328062454792,1
1/5,1642,0.125,0.0029947916666666664,0,1,0.21451684189413125,1,0.0875,0.00578125,0,1,0.298049887147356,1
1/5,1643,0.06875,0.0033203125000000003,0,1,0.22587468862699922,1,0.075,0.0059375,0,1,0.3020507357903395,1
1/5,1644,0.1,0.0030468750000000005,0,1,0.2163741652259106,1,0.025,0.006770833333333333,0,1,0.3225515613466048,1
1/5,1645,0.09375,0.0027734375,0,1,0.20643687604707509,1,0.0875,0.0049479166666666664,0,1,0.2757333358390033,1
1/5,1646,0.05,0.0029947916666666664,0,1,0.21451684189413125,1,0.1375,0.006302083333333334,0,1,0.31118607687094724,1
1/5,1647,0.15625,0.0032161458333333326,0,1,0.222303322333221,1,0.1375,0.00671875,0,1,0.321308583461685,1
1/5,1648,0.01875,0.0028776041666666668,0,1,0.21027789145326556,1,-0.0375,0.006197916666666667,0,1,0.30860357515164205,1
1/5,1649,0.05625,0.002799479166666666,0,1,0.20740379879010032,1,0.0375,0.0051562499999999985,0,1,0.28147839735371577,1
1/5,1650,0.11875,0.0033463541666666667,0,1,0.22675874166795162,1,0.1375,0.008385416666666666,0,1,0.3589553332622999,1
1/5,1651,0.15625,0.002825520833333333,0,1,0.2083662345800139,1,0.1,0.005625,0,1,0.2939945976810081,1
1/5,1652,0.05,0.002734375,0,1,0.20497793991388927,1,0.0625,0.0049479166666666664,0,1,0.2757333358390033,1
1/5,1653,0.0875,0.0028385416666666663,0,1,0.2088457892639875,1,0.1125,0.005052083333333333,0,1,0.27862067463643186,1
1/5,1654,0.0875,0.003151041666666666,0,1,0.22004178516628503,1,0.075,0.006875,0,1,0.32502325696646456,1
1/5,1655,0.0375,0.0030989583333333333,0,1,0.21821568068813843,1,0.075,0.004479166666666666,0,1,0.2623473598191967,1
1/5,1656,0.09375,0.0035026041666666673,0,1,0.23199232462684333,1,0.05,0.008125,0,1,0.35333753221609376,1
1/5,1657,0.06875,0.0033984374999999987,0,1,0.22851658767759234,1,0.0625,0.00671875,0,1,0.321308583461685,1
1/5,1658,0.0375,0.00265625,0,1,0.20202846326662757,1,0.0125,0.00515625,0,1,0.2814783973537158,1
1/5,1659,0.15,0.002708333333333333,0,1,0.20399951933975977,1,0.125,0.005520833333333333,0,1,0.2912597047716384,1
1/5,1660,0.13125,0.0035546874999999993,0,1,0.23371080977726422,1,0.15,0.006770833333333333,0,1,0.3225515613466048,1
1/5,1661,0.10625,0.002903645833333333,0,1,0.21122723213288647,1,0.1,0.0060416666666666665,0,1,0.3046887835701232,1
1/5,1662,0.175,0.002864583333333333,0,1,0.20980161022686847,1,0.25,0.006145833333333334,0,1,0.30730418590607783,1
1/5,1663,0.05,0.0033072916666666676,0,1,0.2254313620197939,1,0.1375,0.005989583333333334,0,1,0.3033726271641254,1
1/5,1664,0.1,0.0028125,0,1,0.20788557365245167,1,0.1,0.006354166666666666,0,1,0.3124693238692544,1
1/5,1665,-0.03125,0.002825520833333333,0,0,0.2083662345800139,1,0.0125,0.0056770833333333335,0,1,0.2953525476216445,1
1/5,1666,0.05,0.0025520833333333337,0,1,0.19802750346333006,1,0.0125,0.005989583333333333,0,1,0.3033726271641254,1
1/5,1667,0.18125,0.0025651041666666665,0,1,0.1985320329522762,1,0.075,0.005937500000000001,0,1,0.3020507357903395,1
1/5,1668,0.15,0.002604166666666667,0,1,0.2000379865148046,1,0.175,0.005833333333333334,0,1,0.2993894439514018,1
1/5,1669,0.075,0.0029947916666666656,0,1,0.21451684189413123,1,0.1375,0.004427083333333333,0,1,0.26081762456384183,1
1/5,1670,0.1375,0.002916666666666667,0,1,0.21170030603370604,1,0.075,0.006458333333333332,0,1,0.3150201361838079,1
1/5,1671,0.1875,0.0024218750000000004,0,1,0.19290964808809938,1,0.1625,0.005260416666666667,0,1,0.2843073970525076,1
1/5,1672,0.1125,0.0026302083333333334,0,1,0.2010356883973244,1,0.125,0.0065625,0,1,0.317550459050559,1
1/5,1673,0.15625,0.0033723958333333336,0,1,0.22763936145430078,1,0.1,0.0069791666666666665,0,1,0.3274762974797479,1
1/5,1674,0.1375,0.0031510416666666674,0,1,0.22004178516628506,1,0.1875,0.004843750000000001,0,1,0.27281544063881114,1
1/5,1675,0.2,0.0024479166666666664,0,0,0.19394402358918747,1,0.2,0.005937499999999999,0,1,0.3020507357903395,1
1/5,1676,0.1375,0.003385416666666667,0,1,0.22807839631049298,1,0.1625,0.00671875,0,1,0.321308583461685,1
1/5,1677,0.09375,0.0029296875,0,1,0.2121723251392822,1,0.1,0.005,0,1,0.27718076486993554,1
1/5,1678,0.15,0.0031510416666666653,0,1,0.22004178516628498,1,0.25,0.006875,0,1,0.32502325696646456,1
1/5,1679,0.0375,0.002864583333333333,0,1,0.20980161022686847,1,0.0375,0.0056770833333333335,0,1,0.2953525476216445,1
1/5,1680,0.1125,0.0029166666666666664,0,1,0.21170030603370604,1,0.1,0.0065625000000000015,0,1,0.31755045905055906,1
1/5,1681,0.15625,0.003450520833333334,0,1,0.2302610144266474,1,0.1875,0.007656249999999999,0,1,0.34299369729450946,1
1/5,1682,0.1625,0.003203125,0,1,0.22185285921110748,1,0.0875,0.006197916666666667,0,1,0.30860357515164205,1
1/5,1683,0.2125,0.0034375,0,1,0.22982614904432486,1,0.2125,0.007239583333333334,0,1,0.33352997618794933,1
1/5,1684,0.125,0.0032031250000000007,0,1,0.2218528592111075,1,0.1625,0.006510416666666666,0,1,0.316287827970415,1
1/5,1685,0.08125,0.0025130208333333337,0,1,0.1965061428739207,1,0.075,0.0059375,0,1,0.3020507357903395,1
1/5,1686,0.1125,0.002604166666666666,0,1,0.20003798651480456,1,0.225,0.005729166666666666,0,1,0.29670428259055126,1
1/5,1687,0.01875,0.0023307291666666667,0,1,0.18924481621371544,1,0.0,0.005833333333333334,0,1,0.2993894439514018,1
1/5,1688,0.125,0.002942708333333333,0,1,0.21264329647382202,1,0.1125,0.005677083333333333,0,1,0.2953525476216444,1
1/5,1689,0.10625,0.0033203125000000003,0,1,0.22587468862699922,1,-0.025,0.004791666666666667,0,1,0.27134472674067345,1
1/5,1690,0.09375,0.0030859375,0,1,0.21775676181910658,1,0.175,0.005104166666666667,0,1,0.2800531811207264,1
1/5,1691,0.1125,0.0031250000000000006,0,1,0.2191306351441454,1,0.05,0.006770833333333333,0,1,0.3225515613466048,1
1/5,1692,0.0375,0.002864583333333333,0,1,0.20980161022686847,1,-0.025,0.006458333333333332,0,1,0.3150201361838079,1
1/5,1693,0.09375,0.0029296874999999987,0,1,0.21217232513928216,1,0.1,0.005520833333333333,0,1,0.2912597047716384,1
1/5,1694,0.13125,0.0025130208333333333,0,1,0.19650614287392068,1,0.125,0.0056250000000000015,0,1,0.29399459768100816,1
1/5,1695,0.175,0.0029947916666666664,0,1,0.21451684189413125,1,0.075,0.006354166666666666,0,1,0.3124693238692544,1
1/5,1696,0.1625,0.002864583333333333,0,1,0.20980161022686847,1,0.175,0.006875,0,1,0.32502325696646456,1
1/5,1697,0.0625,0.0030729166666666665,0,1,0.2172968737411991,1,0.0625,0.0056770833333333335,0,1,0.2953525476216445,1
1/5,1698,0.14375,0.0033723958333333344,0,1,0.2276393614543008,1,0.1125,0.00734375,0,1,0.3359209026808096,1
1/5,1699,0.10625,0.0022786458333333335,0,1,0.18711840246962616,1,0.0625,0.005781250000000001,0,1,0.29804988714735603,1
1/5,1700,0.11875,0.003346354166666666,0,1,0.2267587416679516,1,0.0375,0.00453125,0,1,0.26386822681990535,1
1/5,1701,0.06875,0.002955729166666667,0,1,0.21311322698391635,1,0.05,0.006354166666666666,0,1,0.3124693238692544,1
1/5,1702,0.06875,0.0028776041666666663,0,1,0.21027789145326556,1,-0.0875,0.0049479166666666664,0,0,0.2757333358390033,1
1/5,1703,0.10625,0.003190104166666666,0,1,0.2214014795792905,1,0.0625,0.0077604166666666655,0,1,0.3453191049242909,1
1/5,1704,0.10625,0.0029557291666666664,0,1,0.21311322698391633,1,0.175,0.006354166666666668,0,1,0.31246932386925447,1
1/5,1705,0.05,0.003932291666666667,0,1,0.2458107931597689,1,0.2375,0.00796875,0,1,0.34992356295286153,1
1/5,1706,0.05625,0.0027473958333333326,0,1,0.20546540300397648,1,-0.025,0.005416666666666666,0,1,0.28849888696788073,1
1/5,1707,0.15625,0.0034765625000000005,0,1,0.2311282906207669,1,0.1875,0.0071354166666666675,0,1,0.33112178601532427,1
1/5,1708,0.11875,0.0025651041666666665,0,1,0.1985320329522762,1,0.0875,0.0047395833333333335,0,1,0.2698659978748579,1
1/5,1709,0.075,0.003255208333333334,0,1,0.22364926796464465,1,0.0625,0.005572916666666666,0,1,0.2926303462470013,1
1/5,1710,0.1,0.0028645833333333336,0,1,0.2098016102268685,1,0.0625,0.00578125,0,1,0.298049887147356,1
1/5,1711,-0.025,0.003880208333333333,0,0,0.24417748076523504,1,-0.0375,0.008489583333333333,0,1,0.36117798814352553,1
1/5,1712,0.0875,0.0030729166666666656,0,1,0.21729687374119908,1,-0.025,0.006666666666666667,0,1,0.32006077842368735,1
1/5,1713,0.025,0.0033593750000000012,0,1,0.2271994782192013,1,0.1,0.0060416666666666665,0,1,0.3046887835701232,1
1/5,1714,0.1,0.003072916666666667,0,1,0.2172968737411991,1,0.0875,0.007135416666666665,0,1,0.3311217860153242,1
1/5,1715,0.075,0.0030208333333333337,0,1,0.21544750501391444,1,0.1,0.007916666666666667,0,1,0.3487781472349541,1
1/5,1716,0.13125,0.003138020833333333,0,1,0.2195866827449266,1,0.125,0.008020833333333333,0,1,0.35106524155860713,1
1/5,1717,0.10625,0.002955729166666667,0,1,0.21311322698391635,1,0.1875,0.004322916666666666,0,1,0.25773091673520515,1
1/5,1718,0.20625,0.0022265625,0,0,0.1849675447796371,1,0.25,0.004583333333333333,0,0,0.26538037803511205,1
1/5,1719,0.04375,0.0030078125,0,1,0.21498267706137672,1,0.0,0.006875,0,1,0.32502325696646456,1
1/5,1720,0.2375,0.0025260416666666673,0,0,0.19701456841419174,1,0.2875,0.005989583333333333,0,0,0.3033726271641254,1
1/5,1721,0.13125,0.0027994791666666663,0,1,0.20740379879010032,1,0.125,0.004583333333333333,0,1,0.26538037803511205,1
1/5,1722,0.075,0.0028645833333333336,0,1,0.2098016102268685,1,0.0875,0.006927083333333333,0,1,0.3262520827367488,1
1/5,1723,0.21875,0.003190104166666666,0,0,0.2214014795792905,1,0.1875,0.007031249999999999,0,1,0.3286959527162181,1
1/5,1724,0.04375,0.003138020833333333,0,1,0.2195866827449266,1,0.0625,0.005052083333333334,0,1,0.2786206746364319,1
1/5,1725,0.04375,0.003216145833333333,0,1,0.22230332233322103,1,0.125,0.005624999999999999,0,1,0.2939945976810081,1
1/5,1726,0.0875,0.0033072916666666663,0,1,0.22543136201979386,1,0.1,0.007291666666666668,0,1,0.3347275742105989,1
1/5,1727,0.00625,0.0030338541666666665,0,1,0.21591133225693634,1,0.0125,0.006614583333333333,0,1,0.31880808955263157,1
1/5,1728,0.0875,0.002135416666666666,0,1,0.1811421010149094,1,0.1,0.004479166666666666,0,1,0.2623473598191967,1
1/5,1729,0.0875,0.003151041666666666,0,1,0.22004178516628503,1,0.1875,0.00765625,0,1,0.34299369729450946,1
1/5,1730,0.15625,0.0030338541666666673,0,1,0.21591133225693637,1,0.2125,0.006927083333333333,0,1,0.3262520827367488,1
1/5,1731,0.175,0.0030208333333333337,0,1,0.21544750501391444,1,0.25,0.005520833333333333,0,0,0.2912597047716384,1
1/5,1732,0.1,0.0032031250000000007,0,1,0.2218528592111075,1,0.2125,0.006302083333333334,0,1,0.31118607687094724,1
1/5,1733,0.16875,0.003138020833333334,0,1,0.21958668274492663,1,0.15,0.0077083333333333335,0,1,0.34415836515292714,1
1/5,1734,0.1125,0.0027604166666666667,0,1,0.20595171233041729,1,0.225,0.004895833333333333,0,1,0.27427826850103637,1
1/5,1735,0.0875,0.003307291666666666,0,1,0.22543136201979383,1,0.0375,0.00859375,0,1,0.3633870484226984,1
1/5,1736,0.10625,0.002747395833333333,0,1,0.2054654030039765,1,0.0875,0.0060937499999999985,0,1,0.30599927900963964,1
1/5,1737,0.1,0.0030729166666666665,0,1,0.2172968737411991,1,0.125,0.0065625,0,1,0.317550459050559,1
1/5,1738,-0.05625,0.002955729166666667,0,0,0.21311322698391635,1,-0.15,0.0065625,0,0,0.317550459050559,1
1/5,1739,0.01875,0.0032942708333333326,0,1,0.2249871618600823,1,0.0875,0.006718749999999999,0,1,0.321308583461685,1
1/5,1740,0.15,0.0030989583333333333,0,1,0.21821568068813843,1,0.175,0.008645833333333332,0,1,0.36448655788977796,1
1/5,1741,0.2,0.0028385416666666667,0,1,0.2088457892639875,1,0.15,0.0065625,0,1,0.317550459050559,1
1/5,1742,0.05,0.0026822916666666675,0,1,0.20301638340381317,1,-0.05,0.006041666666666665,0,1,0.30468878357012313,1
1/5,1743,0.15,0.002708333333333333,0,1,0.20399951933975977,1,0.225,0.005208333333333332,0,1,0.2828964335190429,1
1/5,1744,0.15,0.003125,0,1,0.21913063514414538,1,0.1125,0.00640625,0,1,0.31374732234759706,1
1/5,1745,0.15625,0.0032421875,0,1,0.22320152123333958,1,0.2,0.0065625,0,1,0.317550459050559,1
1/5,1746,0.05625,0.002565104166666667,0,1,0.1985320329522762,1,0.0,0.006354166666666666,0,1,0.3124693238692544,1
1/5,1747,0.15625,0.002877604166666666,0,1,0.21027789145326553,1,0.1875,0.006302083333333334,0,1,0.31118607687094724,1
1/5,1748,0.075,0.0030468749999999992,0,1,0.21637416522591055,1,0.025,0.0059375,0,1,0.3020507357903395,1
1/5,1749,0.08125,0.003111979166666667,0,1,0.21867363645037802,1,0.0875,0.0068229166666666655,0,1,0.3237897676704909,1
1/5,1750,0.1125,0.0028125,0,1,0.20788557365245167,1,0.15,0.005625,0,1,0.2939945976810081,1
1/5,1751,0.0875,0.00234375,0,1,0.189772696782249,1,0.0625,0.004218749999999999,0,1,0.2546067901671386,1
1/5,1752,0.15,0.0030468749999999992,0,1,0.21637416522591055,1,0.1625,0.00671875,0,1,0.321308583461685,1
1/5,1753,0.175,0.0030989583333333338,0,1,0.21821568068813846,1,0.175,0.006354166666666666,0,1,0.3124693238692544,1
1/5,1754,-0.00625,0.0025651041666666665,0,0,0.1985320329522762,1,-0.0125,0.005572916666666667,0,1,0.2926303462470013,1
1/5,1755,0.11875,0.002747395833333334,0,1,0.20546540300397653,1,0.1375,0.00515625,0,1,0.2814783973537158,1
1/5,1756,0.08125,0.0034765625000000005,0,1,0.2311282906207669,1,0.15,0.007395833333333335,0,1,0.33711000693967524,1
1/5,1757,0.20625,0.0022526041666666666,0,0,0.1860460818783777,1,0.1875,0.005052083333333333,0,1,0.27862067463643186,1
1/5,1758,0.2125,0.001979166666666667,0,0,0.17438907361747705,1,0.2,0.003958333333333333,0,1,0.24662339303951614,1
1/5,1759,0.08125,0.002903645833333333,0,1,0.21122723213288647,1,0.2375,0.00515625,0,1,0.2814783973537158,1
1/5,1760,0.1375,0.00359375,0,1,0.2349914265403699,1,0.1125,0.006510416666666666,0,1,0.316287827970415,1
1/5,1761,0.125,0.0026822916666666657,0,1,0.20301638340381312,1,0.1,0.004375,0,1,0.2592788640868114,1
1/5,1762,0.05,0.00265625,0,1,0.20202846326662757,1,0.0125,0.00453125,0,1,0.26386822681990535,1
1/5,1763,0.0,0.0034374999999999996,0,1,0.22982614904432483,1,-0.0125,0.0075520833333333325,0,1,0.3406524160222582,1
1/5,1764,-0.00625,0.003658854166666666,0,1,0.23711041826267457,1,-0.0875,0.0075520833333333325,0,0,0.3406524160222582,1
1/5,1765,-0.0125,0.002942708333333333,0,0,0.21264329647382202,1,0.0375,0.005885416666666667,0,1,0.3007230338210021,1
1/5,1766,0.125,0.002994791666666667,0,1,0.21451684189413125,1,0.1,0.005625,0,1,0.2939945976810081,1
1/5,1767,0.1875,0.0028385416666666667,0,1,0.2088457892639875,1,0.375,0.006562499999999999,0,0,0.317550459050559,1
1/5,1768,-0.00625,0.0024609374999999996,0,0,0.1944591480651085,1,-0.025,0.004895833333333333,0,1,0.27427826850103637,1
1/5,1769,0.1625,0.0027343749999999994,0,1,0.20497793991388924,1,0.1125,0.005989583333333333,0,1,0.3033726271641254,1
1/5,1770,0.15,0.0030989583333333338,0,1,0.21821568068813846,1,0.1375,0.006302083333333332,0,1,0.31118607687094724,1
1/5,1771,0.01875,0.0033723958333333336,0,1,0.22763936145430078,1,0.05,0.006875,0,1,0.32502325696646456,1
1/5,1772,-0.0125,0.0033072916666666667,0,1,0.22543136201979388,1,0.0875,0.008593749999999999,0,1,0.36338704842269837,1
1/5,1773,0.09375,0.0024869791666666664,0,1,0.19548532483717737,1,0.0625,0.0047395833333333335,0,1,0.2698659978748579,1
1/5,1774,0.0875,0.0035677083333333333,0,1,0.23413846029003665,1,0.075,0.007395833333333332,0,1,0.3371100069396752,1
1/5,1775,0.20625,0.0030078124999999996,0,1,0.2149826770613767,1,0.225,0.0069791666666666665,0,1,0.3274762974797479,1
1/5,1776,0.06875,0.0032161458333333326,0,1,0.222303322333221,1,0.0,0.0069791666666666665,0,1,0.3274762974797479,1
1/5,1777,0.1875,0.0026302083333333334,0,1,0.2010356883973244,1,0.1375,0.005989583333333333,0,1,0.3033726271641254,1
1/5,1778,0.0875,0.003411458333333333,0,1,0.22895394039862088,1,0.0625,0.007239583333333331,0,1,0.3335299761879493,1
1/5,1779,0.0875,0.0028125,0,1,0.20788557365245167,1,0.075,0.004270833333333334,0,1,0.25617361597204213,1
1/5,1780,0.05625,0.0027994791666666663,0,1,0.20740379879010032,1,0.1,0.005520833333333333,0,1,0.2912597047716384,1
1/5,1781,0.03125,0.0030078125,0,1,0.21498267706137672,1,0.1375,0.005989583333333334,0,1,0.3033726271641254,1
1/5,1782,0.08125,0.0030859375,0,1,0.21775676181910658,1,0.1125,0.0060937499999999985,0,1,0.30599927900963964,1
1/5,1783,0.075,0.003229166666666666,0,1,0.22275287450588027,1,0.15,0.005937499999999999,0,1,0.3020507357903395,1
1/5,1784,0.225,0.002578125,0,0,0.199035283526334,1,0.325,0.006041666666666665,0,0,0.30468878357012313,1
1/5,1785,0.14375,0.0029296874999999987,0,1,0.21217232513928216,1,0.15,0.0059375,0,1,0.3020507357903395,1
1/5,1786,0.11875,0.0033723958333333344,0,1,0.2276393614543008,1,0.0,0.0069791666666666665,0,1,0.3274762974797479,1
1/5,1787,0.0875,0.0033593750000000004,0,1,0.22719947821920128,1,0.075,0.007083333333333334,0,1,0.32991109901456817,1
1/5,1788,0.14375,0.003216145833333334,0,1,0.22230332233322106,1,0.075,0.006770833333333332,0,1,0.32255156134660473,1
1/5,1789,0.05625,0.0031640624999999993,0,1,0.22049594826075605,1,0.0625,0.00671875,0,1,0.321308583461685,1
1/5,1790,0.1375,0.0033593750000000004,0,1,0.22719947821920128,1,0.1125,0.007343749999999998,0,1,0.33592090268080954,1
1/5,1791,0.0625,0.0034895833333333337,0,1,0.23156071062579284,1,0.1,0.006666666666666665,0,1,0.3200607784236873,1
1/5,1792,0.14375,0.003684895833333333,0,1,0.2379527314598205,1,0.3125,0.008593750000000002,0,0,0.3633870484226985,1
1/5,1793,0.1,0.0028385416666666667,0,1,0.2088457892639875,1,0.1,0.0071875,0,1,0.33232806245479196,1
1/5,1794,0.0625,0.0033333333333333335,0,1,0.22631714681523435,1,0.0875,0.006822916666666666,0,1,0.32378976767049095,1
1/5,1795,0.05625,0.003294270833333333,0,1,0.2249871618600823,1,0.0375,0.007135416666666665,0,1,0.3311217860153242,1
1/5,1796,0.1125,0.0026302083333333325,0,1,0.20103568839732436,1,0.0875,0.004427083333333333,0,1,0.26081762456384183,1
1/5,1797,0.025,0.002682291666666667,0,1,0.20301638340381314,1,0.05,0.005625,0,1,0.2939945976810081,1
1/5,1798,0.21875,0.0030338541666666656,0,0,0.21591133225693632,1,0.2125,0.006614583333333333,0,1,0.31880808955263157,1
1/5,1799,0.04375,0.0027734374999999994,0,1,0.20643687604707509,1,0.0875,0.0061979166666666675,0,1,0.3086035751516421,1
1/5,1800,0.06875,0.002747395833333333,0,1,0.2054654030039765,1,-0.05,0.006770833333333333,0,1,0.3225515613466048,1
1/5,1801,0.1375,0.0030468749999999992,0,1,0.21637416522591055,1,0.1875,0.006302083333333334,0,1,0.31118607687094724,1
1/5,1802,0.15,0.0028124999999999995,0,1,0.20788557365245164,1,0.2,0.006666666666666667,0,1,0.32006077842368735,1
1/5,1803,0.0625,0.0030208333333333337,0,1,0.21544750501391444,1,0.05,0.007187499999999999,0,1,0.3323280624547919,1
1/5,1804,0.1,0.003177083333333333,0,1,0.22094917782072535,1,0.1375,0.005468749999999999,0,1,0.28988258261351957,1
1/5,1805,0.2375,0.0021875,0,0,0.18333784301412953,1,0.225,0.004999999999999999,0,1,0.27718076486993554,1
1/5,1806,0.10625,0.002747395833333333,0,1,0.2054654030039765,1,0.2,0.006875000000000001,0,1,0.32502325696646456,1
1/5,1807,0.09375,0.0024348958333333336,0,1,0.19342752726982482,1,0.025,0.006145833333333334,0,1,0.30730418590607783,1
1/5,1808,0.15,0.0035416666666666656,0,1,0.23328237530190765,1,0.2875,0.007135416666666664,0,0,0.33112178601532416,1
1/5,1809,0.10625,0.0030598958333333337,0,1,0.21683601028762298,1,0.0875,0.006302083333333334,0,1,0.31118607687094724,1
1/5,1810,0.1,0.0033072916666666663,0,1,0.22543136201979386,1,0.1875,0.006614583333333333,0,1,0.31880808955263157,1
1/5,1811,-0.00625,0.002955729166666667,0,1,0.21311322698391635,1,-0.1125,0.006510416666666668,0,0,0.31628782797041505,1
1/5,1812,0.2,0.0023697916666666663,0,0,0.1908240771089864,1,0.2125,0.005677083333333333,0,1,0.2953525476216444,1
1/5,1813,0.075,0.0027864583333333326,0,1,0.20692090221222195,1,0.15,0.005312500000000001,0,1,0.28571139273705937,1
1/5,1814,0.14375,0.003554687500000001,0,1,0.23371080977726427,1,0.2375,0.007552083333333332,0,1,0.34065241602225815,1
1/5,1815,0.2125,0.0029166666666666664,0,0,0.21170030603370604,1,0.275,0.006249999999999999,0,0,0.3098975161522807,1
1/5,1816,0.1375,0.0028906249999999995,0,1,0.21075309633378064,1,0.0625,0.004947916666666666,0,1,0.2757333358390032,1
1/5,1817,0.14375,0.003138020833333333,0,1,0.2195866827449266,1,0.075,0.004062499999999999,0,1,0.24984736507772004,1
1/5,1818,0.11875,0.002799479166666666,0,1,0.20740379879010032,1,0.05,0.0059375,0,1,0.3020507357903395,1
1/5,1819,0.09375,0.0025390625,0,1,0.1975216852593019,1,-0.05,0.0055208333333333325,0,0,0.2912597047716383,1
1/5,1820,0.09375,0.0032421874999999994,0,1,0.22320152123333956,1,0.025,0.005208333333333334,0,1,0.282896433519043,1
1/5,1821,0.175,0.0027604166666666667,0,1,0.20595171233041729,1,0.1125,0.005677083333333333,0,1,0.2953525476216444,1
1/5,1822,0.09375,0.0030598958333333333,0,1,0.21683601028762298,1,0.1375,0.005885416666666666,0,1,0.300723033821002,1
1/5,1823,0.1125,0.003906250000000001,0,1,0.24499549806750676,1,0.025,0.007708333333333332,0,1,0.34415836515292714,1
1/5,1824,0.0625,0.003151041666666667,0,1,0.22004178516628506,1,0.0625,0.005572916666666665,0,1,0.29263034624700124,1
1/5,1825,0.075,0.0030989583333333325,0,1,0.2182156806881384,1,0.175,0.0071875,0,1,0.33232806245479196,1
1/5,1826,0.0625,0.003072916666666667,0,1,0.2172968737411991,1,0.075,0.0060416666666666665,0,1,0.3046887835701232,1
1/5,1827,0.04375,0.0024088541666666668,0,1,0.19239037487678498,1,-0.0875,0.006614583333333333,0,0,0.31880808955263157,1
1/5,1828,0.01875,0.003502604166666667,0,1,0.2319923246268433,1,0.025,0.006145833333333331,0,1,0.3073041859060778,1
1/5,1829,0.1,0.0027604166666666662,0,1,0.20595171233041729,1,-0.0125,0.00609375,0,1,0.3059992790096397,1
1/5,1830,0.16875,0.003268229166666666,0,1,0.2240961200944048,1,0.1875,0.007031250000000001,0,1,0.3286959527162181,1
1/5,1831,0.00625,0.0037630208333333335,0,1,0.24046196849118648,1,-0.0125,0.006302083333333332,0,1,0.31118607687094724,1
1/5,1832,0.04375,0.002721354166666666,0,1,0.20448931480910562,1,0.025,0.005937500000000001,0,1,0.3020507357903395,1
1/5,1833,0.0625,0.0027864583333333335,0,1,0.206920902212222,1,0.0625,0.00609375,0,1,0.3059992790096397,1
1/5,1834,0.13125,0.0030598958333333337,0,1,0.21683601028762298,1,0.2,0.0069791666666666665,0,1,0.3274762974797479,1
1/5,1835,0.1,0.00265625,0,1,0.20202846326662757,1,0.15,0.004895833333333333,0,1,0.27427826850103637,1
1/5,1836,0.05,0.0030729166666666674,0,1,0.21729687374119913,1,0.0625,0.00546875,0,1,0.28988258261351957,1
1/5,1837,0.2,0.002447916666666666,0,0,0.19394402358918747,1,0.1875,0.004322916666666666,0,1,0.25773091673520515,1
1/5,1838,0.2,0.0025,0,0,0.1959963984540054,1,0.2625,0.005989583333333334,0,0,0.3033726271641254,1
1/5,1839,0.0375,0.003333333333333333,0,1,0.22631714681523435,1,-0.0625,0.0075520833333333325,0,1,0.3406524160222582,1
1/5,1840,0.1625,0.002708333333333334,0,1,0.2039995193397598,1,0.2125,0.005260416666666665,0,1,0.28430739705250757,1
1/5,1841,0.16875,0.0026953124999999994,0,1,0.20350854505550503,1,0.225,0.0053125,0,1,0.28571139273705937,1
1/5,1842,0.11875,0.0030859375,0,1,0.21775676181910658,1,0.175,0.006354166666666666,0,1,0.3124693238692544,1
1/5,1843,0.125,0.0035156250000000005,0,1,0.23242313711421062,1,0.1,0.008437499999999997,0,1,0.3600683757266482,1
1/5,1844,0.0875,0.0035677083333333338,0,1,0.23413846029003668,1,0.05,0.006041666666666665,0,1,0.30468878357012313,1
1/5,1845,0.13125,0.002825520833333333,0,1,0.2083662345800139,1,0.225,0.005729166666666667,0,1,0.2967042825905513,1
1/5,1846,0.075,0.002890625,0,1,0.21075309633378064,1,0.025,0.004479166666666666,0,1,0.2623473598191967,1
1/5,1847,0.06875,0.0030078125,0,1,0.21498267706137672,1,0.05,0.006979166666666667,0,1,0.32747629747974794,1
1/5,1848,0.2,0.002890625,0,1,0.21075309633378064,1,0.25,0.005833333333333334,0,0,0.2993894439514018,1
1/5,1849,0.1125,0.0027604166666666662,0,1,0.20595171233041729,1,0.1,0.004166666666666667,0,1,0.25303026237633197,1
1/5,1850,0.13125,0.0032421875,0,1,0.22320152123333958,1,0.125,0.0053125,0,1,0.28571139273705937,1
1/5,1851,0.1625,0.003333333333333333,0,1,0.22631714681523435,1,0.05,0.006354166666666666,0,1,0.3124693238692544,1
1/5,1852,0.09375,0.0032682291666666662,0,1,0.22409612009440483,1,0.1,0.0075,0,1,0.3394757202228515,1
1/5,1853,0.125,0.00265625,0,1,0.20202846326662757,1,0.05,0.0059375,0,1,0.3020507357903395,1
1/5,1854,0.0,0.0024739583333333332,0,0,0.1949729115709469,1,0.075,0.0060416666666666665,0,1,0.3046887835701232,1
1/5,1855,0.05,0.002890625,0,1,0.21075309633378064,1,0.0125,0.0047395833333333335,0,1,0.2698659978748579,1
1/5,1856,0.15,0.0027343749999999994,0,1,0.20497793991388924,1,0.1125,0.006927083333333334,0,1,0.3262520827367488,1
1/5,1857,0.1125,0.003177083333333333,0,1,0.22094917782072535,1,0.05,0.0059375,0,1,0.3020507357903395,1
1/5,1858,0.1375,0.0027083333333333326,0,1,0.20399951933975974,1,0.1375,0.005052083333333333,0,1,0.27862067463643186,1
1/5,1859,0.15625,0.0025651041666666665,0,1,0.1985320329522762,1,0.15,0.005729166666666666,0,1,0.29670428259055126,1
1/5,1860,0.1625,0.002734375,0,1,0.20497793991388927,1,0.0375,0.00609375,0,1,0.3059992790096397,1
1/5,1861,0.0875,0.0034635416666666673,0,1,0.23069506007938964,1,0.05,0.0073958333333333315,0,1,0.3371100069396752,1
1/5,1862,0.1,0.002708333333333333,0,1,0.20399951933975977,1,0.0875,0.0047395833333333335,0,1,0.2698659978748579,1
1/5,1863,0.09375,0.002669270833333333,0,1,0.20252302572823555,1,0.0875,0.005572916666666667,0,1,0.2926303462470013,1
1/5,1864,0.16875,0.0027994791666666663,0,1,0.20740379879010032,1,0.1375,0.00671875,0,1,0.321308583461685,1
1/5,1865,0.09375,0.0032682291666666662,0,1,0.22409612009440483,1,0.1375,0.007656249999999999,0,1,0.34299369729450946,1
1/5,1866,0.18125,0.002981770833333334,0,1,0.21404999293619992,1,0.2125,0.006302083333333332,0,1,0.31118607687094724,1
1/5,1867,0.1875,0.003463541666666667,0,1,0.23069506007938964,1,0.325,0.008333333333333333,0,0,0.35783882874343137,1
1/5,1868,0.13125,0.0029817708333333332,0,1,0.2140499929361999,1,0.0875,0.006302083333333332,0,1,0.31118607687094724,1
1/5,1869,0.1125,0.003125000000000001,0,1,0.21913063514414544,1,0.2125,0.0061979166666666675,0,1,0.3086035751516421,1
1/5,1870,0.05,0.0030208333333333333,0,1,0.2154475050139144,1,0.0375,0.006822916666666667,0,1,0.32378976767049095,1
1/5,1871,0.14375,0.0024609375,0,1,0.19445914806510853,1,0.175,0.0055208333333333325,0,1,0.2912597047716383,1
1/5,1872,0.125,0.002578125,0,1,0.199035283526334,1,0.1125,0.005052083333333333,0,1,0.27862067463643186,1
1/5,1873,0.10625,0.0032421875000000007,0,1,0.2232015212333396,1,0.0875,0.006197916666666665,0,1,0.30860357515164205,1
1/5,1874,0.11875,0.0029036458333333327,0,1,0.21122723213288647,1,0.225,0.006875,0,1,0.32502325696646456,1
1/5,1875,0.1,0.003463541666666667,0,1,0.23069506007938964,1,0.05,0.008437499999999999,0,1,0.3600683757266482,1
1/5,1876,0.11875,0.002747395833333333,0,1,0.2054654030039765,1,0.0875,0.005260416666666667,0,1,0.2843073970525076,1
1/5,1877,-0.0125,0.0029687499999999996,0,0,0.21358212353973524,1,-0.0875,0.005989583333333334,0,0,0.3033726271641254,1
1/5,1878,0.10625,0.003190104166666667,0,1,0.22140147957929052,1,0.1,0.005833333333333333,0,1,0.2993894439514018,1
1/5,1879,0.04375,0.0030598958333333333,0,1,0.21683601028762298,1,0.025,0.006770833333333334,0,1,0.3225515613466048,1
1/5,1880,0.175,0.003567708333333334,0,1,0.23413846029003668,1,0.225,0.006354166666666666,0,1,0.3124693238692544,1
1/5,1881,0.14375,0.0033203125000000003,0,1,0.22587468862699922,1,0.2125,0.006510416666666666,0,1,0.316287827970415,1
1/5,1882,0.1625,0.0024739583333333332,0,1,0.1949729115709469,1,0.0625,0.005781249999999999,0,1,0.298049887147356,1
1/5,1883,0.05,0.002734375,0,1,0.20497793991388927,1,0.0875,0.0051562499999999985,0,1,0.28147839735371577,1
1/5,1884,0.08125,0.002877604166666666,0,1,0.21027789145326553,1,0.025,0.006145833333333334,0,1,0.30730418590607783,1
1/5,1885,0.1,0.00359375,0,1,0.2349914265403699,1,0.1,0.006145833333333333,0,1,0.3073041859060778,1
1/5,1886,0.09375,0.0029296875,0,1,0.2121723251392822,1,0.1875,0.005468749999999999,0,1,0.28988258261351957,1
1/5,1887,0.10625,0.0028776041666666668,0,1,0.21027789145326556,1,0.125,0.005104166666666667,0,1,0.2800531811207264,1
1/5,1888,0.13125,0.002643229166666666,0,1,0.20153268714933215,1,0.15,0.0045833333333333325,0,1,0.265380378035112,1
1/5,1889,0.15,0.0027604166666666667,0,1,0.20595171233041729,1,0.175,0.006041666666666667,0,1,0.3046887835701232,1
1/5,1890,0.13125,0.003111979166666667,0,1,0.21867363645037802,1,0.175,0.006770833333333333,0,1,0.3225515613466048,1
1/5,1891,0.13125,0.0028515625,0,1,0.20932424530747118,1,0.0375,0.005885416666666666,0,1,0.300723033821002,1
1/5,1892,0.05625,0.003216145833333334,0,1,0.22230332233322106,1,0.0,0.006666666666666666,0,1,0.3200607784236873,1
1/5,1893,0.04375,0.002747395833333333,0,1,0.2054654030039765,1,0.0375,0.005572916666666666,0,1,0.2926303462470013,1
1/5,1894,0.15,0.002682291666666667,0,1,0.20301638340381314,1,0.275,0.006250000000000001,0,0,0.3098975161522808,1
1/5,1895,0.04375,0.0031119791666666674,0,1,0.21867363645037802,1,0.025,0.005729166666666667,0,1,0.2967042825905513,1
1/5,1896,0.0625,0.002994791666666667,0,1,0.21451684189413125,1,0.1125,0.00546875,0,1,0.28988258261351957,1
1/5,1897,0.0125,0.0030468750000000005,0,1,0.2163741652259106,1,-0.025,0.00625,0,1,0.3098975161522808,1
1/5,1898,0.125,0.003697916666666667,0,1,0.23837277191288844,1,-0.0125,0.00828125,0,1,0.3567188296620924,1
1/5,1899,0.1125,0.003255208333333334,0,1,0.22364926796464465,1,-0.0125,0.006822916666666666,0,1,0.32378976767049095,1
1/5,1900,0.06875,0.0027473958333333326,0,1,0.20546540300397648,1,0.1125,0.005572916666666666,0,1,0.2926303462470013,1
1/5,1901,0.025,0.0024999999999999996,0,1,0.19599639845400538,1,0.025,0.0046875,0,1,0.26837912155757354,1
1/5,1902,0.1,0.0030208333333333333,0,1,0.2154475050139144,1,0.075,0.005416666666666668,0,1,0.2884988869678808,1
1/5,1903,-0.025,0.0033593749999999995,0,0,0.22719947821920125,1,-0.075,0.0069791666666666665,0,0,0.3274762974797479,1
1/5,1904,0.11875,0.0027734375,0,1,0.20643687604707509,1,0.2125,0.00546875,0,1,0.28988258261351957,1
1/5,1905,0.20625,0.0029817708333333337,0,1,0.2140499929361999,1,0.25,0.0045833333333333325,0,0,0.265380378035112,1
1/5,1906,0.05625,0.003216145833333333,0,1,0.22230332233322103,1,0.0125,0.006197916666666667,0,1,0.30860357515164205,1
1/5,1907,0.09375,0.0028776041666666663,0,1,0.21027789145326556,1,0.075,0.006666666666666666,0,1,0.3200607784236873,1
1/5,1908,0.0,0.003203125,0,1,0.22185285921110748,1,-0.05,0.007395833333333332,0,1,0.3371100069396752,1
1/5,1909,0.075,0.003046875,0,1,0.21637416522591058,1,0.1125,0.00640625,0,1,0.31374732234759706,1
1/5,1910,0.15,0.0025520833333333324,0,1,0.19802750346333,1,0.175,0.005520833333333333,0,1,0.2912597047716384,1
1/5,1911,-0.00625,0.003138020833333334,0,1,0.21958668274492663,1,0.05,0.008124999999999999,0,1,0.3533375322160937,1
1/5,1912,0.0875,0.0028645833333333336,0,1,0.2098016102268685,1,0.0875,0.005364583333333334,0,1,0.28710852279360866,1
1/5,1913,0.11875,0.0027734374999999994,0,1,0.20643687604707509,1,0.1,0.005833333333333333,0,1,0.2993894439514018,1
1/5,1914,0.15,0.003151041666666667,0,1,0.22004178516628506,1,0.1,0.005833333333333334,0,1,0.2993894439514018,1
1/5,1915,0.125,0.002578125,0,1,0.199035283526334,1,0.1,0.006249999999999999,0,1,0.3098975161522807,1
1/5,1916,0.18125,0.0031640624999999993,0,1,0.22049594826075605,1,0.075,0.005833333333333334,0,1,0.2993894439514018,1
1/5,1917,0.0125,0.003619791666666666,0,1,0.23584130789148666,1,0.0,0.006875,0,1,0.32502325696646456,1
1/5,1918,0.075,0.0027604166666666667,0,1,0.20595171233041729,1,0.075,0.005833333333333334,0,1,0.2993894439514018,1
1/5,1919,0.025,0.0032031249999999994,0,1,0.22185285921110748,1,0.0875,0.00671875,0,1,0.321308583461685,1
1/5,1920,0.1375,0.003151041666666667,0,1,0.22004178516628506,1,0.1875,0.005989583333333334,0,1,0.3033726271641254,1
1/5,1921,0.13125,0.0028776041666666663,0,1,0.21027789145326556,1,0.1375,0.00609375,0,1,0.3059992790096397,1
1/5,1922,0.05,0.0032812499999999994,0,1,0.22454208296355135,1,0.0,0.006354166666666665,0,1,0.3124693238692544,1
1/5,1923,0.125,0.003046875,0,1,0.21637416522591058,1,0.1375,0.006927083333333333,0,1,0.3262520827367488,1
1/5,1924,0.025,0.002916666666666667,0,1,0.21170030603370604,1,-0.0125,0.005572916666666667,0,1,0.2926303462470013,1
1/5,1925,0.14375,0.003190104166666666,0,1,0.2214014795792905,1,0.0125,0.006510416666666666,0,1,0.316287827970415,1
1/5,1926,0.0375,0.0028125,0,1,0.20788557365245167,1,0.0125,0.006614583333333333,0,1,0.31880808955263157,1
1/5,1927,0.0625,0.003125,0,1,0.21913063514414538,1,0.075,0.00625,0,1,0.3098975161522808,1
1/5,1928,-0.025,0.0029687500000000005,0,0,0.21358212353973527,1,0.025,0.0059375,0,1,0.3020507357903395,1
1/5,1929,0.075,0.0034114583333333327,0,1,0.22895394039862088,1,0.0625,0.006510416666666666,0,1,0.316287827970415,1
1/5,1930,0.03125,0.0028515625,0,1,0.20932424530747118,1,-0.0375,0.006822916666666666,0,1,0.32378976767049095,1
1/5,1931,0.11875,0.0030859374999999993,0,1,0.21775676181910655,1,0.05,0.006145833333333333,0,1,0.3073041859060778,1
1/5,1932,0.075,0.0032552083333333326,0,1,0.22364926796464463,1,0.0125,0.00734375,0,1,0.3359209026808096,1
1/5,1933,0.1375,0.003177083333333333,0,1,0.22094917782072535,1,0.1625,0.005885416666666666,0,1,0.300723033821002,1
1/5,1934,0.2,0.0027604166666666667,0,1,0.20595171233041729,1,0.1875,0.00609375,0,1,0.3059992790096397,1
1/5,1935,0.1,0.002942708333333333,0,1,0.21264329647382202,1,0.1625,0.007239583333333334,0,1,0.33352997618794933,1
1/5,1936,0.08125,0.0032682291666666667,0,1,0.22409612009440483,1,0.0125,0.007239583333333335,0,1,0.3335299761879494,1
1/5,1937,0.05625,0.0030338541666666665,0,1,0.21591133225693634,1,0.1125,0.005989583333333334,0,1,0.3033726271641254,1
1/5,1938,0.10625,0.0029557291666666664,0,1,0.21311322698391633,1,0.2,0.0065625000000000015,0,1,0.31755045905055906,1
1/5,1939,0.16875,0.0028515624999999995,0,1,0.20932424530747115,1,0.2125,0.00578125,0,1,0.298049887147356,1
1/5,1940,0.05625,0.0027994791666666663,0,1,0.20740379879010032,1,0.0,0.005833333333333332,0,1,0.29938944395140177,1
1/5,1941,0.0875,0.0033333333333333335,0,1,0.22631714681523435,1,0.025,0.005729166666666666,0,1,0.29670428259055126,1
1/5,1942,0.125,0.0035677083333333338,0,1,0.23413846029003668,1,0.025,0.006458333333333335,0,1,0.315020136183808,1
1/5,1943,0.075,0.003072916666666667,0,1,0.2172968737411991,1,0.125,0.0060416666666666665,0,1,0.3046887835701232,1
1/5,1944,0.0875,0.003203125,0,1,0.22185285921110748,1,-0.05,0.0059375,0,1,0.3020507357903395,1
1/5,1945,0.16875,0.0027994791666666667,0,1,0.20740379879010035,1,0.175,0.0059375,0,1,0.3020507357903395,1
1/5,1946,0.05,0.0028125000000000008,0,1,0.2078855736524517,1,0.1,0.004583333333333333,0,1,0.26538037803511205,1
1/5,1947,0.08125,0.0027994791666666663,0,1,0.20740379879010032,1,0.025,0.005208333333333332,0,1,0.2828964335190429,1
1/5,1948,0.14375,0.0035286458333333337,0,1,0.23285315253664834,1,0.175,0.006041666666666667,0,1,0.3046887835701232,1
1/5,1949,0.13125,0.0030338541666666673,0,1,0.21591133225693637,1,0.1875,0.0066145833333333326,0,1,0.31880808955263157,1
1/5,1950,0.08125,0.0030859375,0,1,0.21775676181910658,1,0.0375,0.007239583333333334,0,1,0.33352997618794933,1
1/5,1951,0.05,0.0035937500000000006,0,1,0.2349914265403699,1,0.0875,0.006302083333333334,0,1,0.31118607687094724,1
1/5,1952,-0.0125,0.002786458333333333,0,0,0.20692090221222198,1,-0.05,0.005520833333333333,0,0,0.2912597047716384,1
1/5,1953,-0.01875,0.0031640624999999993,0,0,0.22049594826075605,1,-0.0125,0.005260416666666667,0,1,0.2843073970525076,1
1/5,1954,0.04375,0.002408854166666666,0,1,0.19239037487678495,1,0.175,0.005416666666666666,0,1,0.28849888696788073,1
1/5,1955,0.125,0.0031510416666666657,0,1,0.220041785166285,1,0.2,0.005937500000000001,0,1,0.3020507357903395,1
1/5,1956,0.13125,0.002747395833333334,0,1,0.20546540300397653,1,0.125,0.005312499999999999,0,1,0.2857113927370593,1
1/5,1957,0.03125,0.0033463541666666667,0,1,0.22675874166795162,1,0.0375,0.0061979166666666675,0,1,0.3086035751516421,1
1/5,1958,0.06875,0.003450520833333334,0,1,0.2302610144266474,1,0.1125,0.00640625,0,1,0.31374732234759706,1
1/5,1959,0.09375,0.0035026041666666673,0,1,0.23199232462684333,1,0.075,0.006562499999999999,0,1,0.317550459050559,1
1/5,1960,0.1625,0.002604166666666666,0,1,0.20003798651480456,1,0.1375,0.005052083333333333,0,1,0.27862067463643186,1
1/5,1961,0.14375,0.0030078125,0,1,0.21498267706137672,1,0.0875,0.006718749999999999,0,1,0.321308583461685,1
1/5,1962,0.13125,0.0029557291666666673,0,1,0.21311322698391638,1,0.175,0.005104166666666667,0,1,0.2800531811207264,1
1/5,1963,0.175,0.0028645833333333336,0,1,0.2098016102268685,1,0.1,0.005312499999999999,0,1,0.2857113927370593,1
1/5,1964,0.0625,0.003333333333333333,0,1,0.22631714681523435,1,0.075,0.0071875,0,1,0.33232806245479196,1
1/5,1965,0.05625,0.0030859374999999993,0,1,0.21775676181910655,1,-0.025,0.006770833333333333,0,1,0.3225515613466048,1
1/5,1966,0.05625,0.0029296875,0,1,0.2121723251392822,1,0.0625,0.0061979166666666675,0,1,0.3086035751516421,1
1/5,1967,0.05,0.0035677083333333338,0,1,0.23413846029003668,1,-0.0125,0.007239583333333331,0,1,0.3335299761879493,1
1/5,1968,0.01875,0.0027734375,0,1,0.20643687604707509,1,0.1,0.0053125,0,1,0.28571139273705937,1
1/5,1969,0.025,0.003072916666666667,0,1,0.2172968737411991,1,0.0625,0.0060937499999999985,0,1,0.30599927900963964,1
1/5,1970,0.03125,0.003111979166666667,0,1,0.21867363645037802,1,0.0875,0.006822916666666668,0,1,0.323789767670491,1
1/5,1971,0.00625,0.002643229166666666,0,1,0.20153268714933215,1,-0.1,0.004479166666666666,0,0,0.2623473598191967,1
1/5,1972,0.0625,0.0022916666666666662,0,1,0.1876522649024772,1,0.0625,0.005885416666666666,0,1,0.300723033821002,1
1/5,1973,0.15,0.0024479166666666664,0,1,0.19394402358918747,1,0.0625,0.004635416666666667,0,1,0.26688396161447564,1
1/5,1974,0.1875,0.002708333333333334,0,1,0.2039995193397598,1,0.25,0.005729166666666666,0,0,0.29670428259055126,1
1/5,1975,0.19375,0.0031640625,0,1,0.22049594826075608,1,0.1625,0.006822916666666666,0,1,0.32378976767049095,1
1/5,1976,0.025,0.0031510416666666674,0,1,0.22004178516628506,1,0.1625,0.005989583333333334,0,1,0.3033726271641254,1
1/5,1977,0.1,0.002604166666666667,0,1,0.2000379865148046,1,0.0625,0.0047395833333333335,0,1,0.2698659978748579,1
1/5,1978,0.0875,0.002942708333333333,0,1,0.21264329647382202,1,0.0375,0.0047395833333333335,0,1,0.2698659978748579,1
1/5,1979,0.10625,0.0029296875000000004,0,1,0.21217232513928222,1,0.125,0.005520833333333333,0,1,0.2912597047716384,1
1/5,1980,0.1,0.0028385416666666667,0,1,0.2088457892639875,1,0.1,0.0053125,0,1,0.28571139273705937,1
1/5,1981,0.1125,0.0029427083333333328,0,1,0.21264329647382202,1,0.0875,0.005885416666666666,0,1,0.300723033821002,1
1/5,1982,0.125,0.0029947916666666664,0,1,0.21451684189413125,1,0.0375,0.004843750000000001,0,1,0.27281544063881114,1
1/5,1983,0.08125,0.0030859375,0,1,0.21775676181910658,1,0.1,0.006458333333333333,0,1,0.3150201361838079,1
1/5,1984,0.00625,0.0032942708333333335,0,1,0.22498716186008233,1,-0.125,0.0060416666666666665,0,0,0.3046887835701232,1
1/5,1985,0.0625,0.002604166666666666,0,1,0.20003798651480456,1,0.0,0.007083333333333334,0,1,0.32991109901456817,1
1/5,1986,0.075,0.0027604166666666667,0,1,0.20595171233041729,1,0.075,0.005208333333333334,0,1,0.282896433519043,1
1/5,1987,0.09375,0.0038151041666666663,0,1,0.2421203465461635,1,0.1625,0.008177083333333333,0,1,0.3544682152091172,1
1/5,1988,0.05,0.0036718750000000007,0,1,0.23753194822790674,1,0.0625,0.00765625,0,1,0.34299369729450946,1
1/5,1989,0.2375,0.0023697916666666667,0,0,0.19082407710898644,1,0.25,0.0060416666666666665,0,1,0.3046887835701232,1
1/5,1990,0.09375,0.0028255208333333335,0,1,0.20836623458001394,1,0.025,0.005625,0,1,0.2939945976810081,1
1/5,1991,0.13125,0.0025911458333333333,0,1,0.19953726486211204,1,0.125,0.004999999999999999,0,1,0.27718076486993554,1
1/5,1992,0.10625,0.0028515625,0,1,0.20932424530747118,1,0.1125,0.006822916666666666,0,1,0.32378976767049095,1
1/5,1993,0.1125,0.0034895833333333337,0,1,0.23156071062579284,1,0.125,0.006875,0,1,0.32502325696646456,1
1/5,1994,0.04375,0.0032421875,0,1,0.22320152123333958,1,0.0875,0.00734375,0,1,0.3359209026808096,1
1/5,1995,0.06875,0.0025911458333333338,0,1,0.19953726486211204,1,0.075,0.0060416666666666665,0,1,0.3046887835701232,1
1/5,1996,0.025,0.002942708333333333,0,1,0.21264329647382202,1,-0.0125,0.00609375,0,1,0.3059992790096397,1
1/5,1997,0.0375,0.0033072916666666667,0,1,0.22543136201979388,1,0.05,0.007291666666666666,0,1,0.33472757421059884,1
1/5,1998,0.0125,0.0034895833333333337,0,1,0.23156071062579284,1,0.0125,0.007656249999999999,0,1,0.34299369729450946,1
1/5,1999,0.24375,0.003294270833333333,0,0,0.2249871618600823,1,0.3125,0.006197916666666667,0,0,0.30860357515164205,1
