replicate,policy,q_spec,behavior,method,estimate,se,lower,upper,truth
0,always_small,correct,known,ipw,0.6413839046572882,0.2481155264308479,0.15507747285282636,1.12769033646175,0.31590053706061727
0,always_small,correct,known,gcomp,0.3444022980107916,,,,0.31590053706061727
0,always_small,correct,known,dr,0.5773053253743323,0.24310246413149045,0.10082449567661106,1.0537861550720535,0.31590053706061727
0,failure_escalation,correct,known,ipw,0.5784217841587616,0.08504590696973792,0.4117318064980752,0.7451117618194478,0.4503863335791294
0,failure_escalation,correct,known,gcomp,0.47153974731454196,,,,0.4503863335791294
0,failure_escalation,correct,known,dr,0.46963351238621265,0.061507058477559495,0.34907967777019605,0.5901873470022293,0.4503863335791294
0,soft_escalation,correct,known,ipw,0.5277289457684029,0.05991484338732505,0.4102958527292458,0.64516203880756,0.4471300554415774
0,soft_escalation,correct,known,gcomp,0.4643779486870695,,,,0.4471300554415774
0,soft_escalation,correct,known,dr,0.46179484423426903,0.046917542349355704,0.36983646122953184,0.5537532272390062,0.4471300554415774
1,always_small,correct,known,ipw,0.49725806034018455,0.24434772101362107,0.01833652715348727,0.9761795935268818,0.31590053706061727
1,always_small,correct,known,gcomp,0.348151476392286,,,,0.31590053706061727
1,always_small,correct,known,dr,0.4630975025541638,0.18970892677629725,0.0912680060726212,0.8349269990357064,0.31590053706061727
1,failure_escalation,correct,known,ipw,0.5202629258303794,0.08241620076564489,0.3587271723297154,0.6817986793310433,0.4503863335791294
1,failure_escalation,correct,known,gcomp,0.42820873185772246,,,,0.4503863335791294
1,failure_escalation,correct,known,dr,0.4970905939136059,0.06021768933117231,0.3790639228245082,0.6151172650027036,0.4503863335791294
1,soft_escalation,correct,known,ipw,0.48483210719569214,0.058351029172784466,0.3704640900170346,0.5992001243743497,0.4471300554415774
1,soft_escalation,correct,known,gcomp,0.43158258387667836,,,,0.4471300554415774
1,soft_escalation,correct,known,dr,0.473649314028402,0.045538300569053225,0.3843942449130577,0.5629043831437464,0.4471300554415774
2,always_small,correct,known,ipw,0.17172490482944697,0.04801897832491423,0.07760770731261507,0.26584210234627886,0.31590053706061727
2,always_small,correct,known,gcomp,0.24895194827740144,,,,0.31590053706061727
2,always_small,correct,known,dr,0.19408792991272572,0.05002280659236652,0.09604322899168734,0.2921326308337641,0.31590053706061727
2,failure_escalation,correct,known,ipw,0.539742479838514,0.07965668775453012,0.3836153718396349,0.695869587837393,0.4503863335791294
2,failure_escalation,correct,known,gcomp,0.523672588039417,,,,0.4503863335791294
2,failure_escalation,correct,known,dr,0.5255829313432092,0.05662012256768658,0.4146074911105435,0.6365583715758749,0.4503863335791294
2,soft_escalation,correct,known,ipw,0.5445053209452674,0.05521502327355169,0.43628387532910606,0.6527267665614287,0.4471300554415774
2,soft_escalation,correct,known,gcomp,0.5128766829887546,,,,0.4471300554415774
2,soft_escalation,correct,known,dr,0.522572543865939,0.04295221961095251,0.43838619342847207,0.6067588943034059,0.4471300554415774
3,always_small,correct,known,ipw,0.32266965823753346,0.11695671054534977,0.09343450556864791,0.5519048109064191,0.31590053706061727
3,always_small,correct,known,gcomp,0.28650712061630645,,,,0.31590053706061727
3,always_small,correct,known,dr,0.29520686988643297,0.09224708368765558,0.11440258585862803,0.4760111539142379,0.31590053706061727
3,failure_escalation,correct,known,ipw,0.5526841771452502,0.08302460799276402,0.3899559454794327,0.7154124088110677,0.4503863335791294
3,failure_escalation,correct,known,gcomp,0.5410752382154549,,,,0.4503863335791294
3,failure_escalation,correct,known,dr,0.5322395782466957,0.05465280209195161,0.4251200861464705,0.6393590703469209,0.4503863335791294
3,soft_escalation,correct,known,ipw,0.5379112215595578,0.05805458762514095,0.42412422981428155,0.6516982133048341,0.4471300554415774
3,soft_escalation,correct,known,gcomp,0.5262086541261374,,,,0.4471300554415774
3,soft_escalation,correct,known,dr,0.5177980188816708,0.041821853754891135,0.43582718552208416,0.5997688522412574,0.4471300554415774
4,always_small,correct,known,ipw,0.3161923720073152,0.1184888468649019,0.08395423215210748,0.5484305118625229,0.31590053706061727
4,always_small,correct,known,gcomp,0.24033611900661067,,,,0.31590053706061727
4,always_small,correct,known,dr,0.33206654714991984,0.10244515728287366,0.13127403887548747,0.5328590554243522,0.31590053706061727
4,failure_escalation,correct,known,ipw,0.36974159556785396,0.07023696360668899,0.23207714689874354,0.5074060442369643,0.4503863335791294
4,failure_escalation,correct,known,gcomp,0.3887062108033337,,,,0.4503863335791294
4,failure_escalation,correct,known,dr,0.3409588045038873,0.05615720456992054,0.23089068354684306,0.4510269254609316,0.4503863335791294
4,soft_escalation,correct,known,ipw,0.36020032824791787,0.05036296541322194,0.26148891603800284,0.4589117404578329,0.4471300554415774
4,soft_escalation,correct,known,gcomp,0.38051264999617745,,,,0.4471300554415774
4,soft_escalation,correct,known,dr,0.34580286806070193,0.042599137991371876,0.26230855759761307,0.4292971785237908,0.4471300554415774
5,always_small,correct,known,ipw,0.391055450585646,0.1457188220429241,0.10544655938151476,0.6766643417897773,0.31590053706061727
5,always_small,correct,known,gcomp,0.29800257857388557,,,,0.31590053706061727
5,always_small,correct,known,dr,0.2921071570465143,0.14725283247134077,0.003491605402686393,0.5807227086903421,0.31590053706061727
5,failure_escalation,correct,known,ipw,0.46274222939493803,0.07314910873255723,0.3193699762791259,0.6061144825107502,0.4503863335791294
5,failure_escalation,correct,known,gcomp,0.4810447482965721,,,,0.4503863335791294
5,failure_escalation,correct,known,dr,0.4381606602067435,0.05629704067486831,0.3278184604840016,0.5485028599294853,0.4503863335791294
5,soft_escalation,correct,known,ipw,0.4463083349867,0.051722051404756504,0.34493311423337725,0.5476835557400227,0.4471300554415774
5,soft_escalation,correct,known,gcomp,0.47180717118974613,,,,0.4471300554415774
5,soft_escalation,correct,known,dr,0.44125675377636264,0.04264784787869114,0.357666971934128,0.5248465356185973,0.4471300554415774
6,always_small,correct,known,ipw,0.2114538585222355,0.06431874040133409,0.08538912733562068,0.3375185897088503,0.31590053706061727
6,always_small,correct,known,gcomp,0.3036153331695105,,,,0.31590053706061727
6,always_small,correct,known,dr,0.2997727576717782,0.058979305868237256,0.18417331817003318,0.4153721971735232,0.31590053706061727
6,failure_escalation,correct,known,ipw,0.4474480890033269,0.07828272641701296,0.29401394522598145,0.6008822327806723,0.4503863335791294
6,failure_escalation,correct,known,gcomp,0.41311407689043383,,,,0.4503863335791294
6,failure_escalation,correct,known,dr,0.45570558938680383,0.06102897893964871,0.33608879066509234,0.5753223881085153,0.4503863335791294
6,soft_escalation,correct,known,ipw,0.442589985785731,0.05571769019518572,0.333383313003167,0.551796658568295,0.4471300554415774
6,soft_escalation,correct,known,gcomp,0.4129751316113935,,,,0.4471300554415774
6,soft_escalation,correct,known,dr,0.4398785179899504,0.046494197696325706,0.34874989050515204,0.5310071454747488,0.4471300554415774
7,always_small,correct,known,ipw,0.34914491649709894,0.08453597432230109,0.18345440682538883,0.5148354261688091,0.31590053706061727
7,always_small,correct,known,gcomp,0.3150265167917922,,,,0.31590053706061727
7,always_small,correct,known,dr,0.2798505044636601,0.07175199343088261,0.1392165973391302,0.42048441158819005,0.31590053706061727
7,failure_escalation,correct,known,ipw,0.3907684409320375,0.06850715495935102,0.2564944172117095,0.5250424646523655,0.4503863335791294
7,failure_escalation,correct,known,gcomp,0.47028826522820033,,,,0.4503863335791294
7,failure_escalation,correct,known,dr,0.39965020730719947,0.05587034112796921,0.2901443386963798,0.5091560759180191,0.4503863335791294
7,soft_escalation,correct,known,ipw,0.4111774787874289,0.04881403468698236,0.31550197080094344,0.5068529867739143,0.4471300554415774
7,soft_escalation,correct,known,gcomp,0.4563161295239103,,,,0.4471300554415774
7,soft_escalation,correct,known,dr,0.40675409870159596,0.04273807467987294,0.322987472329045,0.4905207250741469,0.4471300554415774
8,always_small,correct,known,ipw,0.1360660840639091,0.04688321556987503,0.044174981546954054,0.22795718658086417,0.31590053706061727
8,always_small,correct,known,gcomp,0.28724814872310106,,,,0.31590053706061727
8,always_small,correct,known,dr,0.25415113499861325,0.045201063420006474,0.16555705069540055,0.34274521930182594,0.31590053706061727
8,failure_escalation,correct,known,ipw,0.37623909207767103,0.07282529484135455,0.23350151418861612,0.518976669966726,0.4503863335791294
8,failure_escalation,correct,known,gcomp,0.4477328854207809,,,,0.4503863335791294
8,failure_escalation,correct,known,dr,0.4264958260137912,0.05659050433820424,0.3155784375109109,0.5374132145166716,0.4503863335791294
8,soft_escalation,correct,known,ipw,0.4070087181977622,0.05193943597839319,0.30520742368011156,0.5088100127154128,0.4471300554415774
8,soft_escalation,correct,known,gcomp,0.44240298747226336,,,,0.4471300554415774
8,soft_escalation,correct,known,dr,0.4297668258506665,0.04348783335809426,0.34453067246880176,0.5150029792325312,0.4471300554415774
9,always_small,correct,known,ipw,0.30799269639758425,0.1011981760861225,0.10964427126878415,0.5063411215263843,0.31590053706061727
9,always_small,correct,known,gcomp,0.2743838459350255,,,,0.31590053706061727
9,always_small,correct,known,dr,0.2815892648839688,0.08344017074486107,0.1180465302240411,0.4451319995438965,0.31590053706061727
9,failure_escalation,correct,known,ipw,0.3273337160728047,0.06832746949944542,0.1934118758538917,0.4612555562917177,0.4503863335791294
9,failure_escalation,correct,known,gcomp,0.391415857324696,,,,0.4503863335791294
9,failure_escalation,correct,known,dr,0.3256482798689019,0.05855351732675964,0.21088338590845299,0.44041317382935075,0.4503863335791294
9,soft_escalation,correct,known,ipw,0.35938838845704263,0.04900510273010228,0.2633383871060422,0.4554383898080431,0.4471300554415774
9,soft_escalation,correct,known,gcomp,0.3919161607812222,,,,0.4471300554415774
9,soft_escalation,correct,known,dr,0.3541640719221947,0.044752033167535704,0.2664500869138247,0.44187805693056464,0.4471300554415774
10,always_small,correct,known,ipw,0.2205456099675685,0.061313832820910824,0.10037049763858329,0.3407207222965537,0.31590053706061727
10,always_small,correct,known,gcomp,0.2458791152399557,,,,0.31590053706061727
10,always_small,correct,known,dr,0.12044412045476607,0.06621139050421973,-0.009330204933504588,0.25021844584303676,0.31590053706061727
10,failure_escalation,correct,known,ipw,0.5268031298099476,0.07846169842705879,0.3730182008929124,0.6805880587269828,0.4503863335791294
10,failure_escalation,correct,known,gcomp,0.5122927133149605,,,,0.4503863335791294
10,failure_escalation,correct,known,dr,0.5145411074174596,0.05594770405842481,0.404883607462947,0.6241986073719723,0.4503863335791294
10,soft_escalation,correct,known,ipw,0.5001742012865319,0.05523015674097654,0.3919230940742179,0.6084253084988459,0.4471300554415774
10,soft_escalation,correct,known,gcomp,0.499815008538301,,,,0.4471300554415774
10,soft_escalation,correct,known,dr,0.5013755285210714,0.04292404145023612,0.41724440727860856,0.5855066497635342,0.4471300554415774
11,always_small,correct,known,ipw,0.14356113161541126,0.05082305162369803,0.04394795043296312,0.2431743127978594,0.31590053706061727
11,always_small,correct,known,gcomp,0.2709549289510823,,,,0.31590053706061727
11,always_small,correct,known,dr,0.2410315858866739,0.04349739818551948,0.15577668544305573,0.32628648633029206,0.31590053706061727
11,failure_escalation,correct,known,ipw,0.4656741954996252,0.07613145765157803,0.31645653850253225,0.6148918524967182,0.4503863335791294
11,failure_escalation,correct,known,gcomp,0.42756738174827846,,,,0.4503863335791294
11,failure_escalation,correct,known,dr,0.46030103365163144,0.055121765755527394,0.35226237277079775,0.5683396945324651,0.4503863335791294
11,soft_escalation,correct,known,ipw,0.4402457296180091,0.05413151031522636,0.33414796940016545,0.5463434898358528,0.4471300554415774
11,soft_escalation,correct,known,gcomp,0.42092850756098066,,,,0.4471300554415774
11,soft_escalation,correct,known,dr,0.4406275363579991,0.04226303114765886,0.35779199530858774,0.5234630774074105,0.4471300554415774
12,always_small,correct,known,ipw,0.1481227026427161,0.056841976761840836,0.03671242818950807,0.25953297709592416,0.31590053706061727
12,always_small,correct,known,gcomp,0.3120680358853935,,,,0.31590053706061727
12,always_small,correct,known,dr,0.2052581510555318,0.05448119897046339,0.09847500107342355,0.31204130103764005,0.31590053706061727
12,failure_escalation,correct,known,ipw,0.48333480765760634,0.07921147125341761,0.3280803240009078,0.6385892913143049,0.4503863335791294
12,failure_escalation,correct,known,gcomp,0.4038014610265603,,,,0.4503863335791294
12,failure_escalation,correct,known,dr,0.4456959713962933,0.06096682447123976,0.32620099543266334,0.5651909473599233,0.4503863335791294
12,soft_escalation,correct,known,ipw,0.44609504788246607,0.0563005439641659,0.33574598171270087,0.5564441140522313,0.4471300554415774
12,soft_escalation,correct,known,gcomp,0.40550731528364475,,,,0.4471300554415774
12,soft_escalation,correct,known,dr,0.4275991059032114,0.046252186451458135,0.33694482045835344,0.5182533913480694,0.4471300554415774
13,always_small,correct,known,ipw,0.22880624170390973,0.060541993098484945,0.11014393523087924,0.34746854817694023,0.31590053706061727
13,always_small,correct,known,gcomp,0.3006672889759916,,,,0.31590053706061727
13,always_small,correct,known,dr,0.27323284348138416,0.059529168336378904,0.1565556735420815,0.3899100134206868,0.31590053706061727
13,failure_escalation,correct,known,ipw,0.5396676046394846,0.08051583796366514,0.3818565622307009,0.6974786470482683,0.4503863335791294
13,failure_escalation,correct,known,gcomp,0.5268774035492595,,,,0.4503863335791294
13,failure_escalation,correct,known,dr,0.5473048296858165,0.05740456361775363,0.4347918849950194,0.6598177743766136,0.4503863335791294
13,soft_escalation,correct,known,ipw,0.52978593253338,0.056332673257990254,0.4193738929477191,0.640197972119041,0.4471300554415774
13,soft_escalation,correct,known,gcomp,0.51380509194396,,,,0.4471300554415774
13,soft_escalation,correct,known,dr,0.520565676335282,0.043917697321066054,0.43448698958599247,0.6066443630845714,0.4471300554415774
14,always_small,correct,known,ipw,0.2567974200798156,0.07105591770593146,0.11752782137618994,0.39606701878344125,0.31590053706061727
14,always_small,correct,known,gcomp,0.3353753040467645,,,,0.31590053706061727
14,always_small,correct,known,dr,0.2805235310080003,0.06782077885286773,0.14759480445637957,0.41345225755962106,0.31590053706061727
14,failure_escalation,correct,known,ipw,0.37641910915035626,0.06774777654868794,0.2436334671149279,0.5092047511857847,0.4503863335791294
14,failure_escalation,correct,known,gcomp,0.4007089658546193,,,,0.4503863335791294
14,failure_escalation,correct,known,dr,0.3956554344612316,0.0525360436919934,0.29268478882492455,0.4986260800975386,0.4503863335791294
14,soft_escalation,correct,known,ipw,0.3965741217938735,0.04807198012008733,0.30235304075850233,0.4907952028292447,0.4471300554415774
14,soft_escalation,correct,known,gcomp,0.4044384994071334,,,,0.4471300554415774
14,soft_escalation,correct,known,dr,0.4046087149204782,0.04065215167635219,0.3249304976348279,0.48428693220612845,0.4471300554415774
15,always_small,correct,known,ipw,0.347180390077274,0.10449349128822007,0.1423731471523627,0.5519876330021853,0.31590053706061727
15,always_small,correct,known,gcomp,0.24193571077231948,,,,0.31590053706061727
15,always_small,correct,known,dr,0.32904413218467216,0.08966109973291989,0.15330837670814917,0.5047798876611951,0.31590053706061727
15,failure_escalation,correct,known,ipw,0.5011941142344506,0.08242547271043607,0.3396401877219959,0.6627480407469053,0.4503863335791294
15,failure_escalation,correct,known,gcomp,0.49197669506429564,,,,0.4503863335791294
15,failure_escalation,correct,known,dr,0.5127605310974563,0.057830814573688834,0.3994121345330262,0.6261089276618864,0.4503863335791294
15,soft_escalation,correct,known,ipw,0.48627721858135053,0.05808833571021796,0.3724240805893233,0.6001303565733778,0.4471300554415774
15,soft_escalation,correct,known,gcomp,0.4823107704959426,,,,0.4471300554415774
15,soft_escalation,correct,known,dr,0.492680040895215,0.043848156471214844,0.4067376542116339,0.5786224275787961,0.4471300554415774
16,always_small,correct,known,ipw,0.15993807602354684,0.04671225551521851,0.06838205521371857,0.2514940968333751,0.31590053706061727
16,always_small,correct,known,gcomp,0.26060843670202294,,,,0.31590053706061727
16,always_small,correct,known,dr,0.15021506277878222,0.05107898818082758,0.05010024594436016,0.2503298796132043,0.31590053706061727
16,failure_escalation,correct,known,ipw,0.37993802760323303,0.0686109435908414,0.2454605781651839,0.5144154770412821,0.4503863335791294
16,failure_escalation,correct,known,gcomp,0.430103983215441,,,,0.4503863335791294
16,failure_escalation,correct,known,dr,0.4263810393052262,0.051805503876825365,0.3248422517066485,0.5279198269038039,0.4503863335791294
16,soft_escalation,correct,known,ipw,0.38953538824114753,0.04884531092699489,0.29379857882423754,0.4852721976580575,0.4471300554415774
16,soft_escalation,correct,known,gcomp,0.42952502901345085,,,,0.4471300554415774
16,soft_escalation,correct,known,dr,0.4206930552407997,0.04005219634019712,0.34219075041401337,0.499195360067586,0.4471300554415774
17,always_small,correct,known,ipw,0.5556439582305197,0.261607231088293,0.04289378529746546,1.0683941311635738,0.31590053706061727
17,always_small,correct,known,gcomp,0.41682566306167995,,,,0.31590053706061727
17,always_small,correct,known,dr,0.6042868440261892,0.17950925051014416,0.2524487130263066,0.9561249750260716,0.31590053706061727
17,failure_escalation,correct,known,ipw,0.46907210158220947,0.08007589514145247,0.3121233471049626,0.6260208560594563,0.4503863335791294
17,failure_escalation,correct,known,gcomp,0.4649298629541358,,,,0.4503863335791294
17,failure_escalation,correct,known,dr,0.47533860124196864,0.06171641852166733,0.35437442093950067,0.5963027815444366,0.4503863335791294
17,soft_escalation,correct,known,ipw,0.4608541932558198,0.05670118240759477,0.349719875736934,0.5719885107747056,0.4471300554415774
17,soft_escalation,correct,known,gcomp,0.46466619630555284,,,,0.4471300554415774
17,soft_escalation,correct,known,dr,0.4674085457594267,0.04704183611162541,0.37520654698064093,0.5596105445382125,0.4471300554415774
18,always_small,correct,known,ipw,0.5012038201088732,0.24591538011713043,0.01920967507929755,0.9831979651384488,0.31590053706061727
18,always_small,correct,known,gcomp,0.3259931150093921,,,,0.31590053706061727
18,always_small,correct,known,dr,0.5215641021380021,0.2115840644989178,0.10685933572012318,0.936268868555881,0.31590053706061727
18,failure_escalation,correct,known,ipw,0.40048036807641485,0.07101189075268988,0.2612970622011427,0.539663673951687,0.4503863335791294
18,failure_escalation,correct,known,gcomp,0.42730529953249047,,,,0.4503863335791294
18,failure_escalation,correct,known,dr,0.36404035947406505,0.06125521400444671,0.2439801400253495,0.4841005789227806,0.4503863335791294
18,soft_escalation,correct,known,ipw,0.4075741504128977,0.05062858996233189,0.3083421140867272,0.5068061867390682,0.4471300554415774
18,soft_escalation,correct,known,gcomp,0.4276725876442253,,,,0.4471300554415774
18,soft_escalation,correct,known,dr,0.3879982186952683,0.046304576242976535,0.2972412492590343,0.4787551881315023,0.4471300554415774
19,always_small,correct,known,ipw,0.3398950680144045,0.07307358516727087,0.19667084108655358,0.4831192949422554,0.31590053706061727
19,always_small,correct,known,gcomp,0.36729403871667443,,,,0.31590053706061727
19,always_small,correct,known,dr,0.241603918909872,0.07890923722030702,0.08694181395807027,0.39626602386167376,0.31590053706061727
19,failure_escalation,correct,known,ipw,0.4894903505908023,0.07580392005801015,0.3409146672771024,0.6380660339045022,0.4503863335791294
19,failure_escalation,correct,known,gcomp,0.5267569211891115,,,,0.4503863335791294
19,failure_escalation,correct,known,dr,0.531076021459397,0.05221823972176362,0.42872827160474036,0.6334237713140537,0.4503863335791294
19,soft_escalation,correct,known,ipw,0.4864422214528433,0.0531016615892746,0.38236296473786513,0.5905214781678215,0.4471300554415774
19,soft_escalation,correct,known,gcomp,0.5176057911000721,,,,0.4471300554415774
19,soft_escalation,correct,known,dr,0.5217345501264635,0.03961151817054398,0.44409597451219734,0.5993731257407298,0.4471300554415774
20,always_small,correct,known,ipw,0.2311014339057013,0.06136066299539108,0.11083453443473477,0.3513683333766678,0.31590053706061727
20,always_small,correct,known,gcomp,0.34642750943329526,,,,0.31590053706061727
20,always_small,correct,known,dr,0.18571295219031445,0.0784699854692764,0.03191178067053271,0.33951412371009615,0.31590053706061727
20,failure_escalation,correct,known,ipw,0.41989178244662106,0.07150869795194227,0.2797347344608142,0.5600488304324279,0.4503863335791294
20,failure_escalation,correct,known,gcomp,0.43630004334718653,,,,0.4503863335791294
20,failure_escalation,correct,known,dr,0.40655248799493654,0.05854592724138322,0.2918024706018254,0.5213025053880477,0.4503863335791294
20,soft_escalation,correct,known,ipw,0.42603393063667316,0.05077191789891134,0.32652097155480697,0.5255468897185394,0.4471300554415774
20,soft_escalation,correct,known,gcomp,0.4330454119108983,,,,0.4471300554415774
20,soft_escalation,correct,known,dr,0.41026917357374765,0.044626892075167526,0.3228004651064193,0.497737882041076,0.4471300554415774
21,always_small,correct,known,ipw,0.23921774657749564,0.05871933303192094,0.12412785383493061,0.3543076393200607,0.31590053706061727
21,always_small,correct,known,gcomp,0.28420155293255234,,,,0.31590053706061727
21,always_small,correct,known,dr,0.1808721267769667,0.06580738188615738,0.051889658280098255,0.3098545952738352,0.31590053706061727
21,failure_escalation,correct,known,ipw,0.48273706192947136,0.07356482139267731,0.3385500119998238,0.6269241118591189,0.4503863335791294
21,failure_escalation,correct,known,gcomp,0.5180881086838046,,,,0.4503863335791294
21,failure_escalation,correct,known,dr,0.5082023074388619,0.050535586727419174,0.4091525574531203,0.6072520574246034,0.4503863335791294
21,soft_escalation,correct,known,ipw,0.48807307592560406,0.05140036194949405,0.38732836650459573,0.5888177853466124,0.4471300554415774
21,soft_escalation,correct,known,gcomp,0.5070874589981821,,,,0.4471300554415774
21,soft_escalation,correct,known,dr,0.49635644199607487,0.03933852432168017,0.41925293432558175,0.573459949666568,0.4471300554415774
22,always_small,correct,known,ipw,0.32116218667961277,0.10132929313642576,0.12255677213221827,0.5197676012270073,0.31590053706061727
22,always_small,correct,known,gcomp,0.3828608939474038,,,,0.31590053706061727
22,always_small,correct,known,dr,0.36489238669645946,0.084267493619145,0.19972809920293527,0.5300566741899837,0.31590053706061727
22,failure_escalation,correct,known,ipw,0.4660586356378726,0.0798559821743356,0.30954091057617483,0.6225763606995703,0.4503863335791294
22,failure_escalation,correct,known,gcomp,0.45646446689676384,,,,0.4503863335791294
22,failure_escalation,correct,known,dr,0.5039721514824268,0.05467808930714058,0.39680309644043127,0.6111412065244224,0.4503863335791294
22,soft_escalation,correct,known,ipw,0.46097481424114084,0.05640597895852697,0.350419095482428,0.5715305329998537,0.4471300554415774
22,soft_escalation,correct,known,gcomp,0.4535514729270421,,,,0.4471300554415774
22,soft_escalation,correct,known,dr,0.4801193852570251,0.04273700654584153,0.39635485242717566,0.5638839180868744,0.4471300554415774
23,always_small,correct,known,ipw,0.32006852716737183,0.0832954261828249,0.15680949184903503,0.48332756248570863,0.31590053706061727
23,always_small,correct,known,gcomp,0.3236178726711778,,,,0.31590053706061727
23,always_small,correct,known,dr,0.28382793134120715,0.09908640365433545,0.08961858017870966,0.47803728250370464,0.31590053706061727
23,failure_escalation,correct,known,ipw,0.6993542487866302,0.08829165389902004,0.5263026071445509,0.8724058904287095,0.4503863335791294
23,failure_escalation,correct,known,gcomp,0.4916350969142307,,,,0.4503863335791294
23,failure_escalation,correct,known,dr,0.5830975757817023,0.06145312583805405,0.4626494491391164,0.7035457024242883,0.4503863335791294
23,soft_escalation,correct,known,ipw,0.5984378005520137,0.06222105221889626,0.476484538202977,0.7203910629010504,0.4471300554415774
23,soft_escalation,correct,known,gcomp,0.48409132434395147,,,,0.4471300554415774
23,soft_escalation,correct,known,dr,0.5287009560350072,0.04635957703457642,0.4378361850472374,0.619565727022777,0.4471300554415774
24,always_small,correct,known,ipw,0.23226611974225814,0.07042516848125077,0.09423278951900663,0.3702994499655097,0.31590053706061727
24,always_small,correct,known,gcomp,0.3464233272441025,,,,0.31590053706061727
24,always_small,correct,known,dr,0.19014888644588188,0.08251981010368428,0.02841005864266069,0.35188771424910303,0.31590053706061727
24,failure_escalation,correct,known,ipw,0.415748729491131,0.07481308787587888,0.2691150772544084,0.5623823817278536,0.4503863335791294
24,failure_escalation,correct,known,gcomp,0.4810395094812883,,,,0.4503863335791294
24,failure_escalation,correct,known,dr,0.4459141342145364,0.057666704613632554,0.3328873931718166,0.5589408752572562,0.4503863335791294
24,soft_escalation,correct,known,ipw,0.42782809421605517,0.05295840843052216,0.3240296136922317,0.5316265747398786,0.4471300554415774
24,soft_escalation,correct,known,gcomp,0.4715353427037082,,,,0.4471300554415774
24,soft_escalation,correct,known,dr,0.451084930661526,0.044062848797965674,0.36472174701751325,0.5374481143055387,0.4471300554415774
25,always_small,correct,known,ipw,0.8984370756623898,0.4047979057582127,0.10503318037629306,1.6918409709484865,0.31590053706061727
25,always_small,correct,known,gcomp,0.3673883610819669,,,,0.31590053706061727
25,always_small,correct,known,dr,0.8085182403891292,0.35189506597802195,0.11880391107220623,1.4982325697060523,0.31590053706061727
25,failure_escalation,correct,known,ipw,0.47298905806933095,0.07824542270972354,0.31962802955827285,0.626350086580389,0.4503863335791294
25,failure_escalation,correct,known,gcomp,0.41495053627123424,,,,0.4503863335791294
25,failure_escalation,correct,known,dr,0.4524949484415365,0.05980316565944689,0.33528074374902056,0.5697091531340523,0.4503863335791294
25,soft_escalation,correct,known,ipw,0.45538722656871644,0.055571786282211995,0.34646652545558093,0.5643079276818519,0.4471300554415774
25,soft_escalation,correct,known,gcomp,0.419089266179452,,,,0.4471300554415774
25,soft_escalation,correct,known,dr,0.44508002615040143,0.045695069313144265,0.35551769029663866,0.5346423620041642,0.4471300554415774
26,always_small,correct,known,ipw,0.11782640406663981,0.04551703746031591,0.028613010644420636,0.20703979748885898,0.31590053706061727
26,always_small,correct,known,gcomp,0.23029998002735436,,,,0.31590053706061727
26,always_small,correct,known,dr,0.12522498058553597,0.055015186735389285,0.017395214584172966,0.23305474658689895,0.31590053706061727
26,failure_escalation,correct,known,ipw,0.3092902024650865,0.06697316787025967,0.17802279343937752,0.4405576114907954,0.4503863335791294
26,failure_escalation,correct,known,gcomp,0.41652017103049954,,,,0.4503863335791294
26,failure_escalation,correct,known,dr,0.33404139153806145,0.055774374486629405,0.2247236175442678,0.44335916553185506,0.4503863335791294
26,soft_escalation,correct,known,ipw,0.3598364437149315,0.047815177396423304,0.2661186960179418,0.4535541914119212,0.4471300554415774
26,soft_escalation,correct,known,gcomp,0.41712433346928757,,,,0.4471300554415774
26,soft_escalation,correct,known,dr,0.3781677182927224,0.04260111702615404,0.2946695289214605,0.4616659076639843,0.4471300554415774
27,always_small,correct,known,ipw,0.19329653036648994,0.08340915552195603,0.029814585543456118,0.35677847518952377,0.31590053706061727
27,always_small,correct,known,gcomp,0.2529998258031092,,,,0.31590053706061727
27,always_small,correct,known,dr,0.20584289412528162,0.08145989834683072,0.0461814933654934,0.36550429488506986,0.31590053706061727
27,failure_escalation,correct,known,ipw,0.5756970463452145,0.08276381478904836,0.4134799693586797,0.7379141233317492,0.4503863335791294
27,failure_escalation,correct,known,gcomp,0.45942861130238727,,,,0.4503863335791294
27,failure_escalation,correct,known,dr,0.5567816086075363,0.05597055803736183,0.44707931485430713,0.6664839023607655,0.4503863335791294
27,soft_escalation,correct,known,ipw,0.526040136159566,0.0582764221083989,0.41181834882710416,0.6402619234920278,0.4471300554415774
27,soft_escalation,correct,known,gcomp,0.4531253647406415,,,,0.4471300554415774
27,soft_escalation,correct,known,dr,0.5093416056055654,0.04330826157673914,0.4244574129151567,0.5942257982959741,0.4471300554415774
28,always_small,correct,known,ipw,0.2869832930292946,0.08138771272116971,0.12746337609580197,0.44650320996278725,0.31590053706061727
28,always_small,correct,known,gcomp,0.37587801662819664,,,,0.31590053706061727
28,always_small,correct,known,dr,0.4088179474831668,0.05600767321035938,0.2990429079908624,0.5185929869754712,0.31590053706061727
28,failure_escalation,correct,known,ipw,0.5027527407942182,0.07953615928406853,0.34686186859744383,0.6586436129909925,0.4503863335791294
28,failure_escalation,correct,known,gcomp,0.49416348359731943,,,,0.4503863335791294
28,failure_escalation,correct,known,dr,0.5160431453258998,0.055520965180776365,0.40722205357157815,0.6248642370802214,0.4503863335791294
28,soft_escalation,correct,known,ipw,0.501011044844376,0.055792673532056795,0.39165740472154464,0.6103646849672073,0.4471300554415774
28,soft_escalation,correct,known,gcomp,0.488746684056844,,,,0.4471300554415774
28,soft_escalation,correct,known,dr,0.5092834584355361,0.04288141235907373,0.4252358902117516,0.5933310266593206,0.4471300554415774
29,always_small,correct,known,ipw,0.32638493296497484,0.11356439083125286,0.10379872693571923,0.5489711389942304,0.31590053706061727
29,always_small,correct,known,gcomp,0.28160520767370517,,,,0.31590053706061727
29,always_small,correct,known,dr,0.34090436360999865,0.1047601365729874,0.13557449592694334,0.5462342312930539,0.31590053706061727
29,failure_escalation,correct,known,ipw,0.3055736736988706,0.06557217086082294,0.17705221881165767,0.43409512858608357,0.4503863335791294
29,failure_escalation,correct,known,gcomp,0.40162829678185696,,,,0.4503863335791294
29,failure_escalation,correct,known,dr,0.38465354633182414,0.053616588059175956,0.2795650337358393,0.489742058927809,0.4503863335791294
29,soft_escalation,correct,known,ipw,0.3541070830177871,0.047036815444331186,0.261914924746898,0.4462992412886762,0.4471300554415774
29,soft_escalation,correct,known,gcomp,0.40151097734605434,,,,0.4471300554415774
29,soft_escalation,correct,known,dr,0.3938916306732972,0.041413678071276015,0.3127208216535962,0.47506243969299816,0.4471300554415774
30,always_small,correct,known,ipw,0.4752353027307645,0.24092793121517167,0.0030165575490280205,0.9474540479125009,0.31590053706061727
30,always_small,correct,known,gcomp,0.29749801512513774,,,,0.31590053706061727
30,always_small,correct,known,dr,0.4983304314955968,0.23545878606958326,0.03683121079921364,0.95982965219198,0.31590053706061727
30,failure_escalation,correct,known,ipw,0.39652981988413444,0.07092262705006508,0.25752147086600685,0.535538168902262,0.4503863335791294
30,failure_escalation,correct,known,gcomp,0.3702779016244703,,,,0.4503863335791294
30,failure_escalation,correct,known,dr,0.4103449775542209,0.05788885432053,0.2968828230859821,0.5238071320224597,0.4503863335791294
30,soft_escalation,correct,known,ipw,0.3789076985192563,0.050724685440940574,0.2794873150550128,0.47832808198349985,0.4471300554415774
30,soft_escalation,correct,known,gcomp,0.3760928318030972,,,,0.4471300554415774
30,soft_escalation,correct,known,dr,0.38883369989472455,0.044137665290326436,0.30232387592568477,0.47534352386376433,0.4471300554415774
31,always_small,correct,known,ipw,0.23251147447631587,0.07884133315796296,0.07798246148670848,0.38704048746592323,0.31590053706061727
31,always_small,correct,known,gcomp,0.2709993333425094,,,,0.31590053706061727
31,always_small,correct,known,dr,0.1732213832231239,0.08967380312483747,-0.002539270901557561,0.3489820373478053,0.31590053706061727
31,failure_escalation,correct,known,ipw,0.29179489666252495,0.0660731648829818,0.16229149349188063,0.42129829983316924,0.4503863335791294
31,failure_escalation,correct,known,gcomp,0.35678188965247454,,,,0.4503863335791294
31,failure_escalation,correct,known,dr,0.32162528345603825,0.05730079536572644,0.20931572453921443,0.43393484237286206,0.4503863335791294
31,soft_escalation,correct,known,ipw,0.3362305577791574,0.04747297656231887,0.2431835237170124,0.4292775918413024,0.4471300554415774
31,soft_escalation,correct,known,gcomp,0.36794898739862275,,,,0.4471300554415774
31,soft_escalation,correct,known,dr,0.35492170146086144,0.04349789750725506,0.2696658223466415,0.4401775805750814,0.4471300554415774
32,always_small,correct,known,ipw,0.30872338485547884,0.08758454651323075,0.13705767368954658,0.4803890960214111,0.31590053706061727
32,always_small,correct,known,gcomp,0.3636783950090568,,,,0.31590053706061727
32,always_small,correct,known,dr,0.3443687572103094,0.07059452706624299,0.20600348416047315,0.48273403026014566,0.31590053706061727
32,failure_escalation,correct,known,ipw,0.47488118899889437,0.07729217579479528,0.3233885244410956,0.6263738535566932,0.4503863335791294
32,failure_escalation,correct,known,gcomp,0.49549336926793947,,,,0.4503863335791294
32,failure_escalation,correct,known,dr,0.453390595292936,0.0609518161983081,0.3339250355442521,0.5728561550416199,0.4503863335791294
32,soft_escalation,correct,known,ipw,0.47709836130300026,0.05445199122241896,0.3703724585070591,0.5838242640989414,0.4471300554415774
32,soft_escalation,correct,known,gcomp,0.48774461213712517,,,,0.4471300554415774
32,soft_escalation,correct,known,dr,0.46144983659185174,0.04648523534023097,0.37033877532499904,0.5525608978587044,0.4471300554415774
33,always_small,correct,known,ipw,0.29925026387002174,0.12711099587400088,0.05011271195698003,0.5483878157830635,0.31590053706061727
33,always_small,correct,known,gcomp,0.30281497437595645,,,,0.31590053706061727
33,always_small,correct,known,dr,0.3351980086447038,0.11387827956995931,0.11199658068758353,0.558399436601824,0.31590053706061727
33,failure_escalation,correct,known,ipw,0.49700149330334953,0.07813168861552493,0.3438633836169207,0.6501396029897784,0.4503863335791294
33,failure_escalation,correct,known,gcomp,0.44706990812886077,,,,0.4503863335791294
33,failure_escalation,correct,known,dr,0.4971397907559898,0.05760806031886081,0.38422799253102263,0.610051588980957,0.4503863335791294
33,soft_escalation,correct,known,ipw,0.4765990119688596,0.05516457695940601,0.3684764411284238,0.5847215828092954,0.4471300554415774
33,soft_escalation,correct,known,gcomp,0.44385586837129243,,,,0.4471300554415774
33,soft_escalation,correct,known,dr,0.4665324108271237,0.04425967161958789,0.37978345445273143,0.553281367201516,0.4471300554415774
34,always_small,correct,known,ipw,0.3141701534081275,0.1148141164286234,0.08913448520802564,0.5392058216082294,0.31590053706061727
34,always_small,correct,known,gcomp,0.3548041586767781,,,,0.31590053706061727
34,always_small,correct,known,dr,0.26540473067385606,0.112355464023386,0.045188021188019484,0.48562144015969266,0.31590053706061727
34,failure_escalation,correct,known,ipw,0.5462203027293244,0.0813605124355511,0.38675369835564427,0.7056869071030045,0.4503863335791294
34,failure_escalation,correct,known,gcomp,0.4810123398744411,,,,0.4503863335791294
34,failure_escalation,correct,known,dr,0.4912162058893336,0.061574110777532255,0.3705309487653704,0.6119014630132968,0.4503863335791294
34,soft_escalation,correct,known,ipw,0.5161716720895999,0.05703175730029566,0.40438942778102044,0.6279539163981794,0.4471300554415774
34,soft_escalation,correct,known,gcomp,0.48170591191771356,,,,0.4471300554415774
34,soft_escalation,correct,known,dr,0.4799564699511728,0.04697998937233471,0.3878756907813968,0.5720372491209489,0.4471300554415774
35,always_small,correct,known,ipw,0.4323590660786775,0.1469966741355408,0.14424558477301758,0.7204725473843374,0.31590053706061727
35,always_small,correct,known,gcomp,0.3036730081137167,,,,0.31590053706061727
35,always_small,correct,known,dr,0.35672765566152503,0.11634080065138529,0.12869968638480989,0.5847556249382402,0.31590053706061727
35,failure_escalation,correct,known,ipw,0.3671502237964487,0.07144821925789761,0.22711171405096936,0.5071887335419281,0.4503863335791294
35,failure_escalation,correct,known,gcomp,0.3746929093752971,,,,0.4503863335791294
35,failure_escalation,correct,known,dr,0.37839366319366496,0.05493423123437514,0.2707225699742897,0.48606475641304026,0.4503863335791294
35,soft_escalation,correct,known,ipw,0.37925549787311624,0.051020586356197835,0.2792551486149685,0.479255847131264,0.4471300554415774
35,soft_escalation,correct,known,gcomp,0.38246366276733124,,,,0.4471300554415774
35,soft_escalation,correct,known,dr,0.3887849427822066,0.04243490217192035,0.30561253452524273,0.47195735103917047,0.4471300554415774
36,always_small,correct,known,ipw,0.3501385478778043,0.11072001479950723,0.13312731887077012,0.5671497768848385,0.31590053706061727
36,always_small,correct,known,gcomp,0.35337000224623283,,,,0.31590053706061727
36,always_small,correct,known,dr,0.3239313670924371,0.10116551257380457,0.12564696244778012,0.5222157717370941,0.31590053706061727
36,failure_escalation,correct,known,ipw,0.5232510837509294,0.08012816086728775,0.36619988845104545,0.6803022790508134,0.4503863335791294
36,failure_escalation,correct,known,gcomp,0.5167265274095516,,,,0.4503863335791294
36,failure_escalation,correct,known,dr,0.5215485921970744,0.05652264004952498,0.41076421770000543,0.6323329666941433,0.4503863335791294
36,soft_escalation,correct,known,ipw,0.5013053425997659,0.056468863374010886,0.39062637038670456,0.6119843148128272,0.4471300554415774
36,soft_escalation,correct,known,gcomp,0.5038466521447782,,,,0.4471300554415774
36,soft_escalation,correct,known,dr,0.5061121229146075,0.04311764622341439,0.4216015363167153,0.5906227095124997,0.4471300554415774
37,always_small,correct,known,ipw,0.41049644373761124,0.129802883209914,0.1560827926461798,0.6649100948290427,0.31590053706061727
37,always_small,correct,known,gcomp,0.3160841773518028,,,,0.31590053706061727
37,always_small,correct,known,dr,0.36901022318489984,0.09282498107552221,0.18707326027687632,0.5509471860929234,0.31590053706061727
37,failure_escalation,correct,known,ipw,0.398447786595515,0.07328500386054099,0.2548091790288547,0.5420863941621753,0.4503863335791294
37,failure_escalation,correct,known,gcomp,0.4781596240627741,,,,0.4503863335791294
37,failure_escalation,correct,known,dr,0.4605275849293871,0.055122944194935734,0.3524866143073131,0.5685685555514611,0.4503863335791294
37,soft_escalation,correct,known,ipw,0.4165540075439984,0.051709678155559095,0.31520303835910257,0.5179049767288942,0.4471300554415774
37,soft_escalation,correct,known,gcomp,0.48034705382946263,,,,0.4471300554415774
37,soft_escalation,correct,known,dr,0.46901941867011476,0.04189047264620035,0.3869140922835621,0.5511247450566674,0.4471300554415774
38,always_small,correct,known,ipw,0.2842232345955689,0.07960708095188933,0.12819335592986583,0.44025311326127203,0.31590053706061727
38,always_small,correct,known,gcomp,0.3122112973826364,,,,0.31590053706061727
38,always_small,correct,known,dr,0.31026710687911735,0.0703572464542798,0.17236690382872893,0.44816730992950576,0.31590053706061727
38,failure_escalation,correct,known,ipw,0.39944778915621126,0.07520677862817415,0.25204250304498993,0.5468530752674325,0.4503863335791294
38,failure_escalation,correct,known,gcomp,0.442565082108691,,,,0.4503863335791294
38,failure_escalation,correct,known,dr,0.43206112056675317,0.05964335509224151,0.3151601445859598,0.5489620965475466,0.4503863335791294
38,soft_escalation,correct,known,ipw,0.4091172072234485,0.053498864675722034,0.3042594324590333,0.5139749819878637,0.4471300554415774
38,soft_escalation,correct,known,gcomp,0.43879370873732887,,,,0.4471300554415774
38,soft_escalation,correct,known,dr,0.43175641592137787,0.04559579583054244,0.34238865609351465,0.5211241757492411,0.4471300554415774
39,always_small,correct,known,ipw,0.3672300819921169,0.09621606890379732,0.17864658694067415,0.5558135770435596,0.31590053706061727
39,always_small,correct,known,gcomp,0.46590258978255056,,,,0.31590053706061727
39,always_small,correct,known,dr,0.39671768751627884,0.11340684541358743,0.17444027050564748,0.6189951045269102,0.31590053706061727
39,failure_escalation,correct,known,ipw,0.5219280211590271,0.08060040315025681,0.3639512309845238,0.6799048113335304,0.4503863335791294
39,failure_escalation,correct,known,gcomp,0.5372047690234907,,,,0.4503863335791294
39,failure_escalation,correct,known,dr,0.5572032898277951,0.05414897006294318,0.45107130850442645,0.6633352711511638,0.4503863335791294
39,soft_escalation,correct,known,ipw,0.5184045886720221,0.05650799509044821,0.4076489182947436,0.6291602590493006,0.4471300554415774
39,soft_escalation,correct,known,gcomp,0.5238331769388854,,,,0.4471300554415774
39,soft_escalation,correct,known,dr,0.5345414449844205,0.04174127526652583,0.45272854546202984,0.6163543445068111,0.4471300554415774
40,always_small,correct,known,ipw,0.45123920031381987,0.1407936087323935,0.17528372719832863,0.7271946734293111,0.31590053706061727
40,always_small,correct,known,gcomp,0.2992355914076104,,,,0.31590053706061727
40,always_small,correct,known,dr,0.37582898455127534,0.11120760654191846,0.15786207572911518,0.5937958933734355,0.31590053706061727
40,failure_escalation,correct,known,ipw,0.5467654061629904,0.08242422588462094,0.3852139234291334,0.7083168888968474,0.4503863335791294
40,failure_escalation,correct,known,gcomp,0.4446060438209407,,,,0.4503863335791294
40,failure_escalation,correct,known,dr,0.5072433537455221,0.06149345609207748,0.38671617980505024,0.627770527685994,0.4503863335791294
40,soft_escalation,correct,known,ipw,0.4908822069712032,0.058505716369839866,0.3762110028863171,0.6055534110560894,0.4471300554415774
40,soft_escalation,correct,known,gcomp,0.4372163399325325,,,,0.4471300554415774
40,soft_escalation,correct,known,dr,0.4730546364507988,0.04643147410208468,0.3820489472107128,0.5640603256908848,0.4471300554415774
41,always_small,correct,known,ipw,0.31938200968100805,0.1326609731992538,0.05936650221047063,0.5793975171515455,0.31590053706061727
41,always_small,correct,known,gcomp,0.38539135839325733,,,,0.31590053706061727
41,always_small,correct,known,dr,0.4138319700243921,0.12573026273420282,0.16740065506535456,0.6602632849834296,0.31590053706061727
41,failure_escalation,correct,known,ipw,0.38696311740915146,0.07272361254574539,0.2444248368194905,0.5295013979988124,0.4503863335791294
41,failure_escalation,correct,known,gcomp,0.4297339260302065,,,,0.4503863335791294
41,failure_escalation,correct,known,dr,0.40701285555304445,0.059170745286299016,0.2910381947918984,0.5229875163141905,0.4503863335791294
41,soft_escalation,correct,known,ipw,0.40895121099986886,0.05168197532242861,0.30765453936790876,0.510247882631829,0.4471300554415774
41,soft_escalation,correct,known,gcomp,0.4270768927477794,,,,0.4471300554415774
41,soft_escalation,correct,known,dr,0.4143311032273166,0.04515706106314765,0.3258232635435472,0.502838942911086,0.4471300554415774
42,always_small,correct,known,ipw,0.25751343563421003,0.07252386518407096,0.11536665987343095,0.3996602113949891,0.31590053706061727
42,always_small,correct,known,gcomp,0.2928386513628093,,,,0.31590053706061727
42,always_small,correct,known,dr,0.2914916555035124,0.07016848672641236,0.15396142151974418,0.42902188948728065,0.31590053706061727
42,failure_escalation,correct,known,ipw,0.4380700733522865,0.07328219170385568,0.29443697761272936,0.5817031690918436,0.4503863335791294
42,failure_escalation,correct,known,gcomp,0.4726314545900293,,,,0.4503863335791294
42,failure_escalation,correct,known,dr,0.427752723792716,0.05909518446026429,0.311926162250598,0.543579285334834,0.4503863335791294
42,soft_escalation,correct,known,ipw,0.42950910969603284,0.052000953926078224,0.32758724000091954,0.5314309793911461,0.4471300554415774
42,soft_escalation,correct,known,gcomp,0.4636990511144394,,,,0.4471300554415774
42,soft_escalation,correct,known,dr,0.4217345586680482,0.04510945626681717,0.33332002438508657,0.5101490929510099,0.4471300554415774
43,always_small,correct,known,ipw,0.22895711436949598,0.055789618384081544,0.11960946233669616,0.3383047664022958,0.31590053706061727
43,always_small,correct,known,gcomp,0.2775175876130361,,,,0.31590053706061727
43,always_small,correct,known,dr,0.2015077492556881,0.06225805120118528,0.07948196890136495,0.32353352961001125,0.31590053706061727
43,failure_escalation,correct,known,ipw,0.5008473748496765,0.07849419587066381,0.3469987509431754,0.6546959987561776,0.4503863335791294
43,failure_escalation,correct,known,gcomp,0.5171183384794447,,,,0.4503863335791294
43,failure_escalation,correct,known,dr,0.46139571320616485,0.06177000733654006,0.3403264988265463,0.5824649275857834,0.4503863335791294
43,soft_escalation,correct,known,ipw,0.49280242149891124,0.055298478308198715,0.38441740401484176,0.6011874389829808,0.4471300554415774
43,soft_escalation,correct,known,gcomp,0.5014930348939787,,,,0.4471300554415774
43,soft_escalation,correct,known,dr,0.4697895608559821,0.04701541235331929,0.3776393526434763,0.561939769068488,0.4471300554415774
44,always_small,correct,known,ipw,0.21461461832196244,0.07087409604304089,0.07570139007760229,0.3535278465663226,0.31590053706061727
44,always_small,correct,known,gcomp,0.22585178817079202,,,,0.31590053706061727
44,always_small,correct,known,dr,0.15751584796102683,0.07048929715474454,0.019356825537727523,0.29567487038432616,0.31590053706061727
44,failure_escalation,correct,known,ipw,0.5375964597035808,0.0779497944657537,0.3848148625507036,0.6903780568564581,0.4503863335791294
44,failure_escalation,correct,known,gcomp,0.4121111440355536,,,,0.4503863335791294
44,failure_escalation,correct,known,dr,0.5118689755340139,0.058409029896583406,0.3973872769367104,0.6263506741313174,0.4503863335791294
44,soft_escalation,correct,known,ipw,0.4988418716003393,0.055042819094753226,0.390957946174623,0.6067257970260557,0.4471300554415774
44,soft_escalation,correct,known,gcomp,0.4089597517042649,,,,0.4471300554415774
44,soft_escalation,correct,known,dr,0.4676183289133233,0.044880196677204186,0.3796531434260031,0.5555835144006435,0.4471300554415774
45,always_small,correct,known,ipw,0.5323734603894578,0.240458985834803,0.061073848153243904,1.0036730726256717,0.31590053706061727
45,always_small,correct,known,gcomp,0.3438649222977993,,,,0.31590053706061727
45,always_small,correct,known,dr,0.440855236407263,0.22594251979096874,-0.0019921023830357654,0.8837025751975618,0.31590053706061727
45,failure_escalation,correct,known,ipw,0.48889278940087444,0.07817586895507016,0.33566808624893696,0.6421174925528119,0.4503863335791294
45,failure_escalation,correct,known,gcomp,0.44838741282571865,,,,0.4503863335791294
45,failure_escalation,correct,known,dr,0.4374985211689003,0.060616289199997876,0.3186905943369045,0.5563064480008961,0.4503863335791294
45,soft_escalation,correct,known,ipw,0.472748777209636,0.05531990762901124,0.36432175825677393,0.581175796162498,0.4471300554415774
45,soft_escalation,correct,known,gcomp,0.44471677692395384,,,,0.4471300554415774
45,soft_escalation,correct,known,dr,0.4324941363869188,0.04639440251872017,0.3415611074502273,0.5234271653236103,0.4471300554415774
46,always_small,correct,known,ipw,0.18807330466265196,0.055453204018499305,0.07938502478639332,0.2967615845389106,0.31590053706061727
46,always_small,correct,known,gcomp,0.2525563361807036,,,,0.31590053706061727
46,always_small,correct,known,dr,0.2727285903316731,0.04691210860253502,0.1807808574707045,0.36467632319264176,0.31590053706061727
46,failure_escalation,correct,known,ipw,0.36899475185061925,0.07199433805841138,0.22788584925613295,0.5101036544451055,0.4503863335791294
46,failure_escalation,correct,known,gcomp,0.4083541020708625,,,,0.4503863335791294
46,failure_escalation,correct,known,dr,0.3813190453288284,0.06102890897555726,0.26170238373673615,0.5009357069209206,0.4503863335791294
46,soft_escalation,correct,known,ipw,0.3929560458566829,0.05145551820852345,0.29210323016797696,0.4938088615453889,0.4471300554415774
46,soft_escalation,correct,known,gcomp,0.40543955211790694,,,,0.4471300554415774
46,soft_escalation,correct,known,dr,0.39118145977452295,0.046353293687362844,0.3003290041472918,0.4820339154017541,0.4471300554415774
47,always_small,correct,known,ipw,0.16558031642001111,0.05763605852774845,0.052613641705624145,0.27854699113439807,0.31590053706061727
47,always_small,correct,known,gcomp,0.30786311914521763,,,,0.31590053706061727
47,always_small,correct,known,dr,0.17363835391107385,0.06522091244492882,0.045805365519013375,0.3014713423031343,0.31590053706061727
47,failure_escalation,correct,known,ipw,0.6128114291239097,0.08435458884394727,0.4474764349897731,0.7781464232580464,0.4503863335791294
47,failure_escalation,correct,known,gcomp,0.42639412575415503,,,,0.4503863335791294
47,failure_escalation,correct,known,dr,0.5049538192132498,0.06172841557896853,0.38396612467847147,0.6259415137480281,0.4503863335791294
47,soft_escalation,correct,known,ipw,0.5352643309971588,0.05965157185650952,0.41834725015840013,0.6521814118359174,0.4471300554415774
47,soft_escalation,correct,known,gcomp,0.42822221388696075,,,,0.4471300554415774
47,soft_escalation,correct,known,dr,0.47754567800144637,0.046571436258315585,0.38626566293514786,0.5688256930677449,0.4471300554415774
48,always_small,correct,known,ipw,0.3507998878588229,0.08685778084202488,0.18055863740845413,0.5210411383091916,0.31590053706061727
48,always_small,correct,known,gcomp,0.3501428283518237,,,,0.31590053706061727
48,always_small,correct,known,dr,0.34379155999662114,0.06753490512784367,0.21142314594604755,0.47615997404719473,0.31590053706061727
48,failure_escalation,correct,known,ipw,0.40865592501734554,0.07311381456155444,0.2653528484766988,0.5519590015579923,0.4503863335791294
48,failure_escalation,correct,known,gcomp,0.44030507759849863,,,,0.4503863335791294
48,failure_escalation,correct,known,dr,0.38972552228905355,0.05770488213394503,0.2766239533065213,0.5028270912715858,0.4503863335791294
48,soft_escalation,correct,known,ipw,0.40753234869089466,0.05212601214722347,0.3053653648823367,0.5096993324994527,0.4471300554415774
48,soft_escalation,correct,known,gcomp,0.43705079914127387,,,,0.4471300554415774
48,soft_escalation,correct,known,dr,0.4112251322397373,0.04399788952179536,0.3249892687770184,0.49746099570245617,0.4471300554415774
49,always_small,correct,known,ipw,0.2495379666717228,0.1212333930629888,0.011920516268264736,0.48715541707518084,0.31590053706061727
49,always_small,correct,known,gcomp,0.30951165861019136,,,,0.31590053706061727
49,always_small,correct,known,dr,0.2698408833933587,0.134335626574001,0.006543055308316781,0.5331387114784006,0.31590053706061727
49,failure_escalation,correct,known,ipw,0.47762669402897656,0.07597718702136497,0.32871140746710126,0.6265419805908519,0.4503863335791294
49,failure_escalation,correct,known,gcomp,0.4413752180054626,,,,0.4503863335791294
49,failure_escalation,correct,known,dr,0.48379861043889955,0.05878029237776202,0.368589237378486,0.5990079834993131,0.4503863335791294
49,soft_escalation,correct,known,ipw,0.4626169179581177,0.05382552932882866,0.3571188804736135,0.5681149554426219,0.4471300554415774
49,soft_escalation,correct,known,gcomp,0.4390615661602049,,,,0.4471300554415774
49,soft_escalation,correct,known,dr,0.46614067348636457,0.04454684028677891,0.3788288665242779,0.5534524804484512,0.4471300554415774
50,always_small,correct,known,ipw,0.265699365584228,0.08839567623145146,0.09244384017058316,0.4389548909978729,0.31590053706061727
50,always_small,correct,known,gcomp,0.3006697888448904,,,,0.31590053706061727
50,always_small,correct,known,dr,0.28075186411267017,0.0869813215054981,0.1102684739618939,0.45123525426344646,0.31590053706061727
50,failure_escalation,correct,known,ipw,0.43207164226148825,0.07568805254147237,0.2837230592802024,0.5804202252427741,0.4503863335791294
50,failure_escalation,correct,known,gcomp,0.48185974717837143,,,,0.4503863335791294
50,failure_escalation,correct,known,dr,0.4605785282784533,0.05399646299572401,0.3547454608068342,0.5664115957500724,0.4503863335791294
50,soft_escalation,correct,known,ipw,0.43255176546045554,0.053707442453697074,0.3272851782512093,0.5378183526697018,0.4471300554415774
50,soft_escalation,correct,known,gcomp,0.47015754806740895,,,,0.4471300554415774
50,soft_escalation,correct,known,dr,0.46307803298640376,0.04198388777601402,0.3807896129454163,0.5453664530273913,0.4471300554415774
51,always_small,correct,known,ipw,0.4779051805583318,0.25077333593985907,-0.013610557883791952,0.9694209190004556,0.31590053706061727
51,always_small,correct,known,gcomp,0.33464039262084644,,,,0.31590053706061727
51,always_small,correct,known,dr,0.4532570581026337,0.21231794949879343,0.03711387708499864,0.8694002391202689,0.31590053706061727
51,failure_escalation,correct,known,ipw,0.5062516302868398,0.07721855388980259,0.35490326466282673,0.6575999959108529,0.4503863335791294
51,failure_escalation,correct,known,gcomp,0.5003336991439699,,,,0.4503863335791294
51,failure_escalation,correct,known,dr,0.5432084212059098,0.05292562650518962,0.43947419325573817,0.6469426491560815,0.4503863335791294
51,soft_escalation,correct,known,ipw,0.4934340516209868,0.05425128440043036,0.3871015341961433,0.5997665690458303,0.4471300554415774
51,soft_escalation,correct,known,gcomp,0.49192453891986415,,,,0.4471300554415774
51,soft_escalation,correct,known,dr,0.5169174705743207,0.04096966451096118,0.4366169281328368,0.5972180130158046,0.4471300554415774
52,always_small,correct,known,ipw,0.8286506494888836,0.3562720439324584,0.1303574433812651,1.526943855596502,0.31590053706061727
52,always_small,correct,known,gcomp,0.28313126452129894,,,,0.31590053706061727
52,always_small,correct,known,dr,0.8102651770887563,0.29758409368394245,0.2270003534682291,1.3935300007092835,0.31590053706061727
52,failure_escalation,correct,known,ipw,0.6419067882338759,0.08628768584528969,0.47278292397710814,0.8110306524906437,0.4503863335791294
52,failure_escalation,correct,known,gcomp,0.5071946431263827,,,,0.4503863335791294
52,failure_escalation,correct,known,dr,0.5455061015240228,0.06066990608979508,0.42659308558802445,0.6644191174600211,0.4503863335791294
52,soft_escalation,correct,known,ipw,0.5577198658918167,0.06104839189024839,0.4380650177869298,0.6773747139967035,0.4471300554415774
52,soft_escalation,correct,known,gcomp,0.49052078495784657,,,,0.4471300554415774
52,soft_escalation,correct,known,dr,0.5118641379188499,0.046153010854982815,0.4214042366430836,0.6023240391946162,0.4471300554415774
53,always_small,correct,known,ipw,0.2793304159053108,0.10560431296469996,0.0723459624944989,0.4863148693161228,0.31590053706061727
53,always_small,correct,known,gcomp,0.274623990731888,,,,0.31590053706061727
53,always_small,correct,known,dr,0.27394804719723514,0.09693883641231665,0.08394792782909452,0.46394816656537574,0.31590053706061727
53,failure_escalation,correct,known,ipw,0.34058740219214073,0.07113861100057024,0.20115572463102305,0.4800190797532584,0.4503863335791294
53,failure_escalation,correct,known,gcomp,0.3924647535023811,,,,0.4503863335791294
53,failure_escalation,correct,known,dr,0.41553798967963923,0.05535246452199295,0.307047159216533,0.5240288201427454,0.4503863335791294
53,soft_escalation,correct,known,ipw,0.35554651880489074,0.05109748197992211,0.2553954541242434,0.45569758348553807,0.4471300554415774
53,soft_escalation,correct,known,gcomp,0.3903136794217007,,,,0.4471300554415774
53,soft_escalation,correct,known,dr,0.39840290192871647,0.04251965538577729,0.31506437737259296,0.48174142648484,0.4471300554415774
54,always_small,correct,known,ipw,0.3998001034001044,0.13440311172879454,0.13637000441166713,0.6632302023885417,0.31590053706061727
54,always_small,correct,known,gcomp,0.33041260571272524,,,,0.31590053706061727
54,always_small,correct,known,dr,0.375957934739585,0.10626232450886343,0.16768377870221268,0.5842320907769574,0.31590053706061727
54,failure_escalation,correct,known,ipw,0.42478073618226087,0.07262156760012889,0.2824424636860082,0.5671190086785135,0.4503863335791294
54,failure_escalation,correct,known,gcomp,0.4468957342943053,,,,0.4503863335791294
54,failure_escalation,correct,known,dr,0.3631714536290161,0.06178429534995908,0.2420742347430963,0.4842686725149359,0.4503863335791294
54,soft_escalation,correct,known,ipw,0.43749819089388436,0.05133471465645775,0.33688215016722717,0.5381142316205416,0.4471300554415774
54,soft_escalation,correct,known,gcomp,0.44602683913709973,,,,0.4471300554415774
54,soft_escalation,correct,known,dr,0.39869397928397077,0.04659750124626259,0.3073628768412961,0.49002508172664544,0.4471300554415774
55,always_small,correct,known,ipw,0.6572610814814975,0.2555414155492142,0.1563999070050377,1.1581222559579574,0.31590053706061727
55,always_small,correct,known,gcomp,0.3360583641266094,,,,0.31590053706061727
55,always_small,correct,known,dr,0.5812770953872689,0.2565678642837902,0.07840408139104016,1.0841501093834975,0.31590053706061727
55,failure_escalation,correct,known,ipw,0.38503966924611815,0.06791506851632603,0.25192613495411914,0.5181532035381171,0.4503863335791294
55,failure_escalation,correct,known,gcomp,0.4636484228092854,,,,0.4503863335791294
55,failure_escalation,correct,known,dr,0.5090865372296053,0.04976593083443021,0.4115453127941221,0.6066277616650885,0.4503863335791294
55,soft_escalation,correct,known,ipw,0.39580630684870244,0.04833064617651077,0.30107824034274133,0.49053437335466354,0.4471300554415774
55,soft_escalation,correct,known,gcomp,0.46174342965354825,,,,0.4471300554415774
55,soft_escalation,correct,known,dr,0.4806674405863462,0.03873960892906673,0.40473780708537543,0.556597074087317,0.4471300554415774
56,always_small,correct,known,ipw,0.26731538944411787,0.10872942194176755,0.05420572243825347,0.48042505644998224,0.31590053706061727
56,always_small,correct,known,gcomp,0.3998793510797145,,,,0.31590053706061727
56,always_small,correct,known,dr,0.3897946823008827,0.09901623568039285,0.19572286036731273,0.5838665042344526,0.31590053706061727
56,failure_escalation,correct,known,ipw,0.5094950373718539,0.07886853182686969,0.35491271499118926,0.6640773597525185,0.4503863335791294
56,failure_escalation,correct,known,gcomp,0.47367544866885936,,,,0.4503863335791294
56,failure_escalation,correct,known,dr,0.5049199170773632,0.05963176464169346,0.388041658379644,0.6217981757750823,0.4503863335791294
56,soft_escalation,correct,known,ipw,0.4938147144120431,0.05541559323855026,0.3852001516644846,0.6024292771596016,0.4471300554415774
56,soft_escalation,correct,known,gcomp,0.47489289778214083,,,,0.4471300554415774
56,soft_escalation,correct,known,dr,0.4927128175438135,0.04564792569650933,0.40324288317865525,0.5821827519089718,0.4471300554415774
57,always_small,correct,known,ipw,0.24298204622732647,0.07534662516787395,0.09530266089829353,0.3906614315563594,0.31590053706061727
57,always_small,correct,known,gcomp,0.31212481879091014,,,,0.31590053706061727
57,always_small,correct,known,dr,0.16578787851802612,0.08181287791280549,0.005434637808927362,0.32614111922712485,0.31590053706061727
57,failure_escalation,correct,known,ipw,0.48668733442517753,0.07978324386518817,0.3303121764494087,0.6430624924009464,0.4503863335791294
57,failure_escalation,correct,known,gcomp,0.5313194490548956,,,,0.4503863335791294
57,failure_escalation,correct,known,dr,0.5342670391582792,0.05832151788434195,0.419956864104969,0.6485772142115894,0.4503863335791294
57,soft_escalation,correct,known,ipw,0.4858187447414873,0.05609994990943967,0.37586284291898553,0.595774646563989,0.4471300554415774
57,soft_escalation,correct,known,gcomp,0.5185384065107441,,,,0.4471300554415774
57,soft_escalation,correct,known,dr,0.5179406877598073,0.044315133016036415,0.4310830270483759,0.6047983484712387,0.4471300554415774
58,always_small,correct,known,ipw,0.18223089177150442,0.0624689375247146,0.05979177422306381,0.30467000931994503,0.31590053706061727
58,always_small,correct,known,gcomp,0.2694914375841814,,,,0.31590053706061727
58,always_small,correct,known,dr,0.2454543848448783,0.06363235088181268,0.12073497711652545,0.37017379257323113,0.31590053706061727
58,failure_escalation,correct,known,ipw,0.45011093810246516,0.07541534604526294,0.30229685985374977,0.5979250163511806,0.4503863335791294
58,failure_escalation,correct,known,gcomp,0.4305898939462774,,,,0.4503863335791294
58,failure_escalation,correct,known,dr,0.46868612502667223,0.05595278337386154,0.3590186696139036,0.5783535804394409,0.4503863335791294
58,soft_escalation,correct,known,ipw,0.43555027315040673,0.053644940503357,0.330406189763827,0.5406943565369864,0.4471300554415774
58,soft_escalation,correct,known,gcomp,0.42926386868331584,,,,0.4471300554415774
58,soft_escalation,correct,known,dr,0.45352975384053695,0.043176890067159995,0.3689030493089034,0.5381564583721705,0.4471300554415774
59,always_small,correct,known,ipw,0.3109869788893078,0.09399404505053408,0.12675865059026103,0.4952153071883546,0.31590053706061727
59,always_small,correct,known,gcomp,0.292452183662318,,,,0.31590053706061727
59,always_small,correct,known,dr,0.37539140898498863,0.08872027752726813,0.2014996650315431,0.5492831529384341,0.31590053706061727
59,failure_escalation,correct,known,ipw,0.4920643718942085,0.07749113120821385,0.34018175472610934,0.6439469890623076,0.4503863335791294
59,failure_escalation,correct,known,gcomp,0.4860829531979841,,,,0.4503863335791294
59,failure_escalation,correct,known,dr,0.48820858213392154,0.057940340315512165,0.3746455151155177,0.6017716491523254,0.4503863335791294
59,soft_escalation,correct,known,ipw,0.4887668415944085,0.054458875842991555,0.382027444942145,0.5955062382466719,0.4471300554415774
59,soft_escalation,correct,known,gcomp,0.4794451057465685,,,,0.4471300554415774
59,soft_escalation,correct,known,dr,0.489663010323825,0.0440815279485864,0.40326321554459565,0.5760628051030543,0.4471300554415774
60,always_small,correct,known,ipw,0.33528178358151717,0.11569318547162899,0.10852314005712435,0.56204042710591,0.31590053706061727
60,always_small,correct,known,gcomp,0.30324859168171686,,,,0.31590053706061727
60,always_small,correct,known,dr,0.385483323905748,0.0909994961346882,0.20712431148175914,0.5638423363297369,0.31590053706061727
60,failure_escalation,correct,known,ipw,0.39776852295424114,0.07605389917639958,0.24870288056849796,0.5468341653399843,0.4503863335791294
60,failure_escalation,correct,known,gcomp,0.4657643265860769,,,,0.4503863335791294
60,failure_escalation,correct,known,dr,0.5268401552213018,0.051705328316776655,0.42549771172041956,0.6281825987221841,0.4503863335791294
60,soft_escalation,correct,known,ipw,0.42246481617185916,0.053769134099813154,0.31707731333622535,0.527852319007493,0.4471300554415774
60,soft_escalation,correct,known,gcomp,0.46218779988293646,,,,0.4471300554415774
60,soft_escalation,correct,known,dr,0.5017911371496246,0.040398050745756836,0.4226109576879412,0.5809713166113081,0.4471300554415774
61,always_small,correct,known,ipw,0.4030428805286448,0.09530937802324126,0.21623649960309194,0.5898492614541977,0.31590053706061727
61,always_small,correct,known,gcomp,0.36312606036508976,,,,0.31590053706061727
61,always_small,correct,known,dr,0.270380026551421,0.10047391941657702,0.07345114449493007,0.46730890860791197,0.31590053706061727
61,failure_escalation,correct,known,ipw,0.5160106342892707,0.07925820712410012,0.3606645483260345,0.671356720252507,0.4503863335791294
61,failure_escalation,correct,known,gcomp,0.5023561568980532,,,,0.4503863335791294
61,failure_escalation,correct,known,dr,0.48256795298712146,0.05934282067307485,0.36625602446789474,0.5988798815063482,0.4503863335791294
61,soft_escalation,correct,known,ipw,0.49679283574728184,0.055693169199135396,0.38763422411697646,0.6059514473775872,0.4471300554415774
61,soft_escalation,correct,known,gcomp,0.497335318380066,,,,0.4471300554415774
61,soft_escalation,correct,known,dr,0.4875249592362883,0.04483088124282734,0.39965643200034673,0.5753934864722299,0.4471300554415774
62,always_small,correct,known,ipw,0.2171417409886653,0.06456010464929277,0.09060393587605148,0.3436795461012791,0.31590053706061727
62,always_small,correct,known,gcomp,0.302040817900433,,,,0.31590053706061727
62,always_small,correct,known,dr,0.3104733642882552,0.06022669238093288,0.1924290472216268,0.42851768135488366,0.31590053706061727
62,failure_escalation,correct,known,ipw,0.37608408140890254,0.06977082929672684,0.23933325598731792,0.5128349068304872,0.4503863335791294
62,failure_escalation,correct,known,gcomp,0.4248831115722743,,,,0.4503863335791294
62,failure_escalation,correct,known,dr,0.39626667739100463,0.05490934813246605,0.2886443550513712,0.503888999730638,0.4503863335791294
62,soft_escalation,correct,known,ipw,0.39725680002233177,0.049745356378402765,0.29975590152066234,0.4947576985240012,0.4471300554415774
62,soft_escalation,correct,known,gcomp,0.4216903644705109,,,,0.4471300554415774
62,soft_escalation,correct,known,dr,0.4027553592372558,0.04208008160686344,0.32027839928780344,0.48523231918670817,0.4471300554415774
63,always_small,correct,known,ipw,0.14952657114996096,0.04891602791511008,0.0536511564363452,0.2454019858635767,0.31590053706061727
63,always_small,correct,known,gcomp,0.2733895882493956,,,,0.31590053706061727
63,always_small,correct,known,dr,0.22442238084802874,0.04900687418990337,0.12836890743581814,0.32047585426023933,0.31590053706061727
63,failure_escalation,correct,known,ipw,0.4313534420184862,0.07571244232707941,0.28295705505741053,0.5797498289795618,0.4503863335791294
63,failure_escalation,correct,known,gcomp,0.4472306028056847,,,,0.4503863335791294
63,failure_escalation,correct,known,dr,0.4568228535603525,0.05595739594871006,0.3471463575008808,0.5664993496198243,0.4503863335791294
63,soft_escalation,correct,known,ipw,0.4448623410405361,0.05343350852448004,0.34013266433255523,0.549592017748517,0.4471300554415774
63,soft_escalation,correct,known,gcomp,0.44229430450112184,,,,0.4471300554415774
63,soft_escalation,correct,known,dr,0.4434006093923439,0.04301060487756965,0.3590998238323074,0.5277013949523803,0.4471300554415774
64,always_small,correct,known,ipw,0.35671135540381793,0.09968543486521174,0.16132790306800293,0.5520948077396329,0.31590053706061727
64,always_small,correct,known,gcomp,0.32963168296404033,,,,0.31590053706061727
64,always_small,correct,known,dr,0.23554766299153204,0.11298655929027394,0.01409400678259512,0.45700131920046894,0.31590053706061727
64,failure_escalation,correct,known,ipw,0.4006341020925565,0.0729086113265984,0.25773322389242365,0.5435349802926894,0.4503863335791294
64,failure_escalation,correct,known,gcomp,0.4550775002275768,,,,0.4503863335791294
64,failure_escalation,correct,known,dr,0.43541803899870685,0.05491311702451511,0.32778832963065724,0.5430477483667564,0.4503863335791294
64,soft_escalation,correct,known,ipw,0.4118950327196496,0.051902587436366755,0.3101659613443708,0.5136241040949284,0.4471300554415774
64,soft_escalation,correct,known,gcomp,0.45130265911521483,,,,0.4471300554415774
64,soft_escalation,correct,known,dr,0.4337306228063916,0.04228094667993195,0.35085996731372493,0.5166012782990582,0.4471300554415774
65,always_small,correct,known,ipw,0.5011266969914184,0.24670339491287618,0.01758804296218114,0.9846653510206558,0.31590053706061727
65,always_small,correct,known,gcomp,0.3652849456587652,,,,0.31590053706061727
65,always_small,correct,known,dr,0.4982476290765565,0.2223335008031579,0.062473967502367056,0.9340212906507459,0.31590053706061727
65,failure_escalation,correct,known,ipw,0.40268308301525213,0.0718054624750708,0.26194437656411335,0.5434217894663909,0.4503863335791294
65,failure_escalation,correct,known,gcomp,0.4650701969202553,,,,0.4503863335791294
65,failure_escalation,correct,known,dr,0.40945546972790314,0.054494704110253055,0.3026458496718072,0.5162650897839991,0.4503863335791294
65,soft_escalation,correct,known,ipw,0.42633026634352006,0.050663687165415174,0.3270294394993063,0.5256310931877338,0.4471300554415774
65,soft_escalation,correct,known,gcomp,0.4649984051266627,,,,0.4471300554415774
65,soft_escalation,correct,known,dr,0.43268076148600054,0.04185842005970919,0.35063825816897054,0.5147232648030305,0.4471300554415774
66,always_small,correct,known,ipw,0.19417251980346992,0.06239257320160111,0.07188307632833174,0.3164619632786081,0.31590053706061727
66,always_small,correct,known,gcomp,0.28482730742387785,,,,0.31590053706061727
66,always_small,correct,known,dr,0.24250312834051602,0.05734170746885836,0.13011338170155362,0.3548928749794784,0.31590053706061727
66,failure_escalation,correct,known,ipw,0.2951867516716569,0.06560036100353028,0.16661004410473756,0.4237634592385763,0.4503863335791294
66,failure_escalation,correct,known,gcomp,0.43859427407398377,,,,0.4503863335791294
66,failure_escalation,correct,known,dr,0.37173387978224043,0.05404157531469471,0.2658123921654388,0.4776553673990421,0.4503863335791294
66,soft_escalation,correct,known,ipw,0.3450969888952345,0.04718391805678228,0.2526165095039412,0.43757746828652777,0.4471300554415774
66,soft_escalation,correct,known,gcomp,0.43502729264016005,,,,0.4471300554415774
66,soft_escalation,correct,known,dr,0.390413519482571,0.041754204499335694,0.3085752786638731,0.472251760301269,0.4471300554415774
67,always_small,correct,known,ipw,0.338138390673705,0.10490545769534441,0.13252369359082994,0.54375308775658,0.31590053706061727
67,always_small,correct,known,gcomp,0.32652860793791594,,,,0.31590053706061727
67,always_small,correct,known,dr,0.31839490936828596,0.09281216731182096,0.1364830614371169,0.5003067572994551,0.31590053706061727
67,failure_escalation,correct,known,ipw,0.47739859497917225,0.0762845995251844,0.3278807799098108,0.6269164100485337,0.4503863335791294
67,failure_escalation,correct,known,gcomp,0.46262771617676046,,,,0.4503863335791294
67,failure_escalation,correct,known,dr,0.4621135499932483,0.06108344122222254,0.3423900051976921,0.5818370947888044,0.4503863335791294
67,soft_escalation,correct,known,ipw,0.48106116114534375,0.05367528814038596,0.3758575963901873,0.5862647259005003,0.4471300554415774
67,soft_escalation,correct,known,gcomp,0.4596712189723327,,,,0.4471300554415774
67,soft_escalation,correct,known,dr,0.4666431965444352,0.04589665047926772,0.3766857616050705,0.5566006314837999,0.4471300554415774
68,always_small,correct,known,ipw,0.16190665766820098,0.05312378968538654,0.057784029884843366,0.2660292854515586,0.31590053706061727
68,always_small,correct,known,gcomp,0.29668010231057246,,,,0.31590053706061727
68,always_small,correct,known,dr,0.1734220832271498,0.06717457930157777,0.04175990779605737,0.30508425865824224,0.31590053706061727
68,failure_escalation,correct,known,ipw,0.4368739293712284,0.07508804920936968,0.2897013529208638,0.5840465058215929,0.4503863335791294
68,failure_escalation,correct,known,gcomp,0.44065406548373304,,,,0.4503863335791294
68,failure_escalation,correct,known,dr,0.4580693837318897,0.05717854514389566,0.3459994352498542,0.5701393322139252,0.4503863335791294
68,soft_escalation,correct,known,ipw,0.4304575832132765,0.05328995997268679,0.3260092616668104,0.5349059047597426,0.4471300554415774
68,soft_escalation,correct,known,gcomp,0.4364184287160209,,,,0.4471300554415774
68,soft_escalation,correct,known,dr,0.4502328754044406,0.043845066460487137,0.3642965451418858,0.5361692056669954,0.4471300554415774
69,always_small,correct,known,ipw,0.1720574187005974,0.06333089124192509,0.04792887186642422,0.2961859655347706,0.31590053706061727
69,always_small,correct,known,gcomp,0.2901896131350153,,,,0.31590053706061727
69,always_small,correct,known,dr,0.22821045232644432,0.059049897631057745,0.11247265296957115,0.3439482516833175,0.31590053706061727
69,failure_escalation,correct,known,ipw,0.424454445645255,0.07341750492396289,0.28055613599428775,0.5683527552962222,0.4503863335791294
69,failure_escalation,correct,known,gcomp,0.5188802991194463,,,,0.4503863335791294
69,failure_escalation,correct,known,dr,0.5037977361408817,0.05283485294427287,0.4002414243701069,0.6073540479116566,0.4503863335791294
69,soft_escalation,correct,known,ipw,0.46562421390572695,0.051577997724892674,0.36453133836493734,0.5667170894465166,0.4471300554415774
69,soft_escalation,correct,known,gcomp,0.5025368581574984,,,,0.4471300554415774
69,soft_escalation,correct,known,dr,0.49425614315418864,0.04090289970112496,0.4140864597399837,0.5744258265683936,0.4471300554415774
70,always_small,correct,known,ipw,0.2719631394666152,0.08573499794406218,0.10392254349625332,0.44000373543697713,0.31590053706061727
70,always_small,correct,known,gcomp,0.28648920570902375,,,,0.31590053706061727
70,always_small,correct,known,dr,0.32148260964651754,0.06182127877559009,0.20031290324636097,0.4426523160466741,0.31590053706061727
70,failure_escalation,correct,known,ipw,0.5223099720815146,0.07941521150468595,0.36665615753233016,0.6779637866306991,0.4503863335791294
70,failure_escalation,correct,known,gcomp,0.4595872895393372,,,,0.4503863335791294
70,failure_escalation,correct,known,dr,0.4381997604687198,0.05975855158965069,0.32107299935300443,0.5553265215844352,0.4503863335791294
70,soft_escalation,correct,known,ipw,0.48129122019030296,0.05613666233408513,0.3712633620154961,0.5913190783651098,0.4471300554415774
70,soft_escalation,correct,known,gcomp,0.45517369860392604,,,,0.4471300554415774
70,soft_escalation,correct,known,dr,0.4347850600848105,0.045501330530231913,0.34560245224555597,0.523967667924065,0.4471300554415774
71,always_small,correct,known,ipw,0.1705915246478555,0.06376009804301677,0.04562173248354265,0.29556131681216835,0.31590053706061727
71,always_small,correct,known,gcomp,0.3079545370987421,,,,0.31590053706061727
71,always_small,correct,known,dr,0.24201457056363931,0.06428515896817233,0.11601565898602156,0.36801348214125706,0.31590053706061727
71,failure_escalation,correct,known,ipw,0.3646250473806929,0.07287551870087819,0.22178903072697165,0.5074610640344142,0.4503863335791294
71,failure_escalation,correct,known,gcomp,0.3611128145392741,,,,0.4503863335791294
71,failure_escalation,correct,known,dr,0.35530034902776586,0.05797257352528422,0.2416741049182088,0.46892659313732293,0.4503863335791294
71,soft_escalation,correct,known,ipw,0.3766691288209249,0.0521562246088891,0.2744429285875023,0.4788953290543475,0.4471300554415774
71,soft_escalation,correct,known,gcomp,0.3674194014089146,,,,0.4471300554415774
71,soft_escalation,correct,known,dr,0.3633523231038963,0.04455131365330643,0.2760317483434157,0.4506728978643769,0.4471300554415774
72,always_small,correct,known,ipw,0.272558624006928,0.08298868280416564,0.10990080571076333,0.43521644230309264,0.31590053706061727
72,always_small,correct,known,gcomp,0.31615402654420666,,,,0.31590053706061727
72,always_small,correct,known,dr,0.23152571132055716,0.09772624827525124,0.039982264701064724,0.4230691579400496,0.31590053706061727
72,failure_escalation,correct,known,ipw,0.4833431476373269,0.07844906065300432,0.3295829887574384,0.6371033065172154,0.4503863335791294
72,failure_escalation,correct,known,gcomp,0.4494108397819626,,,,0.4503863335791294
72,failure_escalation,correct,known,dr,0.4843202729134453,0.058722510335783684,0.3692241526553093,0.5994163931715814,0.4503863335791294
72,soft_escalation,correct,known,ipw,0.47807196447486433,0.0554543734879087,0.36938139243856327,0.5867625365111654,0.4471300554415774
72,soft_escalation,correct,known,gcomp,0.4478842566884754,,,,0.4471300554415774
72,soft_escalation,correct,known,dr,0.4687068178268164,0.04531017067612424,0.3798988833016129,0.5575147523520199,0.4471300554415774
73,always_small,correct,known,ipw,0.34246890792446505,0.08929027294524057,0.16745997295179355,0.5174778428971365,0.31590053706061727
73,always_small,correct,known,gcomp,0.39056953582216586,,,,0.31590053706061727
73,always_small,correct,known,dr,0.3232702274319592,0.07967741177524558,0.16710250035247787,0.47943795451144056,0.31590053706061727
73,failure_escalation,correct,known,ipw,0.4085574471475654,0.0746186368710328,0.26230491888034113,0.5548099754147897,0.4503863335791294
73,failure_escalation,correct,known,gcomp,0.4037382828776024,,,,0.4503863335791294
73,failure_escalation,correct,known,dr,0.3952710268891288,0.054780726902253496,0.28790080216071195,0.5026412516175457,0.4503863335791294
73,soft_escalation,correct,known,ipw,0.40797137394998867,0.05324410085177272,0.3036129362805141,0.5123298116194632,0.4471300554415774
73,soft_escalation,correct,known,gcomp,0.4089289037822516,,,,0.4471300554415774
73,soft_escalation,correct,known,dr,0.40727378623244664,0.042608547565851244,0.3237610330033782,0.49078653946151507,0.4471300554415774
74,always_small,correct,known,ipw,0.3228825348160957,0.1275595537010457,0.07286580956204608,0.5728992600701452,0.31590053706061727
74,always_small,correct,known,gcomp,0.23016166508416006,,,,0.31590053706061727
74,always_small,correct,known,dr,0.26813640658271215,0.12633048584158224,0.020528654333210966,0.5157441588322134,0.31590053706061727
74,failure_escalation,correct,known,ipw,0.43923750891918345,0.07548591679189863,0.29128511200706214,0.5871899058313048,0.4503863335791294
74,failure_escalation,correct,known,gcomp,0.44399610083602936,,,,0.4503863335791294
74,failure_escalation,correct,known,dr,0.44210431574655673,0.059592643808068065,0.32530273388274333,0.5589058976103701,0.4503863335791294
74,soft_escalation,correct,known,ipw,0.42961978673387896,0.053467891000314675,0.3248227203732622,0.5344168530944957,0.4471300554415774
74,soft_escalation,correct,known,gcomp,0.44041418050224956,,,,0.4471300554415774
74,soft_escalation,correct,known,dr,0.4380983416188177,0.04481163696442968,0.35026753316853554,0.5259291500690999,0.4471300554415774
75,always_small,correct,known,ipw,0.35442896997791834,0.127665148770017,0.10420527838868504,0.6046526615671517,0.31590053706061727
75,always_small,correct,known,gcomp,0.2775441093897593,,,,0.31590053706061727
75,always_small,correct,known,dr,0.36473181299782803,0.12169877331947783,0.1262022172916515,0.6032614087040046,0.31590053706061727
75,failure_escalation,correct,known,ipw,0.492848474545592,0.07824934070903816,0.3394797667558772,0.6462171823353068,0.4503863335791294
75,failure_escalation,correct,known,gcomp,0.46968188635490626,,,,0.4503863335791294
75,failure_escalation,correct,known,dr,0.5312545675187654,0.0604273522032776,0.41281695720034134,0.6496921778371896,0.4503863335791294
75,soft_escalation,correct,known,ipw,0.4662580886830266,0.055290978919251006,0.3578877700012946,0.5746284073647585,0.4471300554415774
75,soft_escalation,correct,known,gcomp,0.46517312205451583,,,,0.4471300554415774
75,soft_escalation,correct,known,dr,0.49932643654402903,0.04553100075841941,0.41008567505752697,0.588567198030531,0.4471300554415774
76,always_small,correct,known,ipw,0.25096091006696414,0.08057998411342139,0.09302414120465821,0.4088976789292701,0.31590053706061727
76,always_small,correct,known,gcomp,0.36139714884330054,,,,0.31590053706061727
76,always_small,correct,known,dr,0.2540624883485587,0.07705439694142775,0.10303587034336031,0.4050891063537571,0.31590053706061727
76,failure_escalation,correct,known,ipw,0.4270915747512229,0.07379176788530929,0.2824597096960167,0.571723439806429,0.4503863335791294
76,failure_escalation,correct,known,gcomp,0.5241754109323311,,,,0.4503863335791294
76,failure_escalation,correct,known,dr,0.4208981697163745,0.060246080826551474,0.3028158512963336,0.5389804881364154,0.4503863335791294
76,soft_escalation,correct,known,ipw,0.4494975425004512,0.052043543383465535,0.34749219746885873,0.5515028875320437,0.4471300554415774
76,soft_escalation,correct,known,gcomp,0.5079648851803267,,,,0.4471300554415774
76,soft_escalation,correct,known,dr,0.4472195929838235,0.0456459286239109,0.35775357288095816,0.5366856130866888,0.4471300554415774
77,always_small,correct,known,ipw,0.37266273523920723,0.08992002637224618,0.19641948354960473,0.5489059869288098,0.31590053706061727
77,always_small,correct,known,gcomp,0.3374900029973317,,,,0.31590053706061727
77,always_small,correct,known,dr,0.33959460706553,0.07986913099526982,0.18305111031480117,0.4961381038162589,0.31590053706061727
77,failure_escalation,correct,known,ipw,0.4821739124664198,0.07829026537456533,0.3287249923322717,0.6356228326005678,0.4503863335791294
77,failure_escalation,correct,known,gcomp,0.47893197750463096,,,,0.4503863335791294
77,failure_escalation,correct,known,dr,0.41696506246585346,0.06325971536689866,0.2929760203467321,0.5409541045849748,0.4503863335791294
77,soft_escalation,correct,known,ipw,0.4677257941189877,0.05536259245537507,0.3592151129064525,0.5762364753315228,0.4471300554415774
77,soft_escalation,correct,known,gcomp,0.47195114276087735,,,,0.4471300554415774
77,soft_escalation,correct,known,dr,0.43715698140700715,0.04778723465169207,0.34349400148969067,0.5308199613243236,0.4471300554415774
78,always_small,correct,known,ipw,0.12457758960584646,0.04247325080110887,0.04133001803567307,0.20782516117601985,0.31590053706061727
78,always_small,correct,known,gcomp,0.2026203676494338,,,,0.31590053706061727
78,always_small,correct,known,dr,0.17810548975537738,0.035594336103294814,0.10834059099291954,0.24787038851783522,0.31590053706061727
78,failure_escalation,correct,known,ipw,0.5432356654659795,0.08231574045938689,0.3818968141655812,0.7045745167663777,0.4503863335791294
78,failure_escalation,correct,known,gcomp,0.4743756476943123,,,,0.4503863335791294
78,failure_escalation,correct,known,dr,0.4974359825927844,0.06099759316735482,0.3778806999847689,0.6169912652007998,0.4503863335791294
78,soft_escalation,correct,known,ipw,0.5140647047182956,0.05780570866181377,0.4007655157411406,0.6273638936954505,0.4471300554415774
78,soft_escalation,correct,known,gcomp,0.4629515411586635,,,,0.4471300554415774
78,soft_escalation,correct,known,dr,0.47390268789637663,0.04625720378371448,0.38323856848029625,0.564566807312457,0.4471300554415774
79,always_small,correct,known,ipw,0.24626385548120472,0.06119578627560063,0.12632011438102747,0.36620759658138197,0.31590053706061727
79,always_small,correct,known,gcomp,0.34799329519227623,,,,0.31590053706061727
79,always_small,correct,known,dr,0.2905184516231882,0.05997939680514567,0.17295883388510266,0.40807806936127367,0.31590053706061727
79,failure_escalation,correct,known,ipw,0.5569416902865347,0.07901071819339935,0.402080682627472,0.7118026979455975,0.4503863335791294
79,failure_escalation,correct,known,gcomp,0.4979361804266909,,,,0.4503863335791294
79,failure_escalation,correct,known,dr,0.4627039261283897,0.05520259764105193,0.3545068347519279,0.5709010175048514,0.4503863335791294
79,soft_escalation,correct,known,ipw,0.5078489131163889,0.05566849303764095,0.39873866676261266,0.6169591594701652,0.4471300554415774
79,soft_escalation,correct,known,gcomp,0.4902511846371094,,,,0.4471300554415774
79,soft_escalation,correct,known,dr,0.4639672930147034,0.04284277946899509,0.379995445255473,0.5479391407739338,0.4471300554415774
80,always_small,correct,known,ipw,0.2996884541943764,0.08129583365201182,0.14034862023643324,0.45902828815231955,0.31590053706061727
80,always_small,correct,known,gcomp,0.36862761762763946,,,,0.31590053706061727
80,always_small,correct,known,dr,0.3470084764402463,0.07763786813864594,0.19483825488850026,0.4991786979919923,0.31590053706061727
80,failure_escalation,correct,known,ipw,0.48995857982056296,0.08140467790732513,0.33040541112220567,0.6495117485189202,0.4503863335791294
80,failure_escalation,correct,known,gcomp,0.49509752580397215,,,,0.4503863335791294
80,failure_escalation,correct,known,dr,0.4542060449034064,0.05850176163811257,0.33954259209270576,0.568869497714107,0.4503863335791294
80,soft_escalation,correct,known,ipw,0.5035467566744183,0.05703008153172762,0.3917677968722322,0.6153257164766044,0.4471300554415774
80,soft_escalation,correct,known,gcomp,0.4928584669170259,,,,0.4471300554415774
80,soft_escalation,correct,known,dr,0.47783978531649696,0.044931368681909084,0.38977430269995517,0.5659052679330387,0.4471300554415774
81,always_small,correct,known,ipw,0.2506147884127522,0.07245042097996586,0.10861196329201911,0.3926176135334853,0.31590053706061727
81,always_small,correct,known,gcomp,0.27595965855074156,,,,0.31590053706061727
81,always_small,correct,known,dr,0.245521460382476,0.06479245187018526,0.11852825471691289,0.37251466604803907,0.31590053706061727
81,failure_escalation,correct,known,ipw,0.3619222591096194,0.07066778055309567,0.2234134092255519,0.5004311089936869,0.4503863335791294
81,failure_escalation,correct,known,gcomp,0.4201517871346431,,,,0.4503863335791294
81,failure_escalation,correct,known,dr,0.3672348378168263,0.057745876213670014,0.25405292043803307,0.48041675519561955,0.4503863335791294
81,soft_escalation,correct,known,ipw,0.3749595179049684,0.05055774908461969,0.2758663296991138,0.474052706110823,0.4471300554415774
81,soft_escalation,correct,known,gcomp,0.4141740773228642,,,,0.4471300554415774
81,soft_escalation,correct,known,dr,0.38182943014566617,0.04399005900699267,0.29560891449196053,0.4680499457993718,0.4471300554415774
82,always_small,correct,known,ipw,0.27818557271579564,0.07329532393741944,0.13452673779845353,0.42184440763313774,0.31590053706061727
82,always_small,correct,known,gcomp,0.30728727197217415,,,,0.31590053706061727
82,always_small,correct,known,dr,0.26584574517102383,0.06406205515494512,0.1402841170673314,0.39140737327471625,0.31590053706061727
82,failure_escalation,correct,known,ipw,0.44510293062901873,0.07341056886464364,0.30121821565431717,0.5889876456037203,0.4503863335791294
82,failure_escalation,correct,known,gcomp,0.44707601127975355,,,,0.4503863335791294
82,failure_escalation,correct,known,dr,0.4687826330872091,0.05588351428560674,0.35925094508741984,0.5783143210869983,0.4503863335791294
82,soft_escalation,correct,known,ipw,0.43967061705732935,0.05195161234381213,0.33784545686345757,0.5414957772512011,0.4471300554415774
82,soft_escalation,correct,known,gcomp,0.4410064865483622,,,,0.4471300554415774
82,soft_escalation,correct,known,dr,0.4540409753808809,0.04282385073908376,0.3701062279322767,0.537975722829485,0.4471300554415774
83,always_small,correct,known,ipw,0.3864503917338623,0.11233546754943559,0.16627287533696855,0.6066279081307561,0.31590053706061727
83,always_small,correct,known,gcomp,0.31368998368459733,,,,0.31590053706061727
83,always_small,correct,known,dr,0.30721775319432326,0.09415845411781196,0.12266718312341182,0.4917683232652347,0.31590053706061727
83,failure_escalation,correct,known,ipw,0.3855011963325511,0.07334796379234139,0.24173918729956198,0.5292632053655402,0.4503863335791294
83,failure_escalation,correct,known,gcomp,0.41066611779533735,,,,0.4503863335791294
83,failure_escalation,correct,known,dr,0.39460302002124403,0.05819940276605364,0.2805321905997789,0.5086738494427092,0.4503863335791294
83,soft_escalation,correct,known,ipw,0.39506013570011383,0.05215572070674899,0.2928349231148858,0.4972853482853419,0.4471300554415774
83,soft_escalation,correct,known,gcomp,0.4119535100922739,,,,0.4471300554415774
83,soft_escalation,correct,known,dr,0.4006236216524173,0.044182497080511675,0.31402592737461443,0.4872213159302202,0.4471300554415774
84,always_small,correct,known,ipw,0.1359186223816579,0.043728940472277704,0.05020989905599359,0.22162734570732218,0.31590053706061727
84,always_small,correct,known,gcomp,0.2099678978944219,,,,0.31590053706061727
84,always_small,correct,known,dr,0.11514359115020889,0.0497245921736278,0.017683390489898407,0.21260379181051936,0.31590053706061727
84,failure_escalation,correct,known,ipw,0.3892184172904491,0.0726621614465552,0.2468005808552009,0.5316362537256973,0.4503863335791294
84,failure_escalation,correct,known,gcomp,0.4434591787952371,,,,0.4503863335791294
84,failure_escalation,correct,known,dr,0.4367514054922616,0.05843291527072429,0.32222289156164197,0.5512799194228812,0.4503863335791294
84,soft_escalation,correct,known,ipw,0.4087161512711722,0.05155460124828435,0.3076691328245349,0.5097631697178096,0.4471300554415774
84,soft_escalation,correct,known,gcomp,0.4395062673615943,,,,0.4471300554415774
84,soft_escalation,correct,known,dr,0.4448582308277453,0.044172919677174745,0.35827930826048277,0.5314371533950077,0.4471300554415774
85,always_small,correct,known,ipw,0.3020618887016101,0.10230934689653128,0.10153556878440881,0.5025882086188114,0.31590053706061727
85,always_small,correct,known,gcomp,0.2634436852445009,,,,0.31590053706061727
85,always_small,correct,known,dr,0.3238943916369378,0.08025831898691121,0.16658808642259182,0.48120069685128375,0.31590053706061727
85,failure_escalation,correct,known,ipw,0.3611067217065672,0.06769451306617078,0.2284254760968725,0.49378796731626196,0.4503863335791294
85,failure_escalation,correct,known,gcomp,0.4287432747766942,,,,0.4503863335791294
85,failure_escalation,correct,known,dr,0.4156801988338095,0.05383987128744295,0.3101540511104213,0.5212063465571977,0.4503863335791294
85,soft_escalation,correct,known,ipw,0.3730004086480416,0.0483122859471783,0.27830832819157214,0.4676924891045111,0.4471300554415774
85,soft_escalation,correct,known,gcomp,0.4200909994171768,,,,0.4471300554415774
85,soft_escalation,correct,known,dr,0.40570427108077284,0.04121510399430974,0.32492266725192576,0.4864858749096199,0.4471300554415774
86,always_small,correct,known,ipw,0.3697574559919607,0.1326682329153496,0.10972771947787546,0.6297871925060459,0.31590053706061727
86,always_small,correct,known,gcomp,0.3772651924184837,,,,0.31590053706061727
86,always_small,correct,known,dr,0.2921140449871964,0.13622499449673972,0.025113055773586523,0.5591150342008062,0.31590053706061727
86,failure_escalation,correct,known,ipw,0.46733738464290286,0.07646924666315744,0.3174576611831143,0.6172171081026914,0.4503863335791294
86,failure_escalation,correct,known,gcomp,0.45748497661809034,,,,0.4503863335791294
86,failure_escalation,correct,known,dr,0.4854215181860042,0.0575706092817119,0.3725831239938489,0.5982599123781596,0.4503863335791294
86,soft_escalation,correct,known,ipw,0.46539579104404233,0.05407538210882813,0.3594080421107392,0.5713835399773455,0.4471300554415774
86,soft_escalation,correct,known,gcomp,0.4567451109810182,,,,0.4471300554415774
86,soft_escalation,correct,known,dr,0.46685873913763704,0.04417666432734462,0.3802724770560416,0.5534450012192325,0.4471300554415774
87,always_small,correct,known,ipw,0.140157262636508,0.05467630943783044,0.03299169613836034,0.24732282913465564,0.31590053706061727
87,always_small,correct,known,gcomp,0.33315709209202954,,,,0.31590053706061727
87,always_small,correct,known,dr,0.27460035332593896,0.04976531817498442,0.1770603297029695,0.37214037694890845,0.31590053706061727
87,failure_escalation,correct,known,ipw,0.4197682861828247,0.07381034058281354,0.27510001864051015,0.5644365537251392,0.4503863335791294
87,failure_escalation,correct,known,gcomp,0.44823362277368123,,,,0.4503863335791294
87,failure_escalation,correct,known,dr,0.42087891564164004,0.057625251568806664,0.30793342256677897,0.533824408716501,0.4503863335791294
87,soft_escalation,correct,known,ipw,0.41454346763062105,0.05234286200915611,0.3119514580926751,0.517135477168567,0.4471300554415774
87,soft_escalation,correct,known,gcomp,0.4442767241118806,,,,0.4471300554415774
87,soft_escalation,correct,known,dr,0.41770859072064886,0.043912282479393466,0.3316405170610377,0.50377666438026,0.4471300554415774
88,always_small,correct,known,ipw,0.2898005901906237,0.07676480952541917,0.13934156352080213,0.4402596168604453,0.31590053706061727
88,always_small,correct,known,gcomp,0.30647972621150654,,,,0.31590053706061727
88,always_small,correct,known,dr,0.30242127930464935,0.06968927862491864,0.16583029319980883,0.4390122654094899,0.31590053706061727
88,failure_escalation,correct,known,ipw,0.3212212214445901,0.06793142187511186,0.18807563456937085,0.45436680831980936,0.4503863335791294
88,failure_escalation,correct,known,gcomp,0.41532309745120033,,,,0.4503863335791294
88,failure_escalation,correct,known,dr,0.3829535530893937,0.05333007693083557,0.278426602304956,0.48748050387383146,0.4503863335791294
88,soft_escalation,correct,known,ipw,0.36968881287483807,0.04880356829291012,0.2740338190207342,0.46534380672894193,0.4471300554415774
88,soft_escalation,correct,known,gcomp,0.41996322646076983,,,,0.4471300554415774
88,soft_escalation,correct,known,dr,0.40766418122531994,0.04179667068134597,0.32574270668988187,0.489585655760758,0.4471300554415774
89,always_small,correct,known,ipw,0.41893921957616326,0.1396679912049513,0.14518995681445873,0.6926884823378678,0.31590053706061727
89,always_small,correct,known,gcomp,0.34225497608870775,,,,0.31590053706061727
89,always_small,correct,known,dr,0.3358944561806121,0.13079599029424538,0.07953431520389115,0.592254597157333,0.31590053706061727
89,failure_escalation,correct,known,ipw,0.4776423030796834,0.07666882333976831,0.32737140933373754,0.6279131968256293,0.4503863335791294
89,failure_escalation,correct,known,gcomp,0.48789105832319446,,,,0.4503863335791294
89,failure_escalation,correct,known,dr,0.4889972708721418,0.05704749553392015,0.3771841796256583,0.6008103621186253,0.4503863335791294
89,soft_escalation,correct,known,ipw,0.46204368047649963,0.054374388317268804,0.3554698793746528,0.5686174815783465,0.4471300554415774
89,soft_escalation,correct,known,gcomp,0.47904034156414765,,,,0.4471300554415774
89,soft_escalation,correct,known,dr,0.47920316402952784,0.044000475011848804,0.3929622330063042,0.5654440950527515,0.4471300554415774
90,always_small,correct,known,ipw,0.301891755217978,0.08121024012413298,0.14271968457467737,0.46106382586127864,0.31590053706061727
90,always_small,correct,known,gcomp,0.367679993117857,,,,0.31590053706061727
90,always_small,correct,known,dr,0.38683745504658634,0.06880223851675432,0.2519850675537479,0.5216898425394247,0.31590053706061727
90,failure_escalation,correct,known,ipw,0.45125430240563397,0.07896482213588465,0.29648325101930006,0.6060253537919679,0.4503863335791294
90,failure_escalation,correct,known,gcomp,0.46708970522245646,,,,0.4503863335791294
90,failure_escalation,correct,known,dr,0.4233641888452818,0.05685107922560086,0.31193607356310415,0.5347923041274595,0.4503863335791294
90,soft_escalation,correct,known,ipw,0.4671770125121247,0.05576442918337649,0.35787873131270675,0.5764752937115426,0.4471300554415774
90,soft_escalation,correct,known,gcomp,0.46569896192467825,,,,0.4471300554415774
90,soft_escalation,correct,known,dr,0.44147910682980884,0.044123249696806324,0.3549975374240685,0.5279606762355492,0.4471300554415774
91,always_small,correct,known,ipw,0.29337323617278827,0.08281308228885012,0.13105959488664204,0.4556868774589345,0.31590053706061727
91,always_small,correct,known,gcomp,0.2179920763202598,,,,0.31590053706061727
91,always_small,correct,known,dr,0.32797946509265535,0.07530220026618396,0.1803871525709348,0.4755717776143759,0.31590053706061727
91,failure_escalation,correct,known,ipw,0.33089155675230203,0.06708085188080931,0.1994130870659158,0.4623700264386883,0.4503863335791294
91,failure_escalation,correct,known,gcomp,0.40042730448299174,,,,0.4503863335791294
91,failure_escalation,correct,known,dr,0.32748068734993374,0.052840798218343685,0.2239127228419801,0.4310486518578874,0.4503863335791294
91,soft_escalation,correct,known,ipw,0.34558837365377393,0.04821392782123443,0.25108907512415446,0.4400876721833934,0.4471300554415774
91,soft_escalation,correct,known,gcomp,0.3990148888501145,,,,0.4471300554415774
91,soft_escalation,correct,known,dr,0.3471910798549282,0.04094834983786671,0.26693231417270946,0.42744984553714693,0.4471300554415774
92,always_small,correct,known,ipw,0.5257830759499331,0.24256322959575813,0.05035914594224722,1.001207005957619,0.31590053706061727
92,always_small,correct,known,gcomp,0.35664573140888123,,,,0.31590053706061727
92,always_small,correct,known,dr,0.46519596319236334,0.25192319400051755,-0.02857349704865103,0.9589654234333778,0.31590053706061727
92,failure_escalation,correct,known,ipw,0.5224207706155055,0.07946834985420408,0.3666628049012655,0.6781787363297456,0.4503863335791294
92,failure_escalation,correct,known,gcomp,0.4376734474768868,,,,0.4503863335791294
92,failure_escalation,correct,known,dr,0.448596393198441,0.06274296695447937,0.32562017796766146,0.5715726084292205,0.4503863335791294
92,soft_escalation,correct,known,ipw,0.5023979057908028,0.055988729147465055,0.3926599966617713,0.6121358149198343,0.4471300554415774
92,soft_escalation,correct,known,gcomp,0.4421455706007499,,,,0.4471300554415774
92,soft_escalation,correct,known,dr,0.4598383585787812,0.04761826895570071,0.3665065514256078,0.5531701657319545,0.4471300554415774
93,always_small,correct,known,ipw,0.13680994607620459,0.053402580938051725,0.03214088743762321,0.24147900471478595,0.31590053706061727
93,always_small,correct,known,gcomp,0.25726680413658043,,,,0.31590053706061727
93,always_small,correct,known,dr,0.19705034287229659,0.04962516027961442,0.09978502872425232,0.29431565702034085,0.31590053706061727
93,failure_escalation,correct,known,ipw,0.3561549269831458,0.0724765056304063,0.21410097594754948,0.49820887801874214,0.4503863335791294
93,failure_escalation,correct,known,gcomp,0.39995034827917136,,,,0.4503863335791294
93,failure_escalation,correct,known,dr,0.3807523856264668,0.05975865639803542,0.26362541908631737,0.4978793521666162,0.4503863335791294
93,soft_escalation,correct,known,ipw,0.38023838549828165,0.051837000383420276,0.27863786474677793,0.48183890624978537,0.4471300554415774
93,soft_escalation,correct,known,gcomp,0.4004214806508172,,,,0.4471300554415774
93,soft_escalation,correct,known,dr,0.3891071665021108,0.045899253375555726,0.2991446298860216,0.4790697031182,0.4471300554415774
94,always_small,correct,known,ipw,0.5902050997052165,0.24910623194218734,0.10195688509852935,1.0784533143119037,0.31590053706061727
94,always_small,correct,known,gcomp,0.33125121223779297,,,,0.31590053706061727
94,always_small,correct,known,dr,0.5259495698481026,0.2413099725854181,0.05298202358068316,0.998917116115522,0.31590053706061727
94,failure_escalation,correct,known,ipw,0.538057071361965,0.07647452482593584,0.38816700270313076,0.6879471400207993,0.4503863335791294
94,failure_escalation,correct,known,gcomp,0.489937650255715,,,,0.4503863335791294
94,failure_escalation,correct,known,dr,0.4757073118200708,0.05763684346595122,0.3627390986268064,0.5886755250133352,0.4503863335791294
94,soft_escalation,correct,known,ipw,0.4987651223270024,0.053768666809100495,0.3933785353811654,0.6041517092728393,0.4471300554415774
94,soft_escalation,correct,known,gcomp,0.4793292019298738,,,,0.4471300554415774
94,soft_escalation,correct,known,dr,0.4713001157378877,0.043585250146354566,0.38587302545103275,0.5567272060247427,0.4471300554415774
95,always_small,correct,known,ipw,0.46967144565105434,0.24233541696767585,-0.0053059716055903206,0.944648862907699,0.31590053706061727
95,always_small,correct,known,gcomp,0.30962422411247154,,,,0.31590053706061727
95,always_small,correct,known,dr,0.4904417189472914,0.2272887391027796,0.044955790305843346,0.9359276475887395,0.31590053706061727
95,failure_escalation,correct,known,ipw,0.4511466364256042,0.07657839529441396,0.3010529816485529,0.6012402912026555,0.4503863335791294
95,failure_escalation,correct,known,gcomp,0.4076965941563785,,,,0.4503863335791294
95,failure_escalation,correct,known,dr,0.4817545534479641,0.05729350715846804,0.3694592794173667,0.5940498274785615,0.4503863335791294
95,soft_escalation,correct,known,ipw,0.4296933195120588,0.05449809829826071,0.3228770468474678,0.5365095921766498,0.4471300554415774
95,soft_escalation,correct,known,gcomp,0.4089786883307148,,,,0.4471300554415774
95,soft_escalation,correct,known,dr,0.4365768506373621,0.04374807855506225,0.3508306166694401,0.5223230846052841,0.4471300554415774
96,always_small,correct,known,ipw,0.1887927316360984,0.06385957827319781,0.06362795822063069,0.31395750505156605,0.31590053706061727
96,always_small,correct,known,gcomp,0.3787775175097961,,,,0.31590053706061727
96,always_small,correct,known,dr,0.22904246647039894,0.08924333454741033,0.0541255307574747,0.40395940218332316,0.31590053706061727
96,failure_escalation,correct,known,ipw,0.4554430034092997,0.07467453895478825,0.30908090705791474,0.6018050997606847,0.4503863335791294
96,failure_escalation,correct,known,gcomp,0.4725059714322818,,,,0.4503863335791294
96,failure_escalation,correct,known,dr,0.46968676771738144,0.053603447251939156,0.36462401110358067,0.5747495243311822,0.4503863335791294
96,soft_escalation,correct,known,ipw,0.46367798303424307,0.052408684884173204,0.3609569606612636,0.5663990054072225,0.4471300554415774
96,soft_escalation,correct,known,gcomp,0.4716597788330902,,,,0.4471300554415774
96,soft_escalation,correct,known,dr,0.4739416045184125,0.04135983719996568,0.3928763236064798,0.5550068854303453,0.4471300554415774
97,always_small,correct,known,ipw,0.3717682693626731,0.09335305379495441,0.18879628392456246,0.5547402548007837,0.31590053706061727
97,always_small,correct,known,gcomp,0.34693913806246346,,,,0.31590053706061727
97,always_small,correct,known,dr,0.38736377781807524,0.06817354502321193,0.25374362957257984,0.5209839260635707,0.31590053706061727
97,failure_escalation,correct,known,ipw,0.48301953421949484,0.07893640421814827,0.32830418195192423,0.6377348864870654,0.4503863335791294
97,failure_escalation,correct,known,gcomp,0.4298097523683143,,,,0.4503863335791294
97,failure_escalation,correct,known,dr,0.38765381936932614,0.06320425489222904,0.2637734797805572,0.5115341589580951,0.4503863335791294
97,soft_escalation,correct,known,ipw,0.4710890930188592,0.05586399069757554,0.36159567125161113,0.5805825147861072,0.4471300554415774
97,soft_escalation,correct,known,gcomp,0.4299227369507949,,,,0.4471300554415774
97,soft_escalation,correct,known,dr,0.4011210991826664,0.047877384523878914,0.30728142551586374,0.4949607728494691,0.4471300554415774
98,always_small,correct,known,ipw,0.27021690997433256,0.10926037938050515,0.05606656638854249,0.48436725356012267,0.31590053706061727
98,always_small,correct,known,gcomp,0.2197943601846092,,,,0.31590053706061727
98,always_small,correct,known,dr,0.2703093792935763,0.09402039385805266,0.08602940733179307,0.4545893512553595,0.31590053706061727
98,failure_escalation,correct,known,ipw,0.4669490511395216,0.07690542625763608,0.3162144156745549,0.6176836866044884,0.4503863335791294
98,failure_escalation,correct,known,gcomp,0.49001550978230235,,,,0.4503863335791294
98,failure_escalation,correct,known,dr,0.48672984670118025,0.05731951409834188,0.37438359906843016,0.5990760943339304,0.4503863335791294
98,soft_escalation,correct,known,ipw,0.4650503990728201,0.05426755499839362,0.35868599127596856,0.5714148068696716,0.4471300554415774
98,soft_escalation,correct,known,gcomp,0.48022926948231315,,,,0.4471300554415774
98,soft_escalation,correct,known,dr,0.477312823428025,0.04362934048035207,0.39179931608653495,0.562826330769515,0.4471300554415774
99,always_small,correct,known,ipw,0.12314928605975257,0.05469382272612005,0.015949393516557275,0.23034917860294787,0.31590053706061727
99,always_small,correct,known,gcomp,0.23510649495380279,,,,0.31590053706061727
99,always_small,correct,known,dr,0.14575390647750086,0.0599970382959021,0.02815971141753275,0.26334810153746896,0.31590053706061727
99,failure_escalation,correct,known,ipw,0.48267219402764866,0.07856886209770889,0.3286772243161392,0.6366671637391581,0.4503863335791294
99,failure_escalation,correct,known,gcomp,0.42593613198777713,,,,0.4503863335791294
99,failure_escalation,correct,known,dr,0.38745256194328154,0.05865427225778331,0.27249018831802624,0.5024149355685368,0.4503863335791294
99,soft_escalation,correct,known,ipw,0.451792681398082,0.055843635289105985,0.34233915623143424,0.5612462065647297,0.4471300554415774
99,soft_escalation,correct,known,gcomp,0.41833274411656135,,,,0.4471300554415774
99,soft_escalation,correct,known,dr,0.39228331364173763,0.045091883333139834,0.3039032223087835,0.48066340497469173,0.4471300554415774
100,always_small,correct,known,ipw,0.3587581012309556,0.11667611061625423,0.1300729244230973,0.5874432780388139,0.31590053706061727
100,always_small,correct,known,gcomp,0.326237361252249,,,,0.31590053706061727
100,always_small,correct,known,dr,0.41733835080420556,0.09458099361684205,0.23195960331519513,0.602717098293216,0.31590053706061727
100,failure_escalation,correct,known,ipw,0.3901281318350247,0.07186491391960242,0.24927290055260395,0.5309833631174454,0.4503863335791294
100,failure_escalation,correct,known,gcomp,0.43269540182227456,,,,0.4503863335791294
100,failure_escalation,correct,known,dr,0.43700174042553647,0.058648072009834254,0.3220515192862613,0.5519519615648116,0.4503863335791294
100,soft_escalation,correct,known,ipw,0.4071546980808647,0.051357006281083716,0.3064949657699406,0.5078144303917888,0.4471300554415774
100,soft_escalation,correct,known,gcomp,0.43214086867029317,,,,0.4471300554415774
100,soft_escalation,correct,known,dr,0.4406111419611826,0.04464313620282661,0.35311059500364245,0.5281116889187227,0.4471300554415774
101,always_small,correct,known,ipw,0.19741774838585693,0.05948623916656789,0.08082471961938388,0.31401077715233,0.31590053706061727
101,always_small,correct,known,gcomp,0.3203139300490473,,,,0.31590053706061727
101,always_small,correct,known,dr,0.1962025604713086,0.054265784028078384,0.08984162377627497,0.30256349716634223,0.31590053706061727
101,failure_escalation,correct,known,ipw,0.37324291426940476,0.07060712350901813,0.23485295219172922,0.5116328763470803,0.4503863335791294
101,failure_escalation,correct,known,gcomp,0.4723933125775492,,,,0.4503863335791294
101,failure_escalation,correct,known,dr,0.4373429342432038,0.05465073610915396,0.33022749146926206,0.5444583770171456,0.4503863335791294
101,soft_escalation,correct,known,ipw,0.4263481774153423,0.05003313343294718,0.32828323588676583,0.5244131189439187,0.4471300554415774
101,soft_escalation,correct,known,gcomp,0.46806705535079696,,,,0.4471300554415774
101,soft_escalation,correct,known,dr,0.4582076791684007,0.0422036526655258,0.37548851994397014,0.5409268383928313,0.4471300554415774
102,always_small,correct,known,ipw,0.2885048242800312,0.11760169842869145,0.05800549535979599,0.5190041532002665,0.31590053706061727
102,always_small,correct,known,gcomp,0.346703020289802,,,,0.31590053706061727
102,always_small,correct,known,dr,0.1853162525441869,0.1439134960982083,-0.09675419980830138,0.4673867048966752,0.31590053706061727
102,failure_escalation,correct,known,ipw,0.45848279438307443,0.07536331586667099,0.31077069528439927,0.6061948934817496,0.4503863335791294
102,failure_escalation,correct,known,gcomp,0.4523518305709463,,,,0.4503863335791294
102,failure_escalation,correct,known,dr,0.40841522434257954,0.06039644802716498,0.2900381862093362,0.5267922624758229,0.4503863335791294
102,soft_escalation,correct,known,ipw,0.44595102122923935,0.05328412877532086,0.34151412882961046,0.5503879136288683,0.4471300554415774
102,soft_escalation,correct,known,gcomp,0.4480580917868365,,,,0.4471300554415774
102,soft_escalation,correct,known,dr,0.41688486964441107,0.04581176457674662,0.3270938110739877,0.5066759282148344,0.4471300554415774
103,always_small,correct,known,ipw,0.3470198577789395,0.10450237800648086,0.14219519688623702,0.551844518671642,0.31590053706061727
103,always_small,correct,known,gcomp,0.37903490822421826,,,,0.31590053706061727
103,always_small,correct,known,dr,0.29060083361084177,0.0886318429451667,0.11688242143831504,0.4643192457833685,0.31590053706061727
103,failure_escalation,correct,known,ipw,0.4189989246977308,0.07315182179410297,0.275621353981289,0.5623764954141726,0.4503863335791294
103,failure_escalation,correct,known,gcomp,0.4902931951648405,,,,0.4503863335791294
103,failure_escalation,correct,known,dr,0.4606407347772008,0.0532709464095312,0.35622967981451964,0.5650517897398819,0.4503863335791294
103,soft_escalation,correct,known,ipw,0.45103585481178154,0.051645685045629185,0.34981031212234837,0.5522613975012147,0.4471300554415774
103,soft_escalation,correct,known,gcomp,0.4863766352808392,,,,0.4471300554415774
103,soft_escalation,correct,known,dr,0.47042531599719806,0.0414641537666458,0.3891555746145723,0.5516950573798238,0.4471300554415774
104,always_small,correct,known,ipw,0.28261302147828016,0.07855437152273022,0.12864645329372892,0.4365795896628314,0.31590053706061727
104,always_small,correct,known,gcomp,0.28775586614395343,,,,0.31590053706061727
104,always_small,correct,known,dr,0.2682414905626997,0.08153846273929201,0.10842610359368735,0.42805687753171207,0.31590053706061727
104,failure_escalation,correct,known,ipw,0.468639594179504,0.07562411910630874,0.3204163207311389,0.6168628676278691,0.4503863335791294
104,failure_escalation,correct,known,gcomp,0.4611708049332747,,,,0.4503863335791294
104,failure_escalation,correct,known,dr,0.39279614347336334,0.06058498729917781,0.2740495683669748,0.5115427185797519,0.4503863335791294
104,soft_escalation,correct,known,ipw,0.46351821489662326,0.05359298316726431,0.3584759678887852,0.5685604619044613,0.4471300554415774
104,soft_escalation,correct,known,gcomp,0.45275106045814395,,,,0.4471300554415774
104,soft_escalation,correct,known,dr,0.41289866727760094,0.04563259914080279,0.3234587729616275,0.5023385615935744,0.4471300554415774
105,always_small,correct,known,ipw,0.29512788191038897,0.07765994303683413,0.14291439355819407,0.44734137026258386,0.31590053706061727
105,always_small,correct,known,gcomp,0.4912960803375058,,,,0.31590053706061727
105,always_small,correct,known,dr,0.20474045662300427,0.18001508581396425,-0.14808911157236565,0.5575700248183741,0.31590053706061727
105,failure_escalation,correct,known,ipw,0.5416411727273326,0.07924739821454412,0.38631627222682613,0.6969660732278391,0.4503863335791294
105,failure_escalation,correct,known,gcomp,0.47874274077135215,,,,0.4503863335791294
105,failure_escalation,correct,known,dr,0.44974992975743056,0.06273994499460893,0.32677963756799705,0.572720221946864,0.4503863335791294
105,soft_escalation,correct,known,ipw,0.5287135058968007,0.05556091287502151,0.4198141166617585,0.6376128951318428,0.4471300554415774
105,soft_escalation,correct,known,gcomp,0.4893058222752933,,,,0.4471300554415774
105,soft_escalation,correct,known,dr,0.46949070492806755,0.047411545978255885,0.376564074810686,0.5624173350454491,0.4471300554415774
106,always_small,correct,known,ipw,0.3871299727757253,0.1392078326446712,0.11428262079216972,0.6599773247592808,0.31590053706061727
106,always_small,correct,known,gcomp,0.28897270519898244,,,,0.31590053706061727
106,always_small,correct,known,dr,0.36066245243529077,0.13170539978611337,0.10251986885450859,0.618805036016073,0.31590053706061727
106,failure_escalation,correct,known,ipw,0.3920359342458587,0.07041706811008631,0.25401848075008954,0.5300533877416278,0.4503863335791294
106,failure_escalation,correct,known,gcomp,0.408245144911035,,,,0.4503863335791294
106,failure_escalation,correct,known,dr,0.4048149364459988,0.05711828231143913,0.2928631031155781,0.5167667697764196,0.4503863335791294
106,soft_escalation,correct,known,ipw,0.37810018633339393,0.05023095718690728,0.27964751024705564,0.4765528624197322,0.4471300554415774
106,soft_escalation,correct,known,gcomp,0.40660649359934714,,,,0.4471300554415774
106,soft_escalation,correct,known,dr,0.39359673324137473,0.04347650458105154,0.3083827842625137,0.47881068222023576,0.4471300554415774
107,always_small,correct,known,ipw,0.26158017916795984,0.0799793488202763,0.1048206554802183,0.4183397028557014,0.31590053706061727
107,always_small,correct,known,gcomp,0.39897631345027035,,,,0.31590053706061727
107,always_small,correct,known,dr,0.30746815683627665,0.10050306939336547,0.11048214082528035,0.5044541728472729,0.31590053706061727
107,failure_escalation,correct,known,ipw,0.5214854446164382,0.07896137645172432,0.3667211467710585,0.6762497424618179,0.4503863335791294
107,failure_escalation,correct,known,gcomp,0.47806747611760225,,,,0.4503863335791294
107,failure_escalation,correct,known,dr,0.4737459471616612,0.06111925307727642,0.3539522111301994,0.593539683193123,0.4503863335791294
107,soft_escalation,correct,known,ipw,0.4952176451428845,0.05572804420066604,0.3859906785095791,0.6044446117761899,0.4471300554415774
107,soft_escalation,correct,known,gcomp,0.4745765140134677,,,,0.4471300554415774
107,soft_escalation,correct,known,dr,0.4727510840785934,0.046537907569036925,0.38153678524328105,0.5639653829139057,0.4471300554415774
108,always_small,correct,known,ipw,0.5576960461589008,0.2533531855193051,0.06112380254106281,1.0542682897767388,0.31590053706061727
108,always_small,correct,known,gcomp,0.31663332887519596,,,,0.31590053706061727
108,always_small,correct,known,dr,0.4798692153059404,0.2526893019168938,-0.015401816451171446,0.9751402470630522,0.31590053706061727
108,failure_escalation,correct,known,ipw,0.29845152042103834,0.06398116996824228,0.17304842728328346,0.4238546135587932,0.4503863335791294
108,failure_escalation,correct,known,gcomp,0.4517392362068457,,,,0.4503863335791294
108,failure_escalation,correct,known,dr,0.3707806713572911,0.0527713676520206,0.2673487907593307,0.47421255195525147,0.4503863335791294
108,soft_escalation,correct,known,ipw,0.3661347796446455,0.04565376499174623,0.2766534002608229,0.45561615902846814,0.4471300554415774
108,soft_escalation,correct,known,gcomp,0.45455463116178874,,,,0.4471300554415774
108,soft_escalation,correct,known,dr,0.4111505074043409,0.04090788435976745,0.3309710540591967,0.4913299607494851,0.4471300554415774
109,always_small,correct,known,ipw,0.15850977247745293,0.058050647652144904,0.04473050307924892,0.27228904187565695,0.31590053706061727
109,always_small,correct,known,gcomp,0.25556897622547997,,,,0.31590053706061727
109,always_small,correct,known,dr,0.2896038697255658,0.06052434269315771,0.1709761580469767,0.4082315814041549,0.31590053706061727
109,failure_escalation,correct,known,ipw,0.43590552416310185,0.07542500454610342,0.28807251525273914,0.5837385330734646,0.4503863335791294
109,failure_escalation,correct,known,gcomp,0.4740884098301311,,,,0.4503863335791294
109,failure_escalation,correct,known,dr,0.4620838293950317,0.05696589297958963,0.350430679155036,0.5737369796350273,0.4503863335791294
109,soft_escalation,correct,known,ipw,0.45859651778981425,0.05305750888002258,0.35460380038496997,0.5625892351946585,0.4471300554415774
109,soft_escalation,correct,known,gcomp,0.4635616296692904,,,,0.4471300554415774
109,soft_escalation,correct,known,dr,0.4579523801641163,0.04373984131766476,0.3722222911814934,0.5436824691467392,0.4471300554415774
110,always_small,correct,known,ipw,0.2887257613093128,0.07792371109765797,0.1359952875579032,0.44145623506072246,0.31590053706061727
110,always_small,correct,known,gcomp,0.3750579156668699,,,,0.31590053706061727
110,always_small,correct,known,dr,0.34842555631335087,0.04877326385864485,0.25282995915040696,0.4440211534762948,0.31590053706061727
110,failure_escalation,correct,known,ipw,0.4376431629754563,0.07424790204281972,0.2921172749715296,0.583169050979383,0.4503863335791294
110,failure_escalation,correct,known,gcomp,0.5246379869873656,,,,0.4503863335791294
110,failure_escalation,correct,known,dr,0.5053057147749276,0.054086762474939216,0.39929566032404673,0.6113157692258084,0.4503863335791294
110,soft_escalation,correct,known,ipw,0.4635838313134417,0.05199225650753559,0.36167900855867197,0.5654886540682115,0.4471300554415774
110,soft_escalation,correct,known,gcomp,0.5167800105951976,,,,0.4471300554415774
110,soft_escalation,correct,known,dr,0.49981443312479995,0.04161072828829361,0.41825740567974445,0.5813714605698554,0.4471300554415774
111,always_small,correct,known,ipw,0.26325356908248093,0.08582362814084821,0.09503925792641846,0.43146788023854343,0.31590053706061727
111,always_small,correct,known,gcomp,0.46281431234656467,,,,0.31590053706061727
111,always_small,correct,known,dr,0.38432962945755234,0.08232514620893717,0.22297234288803547,0.5456869160270692,0.31590053706061727
111,failure_escalation,correct,known,ipw,0.3845562922360786,0.07181285475057042,0.2438030969249606,0.5253094875471966,0.4503863335791294
111,failure_escalation,correct,known,gcomp,0.4403623021328939,,,,0.4503863335791294
111,failure_escalation,correct,known,dr,0.49066640915755094,0.05503764895305022,0.3827926172095725,0.5985402011055294,0.4503863335791294
111,soft_escalation,correct,known,ipw,0.3959437939602829,0.051097715430708616,0.295792271716094,0.4960953162044718,0.4471300554415774
111,soft_escalation,correct,known,gcomp,0.44742870500938015,,,,0.4471300554415774
111,soft_escalation,correct,known,dr,0.4664252217594175,0.042405221195181995,0.38331098821686077,0.5495394553019741,0.4471300554415774
112,always_small,correct,known,ipw,0.21559110935191572,0.06881458622207466,0.08071452035664939,0.35046769834718206,0.31590053706061727
112,always_small,correct,known,gcomp,0.28051951255292557,,,,0.31590053706061727
112,always_small,correct,known,dr,0.17278016052703726,0.08011671729694998,0.01575139462501529,0.32980892642905923,0.31590053706061727
112,failure_escalation,correct,known,ipw,0.4179666602039442,0.07596352079943029,0.2690781594370608,0.5668551609708276,0.4503863335791294
112,failure_escalation,correct,known,gcomp,0.39937530961182777,,,,0.4503863335791294
112,failure_escalation,correct,known,dr,0.4249146094457315,0.05811580640692449,0.31100762888815947,0.5388215900033035,0.4503863335791294
112,soft_escalation,correct,known,ipw,0.40880661440427846,0.05428474980707656,0.30240850478240844,0.5152047240261485,0.4471300554415774
112,soft_escalation,correct,known,gcomp,0.3989606324546041,,,,0.4471300554415774
112,soft_escalation,correct,known,dr,0.4170468394644292,0.044805285371447644,0.32922848013639183,0.5048651987924666,0.4471300554415774
113,always_small,correct,known,ipw,0.3051087102109102,0.10043454280559581,0.1082570063119424,0.5019604141098779,0.31590053706061727
113,always_small,correct,known,gcomp,0.2857591662133931,,,,0.31590053706061727
113,always_small,correct,known,dr,0.2309275762888319,0.09445297568234125,0.04579974395144307,0.4160554086262207,0.31590053706061727
113,failure_escalation,correct,known,ipw,0.5071833246347415,0.0761881058433851,0.3578546371817067,0.6565120120877763,0.4503863335791294
113,failure_escalation,correct,known,gcomp,0.4780917064175333,,,,0.4503863335791294
113,failure_escalation,correct,known,dr,0.4995732070368594,0.05832357904406671,0.3852589921104887,0.6138874219632302,0.4503863335791294
113,soft_escalation,correct,known,ipw,0.4823637210391192,0.05383698001223984,0.3768432402151291,0.5878842018631093,0.4471300554415774
113,soft_escalation,correct,known,gcomp,0.4690677918838445,,,,0.4471300554415774
113,soft_escalation,correct,known,dr,0.4865907654266952,0.04373038308921589,0.40087921457183207,0.5723023162815584,0.4471300554415774
114,always_small,correct,known,ipw,0.1961271459313658,0.11740157503115509,-0.03397994112969818,0.4262342329924298,0.31590053706061727
114,always_small,correct,known,gcomp,0.184073901993291,,,,0.31590053706061727
114,always_small,correct,known,dr,0.24661360890936657,0.11582526651163357,0.019596086546564778,0.4736311312721684,0.31590053706061727
114,failure_escalation,correct,known,ipw,0.32804298035498214,0.06474678088134841,0.20113928982753926,0.454946670882425,0.4503863335791294
114,failure_escalation,correct,known,gcomp,0.45119145017108553,,,,0.4503863335791294
114,failure_escalation,correct,known,dr,0.3935297755322239,0.05304273619307482,0.2895660125937973,0.49749353847065053,0.4503863335791294
114,soft_escalation,correct,known,ipw,0.36037228031156676,0.04644678621220242,0.26933657933565003,0.4514079812874835,0.4471300554415774
114,soft_escalation,correct,known,gcomp,0.43970822582090974,,,,0.4471300554415774
114,soft_escalation,correct,known,dr,0.4029688904788725,0.0405404177663407,0.32350967165684474,0.4824281093009003,0.4471300554415774
115,always_small,correct,known,ipw,0.3265041982065762,0.08965786185119048,0.15077478897824287,0.5022336074349096,0.31590053706061727
115,always_small,correct,known,gcomp,0.3457577339645895,,,,0.31590053706061727
115,always_small,correct,known,dr,0.2731439110008287,0.07392221650449958,0.1282563666520095,0.41803145534964786,0.31590053706061727
115,failure_escalation,correct,known,ipw,0.4862422730474684,0.07462147636928403,0.33998417936367176,0.6325003667312651,0.4503863335791294
115,failure_escalation,correct,known,gcomp,0.45742925830865455,,,,0.4503863335791294
115,failure_escalation,correct,known,dr,0.5082625240235379,0.05359354983578589,0.40321916634539756,0.6133058817016782,0.4503863335791294
115,soft_escalation,correct,known,ipw,0.4666207433895724,0.05254191121180413,0.36363859741443627,0.5696028893647085,0.4471300554415774
115,soft_escalation,correct,known,gcomp,0.454313818945615,,,,0.4471300554415774
115,soft_escalation,correct,known,dr,0.48900768483708734,0.04090549318278789,0.40883291819882306,0.5691824514753516,0.4471300554415774
116,always_small,correct,known,ipw,0.22809352396081142,0.0760216020146703,0.07909118401205764,0.3770958639095652,0.31590053706061727
116,always_small,correct,known,gcomp,0.2675584559815328,,,,0.31590053706061727
116,always_small,correct,known,dr,0.24776759844791496,0.06126972403529597,0.12767893933873486,0.36785625755709506,0.31590053706061727
116,failure_escalation,correct,known,ipw,0.42161054026451844,0.07150863915334651,0.2814536075239593,0.5617674730050776,0.4503863335791294
116,failure_escalation,correct,known,gcomp,0.42736594206979944,,,,0.4503863335791294
116,failure_escalation,correct,known,dr,0.43356013953425443,0.05315685027028662,0.32937271300449267,0.5377475660640162,0.4503863335791294
116,soft_escalation,correct,known,ipw,0.4160434661675683,0.05062697425039644,0.3168145966367913,0.5152723356983453,0.4471300554415774
116,soft_escalation,correct,known,gcomp,0.420836788338498,,,,0.4471300554415774
116,soft_escalation,correct,known,dr,0.428554512186042,0.04042658332324867,0.3493184088724746,0.5077906154996095,0.4471300554415774
117,always_small,correct,known,ipw,0.2587891032772495,0.09251821909119701,0.07745339385850339,0.4401248126959957,0.31590053706061727
117,always_small,correct,known,gcomp,0.3946584763826976,,,,0.31590053706061727
117,always_small,correct,known,dr,0.24801538440991328,0.07215598795777042,0.10658964801268325,0.3894411208071433,0.31590053706061727
117,failure_escalation,correct,known,ipw,0.472686587271829,0.07768153344685665,0.32043078171598993,0.6249423928276681,0.4503863335791294
117,failure_escalation,correct,known,gcomp,0.4258870797189761,,,,0.4503863335791294
117,failure_escalation,correct,known,dr,0.44357938902792476,0.05875788109079361,0.3284139420899693,0.5587448359658802,0.4503863335791294
117,soft_escalation,correct,known,ipw,0.44368132250050407,0.05505515267539726,0.33577322325672543,0.5515894217442827,0.4471300554415774
117,soft_escalation,correct,known,gcomp,0.4333698178669327,,,,0.4471300554415774
117,soft_escalation,correct,known,dr,0.43950702051202584,0.044870823188756744,0.3515602070620626,0.5274538339619891,0.4471300554415774
118,always_small,correct,known,ipw,0.3100867195721571,0.08472082205024475,0.1440339083536774,0.4761395307906368,0.31590053706061727
118,always_small,correct,known,gcomp,0.33044216526899095,,,,0.31590053706061727
118,always_small,correct,known,dr,0.3745812419427991,0.0659196640569142,0.2453787003912473,0.5037837834943509,0.31590053706061727
118,failure_escalation,correct,known,ipw,0.3930030561559238,0.07062047928596621,0.25458691675543,0.5314191955564176,0.4503863335791294
118,failure_escalation,correct,known,gcomp,0.46591263585453474,,,,0.4503863335791294
118,failure_escalation,correct,known,dr,0.4444944032900887,0.052921900099882464,0.3407674790943191,0.5482213274858584,0.4503863335791294
118,soft_escalation,correct,known,ipw,0.4338460082944766,0.0500768805083063,0.3356953224981963,0.531996694090757,0.4471300554415774
118,soft_escalation,correct,known,gcomp,0.4645653820404845,,,,0.4471300554415774
118,soft_escalation,correct,known,dr,0.4552722055408252,0.04083419098219317,0.3752371912157266,0.5353072198659238,0.4471300554415774
119,always_small,correct,known,ipw,0.31477008021310815,0.07534858971389817,0.16708684437386773,0.4624533160523486,0.31590053706061727
119,always_small,correct,known,gcomp,0.33042363658858626,,,,0.31590053706061727
119,always_small,correct,known,dr,0.2742744651475639,0.07003733020869725,0.13700129793851726,0.4115476323566105,0.31590053706061727
119,failure_escalation,correct,known,ipw,0.2416369669633885,0.05994591396422701,0.12414297559350355,0.3591309583332734,0.4503863335791294
119,failure_escalation,correct,known,gcomp,0.38969930427107213,,,,0.4503863335791294
119,failure_escalation,correct,known,dr,0.31604193925078605,0.052037712037027326,0.21404802365821252,0.4180358548433596,0.4503863335791294
119,soft_escalation,correct,known,ipw,0.31658645841400845,0.04351675377735336,0.23129362101039586,0.40187929581762105,0.4471300554415774
119,soft_escalation,correct,known,gcomp,0.3947083955549738,,,,0.4471300554415774
119,soft_escalation,correct,known,dr,0.3566852706340527,0.04077719355152177,0.27676197127307,0.4366085699950354,0.4471300554415774
120,always_small,correct,known,ipw,0.2866672678598478,0.10354215078907357,0.08372465231326362,0.48960988340643197,0.31590053706061727
120,always_small,correct,known,gcomp,0.3405295110872677,,,,0.31590053706061727
120,always_small,correct,known,dr,0.27603688233101986,0.10098900267764022,0.07809843708284503,0.4739753275791947,0.31590053706061727
120,failure_escalation,correct,known,ipw,0.4512283916198057,0.07284185968613208,0.30845834663498684,0.5939984366046246,0.4503863335791294
120,failure_escalation,correct,known,gcomp,0.4801386536237778,,,,0.4503863335791294
120,failure_escalation,correct,known,dr,0.41312603836912604,0.0570298109447587,0.301347608917399,0.5249044678208531,0.4503863335791294
120,soft_escalation,correct,known,ipw,0.4551823094545808,0.051475334887324475,0.35429065307542484,0.5560739658337368,0.4471300554415774
120,soft_escalation,correct,known,gcomp,0.47246931692436955,,,,0.4471300554415774
120,soft_escalation,correct,known,dr,0.42842995396314715,0.04315623361110135,0.3438437360853885,0.5130161718409058,0.4471300554415774
121,always_small,correct,known,ipw,0.49054292848583825,0.11033579207833391,0.2742847760123038,0.7068010809593728,0.31590053706061727
121,always_small,correct,known,gcomp,0.32214195100883614,,,,0.31590053706061727
121,always_small,correct,known,dr,0.42476834904687405,0.08668249237750171,0.25487066398697067,0.5946660341067774,0.31590053706061727
121,failure_escalation,correct,known,ipw,0.5387312210501566,0.08179787022401537,0.3784073954110865,0.6990550466892267,0.4503863335791294
121,failure_escalation,correct,known,gcomp,0.449564636939553,,,,0.4503863335791294
121,failure_escalation,correct,known,dr,0.4606190741391617,0.06200892610064189,0.3390815789819036,0.5821565692964198,0.4503863335791294
121,soft_escalation,correct,known,ipw,0.49645270676181186,0.058071790888933994,0.3826319966195012,0.6102734169041225,0.4471300554415774
121,soft_escalation,correct,known,gcomp,0.44745076454205823,,,,0.4471300554415774
121,soft_escalation,correct,known,dr,0.44489874471519897,0.047600374071161786,0.3516020115357219,0.538195477894676,0.4471300554415774
122,always_small,correct,known,ipw,0.3994653515911731,0.11617886041560144,0.17175478517659426,0.6271759180057519,0.31590053706061727
122,always_small,correct,known,gcomp,0.37402768807172126,,,,0.31590053706061727
122,always_small,correct,known,dr,0.35044891358450264,0.09212578326162119,0.16988237839172513,0.5310154487772801,0.31590053706061727
122,failure_escalation,correct,known,ipw,0.502077919660531,0.08170819447609551,0.3419298584873838,0.6622259808336781,0.4503863335791294
122,failure_escalation,correct,known,gcomp,0.5522907074060055,,,,0.4503863335791294
122,failure_escalation,correct,known,dr,0.4746678439885476,0.06029111926440974,0.35649725023030454,0.5928384377467907,0.4503863335791294
122,soft_escalation,correct,known,ipw,0.5226372355917791,0.057163557539408015,0.4105966628145394,0.6346778083690188,0.4471300554415774
122,soft_escalation,correct,known,gcomp,0.5423945744552371,,,,0.4471300554415774
122,soft_escalation,correct,known,dr,0.5048191361244997,0.0457873157338304,0.4150759972861921,0.5945622749628072,0.4471300554415774
123,always_small,correct,known,ipw,0.2520418671983874,0.1037268560707085,0.048737229299798734,0.45534650509697605,0.31590053706061727
123,always_small,correct,known,gcomp,0.29583843144711713,,,,0.31590053706061727
123,always_small,correct,known,dr,0.35082730864695055,0.0787318190341773,0.19651294333996305,0.505141673953938,0.31590053706061727
123,failure_escalation,correct,known,ipw,0.423099777134152,0.07546967978256375,0.27517920476032703,0.5710203495079769,0.4503863335791294
123,failure_escalation,correct,known,gcomp,0.42185620600866447,,,,0.4503863335791294
123,failure_escalation,correct,known,dr,0.41885514817032776,0.06121867273902592,0.29886654960183695,0.5388437467388185,0.4503863335791294
123,soft_escalation,correct,known,ipw,0.4297455281994071,0.053678112725343514,0.3245364272577338,0.5349546291410804,0.4471300554415774
123,soft_escalation,correct,known,gcomp,0.42459737128685415,,,,0.4471300554415774
123,soft_escalation,correct,known,dr,0.42680392632229225,0.04683632063221673,0.33500473788314744,0.5186031147614371,0.4471300554415774
124,always_small,correct,known,ipw,0.2130256976258184,0.06665552401164504,0.08238087056299415,0.3436705246886427,0.31590053706061727
124,always_small,correct,known,gcomp,0.25376731503868516,,,,0.31590053706061727
124,always_small,correct,known,dr,0.24847069833553992,0.05574010086383405,0.13922010064242518,0.35772129602865466,0.31590053706061727
124,failure_escalation,correct,known,ipw,0.43741334345885013,0.07318388989539888,0.2939729192638683,0.5808537676538319,0.4503863335791294
124,failure_escalation,correct,known,gcomp,0.4225431311181759,,,,0.4503863335791294
124,failure_escalation,correct,known,dr,0.4055962909849127,0.057163004834834476,0.2935568015086371,0.5176357804611882,0.4503863335791294
124,soft_escalation,correct,known,ipw,0.44118937732321717,0.05169296507252257,0.3398711657810729,0.5425075888653614,0.4471300554415774
124,soft_escalation,correct,known,gcomp,0.4259084655640968,,,,0.4471300554415774
124,soft_escalation,correct,known,dr,0.4110399684378783,0.04351366605907952,0.32575318296208244,0.4963267539136742,0.4471300554415774
125,always_small,correct,known,ipw,0.25716553265592795,0.07881486778356071,0.10268839180014896,0.4116426735117069,0.31590053706061727
125,always_small,correct,known,gcomp,0.34686481301748967,,,,0.31590053706061727
125,always_small,correct,known,dr,0.29257579372693565,0.08755428583463738,0.12096939349104638,0.4641821939628249,0.31590053706061727
125,failure_escalation,correct,known,ipw,0.491849223819391,0.07909269213842444,0.33682754722807906,0.6468709004107029,0.4503863335791294
125,failure_escalation,correct,known,gcomp,0.44308976615787843,,,,0.4503863335791294
125,failure_escalation,correct,known,dr,0.4664982152290786,0.06133947265758916,0.3462728488202038,0.5867235816379534,0.4503863335791294
125,soft_escalation,correct,known,ipw,0.48176607020224027,0.05580552663520467,0.3723872379972391,0.5911449024072414,0.4471300554415774
125,soft_escalation,correct,known,gcomp,0.443760403904498,,,,0.4471300554415774
125,soft_escalation,correct,known,dr,0.4620790494256641,0.04630309582983087,0.3713249815991956,0.5528331172521326,0.4471300554415774
126,always_small,correct,known,ipw,0.28180267904900586,0.08007935982841413,0.12484713378531417,0.4387582243126975,0.31590053706061727
126,always_small,correct,known,gcomp,0.3133051048992435,,,,0.31590053706061727
126,always_small,correct,known,dr,0.31120438005994494,0.054424665280802594,0.20453203610957188,0.417876724010318,0.31590053706061727
126,failure_escalation,correct,known,ipw,0.3689171323599636,0.07001625886214659,0.2316852649901563,0.5061489997297709,0.4503863335791294
126,failure_escalation,correct,known,gcomp,0.4053648542638261,,,,0.4503863335791294
126,failure_escalation,correct,known,dr,0.37554637194842644,0.05023381519587507,0.2770880941645113,0.4740046497323416,0.4503863335791294
126,soft_escalation,correct,known,ipw,0.3775708066432666,0.05027451256570768,0.2790327620144795,0.47610885127205366,0.4471300554415774
126,soft_escalation,correct,known,gcomp,0.40359058710000995,,,,0.4471300554415774
126,soft_escalation,correct,known,dr,0.3860772399723121,0.03961173752512661,0.30843823442306395,0.4637162455215602,0.4471300554415774
127,always_small,correct,known,ipw,0.2888487879527149,0.0818978507148337,0.12832900055164084,0.44936857535378893,0.31590053706061727
127,always_small,correct,known,gcomp,0.2760100474762345,,,,0.31590053706061727
127,always_small,correct,known,dr,0.30918890453630044,0.07288574900255276,0.16633283649129701,0.4520449725813038,0.31590053706061727
127,failure_escalation,correct,known,ipw,0.37742554190198724,0.07134039962797827,0.23759835863114984,0.5172527251728246,0.4503863335791294
127,failure_escalation,correct,known,gcomp,0.4389181394394881,,,,0.4503863335791294
127,failure_escalation,correct,known,dr,0.4177474347163423,0.056976080072902904,0.3060743177734526,0.529420551659232,0.4503863335791294
127,soft_escalation,correct,known,ipw,0.3951607161174455,0.050882064163687825,0.2954318703566174,0.49488956187827365,0.4471300554415774
127,soft_escalation,correct,known,gcomp,0.4342857114268517,,,,0.4471300554415774
127,soft_escalation,correct,known,dr,0.4247891636895506,0.04387939943643868,0.3387855407941308,0.5107927865849704,0.4471300554415774
128,always_small,correct,known,ipw,0.19114879984694966,0.08451238176570326,0.025504531586171275,0.35679306810772804,0.31590053706061727
128,always_small,correct,known,gcomp,0.28658857565573814,,,,0.31590053706061727
128,always_small,correct,known,dr,0.23721511902173725,0.08443464595731244,0.07172321294540487,0.40270702509806966,0.31590053706061727
128,failure_escalation,correct,known,ipw,0.4273827473929458,0.0742807849898539,0.2817924088128322,0.5729730859730594,0.4503863335791294
128,failure_escalation,correct,known,gcomp,0.46543140322326676,,,,0.4503863335791294
128,failure_escalation,correct,known,dr,0.42092104975471023,0.05857909886827887,0.30610601597288367,0.5357360835365368,0.4503863335791294
128,soft_escalation,correct,known,ipw,0.43093351346445286,0.0527661724004336,0.327511815559603,0.5343552113693028,0.4471300554415774
128,soft_escalation,correct,known,gcomp,0.46153258737011893,,,,0.4471300554415774
128,soft_escalation,correct,known,dr,0.4311032526949722,0.04460526104603919,0.3436769410447354,0.518529564345209,0.4471300554415774
129,always_small,correct,known,ipw,0.26485761052012596,0.07867808791454954,0.11064855820760885,0.41906666283264304,0.31590053706061727
129,always_small,correct,known,gcomp,0.28812784454550017,,,,0.31590053706061727
129,always_small,correct,known,dr,0.2646245326713589,0.06564448036074552,0.13596135116429767,0.3932877141784201,0.31590053706061727
129,failure_escalation,correct,known,ipw,0.4394534105966585,0.07563436921888575,0.2912100469276424,0.5876967742656746,0.4503863335791294
129,failure_escalation,correct,known,gcomp,0.40666656158604386,,,,0.4503863335791294
129,failure_escalation,correct,known,dr,0.411347010027544,0.06041210320830256,0.29293928773927097,0.5297547323158169,0.4503863335791294
129,soft_escalation,correct,known,ipw,0.43052468630485796,0.05372873574767158,0.3252163642394217,0.5358330083702942,0.4471300554415774
129,soft_escalation,correct,known,gcomp,0.40548296264926365,,,,0.4471300554415774
129,soft_escalation,correct,known,dr,0.4133094055121486,0.04581547281927642,0.32351107878636687,0.5031077322379304,0.4471300554415774
130,always_small,correct,known,ipw,0.2417297489384144,0.07731558532435276,0.090191201702683,0.3932682961741458,0.31590053706061727
130,always_small,correct,known,gcomp,0.2584231030192475,,,,0.31590053706061727
130,always_small,correct,known,dr,0.24298077103628102,0.07770176062279502,0.09068532021560277,0.39527622185695926,0.31590053706061727
130,failure_escalation,correct,known,ipw,0.46189558428609695,0.07610448053050221,0.3127308024463126,0.6110603661258813,0.4503863335791294
130,failure_escalation,correct,known,gcomp,0.3845089497206873,,,,0.4503863335791294
130,failure_escalation,correct,known,dr,0.4479488763563505,0.06304529756514855,0.32438009312865934,0.5715176595840417,0.4503863335791294
130,soft_escalation,correct,known,ipw,0.4318178036040092,0.05424059890036306,0.32550622975929755,0.5381293774487208,0.4471300554415774
130,soft_escalation,correct,known,gcomp,0.38505802255711125,,,,0.4471300554415774
130,soft_escalation,correct,known,dr,0.42420030526771085,0.0475717167561496,0.3309597404256576,0.517440870109764,0.4471300554415774
131,always_small,correct,known,ipw,0.20013376441190983,0.06465631765029344,0.0734073818173347,0.32686014700648497,0.31590053706061727
131,always_small,correct,known,gcomp,0.33679163804663687,,,,0.31590053706061727
131,always_small,correct,known,dr,0.31512313944138753,0.05553953137450717,0.20626565794735346,0.4239806209354216,0.31590053706061727
131,failure_escalation,correct,known,ipw,0.31831072895264867,0.07110305775253441,0.17894873575768122,0.4576727221476161,0.4503863335791294
131,failure_escalation,correct,known,gcomp,0.4613252754562421,,,,0.4503863335791294
131,failure_escalation,correct,known,dr,0.3701744502021287,0.05583230785612046,0.2607431268041326,0.4796057736001248,0.4503863335791294
131,soft_escalation,correct,known,ipw,0.3828818866234075,0.050798773315319866,0.2833162909253806,0.4824474823214344,0.4471300554415774
131,soft_escalation,correct,known,gcomp,0.45468022293502997,,,,0.4471300554415774
131,soft_escalation,correct,known,dr,0.41091852679774993,0.04334047323909476,0.3259711992491242,0.49586585434637565,0.4471300554415774
132,always_small,correct,known,ipw,0.3743236099149441,0.1035725441845127,0.17132142331329925,0.577325796516589,0.31590053706061727
132,always_small,correct,known,gcomp,0.38565652462133765,,,,0.31590053706061727
132,always_small,correct,known,dr,0.532563014006349,0.07339511245826373,0.3887085935881521,0.6764174344245459,0.31590053706061727
132,failure_escalation,correct,known,ipw,0.4624762342720103,0.077303651713129,0.31096107691427743,0.6139913916297431,0.4503863335791294
132,failure_escalation,correct,known,gcomp,0.42573323478421343,,,,0.4503863335791294
132,failure_escalation,correct,known,dr,0.40390257378514793,0.062498827973044055,0.2814048709579816,0.5264002766123143,0.4503863335791294
132,soft_escalation,correct,known,ipw,0.4755567101657857,0.05464092833257105,0.3684604906339465,0.5826529296976249,0.4471300554415774
132,soft_escalation,correct,known,gcomp,0.42862892633524036,,,,0.4471300554415774
132,soft_escalation,correct,known,dr,0.42402560810858303,0.047481867510187924,0.3309611477886147,0.5170900684285513,0.4471300554415774
133,always_small,correct,known,ipw,0.2680413666464606,0.07769094587161003,0.11576711273810494,0.4203156205548163,0.31590053706061727
133,always_small,correct,known,gcomp,0.3472237407762394,,,,0.31590053706061727
133,always_small,correct,known,dr,0.36164728223172027,0.06182298785479456,0.24047422603632296,0.4828203384271176,0.31590053706061727
133,failure_escalation,correct,known,ipw,0.4367938583690995,0.0742551622016328,0.29125374045389923,0.5823339762842998,0.4503863335791294
133,failure_escalation,correct,known,gcomp,0.4922980324295212,,,,0.4503863335791294
133,failure_escalation,correct,known,dr,0.48593088642971544,0.05357728113872146,0.38091941539782137,0.5909423574616095,0.4503863335791294
133,soft_escalation,correct,known,ipw,0.44710450359445236,0.05285286895730963,0.3435128804381255,0.5506961267507793,0.4471300554415774
133,soft_escalation,correct,known,gcomp,0.4787282418426285,,,,0.4471300554415774
133,soft_escalation,correct,known,dr,0.47396546849252574,0.041448256234134756,0.3927268862736216,0.5552040507114299,0.4471300554415774
134,always_small,correct,known,ipw,0.1649280772202748,0.06068461482448661,0.04598623216428105,0.28386992227626856,0.31590053706061727
134,always_small,correct,known,gcomp,0.352749807249939,,,,0.31590053706061727
134,always_small,correct,known,dr,0.32105424866011095,0.06203642121042725,0.19946286308767353,0.4426456342325484,0.31590053706061727
134,failure_escalation,correct,known,ipw,0.42891611726572104,0.07495133966023425,0.28201149153166194,0.5758207429997801,0.4503863335791294
134,failure_escalation,correct,known,gcomp,0.4302314052681239,,,,0.4503863335791294
134,failure_escalation,correct,known,dr,0.4353606030101914,0.05906144523104947,0.31960017035733446,0.5511210356630484,0.4503863335791294
134,soft_escalation,correct,known,ipw,0.43379565447407553,0.053110080270485034,0.3296998971439249,0.5378914118042262,0.4471300554415774
134,soft_escalation,correct,known,gcomp,0.4311024892180742,,,,0.4471300554415774
134,soft_escalation,correct,known,dr,0.44140563524260257,0.044822454498164355,0.3535536244262004,0.5292576460590047,0.4471300554415774
135,always_small,correct,known,ipw,0.1804310642302462,0.05599621190075797,0.07067848890476058,0.29018363955573184,0.31590053706061727
135,always_small,correct,known,gcomp,0.26432886933058264,,,,0.31590053706061727
135,always_small,correct,known,dr,0.19339264664341066,0.058676553067791244,0.07838660263053983,0.3083986906562815,0.31590053706061727
135,failure_escalation,correct,known,ipw,0.4419261676838016,0.0749688488316509,0.29498722397376587,0.5888651113938373,0.4503863335791294
135,failure_escalation,correct,known,gcomp,0.484021544626715,,,,0.4503863335791294
135,failure_escalation,correct,known,dr,0.47892238782423135,0.05484843307785474,0.3714194589916361,0.5864253166568266,0.4503863335791294
135,soft_escalation,correct,known,ipw,0.4477918932738892,0.05301334163117386,0.3438857436767884,0.5516980428709899,0.4471300554415774
135,soft_escalation,correct,known,gcomp,0.47127508725232076,,,,0.4471300554415774
135,soft_escalation,correct,known,dr,0.47197962121586784,0.04180844252129623,0.3900350738741272,0.5539241685576084,0.4471300554415774
136,always_small,correct,known,ipw,0.38320473340007644,0.11701618265044669,0.1538530154052009,0.612556451394952,0.31590053706061727
136,always_small,correct,known,gcomp,0.34953831018561093,,,,0.31590053706061727
136,always_small,correct,known,dr,0.350068648785326,0.09475149189126855,0.16435572467843965,0.5357815728922124,0.31590053706061727
136,failure_escalation,correct,known,ipw,0.484263691436614,0.07566837468617672,0.33595367705170764,0.6325737058215204,0.4503863335791294
136,failure_escalation,correct,known,gcomp,0.4678106434769719,,,,0.4503863335791294
136,failure_escalation,correct,known,dr,0.4300866873389458,0.05858586646409303,0.31525838906932346,0.5449149856085681,0.4503863335791294
136,soft_escalation,correct,known,ipw,0.4733041037095012,0.05339657994632202,0.3686468070147101,0.5779614004042923,0.4471300554415774
136,soft_escalation,correct,known,gcomp,0.46369806942507286,,,,0.4471300554415774
136,soft_escalation,correct,known,dr,0.433503568131026,0.044590822188453866,0.34610555664165643,0.5209015796203955,0.4471300554415774
137,always_small,correct,known,ipw,0.4650195713726856,0.12283655674287823,0.2242599201566443,0.7057792225887269,0.31590053706061727
137,always_small,correct,known,gcomp,0.35923971208418615,,,,0.31590053706061727
137,always_small,correct,known,dr,0.5385799128119949,0.09855550639297701,0.34541112028175996,0.7317487053422298,0.31590053706061727
137,failure_escalation,correct,known,ipw,0.5225978837812297,0.08142809335954469,0.3629988207965221,0.6821969467659373,0.4503863335791294
137,failure_escalation,correct,known,gcomp,0.4527181684068151,,,,0.4503863335791294
137,failure_escalation,correct,known,dr,0.5028306171772088,0.06133230948757821,0.3826192905815555,0.623041943772862,0.4503863335791294
137,soft_escalation,correct,known,ipw,0.4937580885057736,0.05755344464115961,0.3809533370091007,0.6065628400024464,0.4471300554415774
137,soft_escalation,correct,known,gcomp,0.4560385235518118,,,,0.4471300554415774
137,soft_escalation,correct,known,dr,0.4864859689268766,0.046658818007346024,0.3950346856324784,0.5779372522212748,0.4471300554415774
138,always_small,correct,known,ipw,0.23502017859022156,0.06921391630716685,0.09936090262817454,0.3706794545522686,0.31590053706061727
138,always_small,correct,known,gcomp,0.24507353958738473,,,,0.31590053706061727
138,always_small,correct,known,dr,0.3005795137531929,0.060222711972142975,0.1825429982877927,0.41861602921859314,0.31590053706061727
138,failure_escalation,correct,known,ipw,0.5128781670054193,0.08131386758207551,0.35350298654455137,0.6722533474662873,0.4503863335791294
138,failure_escalation,correct,known,gcomp,0.4717645009733859,,,,0.4503863335791294
138,failure_escalation,correct,known,dr,0.46388806144932165,0.061229051338858725,0.34387912082515854,0.5838970020734847,0.4503863335791294
138,soft_escalation,correct,known,ipw,0.48753519175846705,0.0574402015870848,0.37495239664778085,0.6001179868691533,0.4471300554415774
138,soft_escalation,correct,known,gcomp,0.4623884201074015,,,,0.4471300554415774
138,soft_escalation,correct,known,dr,0.4490929908398723,0.04660210050640298,0.35775287384732246,0.5404331078324222,0.4471300554415774
139,always_small,correct,known,ipw,0.327768225431882,0.1261340936011592,0.08054540197360996,0.5749910488901541,0.31590053706061727
139,always_small,correct,known,gcomp,0.2995438653833926,,,,0.31590053706061727
139,always_small,correct,known,dr,0.39416646087530843,0.11886698113915474,0.16118717784256514,0.6271457439080517,0.31590053706061727
139,failure_escalation,correct,known,ipw,0.46347150483538246,0.07658848940334409,0.31335806560482804,0.6135849440659369,0.4503863335791294
139,failure_escalation,correct,known,gcomp,0.4295249496417867,,,,0.4503863335791294
139,failure_escalation,correct,known,dr,0.48145804663739467,0.057917008468527736,0.3679407100390803,0.594975383235709,0.4503863335791294
139,soft_escalation,correct,known,ipw,0.45196400045950136,0.054390213692024125,0.34535918162313406,0.5585688192958687,0.4471300554415774
139,soft_escalation,correct,known,gcomp,0.43026056666639295,,,,0.4471300554415774
139,soft_escalation,correct,known,dr,0.45605683971884015,0.044288228987982424,0.3692519109023946,0.5428617685352857,0.4471300554415774
140,always_small,correct,known,ipw,0.4286704053756102,0.11276617522649938,0.2076487019316714,0.649692108819549,0.31590053706061727
140,always_small,correct,known,gcomp,0.3486933733351818,,,,0.31590053706061727
140,always_small,correct,known,dr,0.29992162565226105,0.1048307084637735,0.09445343706326498,0.5053898142412572,0.31590053706061727
140,failure_escalation,correct,known,ipw,0.5189388243946107,0.08060713496816296,0.3609488398570113,0.6769288089322101,0.4503863335791294
140,failure_escalation,correct,known,gcomp,0.4457069397072019,,,,0.4503863335791294
140,failure_escalation,correct,known,dr,0.4683558972567267,0.061538395902991594,0.3477406412868632,0.5889711532265902,0.4503863335791294
140,soft_escalation,correct,known,ipw,0.4936446066631429,0.05700453363421024,0.38191572074009084,0.605373492586195,0.4471300554415774
140,soft_escalation,correct,known,gcomp,0.4440927098718576,,,,0.4471300554415774
140,soft_escalation,correct,known,dr,0.4663496075427928,0.04676020727256621,0.37469960128856306,0.5579996137970226,0.4471300554415774
141,always_small,correct,known,ipw,0.23731537079201312,0.06993032024675669,0.10025194310837002,0.37437879847565625,0.31590053706061727
141,always_small,correct,known,gcomp,0.2690610790965319,,,,0.31590053706061727
141,always_small,correct,known,dr,0.20273770132584384,0.07101116699868333,0.06355581400842453,0.34191958864326316,0.31590053706061727
141,failure_escalation,correct,known,ipw,0.40903412630848707,0.07434232184412957,0.2633231754939931,0.554745077122981,0.4503863335791294
141,failure_escalation,correct,known,gcomp,0.41812029793067096,,,,0.4503863335791294
141,failure_escalation,correct,known,dr,0.4098165966199276,0.05823708453005217,0.29567191094102535,0.5239612822988299,0.4503863335791294
141,soft_escalation,correct,known,ipw,0.42802617047764413,0.052925551142901754,0.3242920902375567,0.5317602507177316,0.4471300554415774
141,soft_escalation,correct,known,gcomp,0.4176277280423835,,,,0.4471300554415774
141,soft_escalation,correct,known,dr,0.42147185103633866,0.045005948748045366,0.3332601914901697,0.5096835105825076,0.4471300554415774
142,always_small,correct,known,ipw,0.24251181515838868,0.0775120194530299,0.09058825703045006,0.3944353732863273,0.31590053706061727
142,always_small,correct,known,gcomp,0.3382192336025423,,,,0.31590053706061727
142,always_small,correct,known,dr,0.2733734710945191,0.06676973462767195,0.14250479122428206,0.40424215096475613,0.31590053706061727
142,failure_escalation,correct,known,ipw,0.3364384269363584,0.0697423822674776,0.1997433576921023,0.4731334961806145,0.4503863335791294
142,failure_escalation,correct,known,gcomp,0.45978776281861833,,,,0.4503863335791294
142,failure_escalation,correct,known,dr,0.3861555991775276,0.06001336329314538,0.2685294071229627,0.5037817912320925,0.4503863335791294
142,soft_escalation,correct,known,ipw,0.38914062979106256,0.049582708441297564,0.2919585212461193,0.4863227383360058,0.4471300554415774
142,soft_escalation,correct,known,gcomp,0.4583985945647392,,,,0.4471300554415774
142,soft_escalation,correct,known,dr,0.40213630287765817,0.04536759125601103,0.31321582401587655,0.4910567817394398,0.4471300554415774
143,always_small,correct,known,ipw,0.48289362790078233,0.15976641617504803,0.16975145219768822,0.7960358036038764,0.31590053706061727
143,always_small,correct,known,gcomp,0.3613422673841503,,,,0.31590053706061727
143,always_small,correct,known,dr,0.4461945298305959,0.14087945057330964,0.170070806706909,0.7223182529542828,0.31590053706061727
143,failure_escalation,correct,known,ipw,0.4800222006986726,0.07301201632091088,0.33691864870968724,0.6231257526876579,0.4503863335791294
143,failure_escalation,correct,known,gcomp,0.4466489580791847,,,,0.4503863335791294
143,failure_escalation,correct,known,dr,0.4960290626612083,0.05471253756819373,0.3887924890275486,0.603265636294868,0.4503863335791294
143,soft_escalation,correct,known,ipw,0.4641622496677262,0.0514691377111706,0.3632827397538318,0.5650417595816205,0.4471300554415774
143,soft_escalation,correct,known,gcomp,0.4480236665160979,,,,0.4471300554415774
143,soft_escalation,correct,known,dr,0.483597645629231,0.04183865621517602,0.40159387944748604,0.565601411810976,0.4471300554415774
144,always_small,correct,known,ipw,0.6202313401427553,0.2511853993921816,0.12790795733407934,1.1125547229514312,0.31590053706061727
144,always_small,correct,known,gcomp,0.3871120252250395,,,,0.31590053706061727
144,always_small,correct,known,dr,0.5179037097231274,0.21496542714434672,0.09657147252020781,0.939235946926047,0.31590053706061727
144,failure_escalation,correct,known,ipw,0.49821936805595546,0.08100127732173731,0.3394568645053503,0.6569818716065606,0.4503863335791294
144,failure_escalation,correct,known,gcomp,0.4330721532689458,,,,0.4503863335791294
144,failure_escalation,correct,known,dr,0.42737445775313593,0.06301347105906184,0.30386805447737475,0.5508808610288971,0.4503863335791294
144,soft_escalation,correct,known,ipw,0.4812035054916737,0.05743351880443822,0.36863380863497475,0.5937732023483726,0.4471300554415774
144,soft_escalation,correct,known,gcomp,0.4271680744280631,,,,0.4471300554415774
144,soft_escalation,correct,known,dr,0.42977262279693534,0.047801099977758506,0.33608246684052867,0.523462778753342,0.4471300554415774
145,always_small,correct,known,ipw,0.3096075618741366,0.13624828716239218,0.042560919035847966,0.5766542047124252,0.31590053706061727
145,always_small,correct,known,gcomp,0.34209349759365515,,,,0.31590053706061727
145,always_small,correct,known,dr,0.26995233864406903,0.11862652681276149,0.03744434609105651,0.5024603311970816,0.31590053706061727
145,failure_escalation,correct,known,ipw,0.40477686918918965,0.07355436944613494,0.2606103050747651,0.5489434333036142,0.4503863335791294
145,failure_escalation,correct,known,gcomp,0.4137895035954977,,,,0.4503863335791294
145,failure_escalation,correct,known,dr,0.4200928261580882,0.06027599039199581,0.3019518849897764,0.5382337673263999,0.4503863335791294
145,soft_escalation,correct,known,ipw,0.4073413304954455,0.0522794255152832,0.3048736564854905,0.5098090045054006,0.4471300554415774
145,soft_escalation,correct,known,gcomp,0.41734989610469875,,,,0.4471300554415774
145,soft_escalation,correct,known,dr,0.41632360649269945,0.04557409693213691,0.3269983765057111,0.5056488364796878,0.4471300554415774
146,always_small,correct,known,ipw,0.1700229703399953,0.05009468069676488,0.07183739617433614,0.26820854450565446,0.31590053706061727
146,always_small,correct,known,gcomp,0.2541050488312969,,,,0.31590053706061727
146,always_small,correct,known,dr,0.19686920684798134,0.04534851946739461,0.1079861086918879,0.2857523050040748,0.31590053706061727
146,failure_escalation,correct,known,ipw,0.5983111312931458,0.08418855904356307,0.43330155556776223,0.7633207070185295,0.4503863335791294
146,failure_escalation,correct,known,gcomp,0.42553474332734037,,,,0.4503863335791294
146,failure_escalation,correct,known,dr,0.5382774102824073,0.06252373697613213,0.4157308858091883,0.6608239347556263,0.4503863335791294
146,soft_escalation,correct,known,ipw,0.5341960958977087,0.05933026096474112,0.41790878440681606,0.6504834073886012,0.4471300554415774
146,soft_escalation,correct,known,gcomp,0.4256228381112491,,,,0.4471300554415774
146,soft_escalation,correct,known,dr,0.4990667315747701,0.04703928614574771,0.4068697307291046,0.5912637324204356,0.4471300554415774
147,always_small,correct,known,ipw,0.29875419425105354,0.08142144928859728,0.1391681536454029,0.45834023485670417,0.31590053706061727
147,always_small,correct,known,gcomp,0.20114407737868573,,,,0.31590053706061727
147,always_small,correct,known,dr,0.19374489169938527,0.07099551881353303,0.05459367482486055,0.33289610857391,0.31590053706061727
147,failure_escalation,correct,known,ipw,0.41878560691384764,0.07352094994440933,0.27468454502280537,0.5628866688048899,0.4503863335791294
147,failure_escalation,correct,known,gcomp,0.4272031142992363,,,,0.4503863335791294
147,failure_escalation,correct,known,dr,0.4184428158981019,0.056157328450865025,0.30837445213440645,0.5285111796617974,0.4503863335791294
147,soft_escalation,correct,known,ipw,0.41151313269946194,0.0522460892887664,0.3091107976934798,0.513915467705444,0.4471300554415774
147,soft_escalation,correct,known,gcomp,0.42115197048724706,,,,0.4471300554415774
147,soft_escalation,correct,known,dr,0.41151568103788416,0.04295289195516078,0.32732801280576906,0.49570334926999926,0.4471300554415774
148,always_small,correct,known,ipw,0.33887112200994046,0.09332372334009437,0.15595662426335552,0.5217856197565254,0.31590053706061727
148,always_small,correct,known,gcomp,0.30881518209956854,,,,0.31590053706061727
148,always_small,correct,known,dr,0.35344661713154757,0.08351545582919764,0.1897563237063202,0.5171369105567749,0.31590053706061727
148,failure_escalation,correct,known,ipw,0.5344867505059713,0.0844196382959423,0.3690242594459244,0.6999492415660182,0.4503863335791294
148,failure_escalation,correct,known,gcomp,0.485437786435069,,,,0.4503863335791294
148,failure_escalation,correct,known,dr,0.5219821631454703,0.057772146857030186,0.40874875530569116,0.6352155709852495,0.4503863335791294
148,soft_escalation,correct,known,ipw,0.5133004528120613,0.05975280937786419,0.39618494643144747,0.6304159591926751,0.4471300554415774
148,soft_escalation,correct,known,gcomp,0.4744596352869428,,,,0.4471300554415774
148,soft_escalation,correct,known,dr,0.49219602110996824,0.04500545514016847,0.40398532903523804,0.5804067131846984,0.4471300554415774
149,always_small,correct,known,ipw,0.3923740881173997,0.11036697280178703,0.17605482142589712,0.6086933548089023,0.31590053706061727
149,always_small,correct,known,gcomp,0.43146690543517996,,,,0.31590053706061727
149,always_small,correct,known,dr,0.4422633754503687,0.08482473341944366,0.27600689794825917,0.6085198529524782,0.31590053706061727
149,failure_escalation,correct,known,ipw,0.31559572201155256,0.06707392774477196,0.18413082363179953,0.44706062039130556,0.4503863335791294
149,failure_escalation,correct,known,gcomp,0.46539507068451474,,,,0.4503863335791294
149,failure_escalation,correct,known,dr,0.38449351424380657,0.056799852885813754,0.2731658025876116,0.49582122590000155,0.4503863335791294
149,soft_escalation,correct,known,ipw,0.3931306357211543,0.047901547697674816,0.29924360223371166,0.48701766920859696,0.4471300554415774
149,soft_escalation,correct,known,gcomp,0.46361192539177276,,,,0.4471300554415774
149,soft_escalation,correct,known,dr,0.4224921145420179,0.04386324813207304,0.33652014820315473,0.508464080880881,0.4471300554415774
150,always_small,correct,known,ipw,0.2536389058349702,0.0819436722160553,0.0930293082915018,0.41424850337843855,0.31590053706061727
150,always_small,correct,known,gcomp,0.30117674813509265,,,,0.31590053706061727
150,always_small,correct,known,dr,0.20112608675241642,0.08007344626880807,0.044182132065552604,0.35807004143928023,0.31590053706061727
150,failure_escalation,correct,known,ipw,0.45429524591933473,0.07420914928706472,0.30884531331668785,0.5997451785219816,0.4503863335791294
150,failure_escalation,correct,known,gcomp,0.45477680230955964,,,,0.4503863335791294
150,failure_escalation,correct,known,dr,0.3894622630049643,0.059275868796146734,0.27328156016451666,0.5056429658454119,0.4503863335791294
150,soft_escalation,correct,known,ipw,0.4575624630196662,0.05231784264558167,0.3550194914343261,0.5601054346050063,0.4471300554415774
150,soft_escalation,correct,known,gcomp,0.4547858221235984,,,,0.4471300554415774
150,soft_escalation,correct,known,dr,0.4171144035821153,0.04497893861890585,0.3289556838890598,0.5052731232751708,0.4471300554415774
151,always_small,correct,known,ipw,0.35487370834337106,0.14029432968717082,0.07989682215651628,0.6298505945302258,0.31590053706061727
151,always_small,correct,known,gcomp,0.2940875958218762,,,,0.31590053706061727
151,always_small,correct,known,dr,0.3874640100859504,0.13139894854853384,0.12992207093082403,0.6450059492410767,0.31590053706061727
151,failure_escalation,correct,known,ipw,0.4535696748772265,0.0739313724496857,0.3086641848758425,0.5984751648786104,0.4503863335791294
151,failure_escalation,correct,known,gcomp,0.4630767517357736,,,,0.4503863335791294
151,failure_escalation,correct,known,dr,0.46187330344058325,0.05489940410704519,0.35427047139077467,0.5694761354903918,0.4503863335791294
151,soft_escalation,correct,known,ipw,0.452655982955367,0.052447144023796334,0.3498595806687262,0.5554523852420078,0.4471300554415774
151,soft_escalation,correct,known,gcomp,0.4561316127740887,,,,0.4471300554415774
151,soft_escalation,correct,known,dr,0.44849350088122264,0.04266935115788075,0.3648615726117764,0.532125429150669,0.4471300554415774
152,always_small,correct,known,ipw,0.32742755907650667,0.11210606716304107,0.10769966743694617,0.5471554507160672,0.31590053706061727
152,always_small,correct,known,gcomp,0.309933258960152,,,,0.31590053706061727
152,always_small,correct,known,dr,0.3126958899890012,0.11578473397035656,0.08575781140710237,0.5396339685709001,0.31590053706061727
152,failure_escalation,correct,known,ipw,0.4790651788925874,0.07533245695409294,0.3314135632625652,0.6267167945226095,0.4503863335791294
152,failure_escalation,correct,known,gcomp,0.49557443994480765,,,,0.4503863335791294
152,failure_escalation,correct,known,dr,0.5057106292054112,0.05480565890461936,0.39829153775235726,0.6131297206584652,0.4503863335791294
152,soft_escalation,correct,known,ipw,0.4688012335840917,0.05338738291489382,0.3641619630708998,0.5734405040972836,0.4471300554415774
152,soft_escalation,correct,known,gcomp,0.47675393826202406,,,,0.4471300554415774
152,soft_escalation,correct,known,dr,0.48238919126319557,0.04234537836754839,0.39939224966280074,0.5653861328635904,0.4471300554415774
153,always_small,correct,known,ipw,0.30872749439156033,0.08274454375612689,0.14654818862955163,0.470906800153569,0.31590053706061727
153,always_small,correct,known,gcomp,0.3277785105739606,,,,0.31590053706061727
153,always_small,correct,known,dr,0.33441119574184863,0.07394678719419844,0.1894754928412197,0.4793468986424776,0.31590053706061727
153,failure_escalation,correct,known,ipw,0.38629350309840726,0.06897052723147785,0.25111126972471065,0.5214757364721039,0.4503863335791294
153,failure_escalation,correct,known,gcomp,0.45304671809984304,,,,0.4503863335791294
153,failure_escalation,correct,known,dr,0.4295999490834795,0.0554547346265861,0.32090866921537076,0.5382912289515882,0.4503863335791294
153,soft_escalation,correct,known,ipw,0.4156146565583668,0.04882570450312769,0.3199162757322366,0.5113130373844971,0.4471300554415774
153,soft_escalation,correct,known,gcomp,0.45601366334911486,,,,0.4471300554415774
153,soft_escalation,correct,known,dr,0.43509763376658595,0.04287837383386842,0.35105602105220385,0.5191392464809681,0.4471300554415774
154,always_small,correct,known,ipw,0.21932391939714918,0.07108055766368757,0.08000602637632157,0.35864181241797677,0.31590053706061727
154,always_small,correct,known,gcomp,0.3107742396149266,,,,0.31590053706061727
154,always_small,correct,known,dr,0.23295167028277397,0.06675410714528508,0.10211362027801521,0.36378972028753276,0.31590053706061727
154,failure_escalation,correct,known,ipw,0.4089023919229515,0.07137397675373909,0.2690093974856229,0.5487953863602801,0.4503863335791294
154,failure_escalation,correct,known,gcomp,0.4388451139175629,,,,0.4503863335791294
154,failure_escalation,correct,known,dr,0.3401168133208191,0.06112103681580373,0.2203195811618438,0.4599140454797944,0.4503863335791294
154,soft_escalation,correct,known,ipw,0.41556558631552254,0.05067728704722091,0.31623810370296956,0.5148930689280755,0.4471300554415774
154,soft_escalation,correct,known,gcomp,0.43399678669847175,,,,0.4471300554415774
154,soft_escalation,correct,known,dr,0.37777302402135876,0.04601657099717667,0.2875805448668925,0.467965503175825,0.4471300554415774
155,always_small,correct,known,ipw,0.23958228678450474,0.07253935053724662,0.09740515973150135,0.3817594138375081,0.31590053706061727
155,always_small,correct,known,gcomp,0.29958259968212336,,,,0.31590053706061727
155,always_small,correct,known,dr,0.24326903222881766,0.07234630613062998,0.1014702722127829,0.38506779224485244,0.31590053706061727
155,failure_escalation,correct,known,ipw,0.3467167271617242,0.06931142100107693,0.2108663419996134,0.482567112323835,0.4503863335791294
155,failure_escalation,correct,known,gcomp,0.46552825303725565,,,,0.4503863335791294
155,failure_escalation,correct,known,dr,0.42026404018951075,0.05367217998000243,0.315066567428706,0.5254615129503155,0.4503863335791294
155,soft_escalation,correct,known,ipw,0.3946233896393151,0.04941436243228165,0.2977712392720431,0.4914755400065871,0.4471300554415774
155,soft_escalation,correct,known,gcomp,0.45633781469543605,,,,0.4471300554415774
155,soft_escalation,correct,known,dr,0.43042426683071094,0.041587838701269454,0.3489121029762228,0.5119364306851991,0.4471300554415774
156,always_small,correct,known,ipw,0.48265667727700223,0.11402936653610049,0.25915911886624526,0.7061542356877593,0.31590053706061727
156,always_small,correct,known,gcomp,0.41367153417838143,,,,0.31590053706061727
156,always_small,correct,known,dr,0.3971102471935075,0.07527256035139966,0.24957602890476419,0.5446444654822509,0.31590053706061727
156,failure_escalation,correct,known,ipw,0.5904367322900309,0.08287200825835628,0.4280075961036526,0.7528658684764092,0.4503863335791294
156,failure_escalation,correct,known,gcomp,0.45041402873128294,,,,0.4503863335791294
156,failure_escalation,correct,known,dr,0.4664981793757646,0.06291001440651549,0.3431945511389942,0.589801807612535,0.4503863335791294
156,soft_escalation,correct,known,ipw,0.5340163025478005,0.05840852187790993,0.4195355996670971,0.648497005428504,0.4471300554415774
156,soft_escalation,correct,known,gcomp,0.4517385675244799,,,,0.4471300554415774
156,soft_escalation,correct,known,dr,0.46796776396971657,0.04711113717372345,0.3756299351092186,0.5603055928302145,0.4471300554415774
157,always_small,correct,known,ipw,0.14795080592161583,0.057399475645385896,0.035447833656659475,0.26045377818657217,0.31590053706061727
157,always_small,correct,known,gcomp,0.195479593795356,,,,0.31590053706061727
157,always_small,correct,known,dr,0.13160113502864598,0.058540318928624865,0.016862109928541244,0.2463401601287507,0.31590053706061727
157,failure_escalation,correct,known,ipw,0.3389180992591751,0.06961913875899664,0.20246458729154168,0.4753716112268085,0.4503863335791294
157,failure_escalation,correct,known,gcomp,0.3995539714410393,,,,0.4503863335791294
157,failure_escalation,correct,known,dr,0.35258481431296,0.058580454829949155,0.23776712284625967,0.46740250577966036,0.4503863335791294
157,soft_escalation,correct,known,ipw,0.3702951725507002,0.04980985620209005,0.2726678543946037,0.4679224907067967,0.4471300554415774
157,soft_escalation,correct,known,gcomp,0.39501475289853677,,,,0.4471300554415774
157,soft_escalation,correct,known,dr,0.37187147951169003,0.04480517696147917,0.28405333266719085,0.4596896263561892,0.4471300554415774
158,always_small,correct,known,ipw,0.4770888610098309,0.14586737817319864,0.19118879979036157,0.7629889222293003,0.31590053706061727
158,always_small,correct,known,gcomp,0.26128270927265956,,,,0.31590053706061727
158,always_small,correct,known,dr,0.3661642303840547,0.12408907122979304,0.12294965077366035,0.609378809994449,0.31590053706061727
158,failure_escalation,correct,known,ipw,0.45058800294911555,0.07607525106433838,0.3014805108630123,0.5996954950352188,0.4503863335791294
158,failure_escalation,correct,known,gcomp,0.4737604353276431,,,,0.4503863335791294
158,failure_escalation,correct,known,dr,0.49135886298111403,0.05492621021334673,0.3837034909629544,0.5990142349992736,0.4503863335791294
158,soft_escalation,correct,known,ipw,0.45085144020098417,0.05372144651320527,0.34555740503510185,0.5561454753668665,0.4471300554415774
158,soft_escalation,correct,known,gcomp,0.4705392306733345,,,,0.4471300554415774
158,soft_escalation,correct,known,dr,0.47884290461426693,0.04188145103218176,0.3967552605911907,0.5609305486373432,0.4471300554415774
159,always_small,correct,known,ipw,0.3400397822067375,0.14075761591375335,0.06415485501578089,0.6159247093976941,0.31590053706061727
159,always_small,correct,known,gcomp,0.3475428684442974,,,,0.31590053706061727
159,always_small,correct,known,dr,0.3548038603390382,0.13164501649441415,0.09677962800998646,0.61282809266809,0.31590053706061727
159,failure_escalation,correct,known,ipw,0.38734817338787997,0.07425616023763802,0.24180609932210945,0.5328902474536505,0.4503863335791294
159,failure_escalation,correct,known,gcomp,0.4570604346404521,,,,0.4503863335791294
159,failure_escalation,correct,known,dr,0.3906714035399982,0.05859446637572165,0.27582624944358375,0.5055165576364127,0.4503863335791294
159,soft_escalation,correct,known,ipw,0.41711186325600896,0.052821483810102314,0.31358175498820845,0.5206419715238095,0.4471300554415774
159,soft_escalation,correct,known,gcomp,0.45284973731706335,,,,0.4471300554415774
159,soft_escalation,correct,known,dr,0.4133707079862444,0.044994569561371704,0.32518135164595585,0.501560064326533,0.4471300554415774
160,always_small,correct,known,ipw,0.37563522011478007,0.11978176428597644,0.14086296211426624,0.6104074781152939,0.31590053706061727
160,always_small,correct,known,gcomp,0.3385349057616863,,,,0.31590053706061727
160,always_small,correct,known,dr,0.32781561532702597,0.09363428232025374,0.14429242197932865,0.5113388086747233,0.31590053706061727
160,failure_escalation,correct,known,ipw,0.443493506728964,0.07608140228473773,0.29437395825087803,0.5926130552070499,0.4503863335791294
160,failure_escalation,correct,known,gcomp,0.4364032554709545,,,,0.4503863335791294
160,failure_escalation,correct,known,dr,0.44852743449981725,0.05560234633710402,0.3395468356790934,0.5575080333205411,0.4503863335791294
160,soft_escalation,correct,known,ipw,0.43173366895456505,0.054105159755926696,0.3256875558329487,0.5377797820761814,0.4471300554415774
160,soft_escalation,correct,known,gcomp,0.43420359361263344,,,,0.4471300554415774
160,soft_escalation,correct,known,dr,0.4366142375269332,0.04322153626789738,0.3519000264418543,0.521328448612012,0.4471300554415774
161,always_small,correct,known,ipw,0.4198807655717183,0.2390797971578277,-0.048715636857624034,0.8884771680010606,0.31590053706061727
161,always_small,correct,known,gcomp,0.30512159112245524,,,,0.31590053706061727
161,always_small,correct,known,dr,0.4512074747904886,0.2381835929673638,-0.015632367425544413,0.9180473170065216,0.31590053706061727
161,failure_escalation,correct,known,ipw,0.44513958502976086,0.07347501935435775,0.30112854709521963,0.5891506229643021,0.4503863335791294
161,failure_escalation,correct,known,gcomp,0.4914525570580892,,,,0.4503863335791294
161,failure_escalation,correct,known,dr,0.4501310235142341,0.060113484326559816,0.3323085942341769,0.5679534527942913,0.4503863335791294
161,soft_escalation,correct,known,ipw,0.460829255165406,0.051543541364292074,0.35980391409139356,0.5618545962394185,0.4471300554415774
161,soft_escalation,correct,known,gcomp,0.4841748932922813,,,,0.4471300554415774
161,soft_escalation,correct,known,dr,0.4581256242609711,0.045398755370173204,0.3691440637354316,0.5471071847865105,0.4471300554415774
162,always_small,correct,known,ipw,0.1661733053310034,0.05383245416586551,0.06066169516590701,0.2716849154960998,0.31590053706061727
162,always_small,correct,known,gcomp,0.2965289359568714,,,,0.31590053706061727
162,always_small,correct,known,dr,0.19459396447339367,0.06145577277305286,0.07414064983821007,0.31504727910857727,0.31590053706061727
162,failure_escalation,correct,known,ipw,0.4454978623923144,0.07571941162805224,0.297087815601332,0.5939079091832968,0.4503863335791294
162,failure_escalation,correct,known,gcomp,0.4372022645566127,,,,0.4503863335791294
162,failure_escalation,correct,known,dr,0.47893612509883376,0.05901381516046903,0.3632690473843145,0.5946032028133531,0.4503863335791294
162,soft_escalation,correct,known,ipw,0.4508839232633268,0.053690856657554846,0.34564984421451933,0.5561180023121344,0.4471300554415774
162,soft_escalation,correct,known,gcomp,0.43511663454311056,,,,0.4471300554415774
162,soft_escalation,correct,known,dr,0.4638833475624215,0.04488753537153193,0.37590377823421894,0.5518629168906241,0.4471300554415774
163,always_small,correct,known,ipw,0.3213400852743298,0.10517504736691916,0.11519699243516823,0.5274831781134913,0.31590053706061727
163,always_small,correct,known,gcomp,0.2992759719802647,,,,0.31590053706061727
163,always_small,correct,known,dr,0.3309724012097498,0.09773530344206766,0.1394112064632972,0.5225335959562024,0.31590053706061727
163,failure_escalation,correct,known,ipw,0.4500821631012319,0.07551006027153645,0.3020824449690205,0.5980818812334433,0.4503863335791294
163,failure_escalation,correct,known,gcomp,0.4786368898253216,,,,0.4503863335791294
163,failure_escalation,correct,known,dr,0.5055345400846625,0.053391225353731295,0.40088773839134917,0.6101813417779758,0.4503863335791294
163,soft_escalation,correct,known,ipw,0.4477603625346095,0.053346920244490684,0.34320039885540776,0.5523203262138112,0.4471300554415774
163,soft_escalation,correct,known,gcomp,0.473067305110102,,,,0.4471300554415774
163,soft_escalation,correct,known,dr,0.4885371466134629,0.04133469419916461,0.4075211459831003,0.5695531472438256,0.4471300554415774
164,always_small,correct,known,ipw,0.44716285076118495,0.14830355147023624,0.1564878898795219,0.737837811642848,0.31590053706061727
164,always_small,correct,known,gcomp,0.4318386549846879,,,,0.31590053706061727
164,always_small,correct,known,dr,0.4267314361627919,0.11459494217872504,0.20212534949249084,0.651337522833093,0.31590053706061727
164,failure_escalation,correct,known,ipw,0.5352303436217146,0.08135823042957001,0.3757682119797574,0.6946924752636718,0.4503863335791294
164,failure_escalation,correct,known,gcomp,0.496287422991747,,,,0.4503863335791294
164,failure_escalation,correct,known,dr,0.4969028433132166,0.059931674979547364,0.37943676035330376,0.6143689262731294,0.4503863335791294
164,soft_escalation,correct,known,ipw,0.5228306175126369,0.05719098453716704,0.41073628781978955,0.6349249472054843,0.4471300554415774
164,soft_escalation,correct,known,gcomp,0.4956370460029702,,,,0.4471300554415774
164,soft_escalation,correct,known,dr,0.49404965003569257,0.04568993665755082,0.40449737418689297,0.5836019258844922,0.4471300554415774
165,always_small,correct,known,ipw,0.5376274210996056,0.17114982314336888,0.20217376773860257,0.8730810744606086,0.31590053706061727
165,always_small,correct,known,gcomp,0.402172771746474,,,,0.31590053706061727
165,always_small,correct,known,dr,0.42359158796699753,0.15490490239352386,0.11997797927569076,0.7272051966583043,0.31590053706061727
165,failure_escalation,correct,known,ipw,0.49457239180138063,0.07867416252109295,0.3403710332600385,0.6487737503427228,0.4503863335791294
165,failure_escalation,correct,known,gcomp,0.4475935806719931,,,,0.4503863335791294
165,failure_escalation,correct,known,dr,0.48630510469392,0.055401330026744196,0.3777184978415014,0.5948917115463387,0.4503863335791294
165,soft_escalation,correct,known,ipw,0.4737776080928188,0.05591402074691632,0.3641861274288628,0.5833690887567748,0.4471300554415774
165,soft_escalation,correct,known,gcomp,0.4465863616968369,,,,0.4471300554415774
165,soft_escalation,correct,known,dr,0.47659566490168687,0.04308090897947686,0.39215708330191223,0.5610342465014615,0.4471300554415774
166,always_small,correct,known,ipw,0.3689562777063424,0.11062665655825235,0.15212803085216778,0.585784524560517,0.31590053706061727
166,always_small,correct,known,gcomp,0.34008844657423387,,,,0.31590053706061727
166,always_small,correct,known,dr,0.3948607340697173,0.11014792427595758,0.17897080248884042,0.6107506656505941,0.31590053706061727
166,failure_escalation,correct,known,ipw,0.5517517595216666,0.08125293411834293,0.3924960086497144,0.7110075103936186,0.4503863335791294
166,failure_escalation,correct,known,gcomp,0.4855599245779165,,,,0.4503863335791294
166,failure_escalation,correct,known,dr,0.5188230640832733,0.05598656925580543,0.4090893883418946,0.6285567398246519,0.4503863335791294
166,soft_escalation,correct,known,ipw,0.5269793706750265,0.05705214929515677,0.41515715805651926,0.6388015832935338,0.4471300554415774
166,soft_escalation,correct,known,gcomp,0.47816588287555795,,,,0.4471300554415774
166,soft_escalation,correct,known,dr,0.5043653503149774,0.043200119812984474,0.4196931154815279,0.589037585148427,0.4471300554415774
167,always_small,correct,known,ipw,0.4647644626141233,0.24393949343951116,-0.01335694452731856,0.9428858697555651,0.31590053706061727
167,always_small,correct,known,gcomp,0.31799450421131076,,,,0.31590053706061727
167,always_small,correct,known,dr,0.4810897836852363,0.21377435007701123,0.06209205753429431,0.9000875098361782,0.31590053706061727
167,failure_escalation,correct,known,ipw,0.43246733460232123,0.07455335236699576,0.28634276396300956,0.5785919052416328,0.4503863335791294
167,failure_escalation,correct,known,gcomp,0.42966799302260417,,,,0.4503863335791294
167,failure_escalation,correct,known,dr,0.45509655539152827,0.05695945457792091,0.3434560244188033,0.5667370863642532,0.4503863335791294
167,soft_escalation,correct,known,ipw,0.4296016282118754,0.052989118395133324,0.3257429561574141,0.5334603002663367,0.4471300554415774
167,soft_escalation,correct,known,gcomp,0.4329629577848799,,,,0.4471300554415774
167,soft_escalation,correct,known,dr,0.4419369485403166,0.04343790936114374,0.3567986461924749,0.5270752508881583,0.4471300554415774
168,always_small,correct,known,ipw,0.3072884569307525,0.08668467177754446,0.13738650024676538,0.4771904136147397,0.31590053706061727
168,always_small,correct,known,gcomp,0.3558814461321398,,,,0.31590053706061727
168,always_small,correct,known,dr,0.3471163340484661,0.06122316434665105,0.22711893192903004,0.46711373616790214,0.31590053706061727
168,failure_escalation,correct,known,ipw,0.39554393756877443,0.06921774853132094,0.25987715044738535,0.5312107246901635,0.4503863335791294
168,failure_escalation,correct,known,gcomp,0.45004097889911443,,,,0.4503863335791294
168,failure_escalation,correct,known,dr,0.42379511995772623,0.054515735294747146,0.31694427878002185,0.5306459611354306,0.4503863335791294
168,soft_escalation,correct,known,ipw,0.4159614491726807,0.0489917772434598,0.3199375657754995,0.5119853325698619,0.4471300554415774
168,soft_escalation,correct,known,gcomp,0.44601720818113694,,,,0.4471300554415774
168,soft_escalation,correct,known,dr,0.4350046046771793,0.04177702015553626,0.3531216451723282,0.5168875641820303,0.4471300554415774
169,always_small,correct,known,ipw,0.3518470677700146,0.12944984278247415,0.09812537591636528,0.605568759623664,0.31590053706061727
169,always_small,correct,known,gcomp,0.3548728427548225,,,,0.31590053706061727
169,always_small,correct,known,dr,0.24713752359017707,0.1252007077035983,0.0017441364911243706,0.4925309106892298,0.31590053706061727
169,failure_escalation,correct,known,ipw,0.5047129782557218,0.07998123574033036,0.3479497562046743,0.6614762003067693,0.4503863335791294
169,failure_escalation,correct,known,gcomp,0.45710725690298176,,,,0.4503863335791294
169,failure_escalation,correct,known,dr,0.49784889490821194,0.05622558901887834,0.3876467404312104,0.6080510493852135,0.4503863335791294
169,soft_escalation,correct,known,ipw,0.47572747021776945,0.05662369359227139,0.36474503077691756,0.5867099096586214,0.4471300554415774
169,soft_escalation,correct,known,gcomp,0.45379076819066383,,,,0.4471300554415774
169,soft_escalation,correct,known,dr,0.48657125554239233,0.043299003409885954,0.40170520885901584,0.5714373022257688,0.4471300554415774
170,always_small,correct,known,ipw,0.24377755436733234,0.08960180582302556,0.06815801495420226,0.4193970937804624,0.31590053706061727
170,always_small,correct,known,gcomp,0.3542934193458172,,,,0.31590053706061727
170,always_small,correct,known,dr,0.2717080638339169,0.07076007610222278,0.13301831467356023,0.4103978129942735,0.31590053706061727
170,failure_escalation,correct,known,ipw,0.5875554699905059,0.08358780401732441,0.42372337411655003,0.7513875658644618,0.4503863335791294
170,failure_escalation,correct,known,gcomp,0.46853921644764457,,,,0.4503863335791294
170,failure_escalation,correct,known,dr,0.4911524984831772,0.0663877144486365,0.3610325781638497,0.6212724188025047,0.4503863335791294
170,soft_escalation,correct,known,ipw,0.5282103535826548,0.058888879391310586,0.412788149975686,0.6436325571896235,0.4471300554415774
170,soft_escalation,correct,known,gcomp,0.46374265282507576,,,,0.4471300554415774
170,soft_escalation,correct,known,dr,0.4671848976530878,0.05000612522438716,0.369172892213289,0.5651969030928866,0.4471300554415774
171,always_small,correct,known,ipw,0.1460035166981064,0.04734562393124827,0.0532060937928598,0.23880093960335302,0.31590053706061727
171,always_small,correct,known,gcomp,0.29954846121501055,,,,0.31590053706061727
171,always_small,correct,known,dr,0.2492060784071828,0.04999042526474606,0.15122484488828053,0.3471873119260851,0.31590053706061727
171,failure_escalation,correct,known,ipw,0.4140381055025554,0.07415268104528791,0.26869885065379107,0.5593773603513197,0.4503863335791294
171,failure_escalation,correct,known,gcomp,0.4445557761414593,,,,0.4503863335791294
171,failure_escalation,correct,known,dr,0.46469998393747813,0.0510412410627006,0.36465915145458494,0.5647408164203713,0.4503863335791294
171,soft_escalation,correct,known,ipw,0.413273855749001,0.0527259020863365,0.30993108765978145,0.5166166238382205,0.4471300554415774
171,soft_escalation,correct,known,gcomp,0.4423680175689233,,,,0.4471300554415774
171,soft_escalation,correct,known,dr,0.4459393675996126,0.040077096438743354,0.3673882585796756,0.5244904766195496,0.4471300554415774
172,always_small,correct,known,ipw,0.2926826851798311,0.09102338679876436,0.11427684705425295,0.47108852330540923,0.31590053706061727
172,always_small,correct,known,gcomp,0.2677007803208463,,,,0.31590053706061727
172,always_small,correct,known,dr,0.32187146666225314,0.08449971482834043,0.1562520255987059,0.4874909077258004,0.31590053706061727
172,failure_escalation,correct,known,ipw,0.4137753052682407,0.07237552788673839,0.27191927061023347,0.5556313399262479,0.4503863335791294
172,failure_escalation,correct,known,gcomp,0.4204976596178805,,,,0.4503863335791294
172,failure_escalation,correct,known,dr,0.4145826879978357,0.05589070373648095,0.30503690867433303,0.5241284673213383,0.4503863335791294
172,soft_escalation,correct,known,ipw,0.40737815695527435,0.05159908639726913,0.3062439476166269,0.5085123662939218,0.4471300554415774
172,soft_escalation,correct,known,gcomp,0.41932612804637004,,,,0.4471300554415774
172,soft_escalation,correct,known,dr,0.4204868321677619,0.04291184084520486,0.3363796241111604,0.5045940402243634,0.4471300554415774
173,always_small,correct,known,ipw,0.34658307714010494,0.0787749076616081,0.19218425812335305,0.5009818961568568,0.31590053706061727
173,always_small,correct,known,gcomp,0.32587574535874225,,,,0.31590053706061727
173,always_small,correct,known,dr,0.20086058504535656,0.08428756450039096,0.035656958624590285,0.36606421146612284,0.31590053706061727
173,failure_escalation,correct,known,ipw,0.5540613592855175,0.082385256753184,0.3925862560492768,0.7155364625217582,0.4503863335791294
173,failure_escalation,correct,known,gcomp,0.45728678961774155,,,,0.4503863335791294
173,failure_escalation,correct,known,dr,0.5309882516472435,0.05781358875642618,0.41767361768464817,0.6443028856098388,0.4503863335791294
173,soft_escalation,correct,known,ipw,0.5081201241740791,0.05826385083335398,0.39392297654070535,0.622317271807453,0.4471300554415774
173,soft_escalation,correct,known,gcomp,0.4517003806284547,,,,0.4471300554415774
173,soft_escalation,correct,known,dr,0.4914413219715112,0.044534285881408155,0.4041541216439512,0.5787285222990712,0.4471300554415774
174,always_small,correct,known,ipw,0.5322351800889352,0.17678613290437895,0.18573435959635248,0.8787360005815179,0.31590053706061727
174,always_small,correct,known,gcomp,0.3263629778378261,,,,0.31590053706061727
174,always_small,correct,known,dr,0.3722138365758269,0.16094672559483275,0.056758254409954745,0.6876694187416991,0.31590053706061727
174,failure_escalation,correct,known,ipw,0.37789413655415854,0.07167333331759668,0.23741440325166907,0.518373869856648,0.4503863335791294
174,failure_escalation,correct,known,gcomp,0.4554675581253146,,,,0.4503863335791294
174,failure_escalation,correct,known,dr,0.4335080846981381,0.0587579864728731,0.31834243121130684,0.5486737381849693,0.4503863335791294
174,soft_escalation,correct,known,ipw,0.39200168006921987,0.051056279736470644,0.2919313717857374,0.4920719883527023,0.4471300554415774
174,soft_escalation,correct,known,gcomp,0.45142188326730853,,,,0.4471300554415774
174,soft_escalation,correct,known,dr,0.44543624936178683,0.044553141435961334,0.3581120921473026,0.532760406576271,0.4471300554415774
175,always_small,correct,known,ipw,0.5002749166937054,0.11240036926785492,0.2799701929287097,0.720579640458701,0.31590053706061727
175,always_small,correct,known,gcomp,0.3418134484327259,,,,0.31590053706061727
175,always_small,correct,known,dr,0.43418844000973783,0.08044919996741967,0.27650800807359527,0.5918688719458804,0.31590053706061727
175,failure_escalation,correct,known,ipw,0.5281175873503193,0.08385851304394713,0.36375490178418296,0.6924802729164556,0.4503863335791294
175,failure_escalation,correct,known,gcomp,0.5396836168673762,,,,0.4503863335791294
175,failure_escalation,correct,known,dr,0.5040406475203327,0.05849221787165547,0.389395900491888,0.6186853945487775,0.4503863335791294
175,soft_escalation,correct,known,ipw,0.513292775302059,0.05894748811175833,0.39775569860301263,0.6288298520011053,0.4471300554415774
175,soft_escalation,correct,known,gcomp,0.5297233224578833,,,,0.4471300554415774
175,soft_escalation,correct,known,dr,0.5037419012566867,0.04466484029345947,0.4161988142815062,0.5912849882318673,0.4471300554415774
176,always_small,correct,known,ipw,0.3982114399597829,0.11381924489092309,0.17512571997357368,0.6212971599459922,0.31590053706061727
176,always_small,correct,known,gcomp,0.33358057627009796,,,,0.31590053706061727
176,always_small,correct,known,dr,0.4276907909610993,0.09837201230919343,0.23488164683508017,0.6204999350871184,0.31590053706061727
176,failure_escalation,correct,known,ipw,0.44814751735722835,0.07272508090978765,0.3056063587740446,0.5906886759404122,0.4503863335791294
176,failure_escalation,correct,known,gcomp,0.47577827449428967,,,,0.4503863335791294
176,failure_escalation,correct,known,dr,0.4623187989402013,0.05509672576308619,0.35432921644455234,0.5703083814358502,0.4503863335791294
176,soft_escalation,correct,known,ipw,0.43418773156663454,0.051665572436175165,0.3329232095917312,0.5354522535415378,0.4471300554415774
176,soft_escalation,correct,known,gcomp,0.4683289689423457,,,,0.4471300554415774
176,soft_escalation,correct,known,dr,0.4588938678303313,0.04249268195945978,0.37560821118979015,0.5421795244708725,0.4471300554415774
177,always_small,correct,known,ipw,0.3189139526997832,0.12330898354410538,0.07722834495333664,0.5605995604462297,0.31590053706061727
177,always_small,correct,known,gcomp,0.3476978602484521,,,,0.31590053706061727
177,always_small,correct,known,dr,0.1458140718723939,0.13016068913240272,-0.10930087882711545,0.4009290225719032,0.31590053706061727
177,failure_escalation,correct,known,ipw,0.3782567391851492,0.07068151224739655,0.23972097518025196,0.5167925031900464,0.4503863335791294
177,failure_escalation,correct,known,gcomp,0.39918004129225665,,,,0.4503863335791294
177,failure_escalation,correct,known,dr,0.4008278693229612,0.058171616977000774,0.2868115000480397,0.5148442385978828,0.4503863335791294
177,soft_escalation,correct,known,ipw,0.38908297335746234,0.050396790445132074,0.29030526408500346,0.4878606826299212,0.4471300554415774
177,soft_escalation,correct,known,gcomp,0.4079003026358131,,,,0.4471300554415774
177,soft_escalation,correct,known,dr,0.39816999613191034,0.044424421962438336,0.3110981290855312,0.4852418631782895,0.4471300554415774
178,always_small,correct,known,ipw,0.12627952409529808,0.040011792316020874,0.04785641115589717,0.204702637034699,0.31590053706061727
178,always_small,correct,known,gcomp,0.36917512084157794,,,,0.31590053706061727
178,always_small,correct,known,dr,0.12721157191438748,0.07398892993519694,-0.017806730758598538,0.27222987458737347,0.31590053706061727
178,failure_escalation,correct,known,ipw,0.5172326893631491,0.07957727938527275,0.36126122176801456,0.6732041569582837,0.4503863335791294
178,failure_escalation,correct,known,gcomp,0.48839389758084756,,,,0.4503863335791294
178,failure_escalation,correct,known,dr,0.5061233355947687,0.05301465912398033,0.4022146037117673,0.6100320674777702,0.4503863335791294
178,soft_escalation,correct,known,ipw,0.5059731376222317,0.05573230904819463,0.39673781188777024,0.6152084633566932,0.4471300554415774
178,soft_escalation,correct,known,gcomp,0.485539298870719,,,,0.4471300554415774
178,soft_escalation,correct,known,dr,0.4972926091466896,0.041258625803748866,0.4164257025713418,0.5781595157220374,0.4471300554415774
179,always_small,correct,known,ipw,0.46509012692033286,0.15334629401783248,0.1645313906453812,0.7656488631952845,0.31590053706061727
179,always_small,correct,known,gcomp,0.40505773725881306,,,,0.31590053706061727
179,always_small,correct,known,dr,0.5429946366648815,0.13011005717396187,0.28797892460391616,0.7980103487258468,0.31590053706061727
179,failure_escalation,correct,known,ipw,0.5674914574861231,0.08349496175447044,0.403841332447361,0.7311415825248851,0.4503863335791294
179,failure_escalation,correct,known,gcomp,0.4093146031839267,,,,0.4503863335791294
179,failure_escalation,correct,known,dr,0.5368500996805252,0.06215004979988975,0.41503600207274133,0.6586641972883092,0.4503863335791294
179,soft_escalation,correct,known,ipw,0.5107190251663297,0.05914128512525852,0.394802106320823,0.6266359440118364,0.4471300554415774
179,soft_escalation,correct,known,gcomp,0.4144601448315008,,,,0.4471300554415774
179,soft_escalation,correct,known,dr,0.48220583149316854,0.04716983330170523,0.3897529582218263,0.5746587047645108,0.4471300554415774
180,always_small,correct,known,ipw,0.1363114387979669,0.058774798545726335,0.02111283364834328,0.2515100439475905,0.31590053706061727
180,always_small,correct,known,gcomp,0.236484460439957,,,,0.31590053706061727
180,always_small,correct,known,dr,0.22203394049655753,0.05744012678751159,0.10945129199303481,0.33461658900008023,0.31590053706061727
180,failure_escalation,correct,known,ipw,0.5854254757704491,0.08566965917363226,0.41751294379012993,0.7533380077507683,0.4503863335791294
180,failure_escalation,correct,known,gcomp,0.47901466734613585,,,,0.4503863335791294
180,failure_escalation,correct,known,dr,0.5214726535898285,0.06410381570503536,0.3958291748079592,0.6471161323716978,0.4503863335791294
180,soft_escalation,correct,known,ipw,0.5484907407670022,0.060116699219773556,0.43066201029624607,0.6663194712377584,0.4471300554415774
180,soft_escalation,correct,known,gcomp,0.4650250367350518,,,,0.4471300554415774
180,soft_escalation,correct,known,dr,0.49288136569369556,0.04833145362829148,0.39815171658224424,0.5876110148051469,0.4471300554415774
181,always_small,correct,known,ipw,0.38604259811821157,0.1559042304725115,0.08047030639208902,0.6916148898443342,0.31590053706061727
181,always_small,correct,known,gcomp,0.32045119719843607,,,,0.31590053706061727
181,always_small,correct,known,dr,0.4576344038624576,0.14092283929742253,0.1814256388395094,0.7338431688854057,0.31590053706061727
181,failure_escalation,correct,known,ipw,0.3843176349588154,0.06867413624130118,0.24971632792586507,0.5189189419917657,0.4503863335791294
181,failure_escalation,correct,known,gcomp,0.46603535349092756,,,,0.4503863335791294
181,failure_escalation,correct,known,dr,0.47501235941027137,0.0517399199200628,0.3736021163669483,0.5764226024535944,0.4503863335791294
181,soft_escalation,correct,known,ipw,0.4102166991196741,0.0489264110925535,0.3143209333782693,0.506112464861079,0.4471300554415774
181,soft_escalation,correct,known,gcomp,0.4593176667242965,,,,0.4471300554415774
181,soft_escalation,correct,known,dr,0.46612416701016,0.03985847070453276,0.3880015644292758,0.5442467695910442,0.4471300554415774
182,always_small,correct,known,ipw,0.21940865698115686,0.0673801315193894,0.08734359920315363,0.3514737147591601,0.31590053706061727
182,always_small,correct,known,gcomp,0.25068473268795827,,,,0.31590053706061727
182,always_small,correct,known,dr,0.2238037186657496,0.05962513328917127,0.10693845741897393,0.3406689799125253,0.31590053706061727
182,failure_escalation,correct,known,ipw,0.4603630026461472,0.07383007252081741,0.3156560605053451,0.6050699447869493,0.4503863335791294
182,failure_escalation,correct,known,gcomp,0.43310864604350785,,,,0.4503863335791294
182,failure_escalation,correct,known,dr,0.4923083026172562,0.05542267402115335,0.38367986153579564,0.6009367436987167,0.4503863335791294
182,soft_escalation,correct,known,ipw,0.4462356390925704,0.05222553087060073,0.343873598586193,0.5485976795989478,0.4471300554415774
182,soft_escalation,correct,known,gcomp,0.42842101844902164,,,,0.4471300554415774
182,soft_escalation,correct,known,dr,0.47019199480396834,0.04203797308999265,0.38779756754758277,0.5525864220603539,0.4471300554415774
183,always_small,correct,known,ipw,0.5387045511456222,0.25362554614917215,0.04159848069324479,1.0358106215979996,0.31590053706061727
183,always_small,correct,known,gcomp,0.32362655107272964,,,,0.31590053706061727
183,always_small,correct,known,dr,0.4814122760364136,0.2512846156236481,-0.011105570585936697,0.973930122658764,0.31590053706061727
183,failure_escalation,correct,known,ipw,0.4263787626965157,0.07600527233145687,0.27740842892686024,0.5753490964661712,0.4503863335791294
183,failure_escalation,correct,known,gcomp,0.4861078530891033,,,,0.4503863335791294
183,failure_escalation,correct,known,dr,0.4708647149458741,0.05821700520835979,0.3567593847374889,0.5849700451542593,0.4503863335791294
183,soft_escalation,correct,known,ipw,0.4403490410494814,0.0537134236401911,0.33507073071470683,0.545627351384256,0.4471300554415774
183,soft_escalation,correct,known,gcomp,0.48022176095003793,,,,0.4471300554415774
183,soft_escalation,correct,known,dr,0.46993706909011396,0.044567946003432286,0.3825838949233867,0.5572902432568412,0.4471300554415774
184,always_small,correct,known,ipw,0.3395753614767722,0.10693912853285886,0.12997466955236883,0.5491760534011756,0.31590053706061727
184,always_small,correct,known,gcomp,0.2832166085322766,,,,0.31590053706061727
184,always_small,correct,known,dr,0.31442112181101534,0.10391124353443212,0.11075508448352839,0.5180871591385023,0.31590053706061727
184,failure_escalation,correct,known,ipw,0.48477351973594146,0.0798136481004644,0.32833876945903123,0.6412082700128516,0.4503863335791294
184,failure_escalation,correct,known,gcomp,0.39309535537033913,,,,0.4503863335791294
184,failure_escalation,correct,known,dr,0.4849551262017792,0.060637620624842355,0.3661053897770882,0.6038048626264703,0.4503863335791294
184,soft_escalation,correct,known,ipw,0.4449516654982609,0.056928133509798286,0.33337252381905624,0.5565308071774655,0.4471300554415774
184,soft_escalation,correct,known,gcomp,0.3982258383192648,,,,0.4471300554415774
184,soft_escalation,correct,known,dr,0.4425902905700948,0.04594022133322733,0.35254745675696925,0.5326331243832204,0.4471300554415774
185,always_small,correct,known,ipw,0.22086907790700155,0.05618648631178047,0.11074356473591183,0.33099459107809126,0.31590053706061727
185,always_small,correct,known,gcomp,0.2943533126332037,,,,0.31590053706061727
185,always_small,correct,known,dr,0.2586646949330012,0.0480752732512142,0.16443715936062137,0.35289223050538104,0.31590053706061727
185,failure_escalation,correct,known,ipw,0.40588617031372515,0.0716289525678562,0.265493423280727,0.5462789173467233,0.4503863335791294
185,failure_escalation,correct,known,gcomp,0.43925973414073394,,,,0.4503863335791294
185,failure_escalation,correct,known,dr,0.33936779338548184,0.05581065750172407,0.22997890468210266,0.448756682088861,0.4503863335791294
185,soft_escalation,correct,known,ipw,0.41984364757450526,0.05094944412367949,0.31998273709209346,0.5197045580569171,0.4471300554415774
185,soft_escalation,correct,known,gcomp,0.4376167306265304,,,,0.4471300554415774
185,soft_escalation,correct,known,dr,0.37886816647294735,0.04306692775015459,0.29445698808264437,0.46327934486325034,0.4471300554415774
186,always_small,correct,known,ipw,0.47988177070633004,0.14337842645051765,0.19886005486331543,0.7609034865493447,0.31590053706061727
186,always_small,correct,known,gcomp,0.29654302632339935,,,,0.31590053706061727
186,always_small,correct,known,dr,0.3991256573299662,0.12886846312247846,0.14654346960990838,0.651707845050024,0.31590053706061727
186,failure_escalation,correct,known,ipw,0.33257998381510195,0.07194431633206391,0.1915691238042567,0.4735908438259472,0.4503863335791294
186,failure_escalation,correct,known,gcomp,0.36363885676219443,,,,0.4503863335791294
186,failure_escalation,correct,known,dr,0.3307161438411156,0.06069061275195887,0.2117625428472762,0.449669744834955,0.4503863335791294
186,soft_escalation,correct,known,ipw,0.34039031373924955,0.051962729261061276,0.23854336438756946,0.44223726309092964,0.4471300554415774
186,soft_escalation,correct,known,gcomp,0.3606444743968422,,,,0.4471300554415774
186,soft_escalation,correct,known,dr,0.3477546765794871,0.046105901629140494,0.25738710938637177,0.43812224377260245,0.4471300554415774
187,always_small,correct,known,ipw,0.27965878969991637,0.08171246674393834,0.11950235488179722,0.4398152245180355,0.31590053706061727
187,always_small,correct,known,gcomp,0.23664586125808154,,,,0.31590053706061727
187,always_small,correct,known,dr,0.31572654432676894,0.06600939003814134,0.18634813985201193,0.44510494880152596,0.31590053706061727
187,failure_escalation,correct,known,ipw,0.3264208941752455,0.06710142873317741,0.19490209385821777,0.45793969449227323,0.4503863335791294
187,failure_escalation,correct,known,gcomp,0.38925176189669675,,,,0.4503863335791294
187,failure_escalation,correct,known,dr,0.3995595404182834,0.05320392419634754,0.29527984899344223,0.5038392318431246,0.4503863335791294
187,soft_escalation,correct,known,ipw,0.36411293300845887,0.04796604144221524,0.270099491781717,0.45812637423520075,0.4471300554415774
187,soft_escalation,correct,known,gcomp,0.38810982549883283,,,,0.4471300554415774
187,soft_escalation,correct,known,dr,0.39229539426355714,0.04120122004323265,0.31154100297882115,0.47304978554829313,0.4471300554415774
188,always_small,correct,known,ipw,0.5175694803958456,0.17225151985009737,0.17995650148965475,0.8551824593020365,0.31590053706061727
188,always_small,correct,known,gcomp,0.3199844834857473,,,,0.31590053706061727
188,always_small,correct,known,dr,0.455922706332089,0.14993071491512402,0.16205850509844588,0.7497869075657321,0.31590053706061727
188,failure_escalation,correct,known,ipw,0.29289044256313296,0.06296563283722134,0.16947780220217912,0.4163030829240868,0.4503863335791294
188,failure_escalation,correct,known,gcomp,0.42549951673052044,,,,0.4503863335791294
188,failure_escalation,correct,known,dr,0.28992981891571806,0.058466351183892526,0.1753357705952887,0.4045238672361474,0.4503863335791294
188,soft_escalation,correct,known,ipw,0.3511850801379799,0.04542604345317573,0.2621500349697555,0.4402201253062043,0.4471300554415774
188,soft_escalation,correct,known,gcomp,0.4181303723436344,,,,0.4471300554415774
188,soft_escalation,correct,known,dr,0.33587788657649936,0.04463410993183595,0.24839503111010092,0.4233607420428978,0.4471300554415774
189,always_small,correct,known,ipw,0.3300765572216929,0.12411117526049623,0.08681865371112027,0.5733344607322655,0.31590053706061727
189,always_small,correct,known,gcomp,0.3207034046547998,,,,0.31590053706061727
189,always_small,correct,known,dr,0.41661878751077824,0.08439487139771233,0.25120483957126205,0.5820327354502944,0.31590053706061727
189,failure_escalation,correct,known,ipw,0.5038378651421751,0.0782452908519745,0.35047709507230507,0.6571986352120451,0.4503863335791294
189,failure_escalation,correct,known,gcomp,0.43461697320707765,,,,0.4503863335791294
189,failure_escalation,correct,known,dr,0.45621703332957936,0.0622169961988194,0.3342717207798933,0.5781623458792654,0.4503863335791294
189,soft_escalation,correct,known,ipw,0.4750950991350586,0.055446284999094486,0.3664203805368334,0.5837698177332837,0.4471300554415774
189,soft_escalation,correct,known,gcomp,0.429377473999123,,,,0.4471300554415774
189,soft_escalation,correct,known,dr,0.45313261036024527,0.04693335144645405,0.36114324152519534,0.5451219791952953,0.4471300554415774
190,always_small,correct,known,ipw,0.17271777933493176,0.06252062418076591,0.05017735594063058,0.295258202729233,0.31590053706061727
190,always_small,correct,known,gcomp,0.23923232458101665,,,,0.31590053706061727
190,always_small,correct,known,dr,0.23714558485512352,0.06015062841259778,0.11925035316643187,0.35504081654381514,0.31590053706061727
190,failure_escalation,correct,known,ipw,0.370319102258985,0.07151491846030793,0.23014986207678148,0.5104883424411886,0.4503863335791294
190,failure_escalation,correct,known,gcomp,0.4229725294850515,,,,0.4503863335791294
190,failure_escalation,correct,known,dr,0.4480442048374366,0.05548126760269796,0.3393009203361486,0.5567874893387246,0.4503863335791294
190,soft_escalation,correct,known,ipw,0.40469959305273917,0.05112316105642821,0.3044981973821399,0.5049009887233384,0.4471300554415774
190,soft_escalation,correct,known,gcomp,0.4184661030915078,,,,0.4471300554415774
190,soft_escalation,correct,known,dr,0.43975882093598634,0.04300663098262857,0.35546582421003436,0.5240518176619383,0.4471300554415774
191,always_small,correct,known,ipw,0.31284984243843994,0.10513772692295376,0.10677989766945059,0.5189197872074293,0.31590053706061727
191,always_small,correct,known,gcomp,0.30134864011577756,,,,0.31590053706061727
191,always_small,correct,known,dr,0.3985520963598,0.09200839638938467,0.21821563943660605,0.5788885532829939,0.31590053706061727
191,failure_escalation,correct,known,ipw,0.4737130781487433,0.07956109685698437,0.3177733283090539,0.6296528279884327,0.4503863335791294
191,failure_escalation,correct,known,gcomp,0.5013548520577011,,,,0.4503863335791294
191,failure_escalation,correct,known,dr,0.5251301022639416,0.05509163974077847,0.41715048837201585,0.6331097161558674,0.4503863335791294
191,soft_escalation,correct,known,ipw,0.4827109630627256,0.05608265923579389,0.3727889509605696,0.5926329751648816,0.4471300554415774
191,soft_escalation,correct,known,gcomp,0.4890515731223269,,,,0.4471300554415774
191,soft_escalation,correct,known,dr,0.49972464837988856,0.04273012670924271,0.41597360002977285,0.5834756967300043,0.4471300554415774
192,always_small,correct,known,ipw,0.3622105555637429,0.10302586392681184,0.16027986226719165,0.5641412488602942,0.31590053706061727
192,always_small,correct,known,gcomp,0.30856397413348413,,,,0.31590053706061727
192,always_small,correct,known,dr,0.3151239253311311,0.09371074685821015,0.1314508614890392,0.498796989173223,0.31590053706061727
192,failure_escalation,correct,known,ipw,0.51542160022571,0.07840559089585264,0.36174664206983886,0.6690965583815812,0.4503863335791294
192,failure_escalation,correct,known,gcomp,0.42337461876136434,,,,0.4503863335791294
192,failure_escalation,correct,known,dr,0.4308448593790947,0.059996092417010906,0.3132525182417534,0.5484372005164361,0.4503863335791294
192,soft_escalation,correct,known,ipw,0.47107177209619305,0.05556299971804685,0.3621682926488212,0.5799752515435649,0.4471300554415774
192,soft_escalation,correct,known,gcomp,0.4246286538077973,,,,0.4471300554415774
192,soft_escalation,correct,known,dr,0.4246722204925404,0.045705823979712436,0.335088805492304,0.5142556354927768,0.4471300554415774
193,always_small,correct,known,ipw,0.2754068164853146,0.1225806283117991,0.03514878499418839,0.5156648479764409,0.31590053706061727
193,always_small,correct,known,gcomp,0.32473728492139287,,,,0.31590053706061727
193,always_small,correct,known,dr,0.31885479097825503,0.1239644998545833,0.07588437126327177,0.5618252106932383,0.31590053706061727
193,failure_escalation,correct,known,ipw,0.538366584957824,0.08113474548249455,0.37934248381213465,0.6973906861035133,0.4503863335791294
193,failure_escalation,correct,known,gcomp,0.42295505812395073,,,,0.4503863335791294
193,failure_escalation,correct,known,dr,0.47034256046153095,0.06286578740770869,0.3471256171424219,0.59355950378064,0.4503863335791294
193,soft_escalation,correct,known,ipw,0.5017966494468551,0.0573327576248767,0.3894244445020968,0.6141688543916134,0.4471300554415774
193,soft_escalation,correct,known,gcomp,0.4248570888649187,,,,0.4471300554415774
193,soft_escalation,correct,known,dr,0.4561409461159734,0.047730169777509567,0.36258981335205465,0.5496920788798921,0.4471300554415774
194,always_small,correct,known,ipw,0.11449269528939794,0.03837777475373001,0.03927225677208712,0.18971313380670876,0.31590053706061727
194,always_small,correct,known,gcomp,0.1993566272329464,,,,0.31590053706061727
194,always_small,correct,known,dr,0.10920676910304719,0.047622917985554944,0.015865849851359498,0.20254768835473488,0.31590053706061727
194,failure_escalation,correct,known,ipw,0.5204945413955273,0.08090339820146998,0.36192388092064615,0.6790652018704084,0.4503863335791294
194,failure_escalation,correct,known,gcomp,0.4016712476469728,,,,0.4503863335791294
194,failure_escalation,correct,known,dr,0.4768352062580643,0.06126172428964609,0.35676222665035795,0.5969081858657707,0.4503863335791294
194,soft_escalation,correct,known,ipw,0.46394050292319444,0.05763691040772403,0.35097215852405533,0.5769088473223335,0.4471300554415774
194,soft_escalation,correct,known,gcomp,0.3989402701602542,,,,0.4471300554415774
194,soft_escalation,correct,known,dr,0.4454100070520741,0.04630250570573666,0.35465709586883026,0.5361629182353179,0.4471300554415774
195,always_small,correct,known,ipw,0.3403234433342626,0.11336921896822255,0.11811977415654643,0.5625271125119788,0.31590053706061727
195,always_small,correct,known,gcomp,0.30399096440956513,,,,0.31590053706061727
195,always_small,correct,known,dr,0.2832299486125008,0.1209455294415359,0.04617671090709041,0.5202831863179112,0.31590053706061727
195,failure_escalation,correct,known,ipw,0.44354203397915143,0.07693812697901113,0.2927433051002896,0.5943407628580133,0.4503863335791294
195,failure_escalation,correct,known,gcomp,0.4281696440970127,,,,0.4503863335791294
195,failure_escalation,correct,known,dr,0.46664575173045614,0.05585143838374444,0.35717693249831706,0.5761145709625952,0.4503863335791294
195,soft_escalation,correct,known,ipw,0.42173844475087235,0.05498230766851064,0.3139731217205915,0.5295037677811532,0.4471300554415774
195,soft_escalation,correct,known,gcomp,0.42368486172993447,,,,0.4471300554415774
195,soft_escalation,correct,known,dr,0.4455803656571922,0.04274564361531635,0.36179890417117216,0.5293618271432122,0.4471300554415774
196,always_small,correct,known,ipw,0.7590372632563389,0.34448421424183656,0.08384820334233922,1.4342263231703387,0.31590053706061727
196,always_small,correct,known,gcomp,0.3389842364621632,,,,0.31590053706061727
196,always_small,correct,known,dr,0.7225066807437647,0.27946522711305305,0.17475483560218075,1.2702585258853487,0.31590053706061727
196,failure_escalation,correct,known,ipw,0.5796765479556106,0.08028148749531486,0.4223248324647935,0.7370282634464278,0.4503863335791294
196,failure_escalation,correct,known,gcomp,0.4961734317276384,,,,0.4503863335791294
196,failure_escalation,correct,known,dr,0.5681602091230127,0.054373577073710475,0.46158799805854017,0.6747324201874852,0.4503863335791294
196,soft_escalation,correct,known,ipw,0.5357210592452059,0.05616862061513437,0.4256305628395425,0.6458115556508692,0.4471300554415774
196,soft_escalation,correct,known,gcomp,0.4855565644587939,,,,0.4471300554415774
196,soft_escalation,correct,known,dr,0.524943358060784,0.04146234456918075,0.4436771627051897,0.6062095534163783,0.4471300554415774
197,always_small,correct,known,ipw,0.29074395747857845,0.11509211309747627,0.06516341580752497,0.516324499149632,0.31590053706061727
197,always_small,correct,known,gcomp,0.3197847267975234,,,,0.31590053706061727
197,always_small,correct,known,dr,0.402106406726928,0.08382308483635686,0.23781316044766854,0.5663996530061874,0.31590053706061727
197,failure_escalation,correct,known,ipw,0.5158681749315636,0.07867786639865361,0.36165955679020245,0.6700767930729247,0.4503863335791294
197,failure_escalation,correct,known,gcomp,0.4296219007783741,,,,0.4503863335791294
197,failure_escalation,correct,known,dr,0.47297516010032037,0.06110073851953094,0.3532177126020397,0.592732607598601,0.4503863335791294
197,soft_escalation,correct,known,ipw,0.467373097668047,0.05579694261274527,0.3580110901470663,0.5767351051890277,0.4471300554415774
197,soft_escalation,correct,known,gcomp,0.43066961748916965,,,,0.4471300554415774
197,soft_escalation,correct,known,dr,0.445687826562393,0.04556650909143685,0.3563774687431768,0.5349981843816092,0.4471300554415774
198,always_small,correct,known,ipw,0.5385711039244315,0.2569374863204854,0.034973630736280126,1.0421685771125828,0.31590053706061727
198,always_small,correct,known,gcomp,0.3618284408345052,,,,0.31590053706061727
198,always_small,correct,known,dr,0.422058861875279,0.22326680400993584,-0.015544073984195217,0.8596617977347533,0.31590053706061727
198,failure_escalation,correct,known,ipw,0.3977978085088921,0.07157707768474834,0.2575067362467854,0.5380888807709989,0.4503863335791294
198,failure_escalation,correct,known,gcomp,0.4875754926731693,,,,0.4503863335791294
198,failure_escalation,correct,known,dr,0.45941327169887985,0.05457281511975326,0.3524505540641635,0.5663759893335962,0.4503863335791294
198,soft_escalation,correct,known,ipw,0.427250722516595,0.05069367314564759,0.32789112315112573,0.5266103218820644,0.4471300554415774
198,soft_escalation,correct,known,gcomp,0.48258121882251886,,,,0.4471300554415774
198,soft_escalation,correct,known,dr,0.46633069441403757,0.041963430744420153,0.38408237015497404,0.5485790186731011,0.4471300554415774
199,always_small,correct,known,ipw,0.1910033702035142,0.06040811412799881,0.07260346651263654,0.3094032738943919,0.31590053706061727
199,always_small,correct,known,gcomp,0.21604525121884013,,,,0.31590053706061727
199,always_small,correct,known,dr,0.1763313566248979,0.06483513882806761,0.04925448452188538,0.3034082287279104,0.31590053706061727
199,failure_escalation,correct,known,ipw,0.3458807322579714,0.06775655009370778,0.21307789407430416,0.4786835704416386,0.4503863335791294
199,failure_escalation,correct,known,gcomp,0.37249638896668646,,,,0.4503863335791294
199,failure_escalation,correct,known,dr,0.3929132137357398,0.057050297162436835,0.28109463129736356,0.504731796174116,0.4503863335791294
199,soft_escalation,correct,known,ipw,0.3402936278145889,0.048727398745516175,0.2447879262733772,0.43579932935580057,0.4471300554415774
199,soft_escalation,correct,known,gcomp,0.37190270712747203,,,,0.4471300554415774
199,soft_escalation,correct,known,dr,0.3783356670666859,0.043194453031588906,0.29367453912477165,0.4629967950086002,0.4471300554415774
