n,horizon,floor,policy,q_spec,behavior,method,bias,bias_mc_se,rmse,coverage_95,coverage_mc_se
1000,10,0.05,always_small,correct,known,ipw,0.3252927782149882,0.4942343119057858,15.624631288497,0.012,0.003443254274665175
1000,10,0.05,always_small,correct,known,gcomp,0.002421997831285587,0.0019980596997576337,0.06319902210261265,,
1000,10,0.05,always_small,correct,known,dr,0.22016420582349913,0.18054025196291332,5.7105744083917935,0.391,0.015431104950715617
1000,10,0.05,always_small,misspecified,known,ipw,0.3252927782149882,0.4942343119057858,15.624631288497,0.012,0.003443254274665175
1000,10,0.05,always_small,misspecified,known,gcomp,0.1691131885897114,0.0012662474285061783,0.17378449218105624,,
1000,10,0.05,always_small,misspecified,known,dr,0.3465202326209776,0.18244689702256617,5.776993996408981,0.017,0.004087909000944126
1000,10,0.05,always_small,correct,misspecified,ipw,-0.29506535662248096,0.003527656646758215,0.31542904389854765,0.012,0.003443254274665175
1000,10,0.05,always_small,correct,misspecified,gcomp,0.002421997831285587,0.0019980596997576337,0.06319902210261265,,
1000,10,0.05,always_small,correct,misspecified,dr,0.0038499646540185576,0.002922224330896369,0.09244283570336775,0.312,0.014651143300097777
1000,10,0.05,always_small,misspecified,misspecified,ipw,-0.29506535662248096,0.003527656646758215,0.31542904389854765,0.012,0.003443254274665175
1000,10,0.05,always_small,misspecified,misspecified,gcomp,0.1691131885897114,0.0012662474285061783,0.17378449218105624,,
1000,10,0.05,always_small,misspecified,misspecified,dr,0.16943145592473569,0.0023421965332328827,0.18489839634908545,0.017,0.004087909000944126
1000,10,0.05,always_large,correct,known,ipw,-0.012523772873849894,0.016661214922421022,0.5267592728138818,0.593,0.015535475531827148
1000,10,0.05,always_large,correct,known,gcomp,0.0005913374298858271,0.0004836542707066724,0.015298274807154379,,
1000,10,0.05,always_large,correct,known,dr,-0.010193235637896961,0.007912750421473826,0.25030563250968074,0.958,0.006343185319695463
1000,10,0.05,always_large,misspecified,known,ipw,-0.012523772873849894,0.016661214922421022,0.5267592728138818,0.593,0.015535475531827148
1000,10,0.05,always_large,misspecified,known,gcomp,-0.02359739019154793,0.0004877375148614073,0.028186642570053298,,
1000,10,0.05,always_large,misspecified,known,dr,-0.01065602123314349,0.007954577102315362,0.2516457278960332,0.97,0.0053944415837044735
1000,10,0.05,always_large,correct,misspecified,ipw,9.39495927295956,0.10109476696340801,9.923466707559774,0.081,0.008627803892068943
1000,10,0.05,always_large,correct,misspecified,gcomp,0.0005913374298858271,0.0004836542707066724,0.015298274807154379,,
1000,10,0.05,always_large,correct,misspecified,dr,-0.11110363021175784,0.06940066336670214,2.1963559912520565,0.965,0.005811626278418119
1000,10,0.05,always_large,misspecified,misspecified,ipw,9.39495927295956,0.10109476696340801,9.923466707559774,0.081,0.008627803892068943
1000,10,0.05,always_large,misspecified,misspecified,gcomp,-0.02359739019154793,0.0004877375148614073,0.028186642570053298,,
1000,10,0.05,always_large,misspecified,misspecified,dr,0.16868983427429626,0.07199474572850416,2.2817792244840307,0.959,0.006270486424512857
1000,10,0.05,fixed_switch,correct,known,ipw,-0.033174822988767526,0.025624067491550665,0.8105780720307377,0.655,0.015032464867745409
1000,10,0.05,fixed_switch,correct,known,gcomp,0.00058659679140874,0.00048340628276817105,0.015290259918693736,,
1000,10,0.05,fixed_switch,correct,known,dr,-0.0019877182296952427,0.017408058898268356,0.550219433603299,0.884,0.010126401137620413
1000,10,0.05,fixed_switch,misspecified,known,ipw,-0.033174822988767526,0.025624067491550665,0.8105780720307377,0.655,0.015032464867745409
1000,10,0.05,fixed_switch,misspecified,known,gcomp,-0.023033556870775667,0.00048773751486140733,0.027716326193040722,,
1000,10,0.05,fixed_switch,misspecified,known,dr,-0.005063052856682955,0.017892669163385742,0.565555564630757,0.955,0.00655553201502365
1000,10,0.05,fixed_switch,correct,misspecified,ipw,1.7599950662803334,0.04508977193474527,2.2646494384176394,0.865,0.010806248192596726
1000,10,0.05,fixed_switch,correct,misspecified,gcomp,0.00058659679140874,0.00048340628276817105,0.015290259918693736,,
1000,10,0.05,fixed_switch,correct,misspecified,dr,-0.05104059970626307,0.02243031767195728,0.7107891210003351,0.896,0.009653186002558947
1000,10,0.05,fixed_switch,misspecified,misspecified,ipw,1.7599950662803334,0.04508977193474527,2.2646494384176394,0.865,0.010806248192596726
1000,10,0.05,fixed_switch,misspecified,misspecified,gcomp,-0.023033556870775667,0.00048773751486140733,0.027716326193040722,,
1000,10,0.05,fixed_switch,misspecified,misspecified,dr,-0.027591992223847873,0.022924327173567318,0.7250934902612746,0.899,0.009528850927577784
1000,10,0.05,failure_escalation,correct,known,ipw,0.014878897773475877,0.023760602090749205,0.7511478064283715,0.63,0.015267612779999367
1000,10,0.05,failure_escalation,correct,known,gcomp,0.00015028143192948227,0.0008518707020194036,0.0269254636687069,,
1000,10,0.05,failure_escalation,correct,known,dr,-0.001349623599222607,0.018643685921040234,0.5892718041630118,0.97,0.0053944415837044735
1000,10,0.05,failure_escalation,misspecified,known,ipw,0.014878897773475877,0.023760602090749205,0.7511478064283715,0.63,0.015267612779999367
1000,10,0.05,failure_escalation,misspecified,known,gcomp,0.04424485584801228,0.0007511488231864409,0.05021222559328742,,
1000,10,0.05,failure_escalation,misspecified,known,dr,-0.0017386979920614599,0.01756462148796652,0.5551670335657795,0.971,0.005306505441436956
1000,10,0.05,failure_escalation,correct,misspecified,ipw,2.3364241854694647,0.06351595477535886,3.0804415607118827,0.901,0.009444522221901962
1000,10,0.05,failure_escalation,correct,misspecified,gcomp,0.00015028143192948227,0.0008518707020194036,0.0269254636687069,,
1000,10,0.05,failure_escalation,correct,misspecified,dr,0.010373263019324784,0.04927891582806921,1.557591325807385,0.953,0.00669260786241059
1000,10,0.05,failure_escalation,misspecified,misspecified,ipw,2.3364241854694647,0.06351595477535886,3.0804415607118827,0.901,0.009444522221901962
1000,10,0.05,failure_escalation,misspecified,misspecified,gcomp,0.04424485584801228,0.0007511488231864409,0.05021222559328742,,
1000,10,0.05,failure_escalation,misspecified,misspecified,dr,-1.1194551965323487,0.051560117299540895,1.9771108181611252,0.907,0.009184280047995052
1000,10,0.05,soft_escalation,correct,known,ipw,0.007409190132186406,0.008881716780039978,0.2808218370538477,0.776,0.013184233007649704
1000,10,0.05,soft_escalation,correct,known,gcomp,0.0003276315495965878,0.000774064988245205,0.02446803571710066,,
1000,10,0.05,soft_escalation,correct,known,dr,-0.00032953618038601153,0.006870843410181593,0.21716673150407445,0.951,0.006826346021115546
1000,10,0.05,soft_escalation,misspecified,known,ipw,0.007409190132186406,0.008881716780039978,0.2808218370538477,0.776,0.013184233007649704
1000,10,0.05,soft_escalation,misspecified,known,gcomp,0.048287639474278096,0.0007356633030210448,0.05359435997298859,,
1000,10,0.05,soft_escalation,misspecified,known,dr,0.0012483339121281021,0.006528628365513232,0.206353879741102,0.948,0.007021111023192843
1000,10,0.05,soft_escalation,correct,misspecified,ipw,1.3248800396224643,0.022405483917253003,1.5022685589623246,0.599,0.015498354751392161
1000,10,0.05,soft_escalation,correct,misspecified,gcomp,0.0003276315495965878,0.000774064988245205,0.02446803571710066,,
1000,10,0.05,soft_escalation,correct,misspecified,dr,0.008483273248710416,0.01731253911998765,0.547262508030044,0.961,0.006122009474020767
1000,10,0.05,soft_escalation,misspecified,misspecified,ipw,1.3248800396224643,0.022405483917253003,1.5022685589623246,0.599,0.015498354751392161
1000,10,0.05,soft_escalation,misspecified,misspecified,gcomp,0.048287639474278096,0.0007356633030210448,0.05359435997298859,,
1000,10,0.05,soft_escalation,misspecified,misspecified,dr,-0.5441663037129217,0.018279558442010114,0.7936781971773018,0.865,0.010806248192596726
1000,10,0.2,always_small,correct,known,ipw,0.3286853013660644,0.3683605679264191,11.647396813125454,0.017,0.004087909000944126
1000,10,0.2,always_small,correct,known,gcomp,0.0010577611366499639,0.0011592333822203105,0.03665510975350768,,
1000,10,0.2,always_small,correct,known,dr,0.2095766094392776,0.15225692472747412,4.8169400361188135,0.531,0.01578096955196353
1000,10,0.2,always_small,misspecified,known,ipw,0.3286853013660644,0.3683605679264191,11.647396813125454,0.017,0.004087909000944126
1000,10,0.2,always_small,misspecified,known,gcomp,0.10871485357049969,0.0010089425237913827,0.11329548286738265,,
1000,10,0.2,always_small,misspecified,known,dr,0.27699413465116723,0.14221641137134525,4.503555029786081,0.031,0.0054807846153630225
1000,10,0.2,always_small,correct,misspecified,ipw,-0.289945356622481,0.004188113397441601,0.31873353033990276,0.017,0.004087909000944126
1000,10,0.2,always_small,correct,misspecified,gcomp,0.0010577611366499639,0.0011592333822203105,0.03665510975350768,,
1000,10,0.2,always_small,correct,misspecified,dr,0.004151281633947205,0.002989063066396151,0.09456636112319758,0.443,0.015708309902723462
1000,10,0.2,always_small,misspecified,misspecified,ipw,-0.289945356622481,0.004188113397441601,0.31873353033990276,0.017,0.004087909000944126
1000,10,0.2,always_small,misspecified,misspecified,gcomp,0.10871485357049969,0.0010089425237913827,0.11329548286738265,,
1000,10,0.2,always_small,misspecified,misspecified,dr,0.10772302761948285,0.0029582665050528994,0.142642350140871,0.031,0.0054807846153630225
1000,10,0.2,always_large,correct,known,ipw,-0.01335722919882251,0.017336087861582482,0.5481038386784322,0.609,0.015431104950715617
1000,10,0.2,always_large,correct,known,gcomp,0.0004667446537434862,0.0005062305989420902,0.016007217136584366,,
1000,10,0.2,always_large,correct,known,dr,-0.01012527768052305,0.008283296328725426,0.2620055463525807,0.955,0.00655553201502365
1000,10,0.2,always_large,misspecified,known,ipw,-0.01335722919882251,0.017336087861582482,0.5481038386784322,0.609,0.015431104950715617
1000,10,0.2,always_large,misspecified,known,gcomp,-0.022348564054568767,0.000513903764003969,0.027627726958256136,,
1000,10,0.2,always_large,misspecified,known,dr,-0.009936300837892216,0.008336899094682436,0.2636913208710954,0.961,0.006122009474020767
1000,10,0.2,always_large,correct,misspecified,ipw,6.046584872959562,0.0836599718213622,6.599483352518541,0.317,0.014714312760030624
1000,10,0.2,always_large,correct,misspecified,gcomp,0.0004667446537434862,0.0005062305989420902,0.016007217136584366,,
1000,10,0.2,always_large,correct,misspecified,dr,-0.06862679394576607,0.05644867277841269,1.785490364755055,0.958,0.006343185319695463
1000,10,0.2,always_large,misspecified,misspecified,ipw,6.046584872959562,0.0836599718213622,6.599483352518541,0.317,0.014714312760030624
1000,10,0.2,always_large,misspecified,misspecified,gcomp,-0.022348564054568767,0.000513903764003969,0.027627726958256136,,
1000,10,0.2,always_large,misspecified,misspecified,dr,0.3092916586272402,0.05892193615414163,1.8878517144333609,0.949,0.006956938982052382
1000,10,0.2,fixed_switch,correct,known,ipw,0.024078309894561827,0.029464868278020192,0.9316061663524012,0.672,0.014846413708367418
1000,10,0.2,fixed_switch,correct,known,gcomp,0.00046174207821842383,0.0005060868032536034,0.016002528997687258,,
1000,10,0.2,fixed_switch,correct,known,dr,0.010306634935878979,0.020000363917707552,0.6322347420124892,0.902,0.009401914698613255
1000,10,0.2,fixed_switch,misspecified,known,ipw,0.024078309894561827,0.029464868278020192,0.9316061663524012,0.672,0.014846413708367418
1000,10,0.2,fixed_switch,misspecified,known,gcomp,-0.0217847307337965,0.0005139037640039692,0.02717365405540461,,
1000,10,0.2,fixed_switch,misspecified,known,dr,0.010475946878006773,0.020807602195554,0.6577485068643532,0.956,0.006485676526007139
1000,10,0.2,fixed_switch,correct,misspecified,ipw,1.5743195462803332,0.0433410149274772,2.0868749759315173,0.864,0.010839926199010766
1000,10,0.2,fixed_switch,correct,misspecified,gcomp,0.00046174207821842383,0.0005060868032536034,0.016002528997687258,,
1000,10,0.2,fixed_switch,correct,misspecified,dr,-0.042239486422490376,0.021662748813805904,0.6859953248361936,0.915,0.008819013550278736
1000,10,0.2,fixed_switch,misspecified,misspecified,ipw,1.5743195462803332,0.0433410149274772,2.0868749759315173,0.864,0.010839926199010766
1000,10,0.2,fixed_switch,misspecified,misspecified,gcomp,-0.0217847307337965,0.0005139037640039692,0.02717365405540461,,
1000,10,0.2,fixed_switch,misspecified,misspecified,dr,-0.008118747255265419,0.022089388190805394,0.6982256394822836,0.912,0.008958571314668425
1000,10,0.2,failure_escalation,correct,known,ipw,0.008131525504579228,0.022755592712672378,0.7192811024991237,0.627,0.015292841462592882
1000,10,0.2,failure_escalation,correct,known,gcomp,-1.8117338436812293e-05,0.0008400423825159651,0.02655119322095766,,
1000,10,0.2,failure_escalation,correct,known,dr,-0.015188566976742205,0.019305954699625403,0.6103915624776699,0.97,0.0053944415837044735
1000,10,0.2,failure_escalation,misspecified,known,ipw,0.008131525504579228,0.022755592712672378,0.7192811024991237,0.627,0.015292841462592882
1000,10,0.2,failure_escalation,misspecified,known,gcomp,0.014729357797025817,0.0006541042733672515,0.02538461205434639,,
1000,10,0.2,failure_escalation,misspecified,known,dr,-0.010741397943062477,0.01772871262641868,0.5604536749531742,0.981,0.004317290817167639
1000,10,0.2,failure_escalation,correct,misspecified,ipw,1.0456254654694648,0.05147353811501957,1.9339617925363803,0.907,0.009184280047995052
1000,10,0.2,failure_escalation,correct,misspecified,gcomp,-1.8117338436812293e-05,0.0008400423825159651,0.02655119322095766,,
1000,10,0.2,failure_escalation,correct,misspecified,dr,0.0058324723622029066,0.03762031241313662,1.1890780613104401,0.959,0.006270486424512857
1000,10,0.2,failure_escalation,misspecified,misspecified,ipw,1.0456254654694648,0.05147353811501957,1.9339617925363803,0.907,0.009184280047995052
1000,10,0.2,failure_escalation,misspecified,misspecified,gcomp,0.014729357797025817,0.0006541042733672515,0.02538461205434639,,
1000,10,0.2,failure_escalation,misspecified,misspecified,dr,-0.5018327296977232,0.03848396304076407,1.3158155206971225,0.944,0.007270763371201131
1000,10,0.2,soft_escalation,correct,known,ipw,0.004011546380233042,0.008372605302638593,0.26466301505608764,0.775,0.013205112646244256
1000,10,0.2,soft_escalation,correct,known,gcomp,0.00010053395628486764,0.0007611002457226128,0.024056276052858823,,
1000,10,0.2,soft_escalation,correct,known,dr,-0.0056738486300863126,0.006967380465711885,0.22029080489595276,0.952,0.006759881655768837
1000,10,0.2,soft_escalation,misspecified,known,ipw,0.004011546380233042,0.008372605302638593,0.26466301505608764,0.775,0.013205112646244256
1000,10,0.2,soft_escalation,misspecified,known,gcomp,0.01877966787481696,0.0006357671308221635,0.02750402825546913,,
1000,10,0.2,soft_escalation,misspecified,known,dr,-0.003858032080921497,0.006442808383511811,0.2036741380203212,0.956,0.006485676526007139
1000,10,0.2,soft_escalation,correct,misspecified,ipw,0.6457354787176309,0.01827598434199744,0.8664016969858465,0.884,0.010126401137620413
1000,10,0.2,soft_escalation,correct,misspecified,gcomp,0.00010053395628486764,0.0007611002457226128,0.024056276052858823,,
1000,10,0.2,soft_escalation,correct,misspecified,dr,0.004724932779423631,0.013491496378818397,0.42645137947355766,0.962,0.006046155803483734
1000,10,0.2,soft_escalation,misspecified,misspecified,ipw,0.6457354787176309,0.01827598434199744,0.8664016969858465,0.884,0.010126401137620413
1000,10,0.2,soft_escalation,misspecified,misspecified,gcomp,0.01877966787481696,0.0006357671308221635,0.02750402825546913,,
1000,10,0.2,soft_escalation,misspecified,misspecified,dr,-0.27166207963842726,0.013932889463926533,0.5174278393347773,0.916,0.008771772910877251
1000,10,0.5,always_small,correct,known,ipw,-0.002201356622480941,0.018188947157400142,0.5749015627626868,0.25,0.013693063937629153
1000,10,0.5,always_small,correct,known,gcomp,-0.0008598365853124974,0.0006634083587140955,0.020985944313153034,,
1000,10,0.5,always_small,correct,known,dr,0.0002060588012883997,0.013343515182450345,0.42174801776308113,0.937,0.007683163410991592
1000,10,0.5,always_small,misspecified,known,ipw,-0.002201356622480941,0.018188947157400142,0.5749015627626868,0.25,0.013693063937629153
1000,10,0.5,always_small,misspecified,known,gcomp,0.06916855897120362,0.0006577330916268261,0.07222513244815847,,
1000,10,0.5,always_small,misspecified,known,dr,0.005349414783692261,0.013925660286632365,0.44018031151199744,0.609,0.015431104950715617
1000,10,0.5,always_small,correct,misspecified,ipw,-0.002201356622480941,0.018188947157400142,0.5749015627626868,0.25,0.013693063937629153
1000,10,0.5,always_small,correct,misspecified,gcomp,-0.0008598365853124974,0.0006634083587140955,0.020985944313153034,,
1000,10,0.5,always_small,correct,misspecified,dr,0.0002060588012883997,0.013343515182450345,0.42174801776308113,0.937,0.007683163410991592
1000,10,0.5,always_small,misspecified,misspecified,ipw,-0.002201356622480941,0.018188947157400142,0.5749015627626868,0.25,0.013693063937629153
1000,10,0.5,always_small,misspecified,misspecified,gcomp,0.06916855897120362,0.0006577330916268261,0.07222513244815847,,
1000,10,0.5,always_small,misspecified,misspecified,dr,0.005349414783692261,0.013925660286632365,0.44018031151199744,0.609,0.015431104950715617
1000,10,0.5,always_large,correct,known,ipw,-0.050560407040438765,0.022360605070522573,0.7085569964518414,0.481,0.01579996835439869
1000,10,0.5,always_large,correct,known,gcomp,-0.0008378100218861706,0.0006527232884038727,0.02064760444134654,,
1000,10,0.5,always_large,correct,known,dr,-0.04065150342342908,0.014199513750553403,0.4506407763307578,0.909,0.009094998625618366
1000,10,0.5,always_large,misspecified,known,ipw,-0.050560407040438765,0.022360605070522573,0.7085569964518414,0.481,0.01579996835439869
1000,10,0.5,always_large,misspecified,known,gcomp,-0.05013694886409301,0.0006397690504983177,0.05406115772843032,,
1000,10,0.5,always_large,misspecified,known,dr,-0.04540705015881525,0.01443600747285778,0.458532129352758,0.625,0.015309310892394862
1000,10,0.5,always_large,correct,misspecified,ipw,-0.050560407040438765,0.022360605070522573,0.7085569964518414,0.481,0.01579996835439869
1000,10,0.5,always_large,correct,misspecified,gcomp,-0.0008378100218861706,0.0006527232884038727,0.02064760444134654,,
1000,10,0.5,always_large,correct,misspecified,dr,-0.04065150342342908,0.014199513750553403,0.4506407763307578,0.909,0.009094998625618366
1000,10,0.5,always_large,misspecified,misspecified,ipw,-0.050560407040438765,0.022360605070522573,0.7085569964518414,0.481,0.01579996835439869
1000,10,0.5,always_large,misspecified,misspecified,gcomp,-0.05013694886409301,0.0006397690504983177,0.05406115772843032,,
1000,10,0.5,always_large,misspecified,misspecified,dr,-0.04540705015881525,0.01443600747285778,0.458532129352758,0.625,0.015309310892394862
1000,10,0.5,fixed_switch,correct,known,ipw,-0.026781253719666605,0.023811614390423168,0.7530891198584181,0.485,0.01580427157448264
1000,10,0.5,fixed_switch,correct,known,gcomp,-0.0008365591172135003,0.0006514372967247482,0.020606940873625,,
1000,10,0.5,fixed_switch,correct,known,dr,0.008154418947137703,0.012824168595413526,0.40541501626332543,0.907,0.009184280047995052
1000,10,0.5,fixed_switch,misspecified,known,ipw,-0.026781253719666605,0.023811614390423168,0.7530891198584181,0.485,0.01580427157448264
1000,10,0.5,fixed_switch,misspecified,known,gcomp,-0.04957311554332075,0.0006397690504983179,0.0535386675049816,,
1000,10,0.5,fixed_switch,misspecified,known,dr,0.006243197319194658,0.013288974667430047,0.4200705040545602,0.61,0.01542400726140908
1000,10,0.5,fixed_switch,correct,misspecified,ipw,-0.026781253719666605,0.023811614390423168,0.7530891198584181,0.485,0.01580427157448264
1000,10,0.5,fixed_switch,correct,misspecified,gcomp,-0.0008365591172135003,0.0006514372967247482,0.020606940873625,,
1000,10,0.5,fixed_switch,correct,misspecified,dr,0.008154418947137703,0.012824168595413526,0.40541501626332543,0.907,0.009184280047995052
1000,10,0.5,fixed_switch,misspecified,misspecified,ipw,-0.026781253719666605,0.023811614390423168,0.7530891198584181,0.485,0.01580427157448264
1000,10,0.5,fixed_switch,misspecified,misspecified,gcomp,-0.04957311554332075,0.0006397690504983179,0.0535386675049816,,
1000,10,0.5,fixed_switch,misspecified,misspecified,dr,0.006243197319194658,0.013288974667430047,0.4200705040545602,0.61,0.01542400726140908
1000,10,0.5,failure_escalation,correct,known,ipw,-0.019177134530534795,0.021603199875814154,0.6830807486075892,0.4,0.015491933384829668
1000,10,0.5,failure_escalation,correct,known,gcomp,-0.0007709054106231659,0.0007332395528658907,0.023188292235462545,,
1000,10,0.5,failure_escalation,correct,known,dr,-0.0030739105557629045,0.015052664527358763,0.4757789146125923,0.948,0.007021111023192843
1000,10,0.5,failure_escalation,misspecified,known,ipw,-0.019177134530534795,0.021603199875814154,0.6830807486075892,0.4,0.015491933384829668
1000,10,0.5,failure_escalation,misspecified,known,gcomp,-0.024343425334363376,0.0005198606104504049,0.02936983412028904,,
1000,10,0.5,failure_escalation,misspecified,known,dr,-0.007420759227835523,0.015172386123729746,0.47961043259543146,0.958,0.006343185319695463
1000,10,0.5,failure_escalation,correct,misspecified,ipw,-0.019177134530534795,0.021603199875814154,0.6830807486075892,0.4,0.015491933384829668
1000,10,0.5,failure_escalation,correct,misspecified,gcomp,-0.0007709054106231659,0.0007332395528658907,0.023188292235462545,,
1000,10,0.5,failure_escalation,correct,misspecified,dr,-0.0030739105557629045,0.015052664527358763,0.4757789146125923,0.948,0.007021111023192843
1000,10,0.5,failure_escalation,misspecified,misspecified,ipw,-0.019177134530534795,0.021603199875814154,0.6830807486075892,0.4,0.015491933384829668
1000,10,0.5,failure_escalation,misspecified,misspecified,gcomp,-0.024343425334363376,0.0005198606104504049,0.02936983412028904,,
1000,10,0.5,failure_escalation,misspecified,misspecified,dr,-0.007420759227835523,0.015172386123729746,0.47961043259543146,0.958,0.006343185319695463
1000,10,0.5,soft_escalation,correct,known,ipw,-0.004697031905075145,0.007831552970302375,0.24757615154421195,0.681,0.01473902981881779
1000,10,0.5,soft_escalation,correct,known,gcomp,-0.0008026270194305009,0.0006631100476844783,0.020974256376260183,,
1000,10,0.5,soft_escalation,correct,known,dr,-0.0017204201796634725,0.005554518416519999,0.1755698778555563,0.971,0.005306505441436956
1000,10,0.5,soft_escalation,misspecified,known,ipw,-0.004697031905075145,0.007831552970302375,0.24757615154421195,0.681,0.01473902981881779
1000,10,0.5,soft_escalation,misspecified,known,gcomp,-0.01925293038597732,0.0005076696981292989,0.02506284346046122,,
1000,10,0.5,soft_escalation,misspecified,known,dr,-0.0031837295162516566,0.005588161390287329,0.1766534922094855,0.974,0.005032295698784007
1000,10,0.5,soft_escalation,correct,misspecified,ipw,-0.004697031905075145,0.007831552970302375,0.24757615154421195,0.681,0.01473902981881779
1000,10,0.5,soft_escalation,correct,misspecified,gcomp,-0.0008026270194305009,0.0006631100476844783,0.020974256376260183,,
1000,10,0.5,soft_escalation,correct,misspecified,dr,-0.0017204201796634725,0.005554518416519999,0.1755698778555563,0.971,0.005306505441436956
1000,10,0.5,soft_escalation,misspecified,misspecified,ipw,-0.004697031905075145,0.007831552970302375,0.24757615154421195,0.681,0.01473902981881779
1000,10,0.5,soft_escalation,misspecified,misspecified,gcomp,-0.01925293038597732,0.0005076696981292989,0.02506284346046122,,
1000,10,0.5,soft_escalation,misspecified,misspecified,dr,-0.0031837295162516566,0.005588161390287329,0.1766534922094855,0.974,0.005032295698784007
1000,2,0.05,always_small,correct,known,ipw,0.0005200162001380886,0.0010625961629312896,0.033589461319277356,0.951,0.006826346021115546
1000,2,0.05,always_small,correct,known,gcomp,0.0009759447039080804,0.0007166812450126003,0.022673130419307883,,
1000,2,0.05,always_small,correct,known,dr,0.0009426120199592029,0.0009348065645828431,0.029561427017215546,0.954,0.006624499981130654
1000,2,0.05,always_small,misspecified,known,ipw,0.0005200162001380886,0.0010625961629312896,0.033589461319277356,0.951,0.006826346021115546
1000,2,0.05,always_small,misspecified,known,gcomp,0.09418278426637734,0.0006827434756594243,0.09662333759019573,,
1000,2,0.05,always_small,misspecified,known,dr,0.0015772736038564728,0.0010216857594581407,0.03233087906800402,0.948,0.007021111023192843
1000,2,0.05,always_small,correct,misspecified,ipw,0.15665832559386758,0.001266808748155934,0.1616942502931821,0.02,0.004427188724235731
1000,2,0.05,always_small,correct,misspecified,gcomp,0.0009759447039080804,0.0007166812450126003,0.022673130419307883,,
1000,2,0.05,always_small,correct,misspecified,dr,0.001088800481989368,0.0009060607907001914,0.028658518747091445,0.964,0.005891010100144119
1000,2,0.05,always_small,misspecified,misspecified,ipw,0.15665832559386758,0.001266808748155934,0.1616942502931821,0.02,0.004427188724235731
1000,2,0.05,always_small,misspecified,misspecified,gcomp,0.09418278426637734,0.0006827434756594243,0.09662333759019573,,
1000,2,0.05,always_small,misspecified,misspecified,dr,0.06789985485526263,0.0009034741580912343,0.07366029852064175,0.405,0.015523369479594306
1000,2,0.05,always_large,correct,known,ipw,0.0027844959786778446,0.0021038960088124157,0.06655603244887866,0.957,0.006414904519944161
1000,2,0.05,always_large,correct,known,gcomp,3.892228126133723e-05,0.0006894570702091053,0.021791677667257297,,
1000,2,0.05,always_large,correct,known,dr,-0.0002857550980871184,0.0009998778117809603,0.03160439113207961,0.953,0.00669260786241059
1000,2,0.05,always_large,misspecified,known,ipw,0.0027844959786778446,0.0021038960088124157,0.06655603244887866,0.957,0.006414904519944161
1000,2,0.05,always_large,misspecified,known,gcomp,-0.0721240660627985,0.0006514785901884057,0.07500587200047289,,
1000,2,0.05,always_large,misspecified,known,dr,-0.00010736756861479246,0.0010317840206801874,0.03261173431236727,0.957,0.006414904519944161
1000,2,0.05,always_large,correct,misspecified,ipw,-0.15132449198721656,0.0012252699262488122,0.15620143079039567,0.043,0.006414904519944158
1000,2,0.05,always_large,correct,misspecified,gcomp,3.892228126133723e-05,0.0006894570702091053,0.021791677667257297,,
1000,2,0.05,always_large,correct,misspecified,dr,-0.00044459080238837246,0.000944888222760745,0.029868354503387286,0.934,0.007851369307324675
1000,2,0.05,always_large,misspecified,misspecified,ipw,-0.15132449198721656,0.0012252699262488122,0.15620143079039567,0.043,0.006414904519944158
1000,2,0.05,always_large,misspecified,misspecified,gcomp,-0.0721240660627985,0.0006514785901884057,0.07500587200047289,,
1000,2,0.05,always_large,misspecified,misspecified,dr,-0.04841317931814726,0.000920639009297065,0.05648508246382511,0.617,0.015372410351015223
1000,2,0.05,fixed_switch,correct,known,ipw,-0.0005493383780310246,0.0013896072465314313,0.0439246976536735,0.961,0.006122009474020767
1000,2,0.05,fixed_switch,correct,known,gcomp,0.00030740944501401877,0.0006314573881363163,0.019960816495469075,,
1000,2,0.05,fixed_switch,correct,known,dr,0.000292085387270239,0.0008671601689306715,0.02740985417135136,0.949,0.006956938982052382
1000,2,0.05,fixed_switch,misspecified,known,ipw,-0.0005493383780310246,0.0013896072465314313,0.0439246976536735,0.961,0.006122009474020767
1000,2,0.05,fixed_switch,misspecified,known,gcomp,0.000351260008779904,0.0006514785901884059,0.020594254361694358,,
1000,2,0.05,fixed_switch,misspecified,known,dr,9.893785295234297e-05,0.000878357230308061,0.02776237924438683,0.952,0.006759881655768837
1000,2,0.05,fixed_switch,correct,misspecified,ipw,0.055871594084361834,0.0014407428370379204,0.07207842401219172,0.765,0.013408019988051927
1000,2,0.05,fixed_switch,correct,misspecified,gcomp,0.00030740944501401877,0.0006314573881363163,0.019960816495469075,,
1000,2,0.05,fixed_switch,correct,misspecified,dr,0.0004887145288983622,0.0008649837344096333,0.02734387510619514,0.975,0.004937104414532877
1000,2,0.05,fixed_switch,misspecified,misspecified,ipw,0.055871594084361834,0.0014407428370379204,0.07207842401219172,0.765,0.013408019988051927
1000,2,0.05,fixed_switch,misspecified,misspecified,gcomp,0.000351260008779904,0.0006514785901884059,0.020594254361694358,,
1000,2,0.05,fixed_switch,misspecified,misspecified,dr,-0.023491495053162708,0.0009059219333762009,0.03703679514557746,0.915,0.008819013550278736
1000,2,0.05,failure_escalation,correct,known,ipw,0.002434129598205882,0.0009171809848601315,0.029091317002344082,0.956,0.006485676526007139
1000,2,0.05,failure_escalation,correct,known,gcomp,0.0008828572789768459,0.0005897738055144211,0.01866185268145512,,
1000,2,0.05,failure_escalation,correct,known,dr,0.0010232701906013188,0.000728584079178095,0.023051052200590193,0.946,0.0071473071852271785
1000,2,0.05,failure_escalation,misspecified,known,ipw,0.002434129598205882,0.0009171809848601315,0.029091317002344082,0.956,0.006485676526007139
1000,2,0.05,failure_escalation,misspecified,known,gcomp,-0.008234835849354116,0.00047778573243623,0.017200681625427313,,
1000,2,0.05,failure_escalation,misspecified,known,dr,0.0010306457073701858,0.0007339130996249466,0.023219647713464908,0.947,0.007084560677981384
1000,2,0.05,failure_escalation,correct,misspecified,ipw,0.42293795230849,0.0016810970804934627,0.4262625632278164,0.0,0.0
1000,2,0.05,failure_escalation,correct,misspecified,gcomp,0.0008828572789768459,0.0005897738055144211,0.01866185268145512,,
1000,2,0.05,failure_escalation,correct,misspecified,dr,0.0011856178945410403,0.0009621691606299883,0.030434345959221874,0.996,0.0019959959919799443
1000,2,0.05,failure_escalation,misspecified,misspecified,ipw,0.42293795230849,0.0016810970804934627,0.4262625632278164,0.0,0.0
1000,2,0.05,failure_escalation,misspecified,misspecified,gcomp,-0.008234835849354116,0.00047778573243623,0.017200681625427313,,
1000,2,0.05,failure_escalation,misspecified,misspecified,dr,0.003351274757883342,0.0010899226865176733,0.03461176929349528,0.981,0.004317290817167639
1000,2,0.05,soft_escalation,correct,known,ipw,0.001904973080124049,0.0007061848591370117,0.022401501749996226,0.957,0.006414904519944161
1000,2,0.05,soft_escalation,correct,known,gcomp,0.000829253675610757,0.0005399788283367527,0.01708722386976288,,
1000,2,0.05,soft_escalation,correct,known,dr,0.0009132625227709383,0.0006061290711441687,0.019179653460652115,0.955,0.00655553201502365
1000,2,0.05,soft_escalation,misspecified,known,ipw,0.001904973080124049,0.0007061848591370117,0.022401501749996226,0.957,0.006414904519944161
1000,2,0.05,soft_escalation,misspecified,known,gcomp,-0.00574099276099635,0.0004758096805063511,0.01609743628946252,,
1000,2,0.05,soft_escalation,misspecified,known,dr,0.0009641778809835801,0.0006085959446658783,0.019260017492880605,0.953,0.00669260786241059
1000,2,0.05,soft_escalation,correct,misspecified,ipw,0.33003439832885306,0.0013215211512615603,0.33266706451851596,0.0,0.0
1000,2,0.05,soft_escalation,correct,misspecified,gcomp,0.000829253675610757,0.0005399788283367527,0.01708722386976288,,
1000,2,0.05,soft_escalation,correct,misspecified,dr,0.0010365550130441061,0.0007737487319408165,0.024477803401753775,0.997,0.0017294507798720387
1000,2,0.05,soft_escalation,misspecified,misspecified,ipw,0.33003439832885306,0.0013215211512615603,0.33266706451851596,0.0,0.0
1000,2,0.05,soft_escalation,misspecified,misspecified,gcomp,-0.00574099276099635,0.0004758096805063511,0.01609743628946252,,
1000,2,0.05,soft_escalation,misspecified,misspecified,dr,0.0034731614388134433,0.000872224773355255,0.027786293915875716,0.987,0.0035820385257559714
1000,2,0.2,always_small,correct,known,ipw,0.0005200162001380886,0.0010625961629312896,0.033589461319277356,0.951,0.006826346021115546
1000,2,0.2,always_small,correct,known,gcomp,0.0009759447039080804,0.0007166812450126003,0.022673130419307883,,
1000,2,0.2,always_small,correct,known,dr,0.0009426120199592029,0.0009348065645828431,0.029561427017215546,0.954,0.006624499981130654
1000,2,0.2,always_small,misspecified,known,ipw,0.0005200162001380886,0.0010625961629312896,0.033589461319277356,0.951,0.006826346021115546
1000,2,0.2,always_small,misspecified,known,gcomp,0.09418278426637734,0.0006827434756594243,0.09662333759019573,,
1000,2,0.2,always_small,misspecified,known,dr,0.0015772736038564728,0.0010216857594581407,0.03233087906800402,0.948,0.007021111023192843
1000,2,0.2,always_small,correct,misspecified,ipw,0.15665832559386758,0.001266808748155934,0.1616942502931821,0.02,0.004427188724235731
1000,2,0.2,always_small,correct,misspecified,gcomp,0.0009759447039080804,0.0007166812450126003,0.022673130419307883,,
1000,2,0.2,always_small,correct,misspecified,dr,0.001088800481989368,0.0009060607907001914,0.028658518747091445,0.964,0.005891010100144119
1000,2,0.2,always_small,misspecified,misspecified,ipw,0.15665832559386758,0.001266808748155934,0.1616942502931821,0.02,0.004427188724235731
1000,2,0.2,always_small,misspecified,misspecified,gcomp,0.09418278426637734,0.0006827434756594243,0.09662333759019573,,
1000,2,0.2,always_small,misspecified,misspecified,dr,0.06789985485526263,0.0009034741580912343,0.07366029852064175,0.405,0.015523369479594306
1000,2,0.2,always_large,correct,known,ipw,0.0027844959786778446,0.0021038960088124157,0.06655603244887866,0.957,0.006414904519944161
1000,2,0.2,always_large,correct,known,gcomp,3.892228126133723e-05,0.0006894570702091053,0.021791677667257297,,
1000,2,0.2,always_large,correct,known,dr,-0.0002857550980871184,0.0009998778117809603,0.03160439113207961,0.953,0.00669260786241059
1000,2,0.2,always_large,misspecified,known,ipw,0.0027844959786778446,0.0021038960088124157,0.06655603244887866,0.957,0.006414904519944161
1000,2,0.2,always_large,misspecified,known,gcomp,-0.0721240660627985,0.0006514785901884057,0.07500587200047289,,
1000,2,0.2,always_large,misspecified,known,dr,-0.00010736756861479246,0.0010317840206801874,0.03261173431236727,0.957,0.006414904519944161
1000,2,0.2,always_large,correct,misspecified,ipw,-0.15132449198721656,0.0012252699262488122,0.15620143079039567,0.043,0.006414904519944158
1000,2,0.2,always_large,correct,misspecified,gcomp,3.892228126133723e-05,0.0006894570702091053,0.021791677667257297,,
1000,2,0.2,always_large,correct,misspecified,dr,-0.00044459080238837246,0.000944888222760745,0.029868354503387286,0.934,0.007851369307324675
1000,2,0.2,always_large,misspecified,misspecified,ipw,-0.15132449198721656,0.0012252699262488122,0.15620143079039567,0.043,0.006414904519944158
1000,2,0.2,always_large,misspecified,misspecified,gcomp,-0.0721240660627985,0.0006514785901884057,0.07500587200047289,,
1000,2,0.2,always_large,misspecified,misspecified,dr,-0.04841317931814726,0.000920639009297065,0.05648508246382511,0.617,0.015372410351015223
1000,2,0.2,fixed_switch,correct,known,ipw,-0.0005493383780310246,0.0013896072465314313,0.0439246976536735,0.961,0.006122009474020767
1000,2,0.2,fixed_switch,correct,known,gcomp,0.00030740944501401877,0.0006314573881363163,0.019960816495469075,,
1000,2,0.2,fixed_switch,correct,known,dr,0.000292085387270239,0.0008671601689306715,0.02740985417135136,0.949,0.006956938982052382
1000,2,0.2,fixed_switch,misspecified,known,ipw,-0.0005493383780310246,0.0013896072465314313,0.0439246976536735,0.961,0.006122009474020767
1000,2,0.2,fixed_switch,misspecified,known,gcomp,0.000351260008779904,0.0006514785901884059,0.020594254361694358,,
1000,2,0.2,fixed_switch,misspecified,known,dr,9.893785295234297e-05,0.000878357230308061,0.02776237924438683,0.952,0.006759881655768837
1000,2,0.2,fixed_switch,correct,misspecified,ipw,0.055871594084361834,0.0014407428370379204,0.07207842401219172,0.765,0.013408019988051927
1000,2,0.2,fixed_switch,correct,misspecified,gcomp,0.00030740944501401877,0.0006314573881363163,0.019960816495469075,,
1000,2,0.2,fixed_switch,correct,misspecified,dr,0.0004887145288983622,0.0008649837344096333,0.02734387510619514,0.975,0.004937104414532877
1000,2,0.2,fixed_switch,misspecified,misspecified,ipw,0.055871594084361834,0.0014407428370379204,0.07207842401219172,0.765,0.013408019988051927
1000,2,0.2,fixed_switch,misspecified,misspecified,gcomp,0.000351260008779904,0.0006514785901884059,0.020594254361694358,,
1000,2,0.2,fixed_switch,misspecified,misspecified,dr,-0.023491495053162708,0.0009059219333762009,0.03703679514557746,0.915,0.008819013550278736
1000,2,0.2,failure_escalation,correct,known,ipw,0.002434129598205882,0.0009171809848601315,0.029091317002344082,0.956,0.006485676526007139
1000,2,0.2,failure_escalation,correct,known,gcomp,0.0008828572789768459,0.0005897738055144211,0.01866185268145512,,
1000,2,0.2,failure_escalation,correct,known,dr,0.0010232701906013188,0.000728584079178095,0.023051052200590193,0.946,0.0071473071852271785
1000,2,0.2,failure_escalation,misspecified,known,ipw,0.002434129598205882,0.0009171809848601315,0.029091317002344082,0.956,0.006485676526007139
1000,2,0.2,failure_escalation,misspecified,known,gcomp,-0.008234835849354116,0.00047778573243623,0.017200681625427313,,
1000,2,0.2,failure_escalation,misspecified,known,dr,0.0010306457073701858,0.0007339130996249466,0.023219647713464908,0.947,0.007084560677981384
1000,2,0.2,failure_escalation,correct,misspecified,ipw,0.42293795230849,0.0016810970804934627,0.4262625632278164,0.0,0.0
1000,2,0.2,failure_escalation,correct,misspecified,gcomp,0.0008828572789768459,0.0005897738055144211,0.01866185268145512,,
1000,2,0.2,failure_escalation,correct,misspecified,dr,0.0011856178945410403,0.0009621691606299883,0.030434345959221874,0.996,0.0019959959919799443
1000,2,0.2,failure_escalation,misspecified,misspecified,ipw,0.42293795230849,0.0016810970804934627,0.4262625632278164,0.0,0.0
1000,2,0.2,failure_escalation,misspecified,misspecified,gcomp,-0.008234835849354116,0.00047778573243623,0.017200681625427313,,
1000,2,0.2,failure_escalation,misspecified,misspecified,dr,0.003351274757883342,0.0010899226865176733,0.03461176929349528,0.981,0.004317290817167639
1000,2,0.2,soft_escalation,correct,known,ipw,0.001904973080124049,0.0007061848591370117,0.022401501749996226,0.957,0.006414904519944161
1000,2,0.2,soft_escalation,correct,known,gcomp,0.000829253675610757,0.0005399788283367527,0.01708722386976288,,
1000,2,0.2,soft_escalation,correct,known,dr,0.0009132625227709383,0.0006061290711441687,0.019179653460652115,0.955,0.00655553201502365
1000,2,0.2,soft_escalation,misspecified,known,ipw,0.001904973080124049,0.0007061848591370117,0.022401501749996226,0.957,0.006414904519944161
1000,2,0.2,soft_escalation,misspecified,known,gcomp,-0.00574099276099635,0.0004758096805063511,0.01609743628946252,,
1000,2,0.2,soft_escalation,misspecified,known,dr,0.0009641778809835801,0.0006085959446658783,0.019260017492880605,0.953,0.00669260786241059
1000,2,0.2,soft_escalation,correct,misspecified,ipw,0.33003439832885306,0.0013215211512615603,0.33266706451851596,0.0,0.0
1000,2,0.2,soft_escalation,correct,misspecified,gcomp,0.000829253675610757,0.0005399788283367527,0.01708722386976288,,
1000,2,0.2,soft_escalation,correct,misspecified,dr,0.0010365550130441061,0.0007737487319408165,0.024477803401753775,0.997,0.0017294507798720387
1000,2,0.2,soft_escalation,misspecified,misspecified,ipw,0.33003439832885306,0.0013215211512615603,0.33266706451851596,0.0,0.0
1000,2,0.2,soft_escalation,misspecified,misspecified,gcomp,-0.00574099276099635,0.0004758096805063511,0.01609743628946252,,
1000,2,0.2,soft_escalation,misspecified,misspecified,dr,0.0034731614388134433,0.000872224773355255,0.027786293915875716,0.987,0.0035820385257559714
1000,2,0.5,always_small,correct,known,ipw,0.001458325593867564,0.0011036673781904046,0.03491404178174921,0.957,0.006414904519944161
1000,2,0.5,always_small,correct,known,gcomp,0.0006214173214319572,0.000649435071292684,0.020536073271209477,,
1000,2,0.5,always_small,correct,known,dr,0.0009077931272307715,0.0008601502513905164,0.02720188752410481,0.953,0.00669260786241059
1000,2,0.5,always_small,misspecified,known,ipw,0.001458325593867564,0.0011036673781904046,0.03491404178174921,0.957,0.006414904519944161
1000,2,0.5,always_small,misspecified,known,gcomp,0.04712669055164204,0.0006575539689216658,0.05150601719384656,,
1000,2,0.5,always_small,misspecified,known,dr,0.0005761964508106904,0.0008987762664817876,0.02841342958468191,0.946,0.0071473071852271785
1000,2,0.5,always_small,correct,misspecified,ipw,0.001458325593867564,0.0011036673781904046,0.03491404178174921,0.957,0.006414904519944161
1000,2,0.5,always_small,correct,misspecified,gcomp,0.0006214173214319572,0.000649435071292684,0.020536073271209477,,
1000,2,0.5,always_small,correct,misspecified,dr,0.0009077931272307715,0.0008601502513905164,0.02720188752410481,0.953,0.00669260786241059
1000,2,0.5,always_small,misspecified,misspecified,ipw,0.001458325593867564,0.0011036673781904046,0.03491404178174921,0.957,0.006414904519944161
1000,2,0.5,always_small,misspecified,misspecified,gcomp,0.04712669055164204,0.0006575539689216658,0.05150601719384656,,
1000,2,0.5,always_small,misspecified,misspecified,dr,0.0005761964508106904,0.0008987762664817876,0.02841342958468191,0.946,0.0071473071852271785
1000,2,0.5,always_large,correct,known,ipw,-0.0022753719872165624,0.0014244903809052876,0.045081270946221226,0.946,0.0071473071852271785
1000,2,0.5,always_large,correct,known,gcomp,-0.0008799220789527969,0.0006451613199722553,0.020410564875195956,,
1000,2,0.5,always_large,correct,known,dr,-0.0008995620131683831,0.000838504897600694,0.026517854073295325,0.952,0.006759881655768837
1000,2,0.5,always_large,misspecified,known,ipw,-0.0022753719872165624,0.0014244903809052876,0.045081270946221226,0.946,0.0071473071852271785
1000,2,0.5,always_large,misspecified,known,gcomp,-0.03714790780799945,0.0006360405142432702,0.04223872681242548,,
1000,2,0.5,always_large,misspecified,known,dr,-0.0008052565040826298,0.0008517245676350926,0.026932466326191506,0.953,0.00669260786241059
1000,2,0.5,always_large,correct,misspecified,ipw,-0.0022753719872165624,0.0014244903809052876,0.045081270946221226,0.946,0.0071473071852271785
1000,2,0.5,always_large,correct,misspecified,gcomp,-0.0008799220789527969,0.0006451613199722553,0.020410564875195956,,
1000,2,0.5,always_large,correct,misspecified,dr,-0.0008995620131683831,0.000838504897600694,0.026517854073295325,0.952,0.006759881655768837
1000,2,0.5,always_large,misspecified,misspecified,ipw,-0.0022753719872165624,0.0014244903809052876,0.045081270946221226,0.946,0.0071473071852271785
1000,2,0.5,always_large,misspecified,misspecified,gcomp,-0.03714790780799945,0.0006360405142432702,0.04223872681242548,,
1000,2,0.5,always_large,misspecified,misspecified,dr,-0.0008052565040826298,0.0008517245676350926,0.026932466326191506,0.953,0.00669260786241059
1000,2,0.5,fixed_switch,correct,known,ipw,-0.0015932859156381593,0.0014197847267915056,0.044903356687100465,0.939,0.007568289106528638
1000,2,0.5,fixed_switch,correct,known,gcomp,-0.0010235734712637954,0.0006709967505267319,0.021232854382519813,,
1000,2,0.5,fixed_switch,correct,known,dr,-0.0010291265718136533,0.0008803427228634998,0.027843983333744386,0.954,0.006624499981130654
1000,2,0.5,fixed_switch,misspecified,known,ipw,-0.0015932859156381593,0.0014197847267915056,0.044903356687100465,0.939,0.007568289106528638
1000,2,0.5,fixed_switch,misspecified,known,gcomp,0.03532741826357898,0.0006360405142432702,0.04064688757325632,,
1000,2,0.5,fixed_switch,misspecified,known,dr,-0.0010726663573369032,0.0009086459169013503,0.02873956120077961,0.954,0.006624499981130654
1000,2,0.5,fixed_switch,correct,misspecified,ipw,-0.0015932859156381593,0.0014197847267915056,0.044903356687100465,0.939,0.007568289106528638
1000,2,0.5,fixed_switch,correct,misspecified,gcomp,-0.0010235734712637954,0.0006709967505267319,0.021232854382519813,,
1000,2,0.5,fixed_switch,correct,misspecified,dr,-0.0010291265718136533,0.0008803427228634998,0.027843983333744386,0.954,0.006624499981130654
1000,2,0.5,fixed_switch,misspecified,misspecified,ipw,-0.0015932859156381593,0.0014197847267915056,0.044903356687100465,0.939,0.007568289106528638
1000,2,0.5,fixed_switch,misspecified,misspecified,gcomp,0.03532741826357898,0.0006360405142432702,0.04064688757325632,,
1000,2,0.5,fixed_switch,misspecified,misspecified,dr,-0.0010726663573369032,0.0009086459169013503,0.02873956120077961,0.954,0.006624499981130654
1000,2,0.5,failure_escalation,correct,known,ipw,-0.0009593676915099727,0.0012966459625227413,0.040994266034921435,0.958,0.006343185319695463
1000,2,0.5,failure_escalation,correct,known,gcomp,0.00042727267787620794,0.000673855478519506,0.021302809360881986,,
1000,2,0.5,failure_escalation,correct,known,dr,0.00027647286742745305,0.0009578264002512842,0.030275244323568037,0.954,0.006624499981130654
1000,2,0.5,failure_escalation,misspecified,known,ipw,-0.0009593676915099727,0.0012966459625227413,0.040994266034921435,0.958,0.006343185319695463
1000,2,0.5,failure_escalation,misspecified,known,gcomp,-0.01453724938857891,0.0005006856941692062,0.021488766785627604,,
1000,2,0.5,failure_escalation,misspecified,known,dr,0.0002664992674013106,0.0009630305855020401,0.03043963703074192,0.96,0.00619677335393187
1000,2,0.5,failure_escalation,correct,misspecified,ipw,-0.0009593676915099727,0.0012966459625227413,0.040994266034921435,0.958,0.006343185319695463
1000,2,0.5,failure_escalation,correct,misspecified,gcomp,0.00042727267787620794,0.000673855478519506,0.021302809360881986,,
1000,2,0.5,failure_escalation,correct,misspecified,dr,0.00027647286742745305,0.0009578264002512842,0.030275244323568037,0.954,0.006624499981130654
1000,2,0.5,failure_escalation,misspecified,misspecified,ipw,-0.0009593676915099727,0.0012966459625227413,0.040994266034921435,0.958,0.006343185319695463
1000,2,0.5,failure_escalation,misspecified,misspecified,gcomp,-0.01453724938857891,0.0005006856941692062,0.021488766785627604,,
1000,2,0.5,failure_escalation,misspecified,misspecified,dr,0.0002664992674013106,0.0009630305855020401,0.03043963703074192,0.96,0.00619677335393187
1000,2,0.5,soft_escalation,correct,known,ipw,-0.00076495367114696,0.001027623600906744,0.032489065991413234,0.959,0.006270486424512857
1000,2,0.5,soft_escalation,correct,known,gcomp,0.00034562556878568236,0.0006152705646651135,0.01944990403342347,,
1000,2,0.5,soft_escalation,correct,known,dr,0.00017876246044259085,0.0007886689156257442,0.024928068834811024,0.954,0.006624499981130654
1000,2,0.5,soft_escalation,misspecified,known,ipw,-0.00076495367114696,0.001027623600906744,0.032489065991413234,0.959,0.006270486424512857
1000,2,0.5,soft_escalation,misspecified,known,gcomp,-0.01214621745149501,0.0004941147412665508,0.01978473721175936,,
1000,2,0.5,soft_escalation,misspecified,known,dr,0.0001771081822106345,0.0007915739696719073,0.02501987464838474,0.957,0.006414904519944161
1000,2,0.5,soft_escalation,correct,misspecified,ipw,-0.00076495367114696,0.001027623600906744,0.032489065991413234,0.959,0.006270486424512857
1000,2,0.5,soft_escalation,correct,misspecified,gcomp,0.00034562556878568236,0.0006152705646651135,0.01944990403342347,,
1000,2,0.5,soft_escalation,correct,misspecified,dr,0.00017876246044259085,0.0007886689156257442,0.024928068834811024,0.954,0.006624499981130654
1000,2,0.5,soft_escalation,misspecified,misspecified,ipw,-0.00076495367114696,0.001027623600906744,0.032489065991413234,0.959,0.006270486424512857
1000,2,0.5,soft_escalation,misspecified,misspecified,gcomp,-0.01214621745149501,0.0004941147412665508,0.01978473721175936,,
1000,2,0.5,soft_escalation,misspecified,misspecified,dr,0.0001771081822106345,0.0007915739696719073,0.02501987464838474,0.957,0.006414904519944161
1000,5,0.05,always_small,correct,known,ipw,-0.0019987420774180416,0.009741128619842488,0.3078939625446041,0.732,0.014006284303840188
1000,5,0.05,always_small,correct,known,gcomp,-0.0013691926360814132,0.0010213078269731765,0.03230946140426879,,
1000,5,0.05,always_small,correct,known,dr,0.005233552789915638,0.00897033317307494,0.2835732717192112,0.92,0.008579044235810886
1000,5,0.05,always_small,misspecified,known,ipw,-0.0019987420774180416,0.009741128619842488,0.3078939625446041,0.732,0.014006284303840188
1000,5,0.05,always_small,misspecified,known,gcomp,0.14169306888161917,0.0008567560562871749,0.14425748742486835,,
1000,5,0.05,always_small,misspecified,known,dr,0.014490940514409672,0.00981369394562655,0.3105193514526284,0.816,0.012253326079069309
1000,5,0.05,always_small,correct,misspecified,ipw,0.004846982759063393,0.003230997654261272,0.10223697832910877,0.901,0.009444522221901962
1000,5,0.05,always_small,correct,misspecified,gcomp,-0.0013691926360814132,0.0010213078269731765,0.03230946140426879,,
1000,5,0.05,always_small,correct,misspecified,dr,0.00014486364893908865,0.0022817859584101812,0.072120465876994,0.908,0.009139803061335619
1000,5,0.05,always_small,misspecified,misspecified,ipw,0.004846982759063393,0.003230997654261272,0.10223697832910877,0.901,0.009444522221901962
1000,5,0.05,always_small,misspecified,misspecified,gcomp,0.14169306888161917,0.0008567560562871749,0.14425748742486835,,
1000,5,0.05,always_small,misspecified,misspecified,dr,0.12269315817272161,0.0022782750000115083,0.14226369003051426,0.535,0.015772602828956293
1000,5,0.05,always_large,correct,known,ipw,-0.005936286259630904,0.006871811609014675,0.21727819147248842,0.831,0.011850696182081458
1000,5,0.05,always_large,correct,known,gcomp,-0.00025546746114104494,0.0005907242127422095,0.01867274495215112,,
1000,5,0.05,always_large,correct,known,dr,-0.004918184491947106,0.0030123631118720525,0.09533858465986653,0.9,0.009486832980505136
1000,5,0.05,always_large,misspecified,known,ipw,-0.005936286259630904,0.006871811609014675,0.21727819147248842,0.831,0.011850696182081458
1000,5,0.05,always_large,misspecified,known,gcomp,-0.058720597671405556,0.0005733164697032595,0.061453003779682366,,
1000,5,0.05,always_large,misspecified,known,dr,-0.005684624205757222,0.003073612104943861,0.0973137155422937,0.937,0.007683163410991592
1000,5,0.05,always_large,correct,misspecified,ipw,0.2768386532180797,0.0051498950878805455,0.32114566463267125,0.625,0.015309310892394862
1000,5,0.05,always_large,correct,misspecified,gcomp,-0.00025546746114104494,0.0005907242127422095,0.01867274495215112,,
1000,5,0.05,always_large,correct,misspecified,dr,-0.003930601327231252,0.0035810035805034285,0.11325287053195794,0.968,0.005565608681896351
1000,5,0.05,always_large,misspecified,misspecified,ipw,0.2768386532180797,0.0051498950878805455,0.32114566463267125,0.625,0.015309310892394862
1000,5,0.05,always_large,misspecified,misspecified,gcomp,-0.058720597671405556,0.0005733164697032595,0.061453003779682366,,
1000,5,0.05,always_large,misspecified,misspecified,dr,-0.013001952041126625,0.0036661463964997323,0.11660291389175127,0.962,0.006046155803483734
1000,5,0.05,fixed_switch,correct,known,ipw,-7.865083025080066e-05,0.004203422419951495,0.13285743286118176,0.921,0.008529888627643386
1000,5,0.05,fixed_switch,correct,known,gcomp,-0.0003479079485858376,0.0005782612278069124,0.018280391174093136,,
1000,5,0.05,fixed_switch,correct,known,dr,2.3390763017324235e-05,0.0021970236888152195,0.06944124655601895,0.945,0.007209368904418752
1000,5,0.05,fixed_switch,misspecified,known,ipw,-7.865083025080066e-05,0.004203422419951495,0.13285743286118176,0.921,0.008529888627643386
1000,5,0.05,fixed_switch,misspecified,known,gcomp,-0.05216246798912205,0.0005733164697032592,0.055220341807840675,,
1000,5,0.05,fixed_switch,misspecified,known,dr,-0.00023908947300930428,0.0022758348302832723,0.07193262065524837,0.946,0.0071473071852271785
1000,5,0.05,fixed_switch,correct,misspecified,ipw,0.32648986290036314,0.005412273033161861,0.36859060929817994,0.497,0.01581110369329099
1000,5,0.05,fixed_switch,correct,misspecified,gcomp,-0.0003479079485858376,0.0005782612278069124,0.018280391174093136,,
1000,5,0.05,fixed_switch,correct,misspecified,dr,0.0006709910537664332,0.0030414524987713394,0.09613341301532145,0.956,0.006485676526007139
1000,5,0.05,fixed_switch,misspecified,misspecified,ipw,0.32648986290036314,0.005412273033161861,0.36859060929817994,0.497,0.01581110369329099
1000,5,0.05,fixed_switch,misspecified,misspecified,gcomp,-0.05216246798912205,0.0005733164697032592,0.055220341807840675,,
1000,5,0.05,fixed_switch,misspecified,misspecified,dr,-0.01359743007316132,0.0031603752183743763,0.10081107902402635,0.957,0.006414904519944161
1000,5,0.05,failure_escalation,correct,known,ipw,0.0008286708889385396,0.0020827073936453945,0.06583326752410078,0.942,0.007391616873188169
1000,5,0.05,failure_escalation,correct,known,gcomp,-0.0002810441249633584,0.0006438331487458504,0.020351550017154687,,
1000,5,0.05,failure_escalation,correct,known,dr,-0.0023767129506286956,0.0015013910315716293,0.04751388869692443,0.951,0.006826346021115546
1000,5,0.05,failure_escalation,misspecified,known,ipw,0.0008286708889385396,0.0020827073936453945,0.06583326752410078,0.942,0.007391616873188169
1000,5,0.05,failure_escalation,misspecified,known,gcomp,0.011792169614962458,0.000540858669219626,0.020767542854126932,,
1000,5,0.05,failure_escalation,misspecified,known,dr,-0.0019745486429152653,0.0015078565746067293,0.04769965052784342,0.945,0.007209368904418752
1000,5,0.05,failure_escalation,correct,misspecified,ipw,1.3436115729863392,0.0075989232281945315,1.3649095023687798,0.0,0.0
1000,5,0.05,failure_escalation,correct,misspecified,gcomp,-0.0002810441249633584,0.0006438331487458504,0.020351550017154687,,
1000,5,0.05,failure_escalation,correct,misspecified,dr,-0.009198338128768998,0.005132233918899908,0.16247490451648086,0.972,0.005216895628628201
1000,5,0.05,failure_escalation,misspecified,misspecified,ipw,1.3436115729863392,0.0075989232281945315,1.3649095023687798,0.0,0.0
1000,5,0.05,failure_escalation,misspecified,misspecified,gcomp,0.011792169614962458,0.000540858669219626,0.020767542854126932,,
1000,5,0.05,failure_escalation,misspecified,misspecified,dr,-0.14881229565665,0.005438729754839864,0.22736600648170016,0.863,0.010873407929439602
1000,5,0.05,soft_escalation,correct,known,ipw,-0.0004648438484144128,0.001239860381430049,0.0391909758934099,0.942,0.007391616873188169
1000,5,0.05,soft_escalation,correct,known,gcomp,-0.0003917507051678908,0.0005894477258907283,0.018634769694074377,,
1000,5,0.05,soft_escalation,correct,known,dr,-0.0015991251055378463,0.000939246160462573,0.02972975559430153,0.949,0.006956938982052382
1000,5,0.05,soft_escalation,misspecified,known,ipw,-0.0004648438484144128,0.001239860381430049,0.0391909758934099,0.942,0.007391616873188169
1000,5,0.05,soft_escalation,misspecified,known,gcomp,0.015492855158373061,0.0005352125482726032,0.02293893154257521,,
1000,5,0.05,soft_escalation,misspecified,known,dr,-0.001475903453517158,0.0009427696544436802,0.02983461241113449,0.944,0.007270763371201131
1000,5,0.05,soft_escalation,correct,misspecified,ipw,0.9563378259983101,0.0044203980516503245,0.9664897394443838,0.0,0.0
1000,5,0.05,soft_escalation,correct,misspecified,gcomp,-0.0003917507051678908,0.0005894477258907283,0.018634769694074377,,
1000,5,0.05,soft_escalation,correct,misspecified,dr,-0.005540277041590999,0.0029043953497505195,0.09196614325392997,0.98,0.0044271887242357325
1000,5,0.05,soft_escalation,misspecified,misspecified,ipw,0.9563378259983101,0.0044203980516503245,0.9664897394443838,0.0,0.0
1000,5,0.05,soft_escalation,misspecified,misspecified,gcomp,0.015492855158373061,0.0005352125482726032,0.02293893154257521,,
1000,5,0.05,soft_escalation,misspecified,misspecified,dr,-0.09029458630665152,0.003109925603914216,0.1334731356524925,0.884,0.010126401137620413
1000,5,0.2,always_small,correct,known,ipw,-0.002047333112193229,0.008133035998146996,0.25706870646867935,0.739,0.013888088421377507
1000,5,0.2,always_small,correct,known,gcomp,-0.0012055640353549211,0.0009541581907452768,0.03018212748890765,,
1000,5,0.2,always_small,correct,known,dr,-0.0002520463618115589,0.007428548644940662,0.23479398451120503,0.916,0.008771772910877251
1000,5,0.2,always_small,misspecified,known,ipw,-0.002047333112193229,0.008133035998146996,0.25706870646867935,0.739,0.013888088421377507
1000,5,0.2,always_small,misspecified,known,gcomp,0.13056814859633858,0.0008171153370223615,0.1330979009015496,,
1000,5,0.2,always_small,misspecified,known,dr,-0.0004639109741582161,0.00808491750929552,0.25554009559044366,0.868,0.010704017937204702
1000,5,0.2,always_small,correct,misspecified,ipw,0.005838982759063393,0.0032295889281214484,0.10224435495253828,0.903,0.009359006357514668
1000,5,0.2,always_small,correct,misspecified,gcomp,-0.0012055640353549211,0.0009541581907452768,0.03018212748890765,,
1000,5,0.2,always_small,correct,misspecified,dr,-0.00012591152764381474,0.0022594791542571435,0.07141538108969836,0.916,0.008771772910877251
1000,5,0.2,always_small,misspecified,misspecified,ipw,0.005838982759063393,0.0032295889281214484,0.10224435495253828,0.903,0.009359006357514668
1000,5,0.2,always_small,misspecified,misspecified,gcomp,0.13056814859633858,0.0008171153370223615,0.1330979009015496,,
1000,5,0.2,always_small,misspecified,misspecified,dr,0.11005330892823649,0.002271029375332924,0.131393103530038,0.596,0.015517216245190372
1000,5,0.2,always_large,correct,known,ipw,-0.006253034273689527,0.006869307760479009,0.21720796982775953,0.836,0.011709141727727102
1000,5,0.2,always_large,correct,known,gcomp,-0.0002450810154978871,0.0005949016794995484,0.01880463147650784,,
1000,5,0.2,always_large,correct,known,dr,-0.005262669963049685,0.003012905775806246,0.09537410187159161,0.907,0.009184280047995052
1000,5,0.2,always_large,misspecified,known,ipw,-0.006253034273689527,0.006869307760479009,0.21720796982775953,0.836,0.011709141727727102
1000,5,0.2,always_large,misspecified,known,gcomp,-0.05688194134204418,0.0005796268248393355,0.059759405449326654,,
1000,5,0.2,always_large,misspecified,known,dr,-0.006010511081011822,0.0030738411806257963,0.0973405226386331,0.944,0.007270763371201131
1000,5,0.2,always_large,correct,misspecified,ipw,0.24297433321807965,0.005118906883471436,0.29191356781886657,0.707,0.014392741226048637
1000,5,0.2,always_large,correct,misspecified,gcomp,-0.0002450810154978871,0.0005949016794995484,0.01880463147650784,,
1000,5,0.2,always_large,correct,misspecified,dr,-0.0052837062905357265,0.0035092589273986448,0.11104278848026199,0.956,0.006485676526007139
1000,5,0.2,always_large,misspecified,misspecified,ipw,0.24297433321807965,0.005118906883471436,0.29191356781886657,0.707,0.014392741226048637
1000,5,0.2,always_large,misspecified,misspecified,gcomp,-0.05688194134204418,0.0005796268248393355,0.059759405449326654,,
1000,5,0.2,always_large,misspecified,misspecified,dr,-0.011455576761236739,0.0035953204829546844,0.11421310469780138,0.957,0.006414904519944161
1000,5,0.2,fixed_switch,correct,known,ipw,-0.00023506602781753005,0.004237459010966534,0.1339334090762618,0.917,0.008724161850859943
1000,5,0.2,fixed_switch,correct,known,gcomp,-0.0003446987049523257,0.0005827677506272996,0.018422742741438555,,
1000,5,0.2,fixed_switch,correct,known,dr,-0.00018787433742473603,0.0022289983403817023,0.07045211469210574,0.947,0.007084560677981384
1000,5,0.2,fixed_switch,misspecified,known,ipw,-0.00023506602781753005,0.004237459010966534,0.1339334090762618,0.917,0.008724161850859943
1000,5,0.2,fixed_switch,misspecified,known,gcomp,-0.050323811659760666,0.0005796268248393351,0.0535548065889918,,
1000,5,0.2,fixed_switch,misspecified,known,dr,-0.0004428002716131535,0.0023047947118936107,0.0728489029250909,0.947,0.007084560677981384
1000,5,0.2,fixed_switch,correct,misspecified,ipw,0.3075273029003632,0.005373576983862713,0.35131111041506974,0.552,0.015725647840391186
1000,5,0.2,fixed_switch,correct,misspecified,gcomp,-0.0003446987049523257,0.0005827677506272996,0.018422742741438555,,
1000,5,0.2,fixed_switch,correct,misspecified,dr,0.0008129959253548488,0.0029947884364742794,0.09465965341070852,0.958,0.006343185319695463
1000,5,0.2,fixed_switch,misspecified,misspecified,ipw,0.3075273029003632,0.005373576983862713,0.35131111041506974,0.552,0.015725647840391186
1000,5,0.2,fixed_switch,misspecified,misspecified,gcomp,-0.050323811659760666,0.0005796268248393351,0.0535548065889918,,
1000,5,0.2,fixed_switch,misspecified,misspecified,dr,-0.01078162421244039,0.003109310906367174,0.09886551430503805,0.959,0.006270486424512857
1000,5,0.2,failure_escalation,correct,known,ipw,0.000730762362106208,0.00209652721678572,0.06626888378403868,0.942,0.007391616873188169
1000,5,0.2,failure_escalation,correct,known,gcomp,-0.0002673257768225733,0.0006501918255241027,0.020552326477538758,,
1000,5,0.2,failure_escalation,correct,known,dr,-0.0024088043528585168,0.0015265287324940896,0.04830902627428161,0.947,0.007084560677981384
1000,5,0.2,failure_escalation,misspecified,known,ipw,0.000730762362106208,0.00209652721678572,0.06626888378403868,0.942,0.007391616873188169
1000,5,0.2,failure_escalation,misspecified,known,gcomp,0.008515312148598509,0.0005316320687091629,0.01883774309230205,,
1000,5,0.2,failure_escalation,misspecified,known,dr,-0.002037739445936009,0.0015333250704691371,0.04850656726678336,0.947,0.007084560677981384
1000,5,0.2,failure_escalation,correct,misspecified,ipw,1.288860212986339,0.007458223546968149,1.3102404825058889,0.0,0.0
1000,5,0.2,failure_escalation,correct,misspecified,gcomp,-0.0002673257768225733,0.0006501918255241027,0.020552326477538758,,
1000,5,0.2,failure_escalation,correct,misspecified,dr,-0.009176798577711268,0.005042751493166399,0.15965001381567742,0.976,0.004839834707921338
1000,5,0.2,failure_escalation,misspecified,misspecified,ipw,1.288860212986339,0.007458223546968149,1.3102404825058889,0.0,0.0
1000,5,0.2,failure_escalation,misspecified,misspecified,gcomp,0.008515312148598509,0.0005316320687091629,0.01883774309230205,,
1000,5,0.2,failure_escalation,misspecified,misspecified,dr,-0.1308480293578361,0.005348793938102204,0.21378071424362802,0.889,0.00993373041711924
1000,5,0.2,soft_escalation,correct,known,ipw,-0.0005224208604659242,0.0012445754910833358,0.039340718198931895,0.945,0.007209368904418752
1000,5,0.2,soft_escalation,correct,known,gcomp,-0.000366051248909607,0.0005948660811594646,0.01880547213914963,,
1000,5,0.2,soft_escalation,correct,known,dr,-0.0016399472024391374,0.000950430740059341,0.03008495803362346,0.948,0.007021111023192843
1000,5,0.2,soft_escalation,misspecified,known,ipw,-0.0005224208604659242,0.0012445754910833358,0.039340718198931895,0.945,0.007209368904418752
1000,5,0.2,soft_escalation,misspecified,known,gcomp,0.011991443530924463,0.0005252778776780535,0.020480128170608024,,
1000,5,0.2,soft_escalation,misspecified,known,dr,-0.00151834715262688,0.0009529968811968253,0.030159579416682774,0.947,0.007084560677981384
1000,5,0.2,soft_escalation,correct,misspecified,ipw,0.9191833536591101,0.004341063959932762,0.9293675425319798,0.0,0.0
1000,5,0.2,soft_escalation,correct,misspecified,gcomp,-0.000366051248909607,0.0005948660811594646,0.01880547213914963,,
1000,5,0.2,soft_escalation,correct,misspecified,dr,-0.005665343543848555,0.0028566502011626587,0.09046759662387786,0.98,0.0044271887242357325
1000,5,0.2,soft_escalation,misspecified,misspecified,ipw,0.9191833536591101,0.004341063959932762,0.9293675425319798,0.0,0.0
1000,5,0.2,soft_escalation,misspecified,misspecified,gcomp,0.011991443530924463,0.0005252778776780535,0.020480128170608024,,
1000,5,0.2,soft_escalation,misspecified,misspecified,dr,-0.08045154765020575,0.0030580734483665654,0.1257573573263302,0.897,0.009612023720320294
1000,5,0.5,always_small,correct,known,ipw,0.002254982759063394,0.003166954256578908,0.10012319716850672,0.918,0.008676174272108645
1000,5,0.5,always_small,correct,known,gcomp,-0.0018774482883523137,0.0006719389893457549,0.021320771924886503,,
1000,5,0.5,always_small,correct,known,dr,-0.002549677208776812,0.0024395591285700687,0.07714919407820615,0.937,0.007683163410991592
1000,5,0.5,always_small,misspecified,known,ipw,0.002254982759063394,0.003166954256578908,0.10012319716850672,0.918,0.008676174272108645
1000,5,0.5,always_small,misspecified,known,gcomp,0.06795264239631855,0.0006657140058810436,0.07113574046237593,,
1000,5,0.5,always_small,misspecified,known,dr,-0.001157924420069748,0.0025431178577287614,0.08038856746343485,0.951,0.006826346021115546
1000,5,0.5,always_small,correct,misspecified,ipw,0.002254982759063394,0.003166954256578908,0.10012319716850672,0.918,0.008676174272108645
1000,5,0.5,always_small,correct,misspecified,gcomp,-0.0018774482883523137,0.0006719389893457549,0.021320771924886503,,
1000,5,0.5,always_small,correct,misspecified,dr,-0.002549677208776812,0.0024395591285700687,0.07714919407820615,0.937,0.007683163410991592
1000,5,0.5,always_small,misspecified,misspecified,ipw,0.002254982759063394,0.003166954256578908,0.10012319716850672,0.918,0.008676174272108645
1000,5,0.5,always_small,misspecified,misspecified,gcomp,0.06795264239631855,0.0006657140058810436,0.07113574046237593,,
1000,5,0.5,always_small,misspecified,misspecified,dr,-0.001157924420069748,0.0025431178577287614,0.08038856746343485,0.951,0.006826346021115546
1000,5,0.5,always_large,correct,known,ipw,-0.003310146781920331,0.004443477303367887,0.14048381802441823,0.922,0.008480330182251158
1000,5,0.5,always_large,correct,known,gcomp,0.00036142790156546366,0.0006616913334125332,0.020917175130035433,,
1000,5,0.5,always_large,correct,known,dr,-0.0029233819742280737,0.0024426620838524857,0.07726045314390746,0.942,0.007391616873188169
1000,5,0.5,always_large,misspecified,known,ipw,-0.003310146781920331,0.004443477303367887,0.14048381802441823,0.922,0.008480330182251158
1000,5,0.5,always_large,misspecified,known,gcomp,-0.04886727000532647,0.0006486005167379717,0.052993131870610666,,
1000,5,0.5,always_large,misspecified,known,dr,-0.003278901766318163,0.0025368373755140583,0.08024873533413729,0.94,0.007509993342207438
1000,5,0.5,always_large,correct,misspecified,ipw,-0.003310146781920331,0.004443477303367887,0.14048381802441823,0.922,0.008480330182251158
1000,5,0.5,always_large,correct,misspecified,gcomp,0.00036142790156546366,0.0006616913334125332,0.020917175130035433,,
1000,5,0.5,always_large,correct,misspecified,dr,-0.0029233819742280737,0.0024426620838524857,0.07726045314390746,0.942,0.007391616873188169
1000,5,0.5,always_large,misspecified,misspecified,ipw,-0.003310146781920331,0.004443477303367887,0.14048381802441823,0.922,0.008480330182251158
1000,5,0.5,always_large,misspecified,misspecified,gcomp,-0.04886727000532647,0.0006486005167379717,0.052993131870610666,,
1000,5,0.5,always_large,misspecified,misspecified,dr,-0.003278901766318163,0.0025368373755140583,0.08024873533413729,0.94,0.007509993342207438
1000,5,0.5,fixed_switch,correct,known,ipw,0.0045989829003632,0.004157114095620182,0.1314742052652072,0.952,0.006759881655768837
1000,5,0.5,fixed_switch,correct,known,gcomp,0.0002668495979499335,0.0006509061419551353,0.020574895760056958,,
1000,5,0.5,fixed_switch,correct,known,dr,0.0005525746331222117,0.0022958681267632895,0.07256751879289561,0.961,0.006122009474020767
1000,5,0.5,fixed_switch,misspecified,known,ipw,0.0045989829003632,0.004157114095620182,0.1314742052652072,0.952,0.006759881655768837
1000,5,0.5,fixed_switch,misspecified,known,gcomp,-0.042309140323042956,0.0006486005167379716,0.047014096849321584,,
1000,5,0.5,fixed_switch,misspecified,known,dr,0.0013667331178790203,0.002322761237065019,0.07342814517651193,0.964,0.005891010100144119
1000,5,0.5,fixed_switch,correct,misspecified,ipw,0.0045989829003632,0.004157114095620182,0.1314742052652072,0.952,0.006759881655768837
1000,5,0.5,fixed_switch,correct,misspecified,gcomp,0.0002668495979499335,0.0006509061419551353,0.020574895760056958,,
1000,5,0.5,fixed_switch,correct,misspecified,dr,0.0005525746331222117,0.0022958681267632895,0.07256751879289561,0.961,0.006122009474020767
1000,5,0.5,fixed_switch,misspecified,misspecified,ipw,0.0045989829003632,0.004157114095620182,0.1314742052652072,0.952,0.006759881655768837
1000,5,0.5,fixed_switch,misspecified,misspecified,gcomp,-0.042309140323042956,0.0006486005167379716,0.047014096849321584,,
1000,5,0.5,fixed_switch,misspecified,misspecified,dr,0.0013667331178790203,0.002322761237065019,0.07342814517651193,0.964,0.005891010100144119
1000,5,0.5,failure_escalation,correct,known,ipw,0.00641793298633904,0.00393812431361295,0.12463749094946167,0.945,0.007209368904418752
1000,5,0.5,failure_escalation,correct,known,gcomp,6.372989942375252e-05,0.0006990767804493887,0.022095784623285042,,
1000,5,0.5,failure_escalation,correct,known,dr,0.005407874179149522,0.002714673595902902,0.08597283514400123,0.946,0.0071473071852271785
1000,5,0.5,failure_escalation,misspecified,known,ipw,0.00641793298633904,0.00393812431361295,0.12463749094946167,0.945,0.007209368904418752
1000,5,0.5,failure_escalation,misspecified,known,gcomp,-0.019317256969342066,0.0005098630961070508,0.02515664590549961,,
1000,5,0.5,failure_escalation,misspecified,known,dr,0.004762306829228546,0.0027850276423411783,0.08815498939919154,0.945,0.007209368904418752
1000,5,0.5,failure_escalation,correct,misspecified,ipw,0.00641793298633904,0.00393812431361295,0.12463749094946167,0.945,0.007209368904418752
1000,5,0.5,failure_escalation,correct,misspecified,gcomp,6.372989942375252e-05,0.0006990767804493887,0.022095784623285042,,
1000,5,0.5,failure_escalation,correct,misspecified,dr,0.005407874179149522,0.002714673595902902,0.08597283514400123,0.946,0.0071473071852271785
1000,5,0.5,failure_escalation,misspecified,misspecified,ipw,0.00641793298633904,0.00393812431361295,0.12463749094946167,0.945,0.007209368904418752
1000,5,0.5,failure_escalation,misspecified,misspecified,gcomp,-0.019317256969342066,0.0005098630961070508,0.02515664590549961,,
1000,5,0.5,failure_escalation,misspecified,misspecified,dr,0.004762306829228546,0.0027850276423411783,0.08815498939919154,0.945,0.007209368904418752
1000,5,0.5,soft_escalation,correct,known,ipw,0.0031993489807097984,0.0023474855256361005,0.0742658295495196,0.95,0.006892024376045114
1000,5,0.5,soft_escalation,correct,known,gcomp,-5.8056642383436275e-05,0.0006348748524655905,0.020066548850976765,,
1000,5,0.5,soft_escalation,correct,known,dr,0.002821443967451652,0.0016569081159363939,0.052445778726344636,0.94,0.007509993342207438
1000,5,0.5,soft_escalation,misspecified,known,ipw,0.0031993489807097984,0.0023474855256361005,0.0742658295495196,0.95,0.006892024376045114
1000,5,0.5,soft_escalation,misspecified,known,gcomp,-0.015715425217007622,0.0004997215989661699,0.02228108041698587,,
1000,5,0.5,soft_escalation,misspecified,known,dr,0.0024491650065671423,0.0016921248554447532,0.053538973179515746,0.941,0.007451107300260817
1000,5,0.5,soft_escalation,correct,misspecified,ipw,0.0031993489807097984,0.0023474855256361005,0.0742658295495196,0.95,0.006892024376045114
1000,5,0.5,soft_escalation,correct,misspecified,gcomp,-5.8056642383436275e-05,0.0006348748524655905,0.020066548850976765,,
1000,5,0.5,soft_escalation,correct,misspecified,dr,0.002821443967451652,0.0016569081159363939,0.052445778726344636,0.94,0.007509993342207438
1000,5,0.5,soft_escalation,misspecified,misspecified,ipw,0.0031993489807097984,0.0023474855256361005,0.0742658295495196,0.95,0.006892024376045114
1000,5,0.5,soft_escalation,misspecified,misspecified,gcomp,-0.015715425217007622,0.0004997215989661699,0.02228108041698587,,
1000,5,0.5,soft_escalation,misspecified,misspecified,dr,0.0024491650065671423,0.0016921248554447532,0.053538973179515746,0.941,0.007451107300260817
250,10,0.05,always_small,correct,known,ipw,-0.292534915450665,0.014818441171815926,0.5522167050366499,0.001,0.0009994998749374609
250,10,0.05,always_small,correct,known,gcomp,0.05414507678896929,0.004070235098953983,0.13957770698603544,,
250,10,0.05,always_small,correct,known,dr,0.047460694951554146,0.024258164714573358,0.7681943857705139,0.319,0.014739029818817792
250,10,0.05,always_small,misspecified,known,ipw,-0.292534915450665,0.014818441171815926,0.5522167050366499,0.001,0.0009994998749374609
250,10,0.05,always_small,misspecified,known,gcomp,0.17206295899412488,0.002622390711378837,0.1909861721902839,,
250,10,0.05,always_small,misspecified,known,dr,0.17700243938473015,0.005505814311991511,0.2482207501298743,0.034,0.005730968504537431
250,10,0.05,always_small,correct,misspecified,ipw,-0.30325735662248093,0.0040960000000000015,0.3297354441512993,0.001,0.0009994998749374609
250,10,0.05,always_small,correct,misspecified,gcomp,0.05414507678896929,0.004070235098953983,0.13957770698603544,,
250,10,0.05,always_small,correct,misspecified,dr,0.0530309782814504,0.005218796524111665,0.17326536289866934,0.303,0.014532412050310162
250,10,0.05,always_small,misspecified,misspecified,ipw,-0.30325735662248093,0.0040960000000000015,0.3297354441512993,0.001,0.0009994998749374609
250,10,0.05,always_small,misspecified,misspecified,gcomp,0.17206295899412488,0.002622390711378837,0.1909861721902839,,
250,10,0.05,always_small,misspecified,misspecified,dr,0.17342829232745816,0.002911240805371192,0.19632682008184651,0.034,0.005730968504537431
250,10,0.05,always_large,correct,known,ipw,-0.0351005734029244,0.031200473815606,0.9867766449431256,0.575,0.015632498200863484
250,10,0.05,always_large,correct,known,gcomp,-8.042487164481526e-05,0.0009971844319387768,0.031518072318429284,,
250,10,0.05,always_large,correct,known,dr,0.014694981956692759,0.01212851268572048,0.3836269824222775,0.941,0.007451107300260817
250,10,0.05,always_large,misspecified,known,ipw,-0.0351005734029244,0.031200473815606,0.9867766449431256,0.575,0.015632498200863484
250,10,0.05,always_large,misspecified,known,gcomp,-0.024610110068276556,0.0010045148099571282,0.04017086594775459,,
250,10,0.05,always_large,misspecified,known,dr,0.011868981302690958,0.01250038622118935,0.3952774579208702,0.943,0.007331507348424336
250,10,0.05,always_large,correct,misspecified,ipw,9.136585952959562,0.20699176352013368,11.23743509217418,0.769,0.01332812815064441
250,10,0.05,always_large,correct,misspecified,gcomp,-8.042487164481526e-05,0.0009971844319387768,0.031518072318429284,,
250,10,0.05,always_large,correct,misspecified,dr,0.1186918194527477,0.14246473809713678,4.504441491182863,0.949,0.006956938982052382
250,10,0.05,always_large,misspecified,misspecified,ipw,9.136585952959562,0.20699176352013368,11.23743509217418,0.769,0.01332812815064441
250,10,0.05,always_large,misspecified,misspecified,gcomp,-0.024610110068276556,0.0010045148099571282,0.04017086594775459,,
250,10,0.05,always_large,misspecified,misspecified,dr,0.3697508325139958,0.14734176508866884,4.671680834758494,0.944,0.007270763371201131
250,10,0.05,fixed_switch,correct,known,ipw,0.048717418700876515,0.053900758727143366,1.7043356143832813,0.477,0.01579465099329517
250,10,0.05,fixed_switch,correct,known,gcomp,-0.00010928937173991243,0.0009961654079385322,0.031485951130943206,,
250,10,0.05,fixed_switch,correct,known,dr,0.07158423305598491,0.0320074889134648,1.0141889220560636,0.733,0.013989674763910703
250,10,0.05,fixed_switch,misspecified,known,ipw,0.048717418700876515,0.053900758727143366,1.7043356143832813,0.477,0.01579465099329517
250,10,0.05,fixed_switch,misspecified,known,gcomp,-0.02404627674750434,0.0010045148099571282,0.03982793465442754,,
250,10,0.05,fixed_switch,misspecified,known,dr,0.06920567067998627,0.03326506619143252,1.0536828217950283,0.708,0.014378317008607092
250,10,0.05,fixed_switch,correct,misspecified,ipw,1.9369845062803333,0.09448868906592237,3.5596479076736265,0.527,0.01578831846651188
250,10,0.05,fixed_switch,correct,misspecified,gcomp,-0.00010928937173991243,0.0009961654079385322,0.031485951130943206,,
250,10,0.05,fixed_switch,correct,misspecified,dr,0.06465587926834382,0.04286503011477886,1.3563752351978857,0.805,0.012528966437819202
250,10,0.05,fixed_switch,misspecified,misspecified,ipw,1.9369845062803333,0.09448868906592237,3.5596479076736265,0.527,0.01578831846651188
250,10,0.05,fixed_switch,misspecified,misspecified,gcomp,-0.02404627674750434,0.0010045148099571282,0.03982793465442754,,
250,10,0.05,fixed_switch,misspecified,misspecified,dr,0.08665808578430081,0.043853982791699435,1.3887974145712452,0.72,0.014198591479439079
250,10,0.05,failure_escalation,correct,known,ipw,-0.056471987744806156,0.030731418157763698,0.9729669713434214,0.397,0.01547226550961429
250,10,0.05,failure_escalation,correct,known,gcomp,0.002033476944495753,0.0017206024816143642,0.054421020344362955,,
250,10,0.05,failure_escalation,correct,known,dr,-0.03393870016015434,0.023041950039820153,0.7290763784024903,0.896,0.009653186002558947
250,10,0.05,failure_escalation,misspecified,known,ipw,-0.056471987744806156,0.030731418157763698,0.9729669713434214,0.397,0.01547226550961429
250,10,0.05,failure_escalation,misspecified,known,gcomp,0.04524838758530511,0.001549825028213156,0.06668562243488342,,
250,10,0.05,failure_escalation,misspecified,known,dr,-0.041750548407485294,0.022578297956139255,0.7148516400973923,0.897,0.009612023720320294
250,10,0.05,failure_escalation,correct,misspecified,ipw,2.2488544254694647,0.1311573437382499,4.7161841349347835,0.673,0.014834790190629592
250,10,0.05,failure_escalation,correct,misspecified,gcomp,0.002033476944495753,0.0017206024816143642,0.054421020344362955,,
250,10,0.05,failure_escalation,correct,misspecified,dr,-0.1077973860008608,0.10174293921390934,3.217591386524085,0.967,0.005648982209212561
250,10,0.05,failure_escalation,misspecified,misspecified,ipw,2.2488544254694647,0.1311573437382499,4.7161841349347835,0.673,0.014834790190629592
250,10,0.05,failure_escalation,misspecified,misspecified,gcomp,0.04524838758530511,0.001549825028213156,0.06668562243488342,,
250,10,0.05,failure_escalation,misspecified,misspecified,dr,-1.2835999519357657,0.10491697825300624,3.555867487692074,0.968,0.005565608681896351
250,10,0.05,soft_escalation,correct,known,ipw,-0.009105606951709685,0.012470608258063424,0.39426319424175593,0.665,0.014925649064613572
250,10,0.05,soft_escalation,correct,known,gcomp,0.004797193965122471,0.001579235582969289,0.05014483135308006,,
250,10,0.05,soft_escalation,correct,known,dr,-0.011968480489922929,0.009094497084197158,0.2876984738619477,0.926,0.008277922444671728
250,10,0.05,soft_escalation,misspecified,known,ipw,-0.009105606951709685,0.012470608258063424,0.39426319424175593,0.665,0.014925649064613572
250,10,0.05,soft_escalation,misspecified,known,gcomp,0.049286083532251675,0.0015155738882958768,0.06872979904394809,,
250,10,0.05,soft_escalation,misspecified,known,dr,-0.011873987435368534,0.008875530787263905,0.28077974158854313,0.927,0.008226238508577293
250,10,0.05,soft_escalation,correct,misspecified,ipw,1.2939650932636475,0.04665733247188393,1.9619060704588591,0.955,0.00655553201502365
250,10,0.05,soft_escalation,correct,misspecified,gcomp,0.004797193965122471,0.001579235582969289,0.05014483135308006,,
250,10,0.05,soft_escalation,correct,misspecified,dr,-0.04142227373792082,0.035997748432360484,1.138533205079646,0.975,0.004937104414532877
250,10,0.05,soft_escalation,misspecified,misspecified,ipw,1.2939650932636475,0.04665733247188393,1.9619060704588591,0.955,0.00655553201502365
250,10,0.05,soft_escalation,misspecified,misspecified,gcomp,0.049286083532251675,0.0015155738882958768,0.06872979904394809,,
250,10,0.05,soft_escalation,misspecified,misspecified,dr,-0.6098506760678949,0.03721776365722698,1.3250262702354352,0.956,0.006485676526007139
250,10,0.2,always_small,correct,known,ipw,-0.2567534189775125,0.03871485729156478,1.2503054239215963,0.002,0.0014127986409959489
250,10,0.2,always_small,correct,known,gcomp,0.0062024910294510354,0.0023992577192880763,0.07608647751690362,,
250,10,0.2,always_small,correct,known,dr,0.008345250667594072,0.028686253616542208,0.906723711289571,0.398,0.015478888849009803
250,10,0.2,always_small,misspecified,known,ipw,-0.2567534189775125,0.03871485729156478,1.2503054239215963,0.002,0.0014127986409959489
250,10,0.2,always_small,misspecified,known,gcomp,0.11195244398194328,0.001944124439606515,0.12770743882158478,,
250,10,0.2,always_small,misspecified,known,dr,0.12358770924235044,0.021041248888674122,0.6764357637766552,0.06,0.007509993342207435
250,10,0.2,always_small,correct,misspecified,ipw,-0.29916135662248095,0.005789718817004843,0.35069194520576497,0.002,0.0014127986409959489
250,10,0.2,always_small,correct,misspecified,gcomp,0.0062024910294510354,0.0023992577192880763,0.07608647751690362,,
250,10,0.2,always_small,correct,misspecified,dr,0.0054528183874586415,0.005129584833732186,0.16222225850436003,0.38,0.015349267083479915
250,10,0.2,always_small,misspecified,misspecified,ipw,-0.29916135662248095,0.005789718817004843,0.35069194520576497,0.002,0.0014127986409959489
250,10,0.2,always_small,misspecified,misspecified,gcomp,0.11195244398194328,0.001944124439606515,0.12770743882158478,,
250,10,0.2,always_small,misspecified,misspecified,dr,0.11081932207230981,0.004869774464771701,0.1896626235687229,0.06,0.007509993342207435
250,10,0.2,always_large,correct,known,ipw,-0.02747171959576957,0.032082525080064435,1.014403185363196,0.597,0.01551099609954177
250,10,0.2,always_large,correct,known,gcomp,0.0006384708752535932,0.0010238429943941198,0.032366863730539215,,
250,10,0.2,always_large,correct,known,dr,0.022313434779002134,0.013275099445105224,0.4201784458819756,0.94,0.007509993342207438
250,10,0.2,always_large,misspecified,known,ipw,-0.02747171959576957,0.032082525080064435,1.014403185363196,0.597,0.01551099609954177
250,10,0.2,always_large,misspecified,known,gcomp,-0.022301805116267146,0.0010204789424296636,0.039213599759705585,,
250,10,0.2,always_large,misspecified,known,dr,0.019440424672795754,0.013660698356175649,0.43221059104364884,0.943,0.007331507348424336
250,10,0.2,always_large,correct,misspecified,ipw,5.978783712959561,0.1724774503877977,8.091018298566222,0.801,0.012625331678811452
250,10,0.2,always_large,correct,misspecified,gcomp,0.0006384708752535932,0.0010238429943941198,0.032366863730539215,,
250,10,0.2,always_large,correct,misspecified,dr,0.12139953063418912,0.11739836584161634,3.712590978281597,0.957,0.006414904519944161
250,10,0.2,always_large,misspecified,misspecified,ipw,5.978783712959561,0.1724774503877977,8.091018298566222,0.801,0.012625331678811452
250,10,0.2,always_large,misspecified,misspecified,gcomp,-0.022301805116267146,0.0010204789424296636,0.039213599759705585,,
250,10,0.2,always_large,misspecified,misspecified,dr,0.49110592063280933,0.12069609633220231,3.8463183887248626,0.935,0.0077958322198467015
250,10,0.2,fixed_switch,correct,known,ipw,0.014706269170052398,0.05479754658629182,1.7320463663302572,0.481,0.01579996835439869
250,10,0.2,fixed_switch,correct,known,gcomp,0.0004894358557738106,0.0010239567635855875,0.032367862359073005,,
250,10,0.2,fixed_switch,correct,known,dr,0.04258791904915558,0.03641177444634592,1.1516532602576937,0.748,0.013729384545565033
250,10,0.2,fixed_switch,misspecified,known,ipw,0.014706269170052398,0.05479754658629182,1.7320463663302572,0.481,0.01579996835439869
250,10,0.2,fixed_switch,misspecified,known,gcomp,-0.021737971795494936,0.0010204789424296636,0.03889569786560148,,
250,10,0.2,fixed_switch,misspecified,known,dr,0.04261560460870296,0.03838471135368251,1.213972309979096,0.684,0.014701836619960105
250,10,0.2,fixed_switch,correct,misspecified,ipw,1.6982440262803333,0.08966480262996193,3.303902212026893,0.495,0.01581059771166163
250,10,0.2,fixed_switch,correct,misspecified,gcomp,0.0004894358557738106,0.0010239567635855875,0.032367862359073005,,
250,10,0.2,fixed_switch,correct,misspecified,dr,0.05113020281830517,0.03987385983511864,1.2613282963181225,0.803,0.012577400367325513
250,10,0.2,fixed_switch,misspecified,misspecified,ipw,1.6982440262803333,0.08966480262996193,3.303902212026893,0.495,0.01581059771166163
250,10,0.2,fixed_switch,misspecified,misspecified,gcomp,-0.021737971795494936,0.0010204789424296636,0.03889569786560148,,
250,10,0.2,fixed_switch,misspecified,misspecified,dr,0.07084761567772795,0.04080325437823846,1.2916114148359792,0.696,0.014545927265045704
250,10,0.2,failure_escalation,correct,known,ipw,-0.038166580573103,0.034622785829997595,1.0949864150773265,0.37,0.015267612779999367
250,10,0.2,failure_escalation,correct,known,gcomp,0.0020672896838156607,0.0016832126155039977,0.053241386072487136,,
250,10,0.2,failure_escalation,correct,known,dr,-0.027288689119302885,0.025371731916947114,0.8023875174993796,0.89,0.009894442884771228
250,10,0.2,failure_escalation,misspecified,known,ipw,-0.038166580573103,0.034622785829997595,1.0949864150773265,0.37,0.015267612779999367
250,10,0.2,failure_escalation,misspecified,known,gcomp,0.01656041202576016,0.0012714545023751224,0.04346524130292275,,
250,10,0.2,failure_escalation,misspecified,known,dr,-0.03595080317067772,0.024518834225848298,0.7757992773981244,0.934,0.007851369307324675
250,10,0.2,failure_escalation,correct,misspecified,ipw,1.0660089854694652,0.10444975742371766,3.469181060588973,0.5,0.015811388300841896
250,10,0.2,failure_escalation,correct,misspecified,gcomp,0.0020672896838156607,0.0016832126155039977,0.053241386072487136,,
250,10,0.2,failure_escalation,correct,misspecified,dr,-0.054014525655393685,0.07875451150683802,2.489776772841248,0.962,0.006046155803483734
250,10,0.2,failure_escalation,misspecified,misspecified,ipw,1.0660089854694652,0.10444975742371766,3.469181060588973,0.5,0.015811388300841896
250,10,0.2,failure_escalation,misspecified,misspecified,gcomp,0.01656041202576016,0.0012714545023751224,0.04346524130292275,,
250,10,0.2,failure_escalation,misspecified,misspecified,dr,-0.6202105606010628,0.0806057116591513,2.6221069030089614,0.981,0.004317290817167639
250,10,0.2,soft_escalation,correct,known,ipw,-0.001926589548265568,0.01333348796637244,0.4214354413137755,0.681,0.01473902981881779
250,10,0.2,soft_escalation,correct,known,gcomp,0.002046248924913667,0.0015165097843688885,0.047975923741218326,,
250,10,0.2,soft_escalation,correct,known,dr,-0.0028624212263146927,0.009465883349293927,0.2992015008153108,0.939,0.007568289106528638
250,10,0.2,soft_escalation,misspecified,known,ipw,-0.001926589548265568,0.01333348796637244,0.4214354413137755,0.681,0.01473902981881779
250,10,0.2,soft_escalation,misspecified,known,gcomp,0.02059098216746393,0.001235769412175659,0.04415413299624082,,
250,10,0.2,soft_escalation,misspecified,known,dr,-0.004248637687296587,0.009225795059568173,0.291630296966672,0.954,0.006624499981130654
250,10,0.2,soft_escalation,correct,misspecified,ipw,0.657578132709999,0.03723490376304139,1.3481322712564519,0.907,0.009184280047995052
250,10,0.2,soft_escalation,correct,misspecified,gcomp,0.002046248924913667,0.0015165097843688885,0.047975923741218326,,
250,10,0.2,soft_escalation,correct,misspecified,dr,-0.022191750519629794,0.028002948152572187,0.88536625976007,0.984,0.00396787096564392
250,10,0.2,soft_escalation,misspecified,misspecified,ipw,0.657578132709999,0.03723490376304139,1.3481322712564519,0.907,0.009184280047995052
250,10,0.2,soft_escalation,misspecified,misspecified,gcomp,0.02059098216746393,0.001235769412175659,0.04415413299624082,,
250,10,0.2,soft_escalation,misspecified,misspecified,dr,-0.3148512386315115,0.028713239288883384,0.9606023958006833,0.974,0.005032295698784007
250,10,0.5,always_small,correct,known,ipw,0.01213464337751906,0.03617349974691335,1.1433987980691163,0.075,0.008329165624478841
250,10,0.5,always_small,correct,known,gcomp,0.0022770345453347086,0.0014006152652252775,0.04432771463070863,,
250,10,0.5,always_small,correct,known,dr,-0.04021709365528292,0.026865631610107944,0.8500928268549847,0.721,0.014183053267896867
250,10,0.5,always_small,misspecified,known,ipw,0.01213464337751906,0.03617349974691335,1.1433987980691163,0.075,0.008329165624478841
250,10,0.5,always_small,misspecified,known,gcomp,0.07182400922026741,0.0013503928662561328,0.08354894154216004,,
250,10,0.5,always_small,misspecified,known,dr,-0.033720016638519736,0.028824095235437344,0.9116658802420556,0.294,0.014407081592050487
250,10,0.5,always_small,correct,misspecified,ipw,0.01213464337751906,0.03617349974691335,1.1433987980691163,0.075,0.008329165624478841
250,10,0.5,always_small,correct,misspecified,gcomp,0.0022770345453347086,0.0014006152652252775,0.04432771463070863,,
250,10,0.5,always_small,correct,misspecified,dr,-0.04021709365528292,0.026865631610107944,0.8500928268549847,0.721,0.014183053267896867
250,10,0.5,always_small,misspecified,misspecified,ipw,0.01213464337751906,0.03617349974691335,1.1433987980691163,0.075,0.008329165624478841
250,10,0.5,always_small,misspecified,misspecified,gcomp,0.07182400922026741,0.0013503928662561328,0.08354894154216004,,
250,10,0.5,always_small,misspecified,misspecified,dr,-0.033720016638519736,0.028824095235437344,0.9116658802420556,0.294,0.014407081592050487
250,10,0.5,always_large,correct,known,ipw,0.0067441929595612425,0.04820775711650526,1.5237156370190719,0.174,0.011988494484296182
250,10,0.5,always_large,correct,known,gcomp,0.002464501387396422,0.0013643096394396546,0.04319205040935393,,
250,10,0.5,always_large,correct,known,dr,-0.012882161451379777,0.026321446650562106,0.8320406752727104,0.666,0.014914556647785411
250,10,0.5,always_large,misspecified,known,ipw,0.0067441929595612425,0.04820775711650526,1.5237156370190719,0.174,0.011988494484296182
250,10,0.5,always_large,misspecified,known,gcomp,-0.047524880436000144,0.0013080942329632404,0.06299217151555808,,
250,10,0.5,always_large,misspecified,known,dr,-0.014434023765156807,0.02726304807807598,0.8618229851651833,0.37,0.015267612779999367
250,10,0.5,always_large,correct,misspecified,ipw,0.0067441929595612425,0.04820775711650526,1.5237156370190719,0.174,0.011988494484296182
250,10,0.5,always_large,correct,misspecified,gcomp,0.002464501387396422,0.0013643096394396546,0.04319205040935393,,
250,10,0.5,always_large,correct,misspecified,dr,-0.012882161451379777,0.026321446650562106,0.8320406752727104,0.666,0.014914556647785411
250,10,0.5,always_large,misspecified,misspecified,ipw,0.0067441929595612425,0.04820775711650526,1.5237156370190719,0.174,0.011988494484296182
250,10,0.5,always_large,misspecified,misspecified,gcomp,-0.047524880436000144,0.0013080942329632404,0.06299217151555808,,
250,10,0.5,always_large,misspecified,misspecified,dr,-0.014434023765156807,0.02726304807807598,0.8618229851651833,0.37,0.015267612779999367
250,10,0.5,fixed_switch,correct,known,ipw,-0.07797101371966658,0.04400995918570193,1.3932046188554266,0.151,0.01132249972400088
250,10,0.5,fixed_switch,correct,known,gcomp,0.002452543641247854,0.001362227789720716,0.04312567514658205,,
250,10,0.5,fixed_switch,correct,known,dr,0.0033233424527449413,0.024257638091301596,0.7667174299361244,0.636,0.015215255502291114
250,10,0.5,fixed_switch,misspecified,known,ipw,-0.07797101371966658,0.04400995918570193,1.3932046188554266,0.151,0.01132249972400088
250,10,0.5,fixed_switch,misspecified,known,gcomp,-0.04696104711522793,0.0013080942329632406,0.06256787800419665,,
250,10,0.5,fixed_switch,misspecified,known,dr,-0.012581299674989839,0.024702931789282234,0.7808859668661339,0.342,0.01500119995200384
250,10,0.5,fixed_switch,correct,misspecified,ipw,-0.07797101371966658,0.04400995918570193,1.3932046188554266,0.151,0.01132249972400088
250,10,0.5,fixed_switch,correct,misspecified,gcomp,0.002452543641247854,0.001362227789720716,0.04312567514658205,,
250,10,0.5,fixed_switch,correct,misspecified,dr,0.0033233424527449413,0.024257638091301596,0.7667174299361244,0.636,0.015215255502291114
250,10,0.5,fixed_switch,misspecified,misspecified,ipw,-0.07797101371966658,0.04400995918570193,1.3932046188554266,0.151,0.01132249972400088
250,10,0.5,fixed_switch,misspecified,misspecified,gcomp,-0.04696104711522793,0.0013080942329632406,0.06256787800419665,,
250,10,0.5,fixed_switch,misspecified,misspecified,dr,-0.012581299674989839,0.024702931789282234,0.7808859668661339,0.342,0.01500119995200384
250,10,0.5,failure_escalation,correct,known,ipw,0.040293465469465196,0.04524511546022026,1.4306281543067694,0.136,0.010839926199010766
250,10,0.5,failure_escalation,correct,known,gcomp,0.0016645865917306528,0.0014455206611164756,0.04571882872793513,,
250,10,0.5,failure_escalation,correct,known,dr,0.03455254091227133,0.031849986830723695,1.0072741024863339,0.832,0.011822690049223148
250,10,0.5,failure_escalation,misspecified,known,ipw,0.040293465469465196,0.04524511546022026,1.4306281543067694,0.136,0.010839926199010766
250,10,0.5,failure_escalation,misspecified,known,gcomp,-0.02154049291245194,0.0010704134108724804,0.040107753866514065,,
250,10,0.5,failure_escalation,misspecified,known,dr,0.03567978143770346,0.031463710561017946,0.9951121363890035,0.873,0.010529529904036551
250,10,0.5,failure_escalation,correct,misspecified,ipw,0.040293465469465196,0.04524511546022026,1.4306281543067694,0.136,0.010839926199010766
250,10,0.5,failure_escalation,correct,misspecified,gcomp,0.0016645865917306528,0.0014455206611164756,0.04571882872793513,,
250,10,0.5,failure_escalation,correct,misspecified,dr,0.03455254091227133,0.031849986830723695,1.0072741024863339,0.832,0.011822690049223148
250,10,0.5,failure_escalation,misspecified,misspecified,ipw,0.040293465469465196,0.04524511546022026,1.4306281543067694,0.136,0.010839926199010766
250,10,0.5,failure_escalation,misspecified,misspecified,gcomp,-0.02154049291245194,0.0010704134108724804,0.040107753866514065,,
250,10,0.5,failure_escalation,misspecified,misspecified,dr,0.03567978143770346,0.031463710561017946,0.9951121363890035,0.873,0.010529529904036551
250,10,0.5,soft_escalation,correct,known,ipw,0.009881420036677694,0.016559148918884565,0.5234776499210061,0.72,0.014198591479439079
250,10,0.5,soft_escalation,correct,known,gcomp,0.0016365820218870936,0.0013141375575809338,0.04156812436758365,,
250,10,0.5,soft_escalation,correct,known,dr,0.007602830465516613,0.011765772249897253,0.37195801681225155,0.941,0.007451107300260817
250,10,0.5,soft_escalation,misspecified,known,ipw,0.009881420036677694,0.016559148918884565,0.5234776499210061,0.72,0.014198591479439079
250,10,0.5,soft_escalation,misspecified,known,gcomp,-0.016507121923354746,0.0010454771738122892,0.03693798279053782,,
250,10,0.5,soft_escalation,misspecified,known,dr,0.00744009721152997,0.011711011214213422,0.37022424410388105,0.962,0.006046155803483734
250,10,0.5,soft_escalation,correct,misspecified,ipw,0.009881420036677694,0.016559148918884565,0.5234776499210061,0.72,0.014198591479439079
250,10,0.5,soft_escalation,correct,misspecified,gcomp,0.0016365820218870936,0.0013141375575809338,0.04156812436758365,,
250,10,0.5,soft_escalation,correct,misspecified,dr,0.007602830465516613,0.011765772249897253,0.37195801681225155,0.941,0.007451107300260817
250,10,0.5,soft_escalation,misspecified,misspecified,ipw,0.009881420036677694,0.016559148918884565,0.5234776499210061,0.72,0.014198591479439079
250,10,0.5,soft_escalation,misspecified,misspecified,gcomp,-0.016507121923354746,0.0010454771738122892,0.03693798279053782,,
250,10,0.5,soft_escalation,misspecified,misspecified,dr,0.00744009721152997,0.011711011214213422,0.37022424410388105,0.962,0.006046155803483734
250,2,0.05,always_small,correct,known,ipw,0.000812477508509607,0.0021138040869206364,0.06681586390870312,0.937,0.007683163410991592
250,2,0.05,always_small,correct,known,gcomp,-0.00023093364155336038,0.0014551675275011702,0.04599400342335482,,
250,2,0.05,always_small,correct,known,dr,0.0008115642647936978,0.0019078012470108829,0.06030526120542115,0.942,0.007391616873188169
250,2,0.05,always_small,misspecified,known,ipw,0.000812477508509607,0.0021138040869206364,0.06681586390870312,0.937,0.007683163410991592
250,2,0.05,always_small,misspecified,known,gcomp,0.09174335182153408,0.0013409369499655932,0.10106016225659359,,
250,2,0.05,always_small,misspecified,known,dr,-0.00015307230107264902,0.0020568731505129145,0.06501169018932655,0.946,0.0071473071852271785
250,2,0.05,always_small,correct,misspecified,ipw,0.15571032559386758,0.00258040471719157,0.17577694818305456,0.593,0.015535475531827148
250,2,0.05,always_small,correct,misspecified,gcomp,-0.00023093364155336038,0.0014551675275011702,0.04599400342335482,,
250,2,0.05,always_small,correct,misspecified,dr,0.0002464134537141918,0.001870119968761897,0.0591093230248377,0.954,0.006624499981130654
250,2,0.05,always_small,misspecified,misspecified,ipw,0.15571032559386758,0.00258040471719157,0.17577694818305456,0.593,0.015535475531827148
250,2,0.05,always_small,misspecified,misspecified,gcomp,0.09174335182153408,0.0013409369499655932,0.10106016225659359,,
250,2,0.05,always_small,misspecified,misspecified,dr,0.06560141883810203,0.0018573285532577934,0.08803275435293405,0.828,0.011933817494833748
250,2,0.05,always_large,correct,known,ipw,0.003075303298252596,0.004165292187089062,0.13168814234849543,0.931,0.008014923580421711
250,2,0.05,always_large,correct,known,gcomp,0.001398604924088019,0.00141104975123291,0.04462091925081425,,
250,2,0.05,always_large,correct,known,dr,0.0028239804585143903,0.0020898511393428218,0.06611418283891853,0.908,0.009139803061335619
250,2,0.05,always_large,misspecified,known,ipw,0.003075303298252596,0.004165292187089062,0.13168814234849543,0.931,0.008014923580421711
250,2,0.05,always_large,misspecified,known,gcomp,-0.07124794534873535,0.0013327946318628966,0.0827697704817901,,
250,2,0.05,always_large,misspecified,known,dr,0.0028695586546879856,0.002136931376261687,0.06760283720390373,0.934,0.007851369307324675
250,2,0.05,always_large,correct,misspecified,ipw,-0.14865077198721657,0.0025004324209884836,0.16835368170026413,0.541,0.015758140753274162
250,2,0.05,always_large,correct,misspecified,gcomp,0.001398604924088019,0.00141104975123291,0.04462091925081425,,
250,2,0.05,always_large,correct,misspecified,dr,0.0037529665059781382,0.001810436135027209,0.05734532306656088,0.946,0.0071473071852271785
250,2,0.05,always_large,misspecified,misspecified,ipw,-0.14865077198721657,0.0025004324209884836,0.16835368170026413,0.541,0.015758140753274162
250,2,0.05,always_large,misspecified,misspecified,gcomp,-0.07124794534873535,0.0013327946318628966,0.0827697704817901,,
250,2,0.05,always_large,misspecified,misspecified,dr,-0.04459033829449231,0.0017689154710341176,0.07151385286038962,0.89,0.009894442884771228
250,2,0.05,fixed_switch,correct,known,ipw,-0.002346441077752854,0.0029071184409240024,0.09191513519362415,0.927,0.008226238508577293
250,2,0.05,fixed_switch,correct,known,gcomp,0.0007494722661081096,0.0013327429290624375,0.04213062092977772,,
250,2,0.05,fixed_switch,correct,known,dr,-0.00030612237132398624,0.0018305503258952771,0.05785894306022099,0.94,0.007509993342207438
250,2,0.05,fixed_switch,misspecified,known,ipw,-0.002346441077752854,0.0029071184409240024,0.09191513519362415,0.927,0.008226238508577293
250,2,0.05,fixed_switch,misspecified,known,gcomp,0.0012273807228430616,0.0013327946318628966,0.0421434651236777,,
250,2,0.05,fixed_switch,misspecified,known,dr,-0.0005701595045867756,0.0018801039631244946,0.05942710831855228,0.945,0.007209368904418752
250,2,0.05,fixed_switch,correct,misspecified,ipw,0.05292391408436183,0.002925808015229636,0.10654920399256351,0.927,0.008226238508577293
250,2,0.05,fixed_switch,correct,misspecified,gcomp,0.0007494722661081096,0.0013327429290624375,0.04213062092977772,,
250,2,0.05,fixed_switch,correct,misspecified,dr,-0.0016859598654593762,0.001842967117810312,0.05827498374260312,0.96,0.00619677335393187
250,2,0.05,fixed_switch,misspecified,misspecified,ipw,0.05292391408436183,0.002925808015229636,0.10654920399256351,0.927,0.008226238508577293
250,2,0.05,fixed_switch,misspecified,misspecified,gcomp,0.0012273807228430616,0.0013327946318628966,0.0421434651236777,,
250,2,0.05,fixed_switch,misspecified,misspecified,dr,-0.02588501007486122,0.00192753074458691,0.06619435884674846,0.941,0.007451107300260817
250,2,0.05,failure_escalation,correct,known,ipw,-0.0005494100453648861,0.001847836967693495,0.05840709553738709,0.95,0.006892024376045114
250,2,0.05,failure_escalation,correct,known,gcomp,0.00010254657595253858,0.0012434246729282963,0.039301009250779215,,
250,2,0.05,failure_escalation,correct,known,dr,-5.789604483736266e-05,0.0014752838785444175,0.046629276337112224,0.95,0.006892024376045114
250,2,0.05,failure_escalation,misspecified,known,ipw,-0.0005494100453648861,0.001847836967693495,0.05840709553738709,0.95,0.006892024376045114
250,2,0.05,failure_escalation,misspecified,known,gcomp,-0.008649131974177843,0.0009777633517209113,0.03209162873247925,,
250,2,0.05,failure_escalation,misspecified,known,dr,-0.00021338399078457736,0.0014841646031687145,0.0469104184319131,0.945,0.007209368904418752
250,2,0.05,failure_escalation,correct,misspecified,ipw,0.41715283230849004,0.0033609846114775643,0.43046649909606854,0.01,0.003146426544510455
250,2,0.05,failure_escalation,correct,misspecified,gcomp,0.00010254657595253858,0.0012434246729282963,0.039301009250779215,,
250,2,0.05,failure_escalation,correct,misspecified,dr,-0.0009791369319175902,0.0019132928381616339,0.0604812987972934,0.994,0.002442130217658347
250,2,0.05,failure_escalation,misspecified,misspecified,ipw,0.41715283230849004,0.0033609846114775643,0.43046649909606854,0.01,0.003146426544510455
250,2,0.05,failure_escalation,misspecified,misspecified,gcomp,-0.008649131974177843,0.0009777633517209113,0.03209162873247925,,
250,2,0.05,failure_escalation,misspecified,misspecified,dr,0.000958840841060019,0.0021883539357715706,0.06917386378551658,0.984,0.00396787096564392
250,2,0.05,soft_escalation,correct,known,ipw,-0.00030382389646749794,0.001435810604379996,0.04538262716633385,0.949,0.006956938982052382
250,2,0.05,soft_escalation,correct,known,gcomp,0.00022199075555437986,0.0011333397336178491,0.03582211290168032,,
250,2,0.05,soft_escalation,correct,known,dr,0.0001707622703474192,0.001236038673054217,0.03906779964929326,0.954,0.006624499981130654
250,2,0.05,soft_escalation,misspecified,known,ipw,-0.00030382389646749794,0.001435810604379996,0.04538262716633385,0.949,0.006956938982052382
250,2,0.05,soft_escalation,misspecified,known,gcomp,-0.00621912799300585,0.0009720954820523381,0.0313480814340165,,
250,2,0.05,soft_escalation,misspecified,known,dr,-1.408862839817826e-05,0.0012380191093430614,0.03913002456264165,0.953,0.00669260786241059
250,2,0.05,soft_escalation,correct,misspecified,ipw,0.3255903967288531,0.002650109399377931,0.336192152185167,0.014,0.003715373467095872
250,2,0.05,soft_escalation,correct,misspecified,gcomp,0.00022199075555437986,0.0011333397336178491,0.03582211290168032,,
250,2,0.05,soft_escalation,correct,misspecified,dr,-0.0005709066162573922,0.0015390826921449178,0.04864907699115446,0.993,0.002636474919281427
250,2,0.05,soft_escalation,misspecified,misspecified,ipw,0.3255903967288531,0.002650109399377931,0.336192152185167,0.014,0.003715373467095872
250,2,0.05,soft_escalation,misspecified,misspecified,gcomp,-0.00621912799300585,0.0009720954820523381,0.0313480814340165,,
250,2,0.05,soft_escalation,misspecified,misspecified,dr,0.001554483476084397,0.0017563028657056065,0.05553315743956091,0.982,0.004204283529925166
250,2,0.2,always_small,correct,known,ipw,0.000812477508509607,0.0021138040869206364,0.06681586390870312,0.937,0.007683163410991592
250,2,0.2,always_small,correct,known,gcomp,-0.00023093364155336038,0.0014551675275011702,0.04599400342335482,,
250,2,0.2,always_small,correct,known,dr,0.0008115642647936978,0.0019078012470108829,0.06030526120542115,0.942,0.007391616873188169
250,2,0.2,always_small,misspecified,known,ipw,0.000812477508509607,0.0021138040869206364,0.06681586390870312,0.937,0.007683163410991592
250,2,0.2,always_small,misspecified,known,gcomp,0.09174335182153408,0.0013409369499655932,0.10106016225659359,,
250,2,0.2,always_small,misspecified,known,dr,-0.00015307230107264902,0.0020568731505129145,0.06501169018932655,0.946,0.0071473071852271785
250,2,0.2,always_small,correct,misspecified,ipw,0.15571032559386758,0.00258040471719157,0.17577694818305456,0.593,0.015535475531827148
250,2,0.2,always_small,correct,misspecified,gcomp,-0.00023093364155336038,0.0014551675275011702,0.04599400342335482,,
250,2,0.2,always_small,correct,misspecified,dr,0.0002464134537141918,0.001870119968761897,0.0591093230248377,0.954,0.006624499981130654
250,2,0.2,always_small,misspecified,misspecified,ipw,0.15571032559386758,0.00258040471719157,0.17577694818305456,0.593,0.015535475531827148
250,2,0.2,always_small,misspecified,misspecified,gcomp,0.09174335182153408,0.0013409369499655932,0.10106016225659359,,
250,2,0.2,always_small,misspecified,misspecified,dr,0.06560141883810203,0.0018573285532577934,0.08803275435293405,0.828,0.011933817494833748
250,2,0.2,always_large,correct,known,ipw,0.003075303298252596,0.004165292187089062,0.13168814234849543,0.931,0.008014923580421711
250,2,0.2,always_large,correct,known,gcomp,0.001398604924088019,0.00141104975123291,0.04462091925081425,,
250,2,0.2,always_large,correct,known,dr,0.0028239804585143903,0.0020898511393428218,0.06611418283891853,0.908,0.009139803061335619
250,2,0.2,always_large,misspecified,known,ipw,0.003075303298252596,0.004165292187089062,0.13168814234849543,0.931,0.008014923580421711
250,2,0.2,always_large,misspecified,known,gcomp,-0.07124794534873535,0.0013327946318628966,0.0827697704817901,,
250,2,0.2,always_large,misspecified,known,dr,0.0028695586546879856,0.002136931376261687,0.06760283720390373,0.934,0.007851369307324675
250,2,0.2,always_large,correct,misspecified,ipw,-0.14865077198721657,0.0025004324209884836,0.16835368170026413,0.541,0.015758140753274162
250,2,0.2,always_large,correct,misspecified,gcomp,0.001398604924088019,0.00141104975123291,0.04462091925081425,,
250,2,0.2,always_large,correct,misspecified,dr,0.0037529665059781382,0.001810436135027209,0.05734532306656088,0.946,0.0071473071852271785
250,2,0.2,always_large,misspecified,misspecified,ipw,-0.14865077198721657,0.0025004324209884836,0.16835368170026413,0.541,0.015758140753274162
250,2,0.2,always_large,misspecified,misspecified,gcomp,-0.07124794534873535,0.0013327946318628966,0.0827697704817901,,
250,2,0.2,always_large,misspecified,misspecified,dr,-0.04459033829449231,0.0017689154710341176,0.07151385286038962,0.89,0.009894442884771228
250,2,0.2,fixed_switch,correct,known,ipw,-0.002346441077752854,0.0029071184409240024,0.09191513519362415,0.927,0.008226238508577293
250,2,0.2,fixed_switch,correct,known,gcomp,0.0007494722661081096,0.0013327429290624375,0.04213062092977772,,
250,2,0.2,fixed_switch,correct,known,dr,-0.00030612237132398624,0.0018305503258952771,0.05785894306022099,0.94,0.007509993342207438
250,2,0.2,fixed_switch,misspecified,known,ipw,-0.002346441077752854,0.0029071184409240024,0.09191513519362415,0.927,0.008226238508577293
250,2,0.2,fixed_switch,misspecified,known,gcomp,0.0012273807228430616,0.0013327946318628966,0.0421434651236777,,
250,2,0.2,fixed_switch,misspecified,known,dr,-0.0005701595045867756,0.0018801039631244946,0.05942710831855228,0.945,0.007209368904418752
250,2,0.2,fixed_switch,correct,misspecified,ipw,0.05292391408436183,0.002925808015229636,0.10654920399256351,0.927,0.008226238508577293
250,2,0.2,fixed_switch,correct,misspecified,gcomp,0.0007494722661081096,0.0013327429290624375,0.04213062092977772,,
250,2,0.2,fixed_switch,correct,misspecified,dr,-0.0016859598654593762,0.001842967117810312,0.05827498374260312,0.96,0.00619677335393187
250,2,0.2,fixed_switch,misspecified,misspecified,ipw,0.05292391408436183,0.002925808015229636,0.10654920399256351,0.927,0.008226238508577293
250,2,0.2,fixed_switch,misspecified,misspecified,gcomp,0.0012273807228430616,0.0013327946318628966,0.0421434651236777,,
250,2,0.2,fixed_switch,misspecified,misspecified,dr,-0.02588501007486122,0.00192753074458691,0.06619435884674846,0.941,0.007451107300260817
250,2,0.2,failure_escalation,correct,known,ipw,-0.0005494100453648861,0.001847836967693495,0.05840709553738709,0.95,0.006892024376045114
250,2,0.2,failure_escalation,correct,known,gcomp,0.00010254657595253858,0.0012434246729282963,0.039301009250779215,,
250,2,0.2,failure_escalation,correct,known,dr,-5.789604483736266e-05,0.0014752838785444175,0.046629276337112224,0.95,0.006892024376045114
250,2,0.2,failure_escalation,misspecified,known,ipw,-0.0005494100453648861,0.001847836967693495,0.05840709553738709,0.95,0.006892024376045114
250,2,0.2,failure_escalation,misspecified,known,gcomp,-0.008649131974177843,0.0009777633517209113,0.03209162873247925,,
250,2,0.2,failure_escalation,misspecified,known,dr,-0.00021338399078457736,0.0014841646031687145,0.0469104184319131,0.945,0.007209368904418752
250,2,0.2,failure_escalation,correct,misspecified,ipw,0.41715283230849004,0.0033609846114775643,0.43046649909606854,0.01,0.003146426544510455
250,2,0.2,failure_escalation,correct,misspecified,gcomp,0.00010254657595253858,0.0012434246729282963,0.039301009250779215,,
250,2,0.2,failure_escalation,correct,misspecified,dr,-0.0009791369319175902,0.0019132928381616339,0.0604812987972934,0.994,0.002442130217658347
250,2,0.2,failure_escalation,misspecified,misspecified,ipw,0.41715283230849004,0.0033609846114775643,0.43046649909606854,0.01,0.003146426544510455
250,2,0.2,failure_escalation,misspecified,misspecified,gcomp,-0.008649131974177843,0.0009777633517209113,0.03209162873247925,,
250,2,0.2,failure_escalation,misspecified,misspecified,dr,0.000958840841060019,0.0021883539357715706,0.06917386378551658,0.984,0.00396787096564392
250,2,0.2,soft_escalation,correct,known,ipw,-0.00030382389646749794,0.001435810604379996,0.04538262716633385,0.949,0.006956938982052382
250,2,0.2,soft_escalation,correct,known,gcomp,0.00022199075555437986,0.0011333397336178491,0.03582211290168032,,
250,2,0.2,soft_escalation,correct,known,dr,0.0001707622703474192,0.001236038673054217,0.03906779964929326,0.954,0.006624499981130654
250,2,0.2,soft_escalation,misspecified,known,ipw,-0.00030382389646749794,0.001435810604379996,0.04538262716633385,0.949,0.006956938982052382
250,2,0.2,soft_escalation,misspecified,known,gcomp,-0.00621912799300585,0.0009720954820523381,0.0313480814340165,,
250,2,0.2,soft_escalation,misspecified,known,dr,-1.408862839817826e-05,0.0012380191093430614,0.03913002456264165,0.953,0.00669260786241059
250,2,0.2,soft_escalation,correct,misspecified,ipw,0.3255903967288531,0.002650109399377931,0.336192152185167,0.014,0.003715373467095872
250,2,0.2,soft_escalation,correct,misspecified,gcomp,0.00022199075555437986,0.0011333397336178491,0.03582211290168032,,
250,2,0.2,soft_escalation,correct,misspecified,dr,-0.0005709066162573922,0.0015390826921449178,0.04864907699115446,0.993,0.002636474919281427
250,2,0.2,soft_escalation,misspecified,misspecified,ipw,0.3255903967288531,0.002650109399377931,0.336192152185167,0.014,0.003715373467095872
250,2,0.2,soft_escalation,misspecified,misspecified,gcomp,-0.00621912799300585,0.0009720954820523381,0.0313480814340165,,
250,2,0.2,soft_escalation,misspecified,misspecified,dr,0.001554483476084397,0.0017563028657056065,0.05553315743956091,0.982,0.004204283529925166
250,2,0.5,always_small,correct,known,ipw,-0.0024816744061324342,0.002121836890948923,0.0671107167884389,0.964,0.005891010100144119
250,2,0.5,always_small,correct,known,gcomp,-0.0008913146672881916,0.0012677250139665366,0.04007884761518901,,
250,2,0.5,always_small,correct,known,dr,-0.0012289003365141679,0.001721758579477172,0.05443343043970617,0.956,0.006485676526007139
250,2,0.5,always_small,misspecified,known,ipw,-0.0024816744061324342,0.002121836890948923,0.0671107167884389,0.964,0.005891010100144119
250,2,0.5,always_small,misspecified,known,gcomp,0.04533649379742876,0.0012871054381098925,0.060912900425505456,,
250,2,0.5,always_small,misspecified,known,dr,-0.0017557181189692189,0.0017743655552420838,0.056109778974962964,0.957,0.006414904519944161
250,2,0.5,always_small,correct,misspecified,ipw,-0.0024816744061324342,0.002121836890948923,0.0671107167884389,0.964,0.005891010100144119
250,2,0.5,always_small,correct,misspecified,gcomp,-0.0008913146672881916,0.0012677250139665366,0.04007884761518901,,
250,2,0.5,always_small,correct,misspecified,dr,-0.0012289003365141679,0.001721758579477172,0.05443343043970617,0.956,0.006485676526007139
250,2,0.5,always_small,misspecified,misspecified,ipw,-0.0024816744061324342,0.002121836890948923,0.0671107167884389,0.964,0.005891010100144119
250,2,0.5,always_small,misspecified,misspecified,gcomp,0.04533649379742876,0.0012871054381098925,0.060912900425505456,,
250,2,0.5,always_small,misspecified,misspecified,dr,-0.0017557181189692189,0.0017743655552420838,0.056109778974962964,0.957,0.006414904519944161
250,2,0.5,always_large,correct,known,ipw,0.0028636280127834236,0.0027915849136030692,0.08827997365723439,0.951,0.006826346021115546
250,2,0.5,always_large,correct,known,gcomp,0.0020939392657672823,0.0012800626002494172,0.04051303841907521,,
250,2,0.5,always_large,correct,known,dr,0.002077460973239311,0.001752587628688712,0.05543291149607625,0.943,0.007331507348424336
250,2,0.5,always_large,misspecified,known,ipw,0.0028636280127834236,0.0027915849136030692,0.08827997365723439,0.951,0.006826346021115546
250,2,0.5,always_large,misspecified,known,gcomp,-0.03384990946830301,0.0012938443476340938,0.05308649106619403,,
250,2,0.5,always_large,misspecified,known,dr,0.0021459500217341186,0.001803793268021776,0.057052796470485986,0.942,0.007391616873188169
250,2,0.5,always_large,correct,misspecified,ipw,0.0028636280127834236,0.0027915849136030692,0.08827997365723439,0.951,0.006826346021115546
250,2,0.5,always_large,correct,misspecified,gcomp,0.0020939392657672823,0.0012800626002494172,0.04051303841907521,,
250,2,0.5,always_large,correct,misspecified,dr,0.002077460973239311,0.001752587628688712,0.05543291149607625,0.943,0.007331507348424336
250,2,0.5,always_large,misspecified,misspecified,ipw,0.0028636280127834236,0.0027915849136030692,0.08827997365723439,0.951,0.006826346021115546
250,2,0.5,always_large,misspecified,misspecified,gcomp,-0.03384990946830301,0.0012938443476340938,0.05308649106619403,,
250,2,0.5,always_large,misspecified,misspecified,dr,0.0021459500217341186,0.001803793268021776,0.057052796470485986,0.942,0.007391616873188169
250,2,0.5,fixed_switch,correct,known,ipw,0.0009133540843618376,0.0027380325172575944,0.08654570734113749,0.949,0.006956938982052382
250,2,0.5,fixed_switch,correct,known,gcomp,0.002476898507126988,0.001428049842668533,0.04520422605251731,,
250,2,0.5,fixed_switch,correct,known,dr,0.0023959686862462044,0.0017849217339299453,0.056466807211004055,0.952,0.006759881655768837
250,2,0.5,fixed_switch,misspecified,known,ipw,0.0009133540843618376,0.0027380325172575944,0.08654570734113749,0.949,0.006956938982052382
250,2,0.5,fixed_switch,misspecified,known,gcomp,0.03862541660327542,0.001293844347634094,0.056251950814930625,,
250,2,0.5,fixed_switch,misspecified,known,dr,0.0025833407064681933,0.0017940013968701077,0.056761749622132165,0.949,0.006956938982052382
250,2,0.5,fixed_switch,correct,misspecified,ipw,0.0009133540843618376,0.0027380325172575944,0.08654570734113749,0.949,0.006956938982052382
250,2,0.5,fixed_switch,correct,misspecified,gcomp,0.002476898507126988,0.001428049842668533,0.04520422605251731,,
250,2,0.5,fixed_switch,correct,misspecified,dr,0.0023959686862462044,0.0017849217339299453,0.056466807211004055,0.952,0.006759881655768837
250,2,0.5,fixed_switch,misspecified,misspecified,ipw,0.0009133540843618376,0.0027380325172575944,0.08654570734113749,0.949,0.006956938982052382
250,2,0.5,fixed_switch,misspecified,misspecified,gcomp,0.03862541660327542,0.001293844347634094,0.056251950814930625,,
250,2,0.5,fixed_switch,misspecified,misspecified,dr,0.0025833407064681933,0.0017940013968701077,0.056761749622132165,0.949,0.006956938982052382
250,2,0.5,failure_escalation,correct,known,ipw,-0.003094527691509976,0.0025919907957176634,0.08198337618342832,0.948,0.007021111023192843
250,2,0.5,failure_escalation,correct,known,gcomp,0.0017346412543072787,0.0014282548172990974,0.04517610974393529,,
250,2,0.5,failure_escalation,correct,known,dr,0.0002260187511487075,0.0019820267582118744,0.0626462506832889,0.938,0.00762600813007697
250,2,0.5,failure_escalation,misspecified,known,ipw,-0.003094527691509976,0.0025919907957176634,0.08198337618342832,0.948,0.007021111023192843
250,2,0.5,failure_escalation,misspecified,known,gcomp,-0.013137913392062281,0.0009543453165674233,0.03290089628822064,,
250,2,0.5,failure_escalation,misspecified,known,dr,-0.00024144959084933614,0.0019881517687510065,0.06283989979334062,0.949,0.006956938982052382
250,2,0.5,failure_escalation,correct,misspecified,ipw,-0.003094527691509976,0.0025919907957176634,0.08198337618342832,0.948,0.007021111023192843
250,2,0.5,failure_escalation,correct,misspecified,gcomp,0.0017346412543072787,0.0014282548172990974,0.04517610974393529,,
250,2,0.5,failure_escalation,correct,misspecified,dr,0.0002260187511487075,0.0019820267582118744,0.0626462506832889,0.938,0.00762600813007697
250,2,0.5,failure_escalation,misspecified,misspecified,ipw,-0.003094527691509976,0.0025919907957176634,0.08198337618342832,0.948,0.007021111023192843
250,2,0.5,failure_escalation,misspecified,misspecified,gcomp,-0.013137913392062281,0.0009543453165674233,0.03290089628822064,,
250,2,0.5,failure_escalation,misspecified,misspecified,dr,-0.00024144959084933614,0.0019881517687510065,0.06283989979334062,0.949,0.006956938982052382
250,2,0.5,soft_escalation,correct,known,ipw,-0.001933868871146965,0.002043129859680519,0.0646060762831594,0.952,0.006759881655768837
250,2,0.5,soft_escalation,correct,known,gcomp,0.0015425937215125158,0.0012839582649420253,0.040611326901204205,,
250,2,0.5,soft_escalation,correct,known,dr,0.0006701261672537468,0.0016233442626129159,0.051313355156755745,0.947,0.007084560677981384
250,2,0.5,soft_escalation,misspecified,known,ipw,-0.001933868871146965,0.002043129859680519,0.0646060762831594,0.952,0.006759881655768837
250,2,0.5,soft_escalation,misspecified,known,gcomp,-0.010845984575539145,0.0009396368475832177,0.03161755634680872,,
250,2,0.5,soft_escalation,misspecified,known,dr,0.0002630066073636619,0.0016187966202772656,0.05116591802947342,0.952,0.006759881655768837
250,2,0.5,soft_escalation,correct,misspecified,ipw,-0.001933868871146965,0.002043129859680519,0.0646060762831594,0.952,0.006759881655768837
250,2,0.5,soft_escalation,correct,misspecified,gcomp,0.0015425937215125158,0.0012839582649420253,0.040611326901204205,,
250,2,0.5,soft_escalation,correct,misspecified,dr,0.0006701261672537468,0.0016233442626129159,0.051313355156755745,0.947,0.007084560677981384
250,2,0.5,soft_escalation,misspecified,misspecified,ipw,-0.001933868871146965,0.002043129859680519,0.0646060762831594,0.952,0.006759881655768837
250,2,0.5,soft_escalation,misspecified,misspecified,gcomp,-0.010845984575539145,0.0009396368475832177,0.03161755634680872,,
250,2,0.5,soft_escalation,misspecified,misspecified,dr,0.0002630066073636619,0.0016187966202772656,0.05116591802947342,0.952,0.006759881655768837
250,5,0.05,always_small,correct,known,ipw,0.03511063312005773,0.02427323833790463,0.7680062928566443,0.597,0.01551099609954177
250,5,0.05,always_small,correct,known,gcomp,0.0011530037367297053,0.0022578626525621426,0.07137349109924518,,
250,5,0.05,always_small,correct,known,dr,0.04522927632478567,0.020563910605492203,0.6515345212712429,0.895,0.009694070352540258
250,5,0.05,always_small,misspecified,known,ipw,0.03511063312005773,0.02427323833790463,0.7680062928566443,0.597,0.01551099609954177
250,5,0.05,always_small,misspecified,known,gcomp,0.1422540745374824,0.0017079778394883233,0.15215286009273246,,
250,5,0.05,always_small,misspecified,known,dr,0.05961231537279963,0.021903767002487712,0.6948732704849687,0.693,0.01458598642533305
250,5,0.05,always_small,correct,misspecified,ipw,0.0046869827590634025,0.00617247987147498,0.19514962480974374,0.917,0.008724161850859943
250,5,0.05,always_small,correct,misspecified,gcomp,0.0011530037367297053,0.0022578626525621426,0.07137349109924518,,
250,5,0.05,always_small,correct,misspecified,dr,0.0006619363171992463,0.004486161308561769,0.1417954717289598,0.901,0.009444522221901962
250,5,0.05,always_small,misspecified,misspecified,ipw,0.0046869827590634025,0.00617247987147498,0.19514962480974374,0.917,0.008724161850859943
250,5,0.05,always_small,misspecified,misspecified,gcomp,0.1422540745374824,0.0017079778394883233,0.15215286009273246,,
250,5,0.05,always_small,misspecified,misspecified,dr,0.1242430894463809,0.004357139478666373,0.1854778289912245,0.757,0.013562853682024296
250,5,0.05,always_large,correct,known,ipw,0.0021611439383172567,0.01345471799844598,0.4252682418479079,0.719,0.014214042352547005
250,5,0.05,always_large,correct,known,gcomp,-0.0007025723442244332,0.0011992373861229432,0.03791076029131549,,
250,5,0.05,always_large,correct,known,dr,0.016437785491966606,0.005394202271331929,0.17128491328128814,0.912,0.008958571314668425
250,5,0.05,always_large,misspecified,known,ipw,0.0021611439383172567,0.01345471799844598,0.4252682418479079,0.719,0.014214042352547005
250,5,0.05,always_large,misspecified,known,gcomp,-0.059532521088165445,0.0011691399850958567,0.07006884103193126,,
250,5,0.05,always_large,misspecified,known,dr,0.01632732404205551,0.005627077784508938,0.1786026928657443,0.953,0.00669260786241059
250,5,0.05,always_large,correct,misspecified,ipw,0.2785715732180796,0.009974954168961101,0.4207164512678313,0.928,0.00817410545564467
250,5,0.05,always_large,correct,misspecified,gcomp,-0.0007025723442244332,0.0011992373861229432,0.03791076029131549,,
250,5,0.05,always_large,correct,misspecified,dr,0.011132568403404753,0.006817013493591985,0.2157524863775615,0.965,0.005811626278418119
250,5,0.05,always_large,misspecified,misspecified,ipw,0.2785715732180796,0.009974954168961101,0.4207164512678313,0.928,0.00817410545564467
250,5,0.05,always_large,misspecified,misspecified,gcomp,-0.059532521088165445,0.0011691399850958567,0.07006884103193126,,
250,5,0.05,always_large,misspecified,misspecified,dr,0.0030724680148134366,0.007036285631186967,0.2224168299114673,0.96,0.00619677335393187
250,5,0.05,fixed_switch,correct,known,ipw,0.0060663024992262966,0.008031701149920873,0.25393013835362427,0.897,0.009612023720320294
250,5,0.05,fixed_switch,correct,known,gcomp,-0.0007982537094114269,0.0011828923934430195,0.03739615473595486,,
250,5,0.05,fixed_switch,correct,known,dr,0.00454101333971493,0.00443150328729532,0.1401399442203235,0.919,0.008627803892068941
250,5,0.05,fixed_switch,misspecified,known,ipw,0.0060663024992262966,0.008031701149920873,0.25393013835362427,0.897,0.009612023720320294
250,5,0.05,fixed_switch,misspecified,known,gcomp,-0.05297439140588187,0.0011691399850958567,0.06458953135972394,,
250,5,0.05,fixed_switch,misspecified,known,dr,0.004409872722428593,0.004508734408553566,0.1425756089179914,0.94,0.007509993342207438
250,5,0.05,fixed_switch,correct,misspecified,ipw,0.33169722290036313,0.01038045494181934,0.4665502530640784,0.905,0.009272270487857868
250,5,0.05,fixed_switch,correct,misspecified,gcomp,-0.0007982537094114269,0.0011828923934430195,0.03739615473595486,,
250,5,0.05,fixed_switch,correct,misspecified,dr,0.009039931714719656,0.006295739525721586,0.199194428147386,0.931,0.008014923580421711
250,5,0.05,fixed_switch,misspecified,misspecified,ipw,0.33169722290036313,0.01038045494181934,0.4665502530640784,0.905,0.009272270487857868
250,5,0.05,fixed_switch,misspecified,misspecified,gcomp,-0.05297439140588187,0.0011691399850958567,0.06458953135972394,,
250,5,0.05,fixed_switch,misspecified,misspecified,dr,-0.0047862819479505105,0.006395947049974273,0.202213102993584,0.94,0.007509993342207438
250,5,0.05,failure_escalation,correct,known,ipw,-0.0010446369884988466,0.004162879011055054,0.13158010246788743,0.927,0.008226238508577293
250,5,0.05,failure_escalation,correct,known,gcomp,-0.0007779750893286755,0.0013245448682662976,0.04187206627552728,,
250,5,0.05,failure_escalation,correct,known,dr,-0.0014164625114068436,0.0030105827781924726,0.0951659152308797,0.946,0.0071473071852271785
250,5,0.05,failure_escalation,misspecified,known,ipw,-0.0010446369884988466,0.004162879011055054,0.13158010246788743,0.927,0.008226238508577293
250,5,0.05,failure_escalation,misspecified,known,gcomp,0.011707855267713832,0.001085671066176674,0.036257093888493006,,
250,5,0.05,failure_escalation,misspecified,known,dr,-0.0013962849072799305,0.0029843142543467555,0.09433543898594435,0.952,0.006759881655768837
250,5,0.05,failure_escalation,correct,misspecified,ipw,1.3355515729863392,0.015767351318460757,1.4255029857346673,0.161,0.011622349160131096
250,5,0.05,failure_escalation,correct,misspecified,gcomp,-0.0007779750893286755,0.0013245448682662976,0.04187206627552728,,
250,5,0.05,failure_escalation,correct,misspecified,dr,-0.011552205544661963,0.010041383212753989,0.31758778455963693,0.97,0.0053944415837044735
250,5,0.05,failure_escalation,misspecified,misspecified,ipw,1.3355515729863392,0.015767351318460757,1.4255029857346673,0.161,0.011622349160131096
250,5,0.05,failure_escalation,misspecified,misspecified,gcomp,0.011707855267713832,0.001085671066176674,0.036257093888493006,,
250,5,0.05,failure_escalation,misspecified,misspecified,dr,-0.15318812670384488,0.010379966662119492,0.36208088372881353,0.947,0.007084560677981384
250,5,0.05,soft_escalation,correct,known,ipw,-0.001078545833858331,0.002506278049858127,0.07922317523713114,0.929,0.008121514637061239
250,5,0.05,soft_escalation,correct,known,gcomp,-0.0007281974589422484,0.0012131029772386142,0.03834941311273243,,
250,5,0.05,soft_escalation,correct,known,dr,-0.0008112515146361175,0.001917342410957458,0.06060679704418723,0.934,0.007851369307324675
250,5,0.05,soft_escalation,misspecified,known,ipw,-0.001078545833858331,0.002506278049858127,0.07922317523713114,0.929,0.008121514637061239
250,5,0.05,soft_escalation,misspecified,known,gcomp,0.015393936879558484,0.0010752223837942742,0.03730844896386688,,
250,5,0.05,soft_escalation,misspecified,known,dr,-0.0007698227354032322,0.001901871082047095,0.06011729473419612,0.938,0.00762600813007697
250,5,0.05,soft_escalation,correct,misspecified,ipw,0.9518636367503099,0.00925583248550985,0.9958057780171522,0.028,0.005216895628628198
250,5,0.05,soft_escalation,correct,misspecified,gcomp,-0.0007281974589422484,0.0012131029772386142,0.03834941311273243,,
250,5,0.05,soft_escalation,correct,misspecified,dr,-0.006183496010168023,0.0057186475212025615,0.18085480962692754,0.978,0.004638534251247911
250,5,0.05,soft_escalation,misspecified,misspecified,ipw,0.9518636367503099,0.00925583248550985,0.9958057780171522,0.028,0.005216895628628198
250,5,0.05,soft_escalation,misspecified,misspecified,gcomp,0.015393936879558484,0.0010752223837942742,0.03730844896386688,,
250,5,0.05,soft_escalation,misspecified,misspecified,dr,-0.09187588785111751,0.005985670475961903,0.2103178584052869,0.951,0.006826346021115546
250,5,0.2,always_small,correct,known,ipw,0.01643466626738792,0.017707511764202096,0.5599218830888795,0.602,0.015478888849009803
250,5,0.2,always_small,correct,known,gcomp,0.0009137348430951316,0.0021288192721551414,0.06729171221903282,,
250,5,0.2,always_small,correct,known,dr,0.014323693995283156,0.016104856639302237,0.5092270703475764,0.896,0.009653186002558947
250,5,0.2,always_small,misspecified,known,ipw,0.01643466626738792,0.017707511764202096,0.5599218830888795,0.602,0.015478888849009803
250,5,0.2,always_small,misspecified,known,gcomp,0.13160026091191282,0.0016405983382629674,0.14144787031513492,,
250,5,0.2,always_small,misspecified,known,dr,0.025649060603678855,0.017632171570158037,0.5578892857145233,0.734,0.013972973913952606
250,5,0.2,always_small,correct,misspecified,ipw,0.005966982759063403,0.006163146676248502,0.19488970588321736,0.919,0.008627803892068941
250,5,0.2,always_small,correct,misspecified,gcomp,0.0009137348430951316,0.0021288192721551414,0.06729171221903282,,
250,5,0.2,always_small,correct,misspecified,dr,0.0003364406653222556,0.00441129851081356,0.13942814704813267,0.901,0.009444522221901962
250,5,0.2,always_small,misspecified,misspecified,ipw,0.005966982759063403,0.006163146676248502,0.19488970588321736,0.919,0.008627803892068941
250,5,0.2,always_small,misspecified,misspecified,gcomp,0.13160026091191282,0.0016405983382629674,0.14144787031513492,,
250,5,0.2,always_small,misspecified,misspecified,dr,0.11286261211483588,0.004343555595182238,0.17772331852239984,0.782,0.013056645817360598
250,5,0.2,always_large,correct,known,ipw,0.0024278991551794633,0.01349443146894526,0.4265248828423704,0.723,0.014151713677148785
250,5,0.2,always_large,correct,known,gcomp,-0.0005047878333221563,0.0012051928319706238,0.03809582763542234,,
250,5,0.2,always_large,correct,known,dr,0.01654343964162024,0.005438727081335386,0.17269585376656155,0.921,0.008529888627643386
250,5,0.2,always_large,misspecified,known,ipw,0.0024278991551794633,0.01349443146894526,0.4265248828423704,0.723,0.014151713677148785
250,5,0.2,always_large,misspecified,known,gcomp,-0.05758564077604457,0.0011801432841422605,0.06861086981319084,,
250,5,0.2,always_large,misspecified,known,dr,0.01652702402381575,0.005682111319325619,0.1803531124745201,0.945,0.007209368904418752
250,5,0.2,always_large,correct,misspecified,ipw,0.24605317321807962,0.009836157066292218,0.39647875087780415,0.942,0.007391616873188169
250,5,0.2,always_large,correct,misspecified,gcomp,-0.0005047878333221563,0.0012051928319706238,0.03809582763542234,,
250,5,0.2,always_large,correct,misspecified,dr,0.010891882322887333,0.006674866401120385,0.21125321472552464,0.967,0.005648982209212561
250,5,0.2,always_large,misspecified,misspecified,ipw,0.24605317321807962,0.009836157066292218,0.39647875087780415,0.942,0.007391616873188169
250,5,0.2,always_large,misspecified,misspecified,gcomp,-0.05758564077604457,0.0011801432841422605,0.06861086981319084,,
250,5,0.2,always_large,misspecified,misspecified,dr,0.00582307589014029,0.006892148804457596,0.21791769464746505,0.965,0.005811626278418119
250,5,0.2,fixed_switch,correct,known,ipw,0.005854846769893916,0.00807484538746209,0.2552884723877781,0.895,0.009694070352540258
250,5,0.2,fixed_switch,correct,known,gcomp,-0.0006013960294708968,0.0011887436589951325,0.03757738751561367,,
250,5,0.2,fixed_switch,correct,known,dr,0.004107327538858457,0.004481553147562238,0.14170781360010476,0.925,0.00832916562447884
250,5,0.2,fixed_switch,misspecified,known,ipw,0.005854846769893916,0.00807484538746209,0.2552884723877781,0.895,0.009694070352540258
250,5,0.2,fixed_switch,misspecified,known,gcomp,-0.051027511093761004,0.0011801432841422603,0.06320721732016746,,
250,5,0.2,fixed_switch,misspecified,known,dr,0.00390762507456965,0.004558933485703993,0.14414700893972612,0.938,0.00762600813007697
250,5,0.2,fixed_switch,correct,misspecified,ipw,0.31229242290036313,0.010342778048056419,0.45209804478075954,0.915,0.008819013550278736
250,5,0.2,fixed_switch,correct,misspecified,gcomp,-0.0006013960294708968,0.0011887436589951325,0.03757738751561367,,
250,5,0.2,fixed_switch,correct,misspecified,dr,0.007408858212381156,0.0061711448642412375,0.19519179564348169,0.934,0.007851369307324675
250,5,0.2,fixed_switch,misspecified,misspecified,ipw,0.31229242290036313,0.010342778048056419,0.45209804478075954,0.915,0.008819013550278736
250,5,0.2,fixed_switch,misspecified,misspecified,gcomp,-0.051027511093761004,0.0011801432841422603,0.06320721732016746,,
250,5,0.2,fixed_switch,misspecified,misspecified,dr,-0.003806048086598109,0.006280141493027211,0.19853267488579077,0.94,0.007509993342207438
250,5,0.2,failure_escalation,correct,known,ipw,-0.0005201784542224761,0.004216640937918341,0.13327622190080932,0.921,0.008529888627643386
250,5,0.2,failure_escalation,correct,known,gcomp,-0.0007542211785844742,0.0013316045568948958,0.042094730962835884,,
250,5,0.2,failure_escalation,correct,known,dr,-0.001584913432230963,0.0030481607977864197,0.09635613584770017,0.941,0.007451107300260817
250,5,0.2,failure_escalation,misspecified,known,ipw,-0.0005201784542224761,0.004216640937918341,0.13327622190080932,0.921,0.008529888627643386
250,5,0.2,failure_escalation,misspecified,known,gcomp,0.008670254810600938,0.001066796193497806,0.03481507407465473,,
250,5,0.2,failure_escalation,misspecified,known,dr,-0.0017666818449615072,0.0030185081638067126,0.095422226489294,0.953,0.00669260786241059
250,5,0.2,failure_escalation,correct,misspecified,ipw,1.284446292986339,0.01565994237263115,1.3765140176857489,0.188,0.012355403676124872
250,5,0.2,failure_escalation,correct,misspecified,gcomp,-0.0007542211785844742,0.0013316045568948958,0.042094730962835884,,
250,5,0.2,failure_escalation,correct,misspecified,dr,-0.012249969151877652,0.00997276077171121,0.3154466091061911,0.965,0.005811626278418119
250,5,0.2,failure_escalation,misspecified,misspecified,ipw,1.284446292986339,0.01565994237263115,1.3765140176857489,0.188,0.012355403676124872
250,5,0.2,failure_escalation,misspecified,misspecified,gcomp,0.008670254810600938,0.001066796193497806,0.03481507407465473,,
250,5,0.2,failure_escalation,misspecified,misspecified,dr,-0.13655013729386634,0.010272514731588038,0.3522285825238439,0.943,0.007331507348424336
250,5,0.2,soft_escalation,correct,known,ipw,-0.0008194509636459757,0.0025349305270158133,0.08012564136343428,0.925,0.00832916562447884
250,5,0.2,soft_escalation,correct,known,gcomp,-0.0007244619348047245,0.0012195113026801146,0.03855185410122536,,
250,5,0.2,soft_escalation,correct,known,dr,-0.0009248001962478955,0.0019315705026514377,0.0610580780692399,0.933,0.007906389820898028
250,5,0.2,soft_escalation,misspecified,known,ipw,-0.0008194509636459757,0.0025349305270158133,0.08012564136343428,0.925,0.00832916562447884
250,5,0.2,soft_escalation,misspecified,known,gcomp,0.012138891113214643,0.0010549421811352321,0.03548440192523052,,
250,5,0.2,soft_escalation,misspecified,known,dr,-0.0009209223509475845,0.0019146572334833819,0.060523503759985525,0.938,0.00762600813007697
250,5,0.2,soft_escalation,correct,misspecified,ipw,0.9167134822287101,0.009191493684413165,0.9616458189449709,0.041,0.006270486424512854
250,5,0.2,soft_escalation,correct,misspecified,gcomp,-0.0007244619348047245,0.0012195113026801146,0.03855185410122536,,
250,5,0.2,soft_escalation,correct,misspecified,dr,-0.006834179500381295,0.005700319704271706,0.18029935411870116,0.969,0.005480784615363026
250,5,0.2,soft_escalation,misspecified,misspecified,ipw,0.9167134822287101,0.009191493684413165,0.9616458189449709,0.041,0.006270486424512854
250,5,0.2,soft_escalation,misspecified,misspecified,gcomp,0.012138891113214643,0.0010549421811352321,0.03548440192523052,,
250,5,0.2,soft_escalation,misspecified,misspecified,dr,-0.08285989718279467,0.005938687893894684,0.20517921056562596,0.953,0.00669260786241059
250,5,0.5,always_small,correct,known,ipw,0.0016149827590634027,0.0062238547630959476,0.19672376550206658,0.913,0.008912407082264588
250,5,0.5,always_small,correct,known,gcomp,0.0011444747731491384,0.0013750261250720657,0.0434754640031874,,
250,5,0.5,always_small,correct,known,dr,-0.005355753946160936,0.004707243225375118,0.14887801968184866,0.932,0.00796090447122687
250,5,0.5,always_small,misspecified,known,ipw,0.0016149827590634027,0.0062238547630959476,0.19672376550206658,0.913,0.008912407082264588
250,5,0.5,always_small,misspecified,known,gcomp,0.06957775635058545,0.001310425858243752,0.08097260581706231,,
250,5,0.5,always_small,misspecified,known,dr,-0.005090446417027688,0.004916331764664416,0.15547366448036373,0.942,0.007391616873188169
250,5,0.5,always_small,correct,misspecified,ipw,0.0016149827590634027,0.0062238547630959476,0.19672376550206658,0.913,0.008912407082264588
250,5,0.5,always_small,correct,misspecified,gcomp,0.0011444747731491384,0.0013750261250720657,0.0434754640031874,,
250,5,0.5,always_small,correct,misspecified,dr,-0.005355753946160936,0.004707243225375118,0.14887801968184866,0.932,0.00796090447122687
250,5,0.5,always_small,misspecified,misspecified,ipw,0.0016149827590634027,0.0062238547630959476,0.19672376550206658,0.913,0.008912407082264588
250,5,0.5,always_small,misspecified,misspecified,gcomp,0.06957775635058545,0.001310425858243752,0.08097260581706231,,
250,5,0.5,always_small,misspecified,misspecified,dr,-0.005090446417027688,0.004916331764664416,0.15547366448036373,0.942,0.007391616873188169
250,5,0.5,always_large,correct,known,ipw,0.004752853218079675,0.00832782417582789,0.2632601231894276,0.917,0.008724161850859943
250,5,0.5,always_large,correct,known,gcomp,-0.0001959078874487195,0.0013521765113511913,0.0427386396184108,,
250,5,0.5,always_large,correct,known,dr,0.007162233226019836,0.0045957525639831465,0.1454342403717646,0.932,0.00796090447122687
250,5,0.5,always_large,misspecified,known,ipw,0.004752853218079675,0.00832782417582789,0.2632601231894276,0.917,0.008724161850859943
250,5,0.5,always_large,misspecified,known,gcomp,-0.04953293487777195,0.00129692748617106,0.06429502718785642,,
250,5,0.5,always_large,misspecified,known,dr,0.007837437605825677,0.00469765414149394,0.14868527804354834,0.947,0.007084560677981384
250,5,0.5,always_large,correct,misspecified,ipw,0.004752853218079675,0.00832782417582789,0.2632601231894276,0.917,0.008724161850859943
250,5,0.5,always_large,correct,misspecified,gcomp,-0.0001959078874487195,0.0013521765113511913,0.0427386396184108,,
250,5,0.5,always_large,correct,misspecified,dr,0.007162233226019836,0.0045957525639831465,0.1454342403717646,0.932,0.00796090447122687
250,5,0.5,always_large,misspecified,misspecified,ipw,0.004752853218079675,0.00832782417582789,0.2632601231894276,0.917,0.008724161850859943
250,5,0.5,always_large,misspecified,misspecified,gcomp,-0.04953293487777195,0.00129692748617106,0.06429502718785642,,
250,5,0.5,always_large,misspecified,misspecified,dr,0.007837437605825677,0.00469765414149394,0.14868527804354834,0.947,0.007084560677981384
250,5,0.5,fixed_switch,correct,known,ipw,0.0020556229003632,0.008597453192681582,0.27174714494260815,0.914,0.008865889690267975
250,5,0.5,fixed_switch,correct,known,gcomp,-0.0003188563057892106,0.001330216777540112,0.04204531921531447,,
250,5,0.5,fixed_switch,correct,known,dr,0.0007485669025981812,0.004865111140726001,0.1537732013636066,0.918,0.008676174272108645
250,5,0.5,fixed_switch,misspecified,known,ipw,0.0020556229003632,0.008597453192681582,0.27174714494260815,0.914,0.008865889690267975
250,5,0.5,fixed_switch,misspecified,known,gcomp,-0.04297480519548839,0.00129692748617106,0.05939000559918961,,
250,5,0.5,fixed_switch,misspecified,known,dr,-0.0006115951458307314,0.00493405937092885,0.15595182263313678,0.935,0.0077958322198467015
250,5,0.5,fixed_switch,correct,misspecified,ipw,0.0020556229003632,0.008597453192681582,0.27174714494260815,0.914,0.008865889690267975
250,5,0.5,fixed_switch,correct,misspecified,gcomp,-0.0003188563057892106,0.001330216777540112,0.04204531921531447,,
250,5,0.5,fixed_switch,correct,misspecified,dr,0.0007485669025981812,0.004865111140726001,0.1537732013636066,0.918,0.008676174272108645
250,5,0.5,fixed_switch,misspecified,misspecified,ipw,0.0020556229003632,0.008597453192681582,0.27174714494260815,0.914,0.008865889690267975
250,5,0.5,fixed_switch,misspecified,misspecified,gcomp,-0.04297480519548839,0.00129692748617106,0.05939000559918961,,
250,5,0.5,fixed_switch,misspecified,misspecified,dr,-0.0006115951458307314,0.00493405937092885,0.15595182263313678,0.935,0.0077958322198467015
250,5,0.5,failure_escalation,correct,known,ipw,0.005761812986339037,0.007914180638122333,0.2502095509898596,0.915,0.008819013550278736
250,5,0.5,failure_escalation,correct,known,gcomp,-0.0004987748802728701,0.001426404036155828,0.04508705603905034,,
250,5,0.5,failure_escalation,correct,known,dr,-0.0015306402146942643,0.005476358311298469,0.17309781255937617,0.95,0.006892024376045114
250,5,0.5,failure_escalation,misspecified,known,ipw,0.005761812986339037,0.007914180638122333,0.2502095509898596,0.915,0.008819013550278736
250,5,0.5,failure_escalation,misspecified,known,gcomp,-0.018905454250223466,0.001031694372401517,0.037692772320090856,,
250,5,0.5,failure_escalation,misspecified,known,dr,0.00020192691301287868,0.005640101541498209,0.17826658528027695,0.955,0.00655553201502365
250,5,0.5,failure_escalation,correct,misspecified,ipw,0.005761812986339037,0.007914180638122333,0.2502095509898596,0.915,0.008819013550278736
250,5,0.5,failure_escalation,correct,misspecified,gcomp,-0.0004987748802728701,0.001426404036155828,0.04508705603905034,,
250,5,0.5,failure_escalation,correct,misspecified,dr,-0.0015306402146942643,0.005476358311298469,0.17309781255937617,0.95,0.006892024376045114
250,5,0.5,failure_escalation,misspecified,misspecified,ipw,0.005761812986339037,0.007914180638122333,0.2502095509898596,0.915,0.008819013550278736
250,5,0.5,failure_escalation,misspecified,misspecified,gcomp,-0.018905454250223466,0.001031694372401517,0.037692772320090856,,
250,5,0.5,failure_escalation,misspecified,misspecified,dr,0.00020192691301287868,0.005640101541498209,0.17826658528027695,0.955,0.00655553201502365
250,5,0.5,soft_escalation,correct,known,ipw,0.0017925898895097946,0.00470562066763426,0.14874117244499252,0.912,0.008958571314668425
250,5,0.5,soft_escalation,correct,known,gcomp,-0.0004959382962316505,0.0012970158227137254,0.04099772858487481,,
250,5,0.5,soft_escalation,correct,known,dr,-0.0010756951866429457,0.003358190239003046,0.10614763944520185,0.937,0.007683163410991592
250,5,0.5,soft_escalation,misspecified,known,ipw,0.0017925898895097946,0.00470562066763426,0.14874117244499252,0.912,0.008958571314668425
250,5,0.5,soft_escalation,misspecified,known,gcomp,-0.015306768674280456,0.0010092043127631035,0.035380390314447945,,
250,5,0.5,soft_escalation,misspecified,known,dr,4.862654738210714e-05,0.0034344155836462725,0.10855145118943497,0.95,0.006892024376045114
250,5,0.5,soft_escalation,correct,misspecified,ipw,0.0017925898895097946,0.00470562066763426,0.14874117244499252,0.912,0.008958571314668425
250,5,0.5,soft_escalation,correct,misspecified,gcomp,-0.0004959382962316505,0.0012970158227137254,0.04099772858487481,,
250,5,0.5,soft_escalation,correct,misspecified,dr,-0.0010756951866429457,0.003358190239003046,0.10614763944520185,0.937,0.007683163410991592
250,5,0.5,soft_escalation,misspecified,misspecified,ipw,0.0017925898895097946,0.00470562066763426,0.14874117244499252,0.912,0.008958571314668425
250,5,0.5,soft_escalation,misspecified,misspecified,gcomp,-0.015306768674280456,0.0010092043127631035,0.035380390314447945,,
250,5,0.5,soft_escalation,misspecified,misspecified,dr,4.862654738210714e-05,0.0034344155836462725,0.10855145118943497,0.95,0.006892024376045114
4000,10,0.05,always_small,correct,known,ipw,-0.2070306518582711,0.02270313358680227,0.7468457224851661,0.042,0.0063431853196954605
4000,10,0.05,always_small,correct,known,gcomp,0.0007526580415758828,0.0009870800789026038,0.031207679330763332,,
4000,10,0.05,always_small,correct,known,dr,-0.1939624062097708,0.11952778578090015,3.782885948205914,0.647,0.015112610628213776
4000,10,0.05,always_small,misspecified,known,ipw,-0.2070306518582711,0.02270313358680227,0.7468457224851661,0.042,0.0063431853196954605
4000,10,0.05,always_small,misspecified,known,gcomp,0.1689190551777542,0.0006330348530222788,0.17009991062361254,,
4000,10,0.05,always_small,misspecified,known,dr,0.044879755133924774,0.09126984504924288,2.885111544311307,0.06,0.007509993342207435
4000,10,0.05,always_small,correct,misspecified,ipw,-0.296089356622481,0.0017383532944071458,0.3011440808136775,0.042,0.0063431853196954605
4000,10,0.05,always_small,correct,misspecified,gcomp,0.0007526580415758828,0.0009870800789026038,0.031207679330763332,,
4000,10,0.05,always_small,correct,misspecified,dr,0.0011595250996067844,0.0014624893193891392,0.04623938400081254,0.415,0.015581238718407466
4000,10,0.05,always_small,misspecified,misspecified,ipw,-0.296089356622481,0.0017383532944071458,0.3011440808136775,0.042,0.0063431853196954605
4000,10,0.05,always_small,misspecified,misspecified,gcomp,0.1689190551777542,0.0006330348530222788,0.17009991062361254,,
4000,10,0.05,always_small,misspecified,misspecified,dr,0.16945329129503992,0.001178373519267564,0.17349810810922917,0.022,0.0046385342512479085
4000,10,0.05,always_large,correct,known,ipw,0.00044733996559271873,0.008350542743503128,0.2639356600764787,0.798,0.01269629867323544
4000,10,0.05,always_large,correct,known,gcomp,-8.323932740266576e-06,0.0002450851346975634,0.007746400829696933,,
4000,10,0.05,always_large,correct,known,dr,-0.006886447293201586,0.004307885249895285,0.136333197011077,0.936,0.007739767438366605
4000,10,0.05,always_large,misspecified,known,ipw,0.00044733996559271873,0.008350542743503128,0.2639356600764787,0.798,0.01269629867323544
4000,10,0.05,always_large,misspecified,known,gcomp,-0.024214498871116936,0.00024643191547343103,0.02543638959943537,,
4000,10,0.05,always_large,misspecified,known,dr,-0.006871019850746437,0.004320755702174319,0.1367386990643957,0.966,0.005730968504537434
4000,10,0.05,always_large,correct,misspecified,ipw,9.464624512959563,0.050221624587984424,9.596812311178915,0.0,0.0
4000,10,0.05,always_large,correct,misspecified,gcomp,-8.323932740266576e-06,0.0002450851346975634,0.007746400829696933,,
4000,10,0.05,always_large,correct,misspecified,dr,0.02882564594313309,0.03448408564520617,1.09031826935403,0.959,0.006270486424512857
4000,10,0.05,always_large,misspecified,misspecified,ipw,9.464624512959563,0.050221624587984424,9.596812311178915,0.0,0.0
4000,10,0.05,always_large,misspecified,misspecified,gcomp,-0.024214498871116936,0.00024643191547343103,0.02543638959943537,,
4000,10,0.05,always_large,misspecified,misspecified,dr,0.2868820895557145,0.03532542325990873,1.1527961555587618,0.96,0.00619677335393187
4000,10,0.05,fixed_switch,correct,known,ipw,0.03076205901106852,0.014047772642535575,0.44507177013910354,0.785,0.012991343271578961
4000,10,0.05,fixed_switch,correct,known,gcomp,-4.9025936491481905e-06,0.0002449993832769726,0.007743687567542695,,
4000,10,0.05,fixed_switch,correct,known,dr,0.019424367363211424,0.010073594360923168,0.31898766761825703,0.922,0.008480330182251158
4000,10,0.05,fixed_switch,misspecified,known,ipw,0.03076205901106852,0.014047772642535575,0.44507177013910354,0.785,0.012991343271578961
4000,10,0.05,fixed_switch,misspecified,known,gcomp,-0.023650665550344632,0.00024643191547343103,0.02490023978296592,,
4000,10,0.05,fixed_switch,misspecified,known,dr,0.020725804801274065,0.01025065322098129,0.32465423845996194,0.974,0.005032295698784007
4000,10,0.05,fixed_switch,correct,misspecified,ipw,1.8510734662803334,0.023362983946380252,1.9929265333742312,0.234,0.013388203763014663
4000,10,0.05,fixed_switch,correct,misspecified,gcomp,-4.9025936491481905e-06,0.0002449993832769726,0.007743687567542695,,
4000,10,0.05,fixed_switch,correct,misspecified,dr,0.02216348880823372,0.010697445988385885,0.33883939493499204,0.88,0.010276186062932104
4000,10,0.05,fixed_switch,misspecified,misspecified,ipw,1.8510734662803334,0.023362983946380252,1.9929265333742312,0.234,0.013388203763014663
4000,10,0.05,fixed_switch,misspecified,misspecified,gcomp,-0.023650665550344632,0.00024643191547343103,0.02490023978296592,,
4000,10,0.05,fixed_switch,misspecified,misspecified,dr,0.047855605505951686,0.010908895648417608,0.34810222527605,0.873,0.010529529904036551
4000,10,0.05,failure_escalation,correct,known,ipw,-0.0077780180428161285,0.01010399058502728,0.319451142870474,0.77,0.013307892395116514
4000,10,0.05,failure_escalation,correct,known,gcomp,0.00024195817501358017,0.00041061192203849895,0.012980450382328267,,
4000,10,0.05,failure_escalation,correct,known,dr,0.008625478824158778,0.006516237258503469,0.20613899569476343,0.967,0.005648982209212561
4000,10,0.05,failure_escalation,misspecified,known,ipw,-0.0077780180428161285,0.01010399058502728,0.319451142870474,0.77,0.013307892395116514
4000,10,0.05,failure_escalation,misspecified,known,gcomp,0.04410066337263935,0.000375643690571691,0.045670949015658824,,
4000,10,0.05,failure_escalation,misspecified,known,dr,0.0084824797784941,0.006672614153085502,0.21107157155693315,0.967,0.005648982209212561
4000,10,0.05,failure_escalation,correct,misspecified,ipw,2.315499395469465,0.03210446900758688,2.5280830057077446,0.348,0.015063067416698366
4000,10,0.05,failure_escalation,correct,misspecified,gcomp,0.00024195817501358017,0.00041061192203849895,0.012980450382328267,,
4000,10,0.05,failure_escalation,correct,misspecified,dr,0.0063243817929165835,0.02415690448550342,0.7635525365634483,0.968,0.005565608681896351
4000,10,0.05,failure_escalation,misspecified,misspecified,ipw,2.315499395469465,0.03210446900758688,2.5280830057077446,0.348,0.015063067416698366
4000,10,0.05,failure_escalation,misspecified,misspecified,gcomp,0.04410066337263935,0.000375643690571691,0.045670949015658824,,
4000,10,0.05,failure_escalation,misspecified,misspecified,dr,-1.113749339429159,0.024645697021512147,1.3591322828824959,0.737,0.013922320208930694
4000,10,0.05,soft_escalation,correct,known,ipw,-0.0009201206069698319,0.0039015561424181125,0.12331976651794081,0.836,0.011709141727727102
4000,10,0.05,soft_escalation,correct,known,gcomp,0.00026929179047074556,0.00037790976525018977,0.011947614529653901,,
4000,10,0.05,soft_escalation,correct,known,dr,0.0038671947374895365,0.0025890616030932144,0.0819236958380459,0.954,0.006624499981130654
4000,10,0.05,soft_escalation,misspecified,known,ipw,-0.0009201206069698319,0.0039015561424181125,0.12331976651794081,0.836,0.011709141727727102
4000,10,0.05,soft_escalation,misspecified,known,gcomp,0.04809212503518584,0.00036743215677017063,0.0494744769940916,,
4000,10,0.05,soft_escalation,misspecified,known,dr,0.004059035736093622,0.0026338073710310294,0.08334554635693843,0.954,0.006624499981130654
4000,10,0.05,soft_escalation,correct,misspecified,ipw,1.3070076214841255,0.011460288218435654,1.356272756661121,0.007,0.0026364749192814255
4000,10,0.05,soft_escalation,correct,misspecified,gcomp,0.00026929179047074556,0.00037790976525018977,0.011947614529653901,,
4000,10,0.05,soft_escalation,correct,misspecified,dr,0.001136295428059457,0.00858966282575013,0.27149551804756084,0.966,0.005730968504537434
4000,10,0.05,soft_escalation,misspecified,misspecified,ipw,1.3070076214841255,0.011460288218435654,1.356272756661121,0.007,0.0026364749192814255
4000,10,0.05,soft_escalation,misspecified,misspecified,gcomp,0.04809212503518584,0.00036743215677017063,0.0494744769940916,,
4000,10,0.05,soft_escalation,misspecified,misspecified,dr,-0.5474807586326963,0.008778310798358498,0.6137726474885773,0.531,0.01578096955196353
4000,10,0.2,always_small,correct,known,ipw,-0.12375013134280394,0.04688067487203988,1.4869142456069269,0.063,0.007683163410991596
4000,10,0.2,always_small,correct,known,gcomp,2.282593737348404e-05,0.0005642855948201061,0.017835367540714617,,
4000,10,0.2,always_small,correct,known,dr,-0.17730574707730298,0.1338878165042454,4.235499827507121,0.827,0.011961229033840963
4000,10,0.2,always_small,misspecified,known,ipw,-0.12375013134280394,0.04688067487203988,1.4869142456069269,0.063,0.007683163410991596
4000,10,0.2,always_small,misspecified,known,gcomp,0.10889138191316983,0.00048207874522976916,0.10995226496823753,,
4000,10,0.2,always_small,misspecified,known,dr,-0.2524079261344987,0.24518549877875315,7.753678007484583,0.113,0.01001154333756789
4000,10,0.2,always_small,correct,misspecified,ipw,-0.29071335662248093,0.002061393641142745,0.29792507467265966,0.063,0.007683163410991596
4000,10,0.2,always_small,correct,misspecified,gcomp,2.282593737348404e-05,0.0005642855948201061,0.017835367540714617,,
4000,10,0.2,always_small,correct,misspecified,dr,0.0001840460303525395,0.00155360721931653,0.0491051480953048,0.639,0.01518812035770062
4000,10,0.2,always_small,misspecified,misspecified,ipw,-0.29071335662248093,0.002061393641142745,0.29792507467265966,0.063,0.007683163410991596
4000,10,0.2,always_small,misspecified,misspecified,gcomp,0.10889138191316983,0.00048207874522976916,0.10995226496823753,,
4000,10,0.2,always_small,misspecified,misspecified,dr,0.10737817359866624,0.001466910119963202,0.11696044476717635,0.074,0.00827792244467173
4000,10,0.2,always_large,correct,known,ipw,0.002503450614744441,0.008683371832504548,0.2744664145212166,0.796,0.012742998077375669
4000,10,0.2,always_large,correct,known,gcomp,-1.0738428025818842e-05,0.00025442310465987613,0.00804154838214768,,
4000,10,0.2,always_large,correct,known,dr,-0.007254852128547781,0.0045095913574296626,0.14271899199546076,0.933,0.007906389820898028
4000,10,0.2,always_large,misspecified,known,ipw,0.002503450614744441,0.008683371832504548,0.2744664145212166,0.796,0.012742998077375669
4000,10,0.2,always_large,misspecified,known,gcomp,-0.022940208424017415,0.00025584564233870234,0.024323747619319665,,
4000,10,0.2,always_large,misspecified,known,dr,-0.007569153257551928,0.004517877045887247,0.1429968316774516,0.954,0.006624499981130654
4000,10,0.2,always_large,correct,misspecified,ipw,6.123180752959561,0.04146954350812319,6.261896346087803,0.001,0.0009994998749374609
4000,10,0.2,always_large,correct,misspecified,gcomp,-1.0738428025818842e-05,0.00025442310465987613,0.00804154838214768,,
4000,10,0.2,always_large,correct,misspecified,dr,0.029760319927984148,0.028016353519631783,0.8860117522441014,0.968,0.005565608681896351
4000,10,0.2,always_large,misspecified,misspecified,ipw,6.123180752959561,0.04146954350812319,6.261896346087803,0.001,0.0009994998749374609
4000,10,0.2,always_large,misspecified,misspecified,gcomp,-0.022940208424017415,0.00025584564233870234,0.024323747619319665,,
4000,10,0.2,always_large,misspecified,misspecified,dr,0.3881176683090316,0.028549940725369816,0.9823030798894745,0.942,0.007391616873188169
4000,10,0.2,fixed_switch,correct,known,ipw,0.027278958351342576,0.013736988973493857,0.43504057599328383,0.791,0.012857643641040918
4000,10,0.2,fixed_switch,correct,known,gcomp,-7.632847114656227e-06,0.00025427052169127293,0.008036722152924414,,
4000,10,0.2,fixed_switch,correct,known,dr,0.015056256512143035,0.010031914102615131,0.31743558735883026,0.941,0.007451107300260817
4000,10,0.2,fixed_switch,misspecified,known,ipw,0.027278958351342576,0.013736988973493857,0.43504057599328383,0.791,0.012857643641040918
4000,10,0.2,fixed_switch,misspecified,known,gcomp,-0.02237637510324511,0.0002558456423387024,0.023792723645520854,,
4000,10,0.2,fixed_switch,misspecified,known,dr,0.017523334475781124,0.010200434060602639,0.3228805869370716,0.97,0.0053944415837044735
4000,10,0.2,fixed_switch,correct,misspecified,ipw,1.6406107462803334,0.022291628774247486,1.7855036873403431,0.326,0.01482309009619789
4000,10,0.2,fixed_switch,correct,misspecified,gcomp,-7.632847114656227e-06,0.00025427052169127293,0.008036722152924414,,
4000,10,0.2,fixed_switch,correct,misspecified,dr,0.025913566689015587,0.010154684881623605,0.3220031371874752,0.845,0.011444430960078356
4000,10,0.2,fixed_switch,misspecified,misspecified,ipw,1.6406107462803334,0.022291628774247486,1.7855036873403431,0.326,0.01482309009619789
4000,10,0.2,fixed_switch,misspecified,misspecified,gcomp,-0.02237637510324511,0.0002558456423387024,0.023792723645520854,,
4000,10,0.2,fixed_switch,misspecified,misspecified,dr,0.05882420459452338,0.010367237578090235,0.3329150378576252,0.845,0.011444430960078356
4000,10,0.2,failure_escalation,correct,known,ipw,-0.010678397069761146,0.010218749923440906,0.3231601078595642,0.78,0.01309961831505025
4000,10,0.2,failure_escalation,correct,known,gcomp,0.0001988284671916639,0.0004018082467654772,0.012701494009011051,,
4000,10,0.2,failure_escalation,correct,known,dr,0.004185770841494265,0.006514461513350919,0.20594487436607622,0.959,0.006270486424512857
4000,10,0.2,failure_escalation,misspecified,known,ipw,-0.010678397069761146,0.010218749923440906,0.3231601078595642,0.78,0.01309961831505025
4000,10,0.2,failure_escalation,misspecified,known,gcomp,0.014865939817894178,0.00031224272211112427,0.01784360357840044,,
4000,10,0.2,failure_escalation,misspecified,known,dr,0.0039162007257146384,0.006912105764237226,0.21850575625834107,0.958,0.006343185319695463
4000,10,0.2,failure_escalation,correct,misspecified,ipw,1.007282355469465,0.025995203110670474,1.299881755322522,0.813,0.012330085157856779
4000,10,0.2,failure_escalation,correct,misspecified,gcomp,0.0001988284671916639,0.0004018082467654772,0.012701494009011051,,
4000,10,0.2,failure_escalation,correct,misspecified,dr,-0.007979512329653302,0.0189656981883677,0.5995011948958072,0.949,0.006956938982052382
4000,10,0.2,failure_escalation,misspecified,misspecified,ipw,1.007282355469465,0.025995203110670474,1.299881755322522,0.813,0.012330085157856779
4000,10,0.2,failure_escalation,misspecified,misspecified,gcomp,0.014865939817894178,0.00031224272211112427,0.01784360357840044,,
4000,10,0.2,failure_escalation,misspecified,misspecified,dr,-0.5126576493805448,0.019309383597215592,0.7970553983744793,0.878,0.010349685985574635
4000,10,0.2,soft_escalation,correct,known,ipw,-0.002767964321535753,0.0039045759331694154,0.12344281725217233,0.849,0.01132249972400088
4000,10,0.2,soft_escalation,correct,known,gcomp,0.00018027225829851686,0.0003629153726934475,0.011472068612791623,,
4000,10,0.2,soft_escalation,correct,known,dr,0.002237413797927526,0.0025381338577705067,0.08025389322010609,0.948,0.007021111023192843
4000,10,0.2,soft_escalation,misspecified,known,ipw,-0.002767964321535753,0.0039045759331694154,0.12344281725217233,0.849,0.01132249972400088
4000,10,0.2,soft_escalation,misspecified,known,gcomp,0.018841274025790312,0.00030298407733948655,0.021135305975666863,,
4000,10,0.2,soft_escalation,misspecified,known,dr,0.0021415647921379077,0.002659417616946844,0.08408338634370542,0.949,0.006956938982052382
4000,10,0.2,soft_escalation,correct,misspecified,ipw,0.6253466048295505,0.009275314529259763,0.6906546201459356,0.388,0.015409607392792329
4000,10,0.2,soft_escalation,correct,misspecified,gcomp,0.00018027225829851686,0.0003629153726934475,0.011472068612791623,,
4000,10,0.2,soft_escalation,correct,misspecified,dr,-0.0038962737632011364,0.006759815909205571,0.21369276301377219,0.954,0.006624499981130654
4000,10,0.2,soft_escalation,misspecified,misspecified,ipw,0.6253466048295505,0.009275314529259763,0.6906546201459356,0.388,0.015409607392792329
4000,10,0.2,soft_escalation,misspecified,misspecified,gcomp,0.018841274025790312,0.00030298407733948655,0.021135305975666863,,
4000,10,0.2,soft_escalation,misspecified,misspecified,dr,-0.27950073012304655,0.006880907394712872,0.3541471414925663,0.767,0.013368283360252356
4000,10,0.5,always_small,correct,known,ipw,-0.0001533566224809686,0.008715885190538862,0.27548268823694466,0.7,0.014491376746189439
4000,10,0.5,always_small,correct,known,gcomp,-0.0004922582436532652,0.0003366163903338771,0.010650802872347808,,
4000,10,0.5,always_small,correct,known,dr,0.003997396929345477,0.0066166517850851795,0.20917045667693263,0.947,0.007084560677981384
4000,10,0.5,always_small,misspecified,known,ipw,-0.0001533566224809686,0.008715885190538862,0.27548268823694466,0.7,0.014491376746189439
4000,10,0.5,always_small,misspecified,known,gcomp,0.06941372143982069,0.00032435857798158546,0.070166715775702,,
4000,10,0.5,always_small,misspecified,known,dr,0.0047182572023979595,0.006977307678798911,0.22058196112377276,0.963,0.005969170796685251
4000,10,0.5,always_small,correct,misspecified,ipw,-0.0001533566224809686,0.008715885190538862,0.27548268823694466,0.7,0.014491376746189439
4000,10,0.5,always_small,correct,misspecified,gcomp,-0.0004922582436532652,0.0003366163903338771,0.010650802872347808,,
4000,10,0.5,always_small,correct,misspecified,dr,0.003997396929345477,0.0066166517850851795,0.20917045667693263,0.947,0.007084560677981384
4000,10,0.5,always_small,misspecified,misspecified,ipw,-0.0001533566224809686,0.008715885190538862,0.27548268823694466,0.7,0.014491376746189439
4000,10,0.5,always_small,misspecified,misspecified,gcomp,0.06941372143982069,0.00032435857798158546,0.070166715775702,,
4000,10,0.5,always_small,misspecified,misspecified,dr,0.0047182572023979595,0.006977307678798911,0.22058196112377276,0.963,0.005969170796685251
4000,10,0.5,always_large,correct,known,ipw,-0.008371277040438756,0.011650451189003732,0.368330501280764,0.91,0.009049861877399012
4000,10,0.5,always_large,correct,known,gcomp,0.00034148705075370253,0.0003108442453027828,0.009830774847327712,,
4000,10,0.5,always_large,correct,known,dr,0.003098579237124859,0.006656223001106289,0.21040579965653203,0.944,0.007270763371201131
4000,10,0.5,always_large,misspecified,known,ipw,-0.008371277040438756,0.011650451189003732,0.368330501280764,0.91,0.009049861877399012
4000,10,0.5,always_large,misspecified,known,gcomp,-0.0486604463293333,0.00030393928072122657,0.04959965467872632,,
4000,10,0.5,always_large,misspecified,known,dr,0.0015655333636585775,0.0068882945343591824,0.2177236870099421,0.966,0.005730968504537434
4000,10,0.5,always_large,correct,misspecified,ipw,-0.008371277040438756,0.011650451189003732,0.368330501280764,0.91,0.009049861877399012
4000,10,0.5,always_large,correct,misspecified,gcomp,0.00034148705075370253,0.0003108442453027828,0.009830774847327712,,
4000,10,0.5,always_large,correct,misspecified,dr,0.003098579237124859,0.006656223001106289,0.21040579965653203,0.944,0.007270763371201131
4000,10,0.5,always_large,misspecified,misspecified,ipw,-0.008371277040438756,0.011650451189003732,0.368330501280764,0.91,0.009049861877399012
4000,10,0.5,always_large,misspecified,misspecified,gcomp,-0.0486604463293333,0.00030393928072122657,0.04959965467872632,,
4000,10,0.5,always_large,misspecified,misspecified,dr,0.0015655333636585775,0.0068882945343591824,0.2177236870099421,0.966,0.005730968504537434
4000,10,0.5,fixed_switch,correct,known,ipw,0.007269946280333386,0.011973075318673487,0.3785023516082304,0.907,0.009184280047995052
4000,10,0.5,fixed_switch,correct,known,gcomp,0.00034562908361936785,0.00031029861827439607,0.009813684666522555,,
4000,10,0.5,fixed_switch,correct,known,dr,0.0060176460557260876,0.006612505437782202,0.20908781648050773,0.94,0.007509993342207438
4000,10,0.5,fixed_switch,misspecified,known,ipw,0.007269946280333386,0.011973075318673487,0.3785023516082304,0.907,0.009184280047995052
4000,10,0.5,fixed_switch,misspecified,known,gcomp,-0.048096613008560975,0.0003039392807212268,0.04904661955909141,,
4000,10,0.5,fixed_switch,misspecified,known,dr,0.006911237598118885,0.006815871377453084,0.2155398147361361,0.963,0.005969170796685251
4000,10,0.5,fixed_switch,correct,misspecified,ipw,0.007269946280333386,0.011973075318673487,0.3785023516082304,0.907,0.009184280047995052
4000,10,0.5,fixed_switch,correct,misspecified,gcomp,0.00034562908361936785,0.00031029861827439607,0.009813684666522555,,
4000,10,0.5,fixed_switch,correct,misspecified,dr,0.0060176460557260876,0.006612505437782202,0.20908781648050773,0.94,0.007509993342207438
4000,10,0.5,fixed_switch,misspecified,misspecified,ipw,0.007269946280333386,0.011973075318673487,0.3785023516082304,0.907,0.009184280047995052
4000,10,0.5,fixed_switch,misspecified,misspecified,gcomp,-0.048096613008560975,0.0003039392807212268,0.04904661955909141,,
4000,10,0.5,fixed_switch,misspecified,misspecified,dr,0.006911237598118885,0.006815871377453084,0.2155398147361361,0.963,0.005969170796685251
4000,10,0.5,failure_escalation,correct,known,ipw,-0.0035739745305347946,0.011281508136790953,0.3565921012986475,0.864,0.010839926199010766
4000,10,0.5,failure_escalation,correct,known,gcomp,0.0003164496270764577,0.00035686240388617103,0.01128377440835229,,
4000,10,0.5,failure_escalation,correct,known,dr,0.0008802177055225274,0.007877173417448232,0.24897507098244515,0.972,0.005216895628628201
4000,10,0.5,failure_escalation,misspecified,known,ipw,-0.0035739745305347946,0.011281508136790953,0.3565921012986475,0.864,0.010839926199010766
4000,10,0.5,failure_escalation,misspecified,known,gcomp,-0.023353317605074187,0.0002515039467471427,0.02466917964095337,,
4000,10,0.5,failure_escalation,misspecified,known,dr,0.002563127786787966,0.008026518761478429,0.25370681514099747,0.97,0.0053944415837044735
4000,10,0.5,failure_escalation,correct,misspecified,ipw,-0.0035739745305347946,0.011281508136790953,0.3565921012986475,0.864,0.010839926199010766
4000,10,0.5,failure_escalation,correct,misspecified,gcomp,0.0003164496270764577,0.00035686240388617103,0.01128377440835229,,
4000,10,0.5,failure_escalation,correct,misspecified,dr,0.0008802177055225274,0.007877173417448232,0.24897507098244515,0.972,0.005216895628628201
4000,10,0.5,failure_escalation,misspecified,misspecified,ipw,-0.0035739745305347946,0.011281508136790953,0.3565921012986475,0.864,0.010839926199010766
4000,10,0.5,failure_escalation,misspecified,misspecified,gcomp,-0.023353317605074187,0.0002515039467471427,0.02466917964095337,,
4000,10,0.5,failure_escalation,misspecified,misspecified,dr,0.002563127786787966,0.008026518761478429,0.25370681514099747,0.97,0.0053944415837044735
4000,10,0.5,soft_escalation,correct,known,ipw,0.0019591032350003736,0.004133330422865774,0.13065670304155297,0.864,0.010839926199010766
4000,10,0.5,soft_escalation,correct,known,gcomp,0.00026792149019593323,0.0003228120608211865,0.010206625343859672,,
4000,10,0.5,soft_escalation,correct,known,dr,0.002721525769905736,0.002943286593942033,0.09306814568165134,0.954,0.006624499981130654
4000,10,0.5,soft_escalation,misspecified,known,ipw,0.0019591032350003736,0.004133330422865774,0.13065670304155297,0.864,0.010839926199010766
4000,10,0.5,soft_escalation,misspecified,known,gcomp,-0.018299847649003876,0.00024543579928336525,0.019876189695589224,,
4000,10,0.5,soft_escalation,misspecified,known,dr,0.0030772728364808163,0.002987307656034873,0.0944698503909205,0.948,0.007021111023192843
4000,10,0.5,soft_escalation,correct,misspecified,ipw,0.0019591032350003736,0.004133330422865774,0.13065670304155297,0.864,0.010839926199010766
4000,10,0.5,soft_escalation,correct,misspecified,gcomp,0.00026792149019593323,0.0003228120608211865,0.010206625343859672,,
4000,10,0.5,soft_escalation,correct,misspecified,dr,0.002721525769905736,0.002943286593942033,0.09306814568165134,0.954,0.006624499981130654
4000,10,0.5,soft_escalation,misspecified,misspecified,ipw,0.0019591032350003736,0.004133330422865774,0.13065670304155297,0.864,0.010839926199010766
4000,10,0.5,soft_escalation,misspecified,misspecified,gcomp,-0.018299847649003876,0.00024543579928336525,0.019876189695589224,,
4000,10,0.5,soft_escalation,misspecified,misspecified,dr,0.0030772728364808163,0.002987307656034873,0.0944698503909205,0.948,0.007021111023192843
4000,2,0.05,always_small,correct,known,ipw,-0.0005481357974622406,0.0005707697913537999,0.018048624031205194,0.937,0.007683163410991592
4000,2,0.05,always_small,correct,known,gcomp,-0.0004552280113020632,0.0003802777418915206,0.01202804150140038,,
4000,2,0.05,always_small,correct,known,dr,-0.0007533139651769542,0.0004941473239771574,0.015636651756246366,0.934,0.007851369307324675
4000,2,0.05,always_small,misspecified,known,ipw,-0.0005481357974622406,0.0005707697913537999,0.018048624031205194,0.937,0.007683163410991592
4000,2,0.05,always_small,misspecified,known,gcomp,0.09238314244619526,0.00036093218004092017,0.09308483643851188,,
4000,2,0.05,always_small,misspecified,known,dr,-0.0007320358970640546,0.0005357767979147217,0.016950091355540212,0.936,0.007739767438366605
4000,2,0.05,always_small,correct,misspecified,ipw,0.15484432559386754,0.0006900603939854449,0.15637286315924406,0.0,0.0
4000,2,0.05,always_small,correct,misspecified,gcomp,-0.0004552280113020632,0.0003802777418915206,0.01202804150140038,,
4000,2,0.05,always_small,correct,misspecified,dr,-0.0008986992315215014,0.0004887984513528075,0.015475550472522628,0.932,0.00796090447122687
4000,2,0.05,always_small,misspecified,misspecified,ipw,0.15484432559386754,0.0006900603939854449,0.15637286315924406,0.0,0.0
4000,2,0.05,always_small,misspecified,misspecified,gcomp,0.09238314244619526,0.00036093218004092017,0.09308483643851188,,
4000,2,0.05,always_small,misspecified,misspecified,dr,0.06542144150725397,0.0004853453332236967,0.06719590420015636,0.016,0.003967870965643918
4000,2,0.05,always_large,correct,known,ipw,-0.002459820464157678,0.0010398274251435002,0.032957708502296845,0.955,0.00655553201502365
4000,2,0.05,always_large,correct,known,gcomp,-0.00029757022341593374,0.000349182969292749,0.011040623412467278,,
4000,2,0.05,always_large,correct,known,dr,-0.000757229911360597,0.0005132437635003437,0.016239739491441477,0.946,0.0071473071852271785
4000,2,0.05,always_large,misspecified,known,ipw,-0.002459820464157678,0.0010398274251435002,0.032957708502296845,0.955,0.00655553201502365
4000,2,0.05,always_large,misspecified,known,gcomp,-0.0726897693278236,0.00033047874556392455,0.07343643203479074,,
4000,2,0.05,always_large,misspecified,known,dr,-0.0010845501620974504,0.0005298711876875019,0.01678269826696316,0.951,0.006826346021115546
4000,2,0.05,always_large,correct,misspecified,ipw,-0.15394653198721656,0.0006399282742290403,0.15526955077816348,0.0,0.0
4000,2,0.05,always_large,correct,misspecified,gcomp,-0.00029757022341593374,0.000349182969292749,0.011040623412467278,,
4000,2,0.05,always_large,correct,misspecified,dr,-0.0006517288668383274,0.0004752464992463093,0.015035229506951225,0.939,0.007568289106528638
4000,2,0.05,always_large,misspecified,misspecified,ipw,-0.15394653198721656,0.0006399282742290403,0.15526955077816348,0.0,0.0
4000,2,0.05,always_large,misspecified,misspecified,gcomp,-0.0726897693278236,0.00033047874556392455,0.07343643203479074,,
4000,2,0.05,always_large,misspecified,misspecified,dr,-0.04897189465666025,0.00046633321421332984,0.051141916920221964,0.069,0.008014923580421713
4000,2,0.05,fixed_switch,correct,known,ipw,0.0002597300088585477,0.0007130987638210846,0.022540381469569173,0.941,0.007451107300260817
4000,2,0.05,fixed_switch,correct,known,gcomp,-0.00038362500105836294,0.0003252871494369567,0.010288492892580001,,
4000,2,0.05,fixed_switch,correct,known,dr,-0.00013610799210457425,0.0004473490224784205,0.014139998307991437,0.949,0.006956938982052382
4000,2,0.05,fixed_switch,misspecified,known,ipw,0.0002597300088585477,0.0007130987638210846,0.022540381469569173,0.941,0.007451107300260817
4000,2,0.05,fixed_switch,misspecified,known,gcomp,-0.00021444325624516626,0.0003304787455639246,0.010447629921584356,,
4000,2,0.05,fixed_switch,misspecified,known,dr,-0.00017915140060585478,0.00045254271135315087,0.01430462183763001,0.948,0.007021111023192843
4000,2,0.05,fixed_switch,correct,misspecified,ipw,0.05668593408436184,0.0007338648032526515,0.06124797233313291,0.291,0.014363808687113596
4000,2,0.05,fixed_switch,correct,misspecified,gcomp,-0.00038362500105836294,0.0003252871494369567,0.010288492892580001,,
4000,2,0.05,fixed_switch,correct,misspecified,dr,-1.002634227389032e-05,0.00045050093633351116,0.014238969171652571,0.972,0.005216895628628201
4000,2,0.05,fixed_switch,misspecified,misspecified,ipw,0.05668593408436184,0.0007338648032526515,0.06124797233313291,0.291,0.014363808687113596
4000,2,0.05,fixed_switch,misspecified,misspecified,gcomp,-0.00021444325624516626,0.0003304787455639246,0.010447629921584356,,
4000,2,0.05,fixed_switch,misspecified,misspecified,dr,-0.023938982624119958,0.0004707305208145789,0.02818582134834917,0.692,0.014599178059055244
4000,2,0.05,failure_escalation,correct,known,ipw,-4.585739093193642e-05,0.00047191867209317066,0.01491598567770211,0.946,0.0071473071852271785
4000,2,0.05,failure_escalation,correct,known,gcomp,-0.00015512255663973097,0.00031138813949603767,0.009843255246764836,,
4000,2,0.05,failure_escalation,correct,known,dr,-0.00020461842284989428,0.0003762256216591601,0.011893108986862863,0.945,0.007209368904418752
4000,2,0.05,failure_escalation,misspecified,known,ipw,-4.585739093193642e-05,0.00047191867209317066,0.01491598567770211,0.946,0.0071473071852271785
4000,2,0.05,failure_escalation,misspecified,known,gcomp,-0.009321305457151902,0.00025088324284260814,0.012237899924546438,,
4000,2,0.05,failure_escalation,misspecified,known,dr,-0.00018754123305653175,0.0003803467356144541,0.012023067302788222,0.946,0.0071473071852271785
4000,2,0.05,failure_escalation,correct,misspecified,ipw,0.41849968230849005,0.0008668949555972395,0.4193956836323938,0.0,0.0
4000,2,0.05,failure_escalation,correct,misspecified,gcomp,-0.00015512255663973097,0.00031138813949603767,0.009843255246764836,,
4000,2,0.05,failure_escalation,correct,misspecified,dr,-0.00021594394910434393,0.000495026291335514,0.015647766929291686,0.989,0.0032983329122452166
4000,2,0.05,failure_escalation,misspecified,misspecified,ipw,0.41849968230849005,0.0008668949555972395,0.4193956836323938,0.0,0.0
4000,2,0.05,failure_escalation,misspecified,misspecified,gcomp,-0.009321305457151902,0.00025088324284260814,0.012237899924546438,,
4000,2,0.05,failure_escalation,misspecified,misspecified,dr,0.001992572208053537,0.0005619381658656476,0.017872578766325215,0.978,0.004638534251247911
4000,2,0.05,soft_escalation,correct,known,ipw,-0.00010348830379326651,0.0003659589646563208,0.01156731376238822,0.946,0.0071473071852271785
4000,2,0.05,soft_escalation,correct,known,gcomp,-0.00020204345438770328,0.00028622869764720116,0.009049075203959627,,
4000,2,0.05,soft_escalation,correct,known,dr,-0.00023203413967041924,0.00031439322629009674,0.009939723209341972,0.944,0.007270763371201131
4000,2,0.05,soft_escalation,misspecified,known,ipw,-0.00010348830379326651,0.0003659589646563208,0.01156731376238822,0.946,0.0071473071852271785
4000,2,0.05,soft_escalation,misspecified,known,gcomp,-0.006858060603880117,0.0002498661863932679,0.010459621084824493,,
4000,2,0.05,soft_escalation,misspecified,known,dr,-0.00022892837485907769,0.00031620576506792835,0.009996924926053377,0.945,0.007209368904418752
4000,2,0.05,soft_escalation,correct,misspecified,ipw,0.32650206852885305,0.0006840140267281277,0.32721706567230247,0.0,0.0
4000,2,0.05,soft_escalation,correct,misspecified,gcomp,-0.00020204345438770328,0.00028622869764720116,0.009049075203959627,,
4000,2,0.05,soft_escalation,correct,misspecified,dr,-0.0002441608312386475,0.0003991545217378282,0.012618423927061641,0.99,0.003146426544510456
4000,2,0.05,soft_escalation,misspecified,misspecified,ipw,0.32650206852885305,0.0006840140267281277,0.32721706567230247,0.0,0.0
4000,2,0.05,soft_escalation,misspecified,misspecified,gcomp,-0.006858060603880117,0.0002498661863932679,0.010459621084824493,,
4000,2,0.05,soft_escalation,misspecified,misspecified,dr,0.0021604811621377404,0.000451572702721614,0.014435430952673769,0.979,0.00453420334788814
4000,2,0.2,always_small,correct,known,ipw,-0.0005481357974622406,0.0005707697913537999,0.018048624031205194,0.937,0.007683163410991592
4000,2,0.2,always_small,correct,known,gcomp,-0.0004552280113020632,0.0003802777418915206,0.01202804150140038,,
4000,2,0.2,always_small,correct,known,dr,-0.0007533139651769542,0.0004941473239771574,0.015636651756246366,0.934,0.007851369307324675
4000,2,0.2,always_small,misspecified,known,ipw,-0.0005481357974622406,0.0005707697913537999,0.018048624031205194,0.937,0.007683163410991592
4000,2,0.2,always_small,misspecified,known,gcomp,0.09238314244619526,0.00036093218004092017,0.09308483643851188,,
4000,2,0.2,always_small,misspecified,known,dr,-0.0007320358970640546,0.0005357767979147217,0.016950091355540212,0.936,0.007739767438366605
4000,2,0.2,always_small,correct,misspecified,ipw,0.15484432559386754,0.0006900603939854449,0.15637286315924406,0.0,0.0
4000,2,0.2,always_small,correct,misspecified,gcomp,-0.0004552280113020632,0.0003802777418915206,0.01202804150140038,,
4000,2,0.2,always_small,correct,misspecified,dr,-0.0008986992315215014,0.0004887984513528075,0.015475550472522628,0.932,0.00796090447122687
4000,2,0.2,always_small,misspecified,misspecified,ipw,0.15484432559386754,0.0006900603939854449,0.15637286315924406,0.0,0.0
4000,2,0.2,always_small,misspecified,misspecified,gcomp,0.09238314244619526,0.00036093218004092017,0.09308483643851188,,
4000,2,0.2,always_small,misspecified,misspecified,dr,0.06542144150725397,0.0004853453332236967,0.06719590420015636,0.016,0.003967870965643918
4000,2,0.2,always_large,correct,known,ipw,-0.002459820464157678,0.0010398274251435002,0.032957708502296845,0.955,0.00655553201502365
4000,2,0.2,always_large,correct,known,gcomp,-0.00029757022341593374,0.000349182969292749,0.011040623412467278,,
4000,2,0.2,always_large,correct,known,dr,-0.000757229911360597,0.0005132437635003437,0.016239739491441477,0.946,0.0071473071852271785
4000,2,0.2,always_large,misspecified,known,ipw,-0.002459820464157678,0.0010398274251435002,0.032957708502296845,0.955,0.00655553201502365
4000,2,0.2,always_large,misspecified,known,gcomp,-0.0726897693278236,0.00033047874556392455,0.07343643203479074,,
4000,2,0.2,always_large,misspecified,known,dr,-0.0010845501620974504,0.0005298711876875019,0.01678269826696316,0.951,0.006826346021115546
4000,2,0.2,always_large,correct,misspecified,ipw,-0.15394653198721656,0.0006399282742290403,0.15526955077816348,0.0,0.0
4000,2,0.2,always_large,correct,misspecified,gcomp,-0.00029757022341593374,0.000349182969292749,0.011040623412467278,,
4000,2,0.2,always_large,correct,misspecified,dr,-0.0006517288668383274,0.0004752464992463093,0.015035229506951225,0.939,0.007568289106528638
4000,2,0.2,always_large,misspecified,misspecified,ipw,-0.15394653198721656,0.0006399282742290403,0.15526955077816348,0.0,0.0
4000,2,0.2,always_large,misspecified,misspecified,gcomp,-0.0726897693278236,0.00033047874556392455,0.07343643203479074,,
4000,2,0.2,always_large,misspecified,misspecified,dr,-0.04897189465666025,0.00046633321421332984,0.051141916920221964,0.069,0.008014923580421713
4000,2,0.2,fixed_switch,correct,known,ipw,0.0002597300088585477,0.0007130987638210846,0.022540381469569173,0.941,0.007451107300260817
4000,2,0.2,fixed_switch,correct,known,gcomp,-0.00038362500105836294,0.0003252871494369567,0.010288492892580001,,
4000,2,0.2,fixed_switch,correct,known,dr,-0.00013610799210457425,0.0004473490224784205,0.014139998307991437,0.949,0.006956938982052382
4000,2,0.2,fixed_switch,misspecified,known,ipw,0.0002597300088585477,0.0007130987638210846,0.022540381469569173,0.941,0.007451107300260817
4000,2,0.2,fixed_switch,misspecified,known,gcomp,-0.00021444325624516626,0.0003304787455639246,0.010447629921584356,,
4000,2,0.2,fixed_switch,misspecified,known,dr,-0.00017915140060585478,0.00045254271135315087,0.01430462183763001,0.948,0.007021111023192843
4000,2,0.2,fixed_switch,correct,misspecified,ipw,0.05668593408436184,0.0007338648032526515,0.06124797233313291,0.291,0.014363808687113596
4000,2,0.2,fixed_switch,correct,misspecified,gcomp,-0.00038362500105836294,0.0003252871494369567,0.010288492892580001,,
4000,2,0.2,fixed_switch,correct,misspecified,dr,-1.002634227389032e-05,0.00045050093633351116,0.014238969171652571,0.972,0.005216895628628201
4000,2,0.2,fixed_switch,misspecified,misspecified,ipw,0.05668593408436184,0.0007338648032526515,0.06124797233313291,0.291,0.014363808687113596
4000,2,0.2,fixed_switch,misspecified,misspecified,gcomp,-0.00021444325624516626,0.0003304787455639246,0.010447629921584356,,
4000,2,0.2,fixed_switch,misspecified,misspecified,dr,-0.023938982624119958,0.0004707305208145789,0.02818582134834917,0.692,0.014599178059055244
4000,2,0.2,failure_escalation,correct,known,ipw,-4.585739093193642e-05,0.00047191867209317066,0.01491598567770211,0.946,0.0071473071852271785
4000,2,0.2,failure_escalation,correct,known,gcomp,-0.00015512255663973097,0.00031138813949603767,0.009843255246764836,,
4000,2,0.2,failure_escalation,correct,known,dr,-0.00020461842284989428,0.0003762256216591601,0.011893108986862863,0.945,0.007209368904418752
4000,2,0.2,failure_escalation,misspecified,known,ipw,-4.585739093193642e-05,0.00047191867209317066,0.01491598567770211,0.946,0.0071473071852271785
4000,2,0.2,failure_escalation,misspecified,known,gcomp,-0.009321305457151902,0.00025088324284260814,0.012237899924546438,,
4000,2,0.2,failure_escalation,misspecified,known,dr,-0.00018754123305653175,0.0003803467356144541,0.012023067302788222,0.946,0.0071473071852271785
4000,2,0.2,failure_escalation,correct,misspecified,ipw,0.41849968230849005,0.0008668949555972395,0.4193956836323938,0.0,0.0
4000,2,0.2,failure_escalation,correct,misspecified,gcomp,-0.00015512255663973097,0.00031138813949603767,0.009843255246764836,,
4000,2,0.2,failure_escalation,correct,misspecified,dr,-0.00021594394910434393,0.000495026291335514,0.015647766929291686,0.989,0.0032983329122452166
4000,2,0.2,failure_escalation,misspecified,misspecified,ipw,0.41849968230849005,0.0008668949555972395,0.4193956836323938,0.0,0.0
4000,2,0.2,failure_escalation,misspecified,misspecified,gcomp,-0.009321305457151902,0.00025088324284260814,0.012237899924546438,,
4000,2,0.2,failure_escalation,misspecified,misspecified,dr,0.001992572208053537,0.0005619381658656476,0.017872578766325215,0.978,0.004638534251247911
4000,2,0.2,soft_escalation,correct,known,ipw,-0.00010348830379326651,0.0003659589646563208,0.01156731376238822,0.946,0.0071473071852271785
4000,2,0.2,soft_escalation,correct,known,gcomp,-0.00020204345438770328,0.00028622869764720116,0.009049075203959627,,
4000,2,0.2,soft_escalation,correct,known,dr,-0.00023203413967041924,0.00031439322629009674,0.009939723209341972,0.944,0.007270763371201131
4000,2,0.2,soft_escalation,misspecified,known,ipw,-0.00010348830379326651,0.0003659589646563208,0.01156731376238822,0.946,0.0071473071852271785
4000,2,0.2,soft_escalation,misspecified,known,gcomp,-0.006858060603880117,0.0002498661863932679,0.010459621084824493,,
4000,2,0.2,soft_escalation,misspecified,known,dr,-0.00022892837485907769,0.00031620576506792835,0.009996924926053377,0.945,0.007209368904418752
4000,2,0.2,soft_escalation,correct,misspecified,ipw,0.32650206852885305,0.0006840140267281277,0.32721706567230247,0.0,0.0
4000,2,0.2,soft_escalation,correct,misspecified,gcomp,-0.00020204345438770328,0.00028622869764720116,0.009049075203959627,,
4000,2,0.2,soft_escalation,correct,misspecified,dr,-0.0002441608312386475,0.0003991545217378282,0.012618423927061641,0.99,0.003146426544510456
4000,2,0.2,soft_escalation,misspecified,misspecified,ipw,0.32650206852885305,0.0006840140267281277,0.32721706567230247,0.0,0.0
4000,2,0.2,soft_escalation,misspecified,misspecified,gcomp,-0.006858060603880117,0.0002498661863932679,0.010459621084824493,,
4000,2,0.2,soft_escalation,misspecified,misspecified,dr,0.0021604811621377404,0.000451572702721614,0.014435430952673769,0.979,0.00453420334788814
4000,2,0.5,always_small,correct,known,ipw,0.00024232559386756796,0.0005639997160280133,0.017827964148871375,0.942,0.007391616873188169
4000,2,0.5,always_small,correct,known,gcomp,0.0004916253130048956,0.00033849759837406037,0.010710169883306652,,
4000,2,0.5,always_small,correct,known,dr,0.00039602036382270706,0.00045445537954476924,0.014369411763664694,0.937,0.007683163410991592
4000,2,0.5,always_small,misspecified,known,ipw,0.00024232559386756796,0.0005639997160280133,0.017827964148871375,0.942,0.007391616873188169
4000,2,0.5,always_small,misspecified,known,gcomp,0.04684768802413378,0.00033907933973304264,0.04805794104039133,,
4000,2,0.5,always_small,misspecified,known,dr,0.00045433172017603516,0.00046620851183391875,0.014742436821701115,0.944,0.007270763371201131
4000,2,0.5,always_small,correct,misspecified,ipw,0.00024232559386756796,0.0005639997160280133,0.017827964148871375,0.942,0.007391616873188169
4000,2,0.5,always_small,correct,misspecified,gcomp,0.0004916253130048956,0.00033849759837406037,0.010710169883306652,,
4000,2,0.5,always_small,correct,misspecified,dr,0.00039602036382270706,0.00045445537954476924,0.014369411763664694,0.937,0.007683163410991592
4000,2,0.5,always_small,misspecified,misspecified,ipw,0.00024232559386756796,0.0005639997160280133,0.017827964148871375,0.942,0.007391616873188169
4000,2,0.5,always_small,misspecified,misspecified,gcomp,0.04684768802413378,0.00033907933973304264,0.04805794104039133,,
4000,2,0.5,always_small,misspecified,misspecified,dr,0.00045433172017603516,0.00046620851183391875,0.014742436821701115,0.944,0.007270763371201131
4000,2,0.5,always_large,correct,known,ipw,0.0002971180127834402,0.0007450331053874205,0.023550106855566924,0.934,0.007851369307324675
4000,2,0.5,always_large,correct,known,gcomp,3.052969537592287e-05,0.00032844886076158035,0.0103813153089454,,
4000,2,0.5,always_large,correct,known,dr,-0.00016487831865656612,0.0004531582289367166,0.01432390355079828,0.942,0.007391616873188169
4000,2,0.5,always_large,misspecified,known,ipw,0.0002971180127834402,0.0007450331053874205,0.023550106855566924,0.934,0.007851369307324675
4000,2,0.5,always_large,misspecified,known,gcomp,-0.03630163263136707,0.00032126219760474583,0.03769502250845534,,
4000,2,0.5,always_large,misspecified,known,dr,-0.0002193919981665531,0.00045819416792681317,0.014483787021200015,0.941,0.007451107300260817
4000,2,0.5,always_large,correct,misspecified,ipw,0.0002971180127834402,0.0007450331053874205,0.023550106855566924,0.934,0.007851369307324675
4000,2,0.5,always_large,correct,misspecified,gcomp,3.052969537592287e-05,0.00032844886076158035,0.0103813153089454,,
4000,2,0.5,always_large,correct,misspecified,dr,-0.00016487831865656612,0.0004531582289367166,0.01432390355079828,0.942,0.007391616873188169
4000,2,0.5,always_large,misspecified,misspecified,ipw,0.0002971180127834402,0.0007450331053874205,0.023550106855566924,0.934,0.007851369307324675
4000,2,0.5,always_large,misspecified,misspecified,gcomp,-0.03630163263136707,0.00032126219760474583,0.03769502250845534,,
4000,2,0.5,always_large,misspecified,misspecified,dr,-0.0002193919981665531,0.00045819416792681317,0.014483787021200015,0.941,0.007451107300260817
4000,2,0.5,fixed_switch,correct,known,ipw,-0.00012714591563815924,0.0006909415741894125,0.0218389336911916,0.944,0.007270763371201131
4000,2,0.5,fixed_switch,correct,known,gcomp,-0.0001231120791815543,0.00034476991006216466,0.010897824607573258,,
4000,2,0.5,fixed_switch,correct,known,dr,9.148226544492444e-05,0.00044355246496600705,0.014019644053724559,0.945,0.007209368904418752
4000,2,0.5,fixed_switch,misspecified,known,ipw,-0.00012714591563815924,0.0006909415741894125,0.0218389336911916,0.944,0.007270763371201131
4000,2,0.5,fixed_switch,misspecified,known,gcomp,0.03617369344021135,0.00032126219760474594,0.037571828373351907,,
4000,2,0.5,fixed_switch,misspecified,known,dr,0.00010922088353665448,0.00045160844833510324,0.014274388590003862,0.954,0.006624499981130654
4000,2,0.5,fixed_switch,correct,misspecified,ipw,-0.00012714591563815924,0.0006909415741894125,0.0218389336911916,0.944,0.007270763371201131
4000,2,0.5,fixed_switch,correct,misspecified,gcomp,-0.0001231120791815543,0.00034476991006216466,0.010897824607573258,,
4000,2,0.5,fixed_switch,correct,misspecified,dr,9.148226544492444e-05,0.00044355246496600705,0.014019644053724559,0.945,0.007209368904418752
4000,2,0.5,fixed_switch,misspecified,misspecified,ipw,-0.00012714591563815924,0.0006909415741894125,0.0218389336911916,0.944,0.007270763371201131
4000,2,0.5,fixed_switch,misspecified,misspecified,gcomp,0.03617369344021135,0.00032126219760474594,0.037571828373351907,,
4000,2,0.5,fixed_switch,misspecified,misspecified,dr,0.00010922088353665448,0.00045160844833510324,0.014274388590003862,0.954,0.006624499981130654
4000,2,0.5,failure_escalation,correct,known,ipw,-0.00043076769150997377,0.0006660171092789225,0.02105518396657813,0.946,0.0071473071852271785
4000,2,0.5,failure_escalation,correct,known,gcomp,-0.00023995385452926888,0.00033949720593133423,0.010733157612494612,,
4000,2,0.5,failure_escalation,correct,known,dr,-0.0006960404087556762,0.00048395099867624806,0.015312048615428273,0.956,0.006485676526007139
4000,2,0.5,failure_escalation,misspecified,known,ipw,-0.00043076769150997377,0.0006660171092789225,0.02105518396657813,0.946,0.0071473071852271785
4000,2,0.5,failure_escalation,misspecified,known,gcomp,-0.014087778358976608,0.0002466049503455441,0.01610026976870397,,
4000,2,0.5,failure_escalation,misspecified,known,dr,-0.0006719527838846364,0.0004914496108695862,0.015547756038979196,0.959,0.006270486424512857
4000,2,0.5,failure_escalation,correct,misspecified,ipw,-0.00043076769150997377,0.0006660171092789225,0.02105518396657813,0.946,0.0071473071852271785
4000,2,0.5,failure_escalation,correct,misspecified,gcomp,-0.00023995385452926888,0.00033949720593133423,0.010733157612494612,,
4000,2,0.5,failure_escalation,correct,misspecified,dr,-0.0006960404087556762,0.00048395099867624806,0.015312048615428273,0.956,0.006485676526007139
4000,2,0.5,failure_escalation,misspecified,misspecified,ipw,-0.00043076769150997377,0.0006660171092789225,0.02105518396657813,0.946,0.0071473071852271785
4000,2,0.5,failure_escalation,misspecified,misspecified,gcomp,-0.014087778358976608,0.0002466049503455441,0.01610026976870397,,
4000,2,0.5,failure_escalation,misspecified,misspecified,dr,-0.0006719527838846364,0.0004914496108695862,0.015547756038979196,0.959,0.006270486424512857
4000,2,0.5,soft_escalation,correct,known,ipw,-0.00026863407114696144,0.0005261757082564295,0.016632984679466792,0.947,0.007084560677981384
4000,2,0.5,soft_escalation,correct,known,gcomp,-0.00017380959130473966,0.0003090889352082407,0.009770908027011891,,
4000,2,0.5,soft_escalation,correct,known,dr,-0.00047792320753796115,0.00039739120921025993,0.012569417805799055,0.959,0.006270486424512857
4000,2,0.5,soft_escalation,misspecified,known,ipw,-0.00026863407114696144,0.0005261757082564295,0.016632984679466792,0.947,0.007084560677981384
4000,2,0.5,soft_escalation,misspecified,known,gcomp,-0.011748009556759592,0.00024368467749737223,0.01404772466880904,,
4000,2,0.5,soft_escalation,misspecified,known,dr,-0.00046315796446777627,0.0004013759118880168,0.01269472470443306,0.962,0.006046155803483734
4000,2,0.5,soft_escalation,correct,misspecified,ipw,-0.00026863407114696144,0.0005261757082564295,0.016632984679466792,0.947,0.007084560677981384
4000,2,0.5,soft_escalation,correct,misspecified,gcomp,-0.00017380959130473966,0.0003090889352082407,0.009770908027011891,,
4000,2,0.5,soft_escalation,correct,misspecified,dr,-0.00047792320753796115,0.00039739120921025993,0.012569417805799055,0.959,0.006270486424512857
4000,2,0.5,soft_escalation,misspecified,misspecified,ipw,-0.00026863407114696144,0.0005261757082564295,0.016632984679466792,0.947,0.007084560677981384
4000,2,0.5,soft_escalation,misspecified,misspecified,gcomp,-0.011748009556759592,0.00024368467749737223,0.01404772466880904,,
4000,2,0.5,soft_escalation,misspecified,misspecified,dr,-0.00046315796446777627,0.0004013759118880168,0.01269472470443306,0.962,0.006046155803483734
4000,5,0.05,always_small,correct,known,ipw,0.004907923269479561,0.00525545930620709,0.1661815885635307,0.758,0.013543854695026818
4000,5,0.05,always_small,correct,known,gcomp,-0.0005260026734855564,0.0005103844986473321,0.01614027642066712,,
4000,5,0.05,always_small,correct,known,dr,0.0020685072777569917,0.004767595165036294,0.1507033921860351,0.915,0.008819013550278736
4000,5,0.05,always_small,misspecified,known,ipw,0.004907923269479561,0.00525545930620709,0.1661815885635307,0.758,0.013543854695026818
4000,5,0.05,always_small,misspecified,known,gcomp,0.1423845771602476,0.00041748961539990963,0.14299472400928054,,
4000,5,0.05,always_small,misspecified,known,dr,0.000923587782206567,0.00533163658463412,0.1685193619034021,0.917,0.008724161850859943
4000,5,0.05,always_small,correct,misspecified,ipw,0.0018709827590633965,0.0015775267372081546,0.04989591759337343,0.936,0.007739767438366605
4000,5,0.05,always_small,correct,misspecified,gcomp,-0.0005260026734855564,0.0005103844986473321,0.01614027642066712,,
4000,5,0.05,always_small,correct,misspecified,dr,-0.001836798984316813,0.0010750320781790967,0.034028107582610885,0.94,0.007509993342207438
4000,5,0.05,always_small,misspecified,misspecified,ipw,0.0018709827590633965,0.0015775267372081546,0.04989591759337343,0.936,0.007739767438366605
4000,5,0.05,always_small,misspecified,misspecified,gcomp,0.1423845771602476,0.00041748961539990963,0.14299472400928054,,
4000,5,0.05,always_small,misspecified,misspecified,dr,0.12116103464369271,0.0010807255172892696,0.12588405773570593,0.056,0.007270763371201128
4000,5,0.05,always_large,correct,known,ipw,0.002029469906091216,0.003404259715259699,0.10761744269787697,0.929,0.008121514637061239
4000,5,0.05,always_large,correct,known,gcomp,0.00020348291959272757,0.0002881812972795905,0.009110807699661537,,
4000,5,0.05,always_large,correct,known,dr,0.0013391183719776033,0.0014454807647014745,0.045706875461958736,0.905,0.009272270487857868
4000,5,0.05,always_large,misspecified,known,ipw,0.002029469906091216,0.003404259715259699,0.10761744269787697,0.929,0.008121514637061239
4000,5,0.05,always_large,misspecified,known,gcomp,-0.05836390153617387,0.0002858060027121825,0.059058855294014355,,
4000,5,0.05,always_large,misspecified,known,dr,0.001257954462192348,0.0014822039222949853,0.04686484810845248,0.928,0.00817410545564467
4000,5,0.05,always_large,correct,misspecified,ipw,0.2807573332180796,0.0025302828071133814,0.29192569073073615,0.038,0.006046155803483731
4000,5,0.05,always_large,correct,misspecified,gcomp,0.00020348291959272757,0.0002881812972795905,0.009110807699661537,,
4000,5,0.05,always_large,correct,misspecified,dr,-0.0009692597339405485,0.001700683040791196,0.05376216092068279,0.966,0.005730968504537434
4000,5,0.05,always_large,misspecified,misspecified,ipw,0.2807573332180796,0.0025302828071133814,0.29192569073073615,0.038,0.006046155803483731
4000,5,0.05,always_large,misspecified,misspecified,gcomp,-0.05836390153617387,0.0002858060027121825,0.059058855294014355,,
4000,5,0.05,always_large,misspecified,misspecified,dr,-0.010306248236088852,0.0017564800858612733,0.05646552773541644,0.964,0.005891010100144119
4000,5,0.05,fixed_switch,correct,known,ipw,-0.002228335904319948,0.0019081697687852587,0.06035259924429074,0.958,0.006343185319695463
4000,5,0.05,fixed_switch,correct,known,gcomp,0.00019287040633645213,0.00028469975712077777,0.009000560912885687,,
4000,5,0.05,fixed_switch,correct,known,dr,-0.0017357176334837584,0.0010716305158662072,0.03391542844011151,0.958,0.006343185319695463
4000,5,0.05,fixed_switch,misspecified,known,ipw,-0.002228335904319948,0.0019081697687852587,0.06035259924429074,0.958,0.006343185319695463
4000,5,0.05,fixed_switch,misspecified,known,gcomp,-0.05180577185389035,0.00028580600271218263,0.05258746412874905,,
4000,5,0.05,fixed_switch,misspecified,known,dr,-0.001906190076282997,0.0010874036277246438,0.0344223439577558,0.951,0.006826346021115546
4000,5,0.05,fixed_switch,correct,misspecified,ipw,0.32439614290036317,0.002407236123575967,0.33319941251077745,0.011,0.003298332912245215
4000,5,0.05,fixed_switch,correct,misspecified,gcomp,0.00019287040633645213,0.00028469975712077777,0.009000560912885687,,
4000,5,0.05,fixed_switch,correct,misspecified,dr,-0.00207941563983791,0.0014885013893622856,0.04709293704103115,0.961,0.006122009474020767
4000,5,0.05,fixed_switch,misspecified,misspecified,ipw,0.32439614290036317,0.002407236123575967,0.33319941251077745,0.011,0.003298332912245215
4000,5,0.05,fixed_switch,misspecified,misspecified,gcomp,-0.05180577185389035,0.00028580600271218263,0.05258746412874905,,
4000,5,0.05,fixed_switch,misspecified,misspecified,dr,-0.01507553248020567,0.0015222405933116297,0.050419945329835014,0.958,0.006343185319695463
4000,5,0.05,failure_escalation,correct,known,ipw,-0.0006560905926804598,0.0010086438979540486,0.03188691903011109,0.955,0.00655553201502365
4000,5,0.05,failure_escalation,correct,known,gcomp,6.105742581806234e-05,0.00032176791708259046,0.010170289370536743,,
4000,5,0.05,failure_escalation,correct,known,dr,-0.0001677884129083664,0.0007286968875939019,0.02303250546046949,0.951,0.006826346021115546
4000,5,0.05,failure_escalation,misspecified,known,ipw,-0.0006560905926804598,0.0010086438979540486,0.03188691903011109,0.955,0.00655553201502365
4000,5,0.05,failure_escalation,misspecified,known,gcomp,0.012349745244090993,0.000262752824403029,0.014882412952172283,,
4000,5,0.05,failure_escalation,misspecified,known,dr,-7.004742768315197e-06,0.0007300691593701613,0.023075268699462886,0.955,0.00655553201502365
4000,5,0.05,failure_escalation,correct,misspecified,ipw,1.338465022986339,0.00374591978887597,1.3436913711516676,0.0,0.0
4000,5,0.05,failure_escalation,correct,misspecified,gcomp,6.105742581806234e-05,0.00032176791708259046,0.010170289370536743,,
4000,5,0.05,failure_escalation,correct,misspecified,dr,-0.001260690916558238,0.0024455265907690365,0.0773059444508594,0.982,0.004204283529925166
4000,5,0.05,failure_escalation,misspecified,misspecified,ipw,1.338465022986339,0.00374591978887597,1.3436913711516676,0.0,0.0
4000,5,0.05,failure_escalation,misspecified,misspecified,gcomp,0.012349745244090993,0.000262752824403029,0.014882412952172283,,
4000,5,0.05,failure_escalation,misspecified,misspecified,dr,-0.14170019639479484,0.0025592953330181127,0.16316368550425095,0.645,0.015131919904625453
4000,5,0.05,soft_escalation,correct,known,ipw,-0.00021727970399267914,0.0006013252669078412,0.019007306358738256,0.952,0.006759881655768837
4000,5,0.05,soft_escalation,correct,known,gcomp,4.511098600030966e-05,0.0002931480166337858,0.009265627819944203,,
4000,5,0.05,soft_escalation,correct,known,dr,-6.782834890066525e-05,0.00046211621497361177,0.014606246794789906,0.946,0.0071473071852271785
4000,5,0.05,soft_escalation,misspecified,known,ipw,-0.00021727970399267914,0.0006013252669078412,0.019007306358738256,0.952,0.006759881655768837
4000,5,0.05,soft_escalation,misspecified,known,gcomp,0.01604887764636814,0.00025962771329245197,0.018025138464601406,,
4000,5,0.05,soft_escalation,misspecified,known,dr,-1.0188087290460001e-05,0.0004630468994352228,0.014635508957416526,0.95,0.006892024376045114
4000,5,0.05,soft_escalation,correct,misspecified,ipw,0.95528575370231,0.0021798561783972323,0.9577671389289406,0.0,0.0
4000,5,0.05,soft_escalation,correct,misspecified,gcomp,4.511098600030966e-05,0.0002931480166337858,0.009265627819944203,,
4000,5,0.05,soft_escalation,correct,misspecified,dr,-0.0006507930735031222,0.0013841464807802784,0.04375350443565284,0.984,0.00396787096564392
4000,5,0.05,soft_escalation,misspecified,misspecified,ipw,0.95528575370231,0.0021798561783972323,0.9577671389289406,0.0,0.0
4000,5,0.05,soft_escalation,misspecified,misspecified,gcomp,0.01604887764636814,0.00025962771329245197,0.018025138464601406,,
4000,5,0.05,soft_escalation,misspecified,misspecified,dr,-0.08577758200153425,0.001465161655569671,0.0974799751349201,0.658,0.01500119995200384
4000,5,0.2,always_small,correct,known,ipw,0.009429763208713934,0.004529038408745373,0.14345939200050775,0.786,0.012969348480166612
4000,5,0.2,always_small,correct,known,gcomp,-0.0005006634663364234,0.0004861868909454129,0.01537504403703494,,
4000,5,0.2,always_small,correct,known,dr,0.006359090893691308,0.00407728082349325,0.12902725577065643,0.903,0.009359006357514668
4000,5,0.2,always_small,misspecified,known,ipw,0.009429763208713934,0.004529038408745373,0.14345939200050775,0.786,0.012969348480166612
4000,5,0.2,always_small,misspecified,known,gcomp,0.1312073407389289,0.0003964829413626412,0.13180443007672457,,
4000,5,0.2,always_small,misspecified,known,dr,0.005396301252734813,0.0044265036259397835,0.14001235832353462,0.944,0.007270763371201131
4000,5,0.2,always_small,correct,misspecified,ipw,0.0033109827590633964,0.0015812860340626302,0.05008919706714028,0.935,0.0077958322198467015
4000,5,0.2,always_small,correct,misspecified,gcomp,-0.0005006634663364234,0.0004861868909454129,0.01537504403703494,,
4000,5,0.2,always_small,correct,misspecified,dr,-0.0016851899277451263,0.0010681702374083675,0.03380364674885739,0.938,0.00762600813007697
4000,5,0.2,always_small,misspecified,misspecified,ipw,0.0033109827590633964,0.0015812860340626302,0.05008919706714028,0.935,0.0077958322198467015
4000,5,0.2,always_small,misspecified,misspecified,gcomp,0.1312073407389289,0.0003964829413626412,0.13180443007672457,,
4000,5,0.2,always_small,misspecified,misspecified,dr,0.10935017345071725,0.0010707832774863545,0.11446785873868272,0.086,0.008865889690267977
4000,5,0.2,always_large,correct,known,ipw,0.0019103116020015415,0.0034114657382723385,0.10784298621300954,0.926,0.008277922444671728
4000,5,0.2,always_large,correct,known,gcomp,0.00023247469107391428,0.00029092832000593416,0.009198298352199914,,
4000,5,0.2,always_large,correct,known,dr,0.0012363801650446856,0.001450305457936468,0.04585641908513468,0.902,0.009401914698613255
4000,5,0.2,always_large,misspecified,known,ipw,0.0019103116020015415,0.0034114657382723385,0.10784298621300954,0.926,0.008277922444671728
4000,5,0.2,always_large,misspecified,known,gcomp,-0.05649778143714636,0.0002896404757738857,0.05723466625150247,,
4000,5,0.2,always_large,misspecified,known,dr,0.0011451590875038477,0.0014875161156546015,0.047029808414169774,0.929,0.008121514637061239
4000,5,0.2,always_large,correct,misspecified,ipw,0.24761565321807968,0.002497064294536897,0.2598896044084416,0.1,0.009486832980505138
4000,5,0.2,always_large,correct,misspecified,gcomp,0.00023247469107391428,0.00029092832000593416,0.009198298352199914,,
4000,5,0.2,always_large,correct,misspecified,dr,-0.0009273826945282239,0.0016554619023319737,0.052332337943423034,0.966,0.005730968504537434
4000,5,0.2,always_large,misspecified,misspecified,ipw,0.24761565321807968,0.002497064294536897,0.2598896044084416,0.1,0.009486832980505138
4000,5,0.2,always_large,misspecified,misspecified,gcomp,-0.05649778143714636,0.0002896404757738857,0.05723466625150247,,
4000,5,0.2,always_large,misspecified,misspecified,dr,-0.007369160245080987,0.0017116094003200959,0.054598366781823574,0.967,0.005648982209212561
4000,5,0.2,fixed_switch,correct,known,ipw,-0.002285410872993567,0.0019141869407608891,0.060544782065787874,0.955,0.00655553201502365
4000,5,0.2,fixed_switch,correct,known,gcomp,0.00022306491606860092,0.0002875877322862338,0.009092510930131324,,
4000,5,0.2,fixed_switch,correct,known,dr,-0.0016602009267293108,0.0010818062562319335,0.03423288971681534,0.962,0.006046155803483734
4000,5,0.2,fixed_switch,misspecified,known,ipw,-0.002285410872993567,0.0019141869407608891,0.060544782065787874,0.955,0.00655553201502365
4000,5,0.2,fixed_switch,misspecified,known,gcomp,-0.04993965175486284,0.0002896404757738857,0.050771808427495395,,
4000,5,0.2,fixed_switch,misspecified,known,dr,-0.0018022735845556034,0.0010975009556514165,0.03473545781160374,0.957,0.006414904519944161
4000,5,0.2,fixed_switch,correct,misspecified,ipw,0.3050601429003632,0.002362416791658896,0.3140654754518624,0.018,0.004204283529925164
4000,5,0.2,fixed_switch,correct,misspecified,gcomp,0.00022306491606860092,0.0002875877322862338,0.009092510930131324,,
4000,5,0.2,fixed_switch,correct,misspecified,dr,-0.0022589719939595685,0.0014610157263996516,0.04623348721764138,0.959,0.006270486424512857
4000,5,0.2,fixed_switch,misspecified,misspecified,ipw,0.3050601429003632,0.002362416791658896,0.3140654754518624,0.018,0.004204283529925164
4000,5,0.2,fixed_switch,misspecified,misspecified,gcomp,-0.04993965175486284,0.0002896404757738857,0.050771808427495395,,
4000,5,0.2,fixed_switch,misspecified,misspecified,dr,-0.012630235099189948,0.001494132594056368,0.048884789199441156,0.956,0.006485676526007139
4000,5,0.2,failure_escalation,correct,known,ipw,-0.0004762788541156681,0.0010227976138646483,0.03233103285568169,0.952,0.006759881655768837
4000,5,0.2,failure_escalation,correct,known,gcomp,0.00010322532307049187,0.00032534365542418977,0.010283642404224884,,
4000,5,0.2,failure_escalation,correct,known,dr,2.0362476608495274e-05,0.0007441628758564925,0.02352073600140217,0.953,0.00669260786241059
4000,5,0.2,failure_escalation,misspecified,known,ipw,-0.0004762788541156681,0.0010227976138646483,0.03233103285568169,0.952,0.006759881655768837
4000,5,0.2,failure_escalation,misspecified,known,gcomp,0.009048329253033078,0.0002598455312389812,0.012219838078962323,,
4000,5,0.2,failure_escalation,misspecified,known,dr,0.00020914348498913944,0.0007464892528443282,0.023595183817991007,0.95,0.006892024376045114
4000,5,0.2,failure_escalation,correct,misspecified,ipw,1.2856966229863387,0.003728021781645639,1.2910848363358995,0.0,0.0
4000,5,0.2,failure_escalation,correct,misspecified,gcomp,0.00010322532307049187,0.00032534365542418977,0.010283642404224884,,
4000,5,0.2,failure_escalation,correct,misspecified,dr,-0.00036121461173695536,0.0024303758997898588,0.0768176461710512,0.976,0.004839834707921338
4000,5,0.2,failure_escalation,misspecified,misspecified,ipw,1.2856966229863387,0.003728021781645639,1.2910848363358995,0.0,0.0
4000,5,0.2,failure_escalation,misspecified,misspecified,gcomp,0.009048329253033078,0.0002598455312389812,0.012219838078962323,,
4000,5,0.2,failure_escalation,misspecified,misspecified,dr,-0.12257453389935577,0.002542838095763404,0.14657447225328393,0.725,0.014120021246442939
4000,5,0.2,soft_escalation,correct,known,ipw,-0.00014992187343244677,0.0006100610098077478,0.01928275752635226,0.951,0.006826346021115546
4000,5,0.2,soft_escalation,correct,known,gcomp,8.331009713420518e-05,0.0002968456763636958,0.00938275965761293,,
4000,5,0.2,soft_escalation,correct,known,dr,-3.974096017070771e-06,0.0004698883446172658,0.014851743235869193,0.946,0.0071473071852271785
4000,5,0.2,soft_escalation,misspecified,known,ipw,-0.00014992187343244677,0.0006100610098077478,0.01928275752635226,0.951,0.006826346021115546
4000,5,0.2,soft_escalation,misspecified,known,gcomp,0.012524905119182365,0.00025619794963398007,0.014914590180483649,,
4000,5,0.2,soft_escalation,misspecified,known,dr,7.515481244343214e-05,0.00047118722795330996,0.014892986088369638,0.951,0.006826346021115546
4000,5,0.2,soft_escalation,correct,misspecified,ipw,0.91926392819831,0.0021697247746047576,0.9218184027120113,0.0,0.0
4000,5,0.2,soft_escalation,correct,misspecified,gcomp,8.331009713420518e-05,0.0002968456763636958,0.00938275965761293,,
4000,5,0.2,soft_escalation,correct,misspecified,dr,-0.00021074647333060964,0.001377269285986167,0.04353180710136838,0.983,0.004087909000944127
4000,5,0.2,soft_escalation,misspecified,misspecified,ipw,0.91926392819831,0.0021697247746047576,0.9218184027120113,0.0,0.0
4000,5,0.2,soft_escalation,misspecified,misspecified,gcomp,0.012524905119182365,0.00025619794963398007,0.014914590180483649,,
4000,5,0.2,soft_escalation,misspecified,misspecified,dr,-0.07520339635656159,0.0014570560101327865,0.08818412571437965,0.728,0.014071815803228808
4000,5,0.5,always_small,correct,known,ipw,-0.0013610172409366042,0.0016325340938453834,0.051617388232359514,0.919,0.008627803892068941
4000,5,0.5,always_small,correct,known,gcomp,-0.00015504282891682037,0.00033690398497009344,0.01064963985646645,,
4000,5,0.5,always_small,correct,known,dr,-0.0013737223284603724,0.0012203365378907012,0.038595584688939,0.935,0.0077958322198467015
4000,5,0.5,always_small,misspecified,known,ipw,-0.0013610172409366042,0.0016325340938453834,0.051617388232359514,0.919,0.008627803892068941
4000,5,0.5,always_small,misspecified,known,gcomp,0.06853286551712162,0.00032808333223606365,0.06931294749327939,,
4000,5,0.5,always_small,misspecified,known,dr,-0.0010775946234872341,0.0012749130646497924,0.040310533725874675,0.949,0.006956938982052382
4000,5,0.5,always_small,correct,misspecified,ipw,-0.0013610172409366042,0.0016325340938453834,0.051617388232359514,0.919,0.008627803892068941
4000,5,0.5,always_small,correct,misspecified,gcomp,-0.00015504282891682037,0.00033690398497009344,0.01064963985646645,,
4000,5,0.5,always_small,correct,misspecified,dr,-0.0013737223284603724,0.0012203365378907012,0.038595584688939,0.935,0.0077958322198467015
4000,5,0.5,always_small,misspecified,misspecified,ipw,-0.0013610172409366042,0.0016325340938453834,0.051617388232359514,0.919,0.008627803892068941
4000,5,0.5,always_small,misspecified,misspecified,gcomp,0.06853286551712162,0.00032808333223606365,0.06931294749327939,,
4000,5,0.5,always_small,misspecified,misspecified,dr,-0.0010775946234872341,0.0012749130646497924,0.040310533725874675,0.949,0.006956938982052382
4000,5,0.5,always_large,correct,known,ipw,0.00019546321807966982,0.002212767223047036,0.06993912103020397,0.938,0.00762600813007697
4000,5,0.5,always_large,correct,known,gcomp,0.00016942953895695683,0.0003315119554759194,0.01047945527284294,,
4000,5,0.5,always_large,correct,known,dr,0.0006089795093342983,0.0011960116151703312,0.03780719767294994,0.943,0.007331507348424336
4000,5,0.5,always_large,misspecified,known,ipw,0.00019546321807966982,0.002212767223047036,0.06993912103020397,0.938,0.00762600813007697
4000,5,0.5,always_large,misspecified,known,gcomp,-0.048708262598693236,0.0003239238412247046,0.049772648850971477,,
4000,5,0.5,always_large,misspecified,known,dr,0.0010777719376648487,0.0012499576060651491,0.03952205985639889,0.937,0.007683163410991592
4000,5,0.5,always_large,correct,misspecified,ipw,0.00019546321807966982,0.002212767223047036,0.06993912103020397,0.938,0.00762600813007697
4000,5,0.5,always_large,correct,misspecified,gcomp,0.00016942953895695683,0.0003315119554759194,0.01047945527284294,,
4000,5,0.5,always_large,correct,misspecified,dr,0.0006089795093342983,0.0011960116151703312,0.03780719767294994,0.943,0.007331507348424336
4000,5,0.5,always_large,misspecified,misspecified,ipw,0.00019546321807966982,0.002212767223047036,0.06993912103020397,0.938,0.00762600813007697
4000,5,0.5,always_large,misspecified,misspecified,gcomp,-0.048708262598693236,0.0003239238412247046,0.049772648850971477,,
4000,5,0.5,always_large,misspecified,misspecified,dr,0.0010777719376648487,0.0012499576060651491,0.03952205985639889,0.937,0.007683163410991592
4000,5,0.5,fixed_switch,correct,known,ipw,-0.004454057099636799,0.0020720482744787027,0.06564243514956787,0.959,0.006270486424512857
4000,5,0.5,fixed_switch,correct,known,gcomp,0.0001575296474652611,0.00032624657808853183,0.010312866161964506,,
4000,5,0.5,fixed_switch,correct,known,dr,-0.0004329707399883588,0.0011862552439152905,0.037496423374429926,0.952,0.006759881655768837
4000,5,0.5,fixed_switch,misspecified,known,ipw,-0.004454057099636799,0.0020720482744787027,0.06564243514956787,0.959,0.006270486424512857
4000,5,0.5,fixed_switch,misspecified,known,gcomp,-0.04215013291640972,0.00032392384122470453,0.04337574706134592,,
4000,5,0.5,fixed_switch,misspecified,known,dr,-0.000690424970534022,0.0012140657058254544,0.03837913846301574,0.949,0.006956938982052382
4000,5,0.5,fixed_switch,correct,misspecified,ipw,-0.004454057099636799,0.0020720482744787027,0.06564243514956787,0.959,0.006270486424512857
4000,5,0.5,fixed_switch,correct,misspecified,gcomp,0.0001575296474652611,0.00032624657808853183,0.010312866161964506,,
4000,5,0.5,fixed_switch,correct,misspecified,dr,-0.0004329707399883588,0.0011862552439152905,0.037496423374429926,0.952,0.006759881655768837
4000,5,0.5,fixed_switch,misspecified,misspecified,ipw,-0.004454057099636799,0.0020720482744787027,0.06564243514956787,0.959,0.006270486424512857
4000,5,0.5,fixed_switch,misspecified,misspecified,gcomp,-0.04215013291640972,0.00032392384122470453,0.04337574706134592,,
4000,5,0.5,fixed_switch,misspecified,misspecified,dr,-0.000690424970534022,0.0012140657058254544,0.03837913846301574,0.949,0.006956938982052382
4000,5,0.5,failure_escalation,correct,known,ipw,0.0007388529863390397,0.001985624973053878,0.06276392061381302,0.947,0.007084560677981384
4000,5,0.5,failure_escalation,correct,known,gcomp,-0.0001767041717762633,0.00034866202943950787,0.011021563860288906,,
4000,5,0.5,failure_escalation,correct,known,dr,0.00017544254006191117,0.0013434900544552594,0.042464000529609074,0.951,0.006826346021115546
4000,5,0.5,failure_escalation,misspecified,known,ipw,0.0007388529863390397,0.001985624973053878,0.06276392061381302,0.947,0.007084560677981384
4000,5,0.5,failure_escalation,misspecified,known,gcomp,-0.018977534207451123,0.00025996642226178086,0.020679984592785954,,
4000,5,0.5,failure_escalation,misspecified,known,dr,0.00019901558130554152,0.0013717379557478223,0.043356925184122284,0.95,0.006892024376045114
4000,5,0.5,failure_escalation,correct,misspecified,ipw,0.0007388529863390397,0.001985624973053878,0.06276392061381302,0.947,0.007084560677981384
4000,5,0.5,failure_escalation,correct,misspecified,gcomp,-0.0001767041717762633,0.00034866202943950787,0.011021563860288906,,
4000,5,0.5,failure_escalation,correct,misspecified,dr,0.00017544254006191117,0.0013434900544552594,0.042464000529609074,0.951,0.006826346021115546
4000,5,0.5,failure_escalation,misspecified,misspecified,ipw,0.0007388529863390397,0.001985624973053878,0.06276392061381302,0.947,0.007084560677981384
4000,5,0.5,failure_escalation,misspecified,misspecified,gcomp,-0.018977534207451123,0.00025996642226178086,0.020679984592785954,,
4000,5,0.5,failure_escalation,misspecified,misspecified,dr,0.00019901558130554152,0.0013717379557478223,0.043356925184122284,0.95,0.006892024376045114
4000,5,0.5,soft_escalation,correct,known,ipw,0.00044196158070979806,0.001188478198315808,0.03756678423132516,0.951,0.006826346021115546
4000,5,0.5,soft_escalation,correct,known,gcomp,-0.0001410443054608499,0.0003183178160728785,0.01006204747024583,,
4000,5,0.5,soft_escalation,correct,known,dr,-8.826139298077629e-07,0.000821102250455179,0.02595254703446011,0.958,0.006343185319695463
4000,5,0.5,soft_escalation,misspecified,known,ipw,0.00044196158070979806,0.001188478198315808,0.03756678423132516,0.951,0.006826346021115546
4000,5,0.5,soft_escalation,misspecified,known,gcomp,-0.015376170200395453,0.00025484702910980316,0.017358245051541817,,
4000,5,0.5,soft_escalation,misspecified,known,dr,3.986159638935116e-06,0.0008351917195267062,0.02639787262351038,0.954,0.006624499981130654
4000,5,0.5,soft_escalation,correct,misspecified,ipw,0.00044196158070979806,0.001188478198315808,0.03756678423132516,0.951,0.006826346021115546
4000,5,0.5,soft_escalation,correct,misspecified,gcomp,-0.0001410443054608499,0.0003183178160728785,0.01006204747024583,,
4000,5,0.5,soft_escalation,correct,misspecified,dr,-8.826139298077629e-07,0.000821102250455179,0.02595254703446011,0.958,0.006343185319695463
4000,5,0.5,soft_escalation,misspecified,misspecified,ipw,0.00044196158070979806,0.001188478198315808,0.03756678423132516,0.951,0.006826346021115546
4000,5,0.5,soft_escalation,misspecified,misspecified,gcomp,-0.015376170200395453,0.00025484702910980316,0.017358245051541817,,
4000,5,0.5,soft_escalation,misspecified,misspecified,dr,3.986159638935116e-06,0.0008351917195267062,0.02639787262351038,0.954,0.006624499981130654
